customer_id,signup_date,state,acquisition_channel,signup_year,signup_month
1,2024-09-13,CO,organic_search,2024,2024-09
2,2025-10-21,IL,paid_search,2025,2025-10
3,2025-01-17,AZ,referral,2025,2025-01
4,2024-06-23,FL,paid_social,2024,2024-06
5,2025-04-08,IL,paid_social,2025,2025-04
6,2025-10-23,OH,paid_social,2025,2025-10
7,2024-07-23,IL,paid_social,2024,2024-07
8,2025-03-07,TX,paid_search,2025,2025-03
9,2024-05-19,WA,paid_search,2024,2024-05
10,2025-08-14,TX,organic_search,2025,2025-08
11,2024-11-23,SC,paid_search,2024,2024-11
12,2025-04-16,CO,organic_search,2025,2025-04
13,2025-07-24,TX,referral,2025,2025-07
14,2025-05-06,SC,paid_search,2025,2025-05
15,2025-07-29,CA,paid_search,2025,2025-07
16,2024-06-23,NY,paid_search,2024,2024-06
17,2025-03-08,UT,organic_search,2025,2025-03
18,2023-09-19,LA,referral,2023,2023-09
19,2024-03-29,PA,organic_search,2024,2024-03
20,2024-07-13,GA,organic_search,2024,2024-07
21,2025-05-03,WA,paid_search,2025,2025-05
22,2025-07-22,LA,paid_social,2025,2025-07
23,2025-06-01,MD,paid_social,2025,2025-06
24,2025-02-26,KS,paid_social,2025,2025-02
25,2025-10-17,FL,organic_search,2025,2025-10
26,2025-07-14,OK,organic_search,2025,2025-07
27,2025-12-02,FL,paid_search,2025,2025-12
28,2024-08-12,UT,paid_search,2024,2024-08
29,2024-08-29,TX,referral,2024,2024-08
30,2025-03-13,CA,referral,2025,2025-03
31,2025-10-27,OK,paid_search,2025,2025-10
32,2025-09-19,TX,paid_search,2025,2025-09
33,2024-04-06,PA,organic_search,2024,2024-04
34,2024-12-26,NY,paid_social,2024,2024-12
35,2025-12-19,MO,affiliate,2025,2025-12
36,2024-02-23,GA,organic_search,2024,2024-02
37,2025-03-26,CA,organic_search,2025,2025-03
38,2024-02-03,CO,referral,2024,2024-02
39,2024-08-27,CA,organic_search,2024,2024-08
40,2025-10-05,KS,paid_search,2025,2025-10
41,2025-03-03,IA,paid_search,2025,2025-03
42,2025-06-14,UT,paid_social,2025,2025-06
43,2025-06-21,NY,organic_search,2025,2025-06
44,2025-05-08,CA,organic_search,2025,2025-05
45,2025-11-08,MO,organic_search,2025,2025-11
46,2025-05-23,PA,paid_search,2025,2025-05
47,2025-04-21,NJ,affiliate,2025,2025-04
48,2024-02-02,PA,referral,2024,2024-02
49,2025-10-20,MI,paid_search,2025,2025-10
50,2024-10-18,IL,paid_search,2024,2024-10
51,2024-12-18,OH,organic_search,2024,2024-12
52,2025-07-22,IL,organic_search,2025,2025-07
53,2025-04-18,VA,organic_search,2025,2025-04
54,2024-10-26,WA,referral,2024,2024-10
55,2025-04-08,NY,email,2025,2025-04
56,2025-05-24,NY,affiliate,2025,2025-05
57,2024-02-05,NJ,paid_social,2024,2024-02
58,2025-06-12,IN,affiliate,2025,2025-06
59,2024-12-03,MI,affiliate,2024,2024-12
60,2025-06-16,CT,paid_social,2025,2025-06
61,2025-11-30,IN,affiliate,2025,2025-11
62,2023-09-20,NY,paid_social,2023,2023-09
63,2024-10-02,GA,organic_search,2024,2024-10
64,2025-10-08,FL,organic_search,2025,2025-10
65,2025-07-17,CA,referral,2025,2025-07
66,2024-01-30,CA,paid_search,2024,2024-01
67,2024-11-29,PA,organic_search,2024,2024-11
68,2024-06-01,WA,paid_social,2024,2024-06
69,2025-01-30,FL,organic_search,2025,2025-01
70,2025-01-01,MN,paid_search,2025,2025-01
71,2024-11-04,OR,organic_search,2024,2024-11
72,2024-05-05,OH,organic_search,2024,2024-05
73,2024-11-09,TX,paid_social,2024,2024-11
74,2025-06-04,NY,paid_search,2025,2025-06
75,2025-10-01,NY,referral,2025,2025-10
76,2025-12-17,VA,paid_search,2025,2025-12
77,2024-10-01,PA,organic_search,2024,2024-10
78,2024-06-15,GA,paid_search,2024,2024-06
79,2024-06-09,OR,organic_search,2024,2024-06
80,2024-12-19,AZ,paid_social,2024,2024-12
81,2025-02-15,TX,paid_search,2025,2025-02
82,2025-01-22,OH,referral,2025,2025-01
83,2025-03-12,IA,paid_social,2025,2025-03
84,2024-07-16,CA,referral,2024,2024-07
85,2024-07-28,OK,email,2024,2024-07
86,2025-09-15,NM,paid_social,2025,2025-09
87,2025-11-02,IA,paid_social,2025,2025-11
88,2025-08-08,VA,organic_search,2025,2025-08
89,2023-10-16,GA,email,2023,2023-10
90,2024-04-09,PA,paid_search,2024,2024-04
91,2025-06-06,FL,paid_search,2025,2025-06
92,2023-10-07,CA,organic_search,2023,2023-10
93,2025-03-31,WA,paid_social,2025,2025-03
94,2025-03-03,NY,email,2025,2025-03
95,2023-10-31,TX,organic_search,2023,2023-10
96,2024-05-15,NY,paid_social,2024,2024-05
97,2025-04-29,CA,paid_search,2025,2025-04
98,2024-09-07,MD,organic_search,2024,2024-09
99,2025-03-05,CO,paid_social,2025,2025-03
100,2024-06-09,NC,organic_search,2024,2024-06
101,2025-08-20,MO,paid_social,2025,2025-08
102,2025-09-18,TX,paid_social,2025,2025-09
103,2025-12-07,TN,affiliate,2025,2025-12
104,2025-03-09,OH,paid_search,2025,2025-03
105,2024-08-20,CA,paid_social,2024,2024-08
106,2025-01-22,WA,organic_search,2025,2025-01
107,2024-02-17,NY,paid_search,2024,2024-02
108,2024-05-13,AZ,paid_social,2024,2024-05
109,2025-09-22,IA,paid_social,2025,2025-09
110,2025-09-22,CA,paid_social,2025,2025-09
111,2025-11-16,CA,organic_search,2025,2025-11
112,2025-06-07,FL,organic_search,2025,2025-06
113,2025-06-21,IL,email,2025,2025-06
114,2024-03-15,CT,organic_search,2024,2024-03
115,2024-03-14,IL,organic_search,2024,2024-03
116,2024-02-22,TX,paid_search,2024,2024-02
117,2024-10-28,FL,organic_search,2024,2024-10
118,2024-11-27,FL,email,2024,2024-11
119,2024-11-11,GA,organic_search,2024,2024-11
120,2025-10-26,VA,affiliate,2025,2025-10
121,2025-08-29,FL,paid_social,2025,2025-08
122,2024-11-17,KS,organic_search,2024,2024-11
123,2024-06-01,TN,organic_search,2024,2024-06
124,2025-02-10,NY,referral,2025,2025-02
125,2024-01-17,KY,paid_social,2024,2024-01
126,2024-01-24,NJ,referral,2024,2024-01
127,2025-11-19,MI,paid_social,2025,2025-11
128,2025-11-07,MI,email,2025,2025-11
129,2024-11-05,TX,paid_search,2024,2024-11
130,2025-12-11,KY,organic_search,2025,2025-12
131,2024-10-09,CA,organic_search,2024,2024-10
132,2025-12-19,NY,paid_search,2025,2025-12
133,2024-08-29,VA,organic_search,2024,2024-08
134,2025-10-14,TX,paid_social,2025,2025-10
135,2024-06-03,CT,email,2024,2024-06
136,2025-06-06,FL,paid_social,2025,2025-06
137,2024-07-01,GA,organic_search,2024,2024-07
138,2024-12-18,OH,organic_search,2024,2024-12
139,2024-10-01,TX,organic_search,2024,2024-10
140,2024-06-07,MN,paid_social,2024,2024-06
141,2024-03-12,VA,organic_search,2024,2024-03
142,2025-09-29,OR,organic_search,2025,2025-09
143,2024-08-11,GA,paid_search,2024,2024-08
144,2024-11-23,NV,email,2024,2024-11
145,2024-09-26,CA,email,2024,2024-09
146,2024-09-30,TX,paid_search,2024,2024-09
147,2025-12-02,FL,organic_search,2025,2025-12
148,2025-08-22,OK,email,2025,2025-08
149,2025-07-19,IN,affiliate,2025,2025-07
150,2025-09-29,MD,email,2025,2025-09
151,2025-04-03,FL,paid_search,2025,2025-04
152,2025-05-23,CA,organic_search,2025,2025-05
153,2025-10-09,TX,organic_search,2025,2025-10
154,2024-01-27,IN,email,2024,2024-01
155,2024-07-30,WA,paid_social,2024,2024-07
156,2025-09-13,MO,affiliate,2025,2025-09
157,2024-09-25,OR,organic_search,2024,2024-09
158,2025-07-24,NC,referral,2025,2025-07
159,2024-03-09,GA,affiliate,2024,2024-03
160,2025-05-08,OR,organic_search,2025,2025-05
161,2025-08-12,TX,organic_search,2025,2025-08
162,2025-01-10,CA,organic_search,2025,2025-01
163,2024-01-04,FL,paid_search,2024,2024-01
164,2025-10-21,NJ,paid_social,2025,2025-10
165,2025-10-13,OH,organic_search,2025,2025-10
166,2025-04-29,CT,email,2025,2025-04
167,2025-05-30,OK,email,2025,2025-05
168,2025-03-02,MI,organic_search,2025,2025-03
169,2025-11-28,GA,paid_social,2025,2025-11
170,2024-07-30,MD,organic_search,2024,2024-07
171,2024-12-13,NC,organic_search,2024,2024-12
172,2025-01-10,TN,organic_search,2025,2025-01
173,2025-10-06,MA,organic_search,2025,2025-10
174,2025-10-28,MD,referral,2025,2025-10
175,2024-10-12,PA,organic_search,2024,2024-10
176,2025-10-05,CA,paid_search,2025,2025-10
177,2025-09-21,CA,affiliate,2025,2025-09
178,2025-10-06,CA,organic_search,2025,2025-10
179,2025-11-30,TX,email,2025,2025-11
180,2025-08-20,TX,paid_search,2025,2025-08
181,2024-03-21,CA,email,2024,2024-03
182,2025-08-24,CA,organic_search,2025,2025-08
183,2025-08-29,AZ,organic_search,2025,2025-08
184,2024-11-22,CA,paid_social,2024,2024-11
185,2025-03-16,CA,organic_search,2025,2025-03
186,2024-09-26,CO,organic_search,2024,2024-09
187,2025-06-12,TX,organic_search,2025,2025-06
188,2025-07-13,CA,organic_search,2025,2025-07
189,2024-12-17,GA,paid_search,2024,2024-12
190,2025-08-15,FL,paid_social,2025,2025-08
191,2024-06-04,CA,paid_search,2024,2024-06
192,2025-10-25,OH,organic_search,2025,2025-10
193,2025-01-26,CA,organic_search,2025,2025-01
194,2025-12-04,WA,paid_search,2025,2025-12
195,2025-03-13,MI,paid_social,2025,2025-03
196,2024-05-11,GA,affiliate,2024,2024-05
197,2025-07-23,OR,paid_social,2025,2025-07
198,2025-09-11,MO,email,2025,2025-09
199,2024-05-19,FL,organic_search,2024,2024-05
200,2025-12-07,CA,organic_search,2025,2025-12
201,2025-02-24,GA,affiliate,2025,2025-02
202,2025-05-09,TX,paid_search,2025,2025-05
203,2024-07-23,OR,organic_search,2024,2024-07
204,2025-10-15,NC,paid_social,2025,2025-10
205,2024-11-25,WA,referral,2024,2024-11
206,2024-01-31,NJ,email,2024,2024-01
207,2024-07-14,FL,affiliate,2024,2024-07
208,2024-12-27,PA,organic_search,2024,2024-12
209,2025-10-31,MI,referral,2025,2025-10
210,2025-10-07,GA,paid_search,2025,2025-10
211,2025-09-21,SC,paid_search,2025,2025-09
212,2025-06-30,NJ,paid_social,2025,2025-06
213,2025-06-14,TN,paid_social,2025,2025-06
214,2024-07-16,WA,paid_social,2024,2024-07
215,2025-05-24,SC,referral,2025,2025-05
216,2025-05-22,AL,organic_search,2025,2025-05
217,2024-05-31,WA,paid_search,2024,2024-05
218,2025-12-17,VA,organic_search,2025,2025-12
219,2024-10-17,PA,organic_search,2024,2024-10
220,2025-02-28,TX,paid_social,2025,2025-02
221,2025-06-07,TX,organic_search,2025,2025-06
222,2024-11-16,IL,organic_search,2024,2024-11
223,2025-01-05,LA,paid_social,2025,2025-01
224,2025-01-12,MA,paid_search,2025,2025-01
225,2025-10-19,CO,paid_social,2025,2025-10
226,2023-11-14,PA,organic_search,2023,2023-11
227,2025-06-07,MD,organic_search,2025,2025-06
228,2024-10-20,GA,paid_search,2024,2024-10
229,2024-06-29,CA,referral,2024,2024-06
230,2025-10-07,CA,email,2025,2025-10
231,2024-11-02,CA,paid_search,2024,2024-11
232,2025-01-01,TX,paid_search,2025,2025-01
233,2025-02-19,VA,paid_social,2025,2025-02
234,2025-06-05,VA,organic_search,2025,2025-06
235,2024-10-27,NY,email,2024,2024-10
236,2025-01-10,TX,email,2025,2025-01
237,2024-11-25,MI,referral,2024,2024-11
238,2025-03-26,CA,organic_search,2025,2025-03
239,2024-07-02,CA,referral,2024,2024-07
240,2025-02-14,MN,organic_search,2025,2025-02
241,2025-07-06,CA,organic_search,2025,2025-07
242,2025-09-13,OH,paid_social,2025,2025-09
243,2024-06-29,TX,email,2024,2024-06
244,2025-01-01,TX,paid_social,2025,2025-01
245,2025-05-04,CA,referral,2025,2025-05
246,2025-11-20,TX,organic_search,2025,2025-11
247,2024-03-05,MI,paid_search,2024,2024-03
248,2025-01-06,TX,paid_search,2025,2025-01
249,2023-07-28,FL,organic_search,2023,2023-07
250,2024-05-30,WI,email,2024,2024-05
251,2024-10-04,WA,paid_social,2024,2024-10
252,2025-09-28,CA,paid_social,2025,2025-09
253,2024-05-04,NY,paid_social,2024,2024-05
254,2024-09-21,NY,paid_social,2024,2024-09
255,2024-12-22,SC,organic_search,2024,2024-12
256,2025-01-05,AL,organic_search,2025,2025-01
257,2025-10-04,AL,organic_search,2025,2025-10
258,2024-05-10,CA,paid_social,2024,2024-05
259,2024-07-16,FL,organic_search,2024,2024-07
260,2025-06-01,VA,organic_search,2025,2025-06
261,2024-10-09,TX,organic_search,2024,2024-10
262,2025-02-03,WA,paid_social,2025,2025-02
263,2024-05-29,TX,organic_search,2024,2024-05
264,2024-10-22,OR,referral,2024,2024-10
265,2025-02-01,TX,paid_social,2025,2025-02
266,2025-08-31,NY,organic_search,2025,2025-08
267,2025-10-22,NJ,paid_social,2025,2025-10
268,2024-11-21,CA,organic_search,2024,2024-11
269,2024-08-26,FL,paid_search,2024,2024-08
270,2025-09-05,IL,email,2025,2025-09
271,2024-11-17,CA,paid_search,2024,2024-11
272,2025-12-07,CA,email,2025,2025-12
273,2024-07-26,KY,email,2024,2024-07
274,2024-07-05,NY,paid_social,2024,2024-07
275,2024-10-25,TN,organic_search,2024,2024-10
276,2025-01-26,CT,organic_search,2025,2025-01
277,2025-05-20,CA,organic_search,2025,2025-05
278,2024-11-25,FL,paid_search,2024,2024-11
279,2025-01-22,TN,organic_search,2025,2025-01
280,2025-06-09,CA,organic_search,2025,2025-06
281,2025-03-03,NY,paid_social,2025,2025-03
282,2025-09-11,KS,paid_search,2025,2025-09
283,2024-02-21,OH,organic_search,2024,2024-02
284,2024-11-03,CA,affiliate,2024,2024-11
285,2024-07-29,UT,organic_search,2024,2024-07
286,2025-02-10,AZ,paid_social,2025,2025-02
287,2023-10-28,OH,referral,2023,2023-10
288,2023-12-17,FL,organic_search,2023,2023-12
289,2025-01-27,FL,organic_search,2025,2025-01
290,2025-09-17,CA,organic_search,2025,2025-09
291,2025-10-09,FL,email,2025,2025-10
292,2025-09-25,AR,organic_search,2025,2025-09
293,2025-01-06,FL,organic_search,2025,2025-01
294,2025-01-23,FL,email,2025,2025-01
295,2024-12-18,PA,paid_search,2024,2024-12
296,2025-09-12,NJ,paid_social,2025,2025-09
297,2024-02-14,NC,paid_search,2024,2024-02
298,2024-10-13,CA,referral,2024,2024-10
299,2024-03-12,TX,referral,2024,2024-03
300,2024-09-28,NY,referral,2024,2024-09
301,2025-09-29,IL,email,2025,2025-09
302,2024-12-23,CA,organic_search,2024,2024-12
303,2024-04-07,CA,referral,2024,2024-04
304,2024-06-21,IL,paid_search,2024,2024-06
305,2025-03-31,NJ,organic_search,2025,2025-03
306,2024-10-02,MA,organic_search,2024,2024-10
307,2023-12-11,CA,referral,2023,2023-12
308,2025-08-08,MD,organic_search,2025,2025-08
309,2023-11-30,NV,email,2023,2023-11
310,2025-08-21,CA,referral,2025,2025-08
311,2025-05-03,FL,referral,2025,2025-05
312,2025-12-06,AR,paid_social,2025,2025-12
313,2025-07-27,OH,organic_search,2025,2025-07
314,2025-05-20,GA,organic_search,2025,2025-05
315,2025-11-08,GA,organic_search,2025,2025-11
316,2025-09-29,TX,email,2025,2025-09
317,2025-08-08,CA,organic_search,2025,2025-08
318,2025-11-18,IA,paid_search,2025,2025-11
319,2025-10-29,NY,paid_search,2025,2025-10
320,2024-08-14,TX,paid_social,2024,2024-08
321,2024-03-27,NC,paid_search,2024,2024-03
322,2025-04-28,CA,organic_search,2025,2025-04
323,2025-03-25,CA,paid_social,2025,2025-03
324,2025-10-31,WI,organic_search,2025,2025-10
325,2024-05-02,SC,paid_social,2024,2024-05
326,2024-08-31,VA,paid_social,2024,2024-08
327,2024-12-31,CO,organic_search,2024,2024-12
328,2025-06-02,GA,paid_search,2025,2025-06
329,2025-11-21,GA,paid_social,2025,2025-11
330,2024-10-08,CA,paid_social,2024,2024-10
331,2024-03-18,OH,paid_social,2024,2024-03
332,2024-12-22,FL,email,2024,2024-12
333,2025-05-19,GA,affiliate,2025,2025-05
334,2024-08-09,PA,referral,2024,2024-08
335,2024-06-07,OH,affiliate,2024,2024-06
336,2024-12-03,FL,paid_search,2024,2024-12
337,2025-05-19,FL,organic_search,2025,2025-05
338,2025-07-05,CA,paid_social,2025,2025-07
339,2025-01-29,KY,paid_search,2025,2025-01
340,2025-12-05,MA,paid_social,2025,2025-12
341,2024-07-02,CA,referral,2024,2024-07
342,2024-04-21,OK,organic_search,2024,2024-04
343,2023-12-27,CA,email,2023,2023-12
344,2024-12-06,NY,paid_social,2024,2024-12
345,2025-04-16,FL,paid_social,2025,2025-04
346,2025-11-04,OH,paid_social,2025,2025-11
347,2025-01-20,OR,paid_social,2025,2025-01
348,2025-04-06,IL,email,2025,2025-04
349,2024-11-01,PA,referral,2024,2024-11
350,2024-09-27,MI,referral,2024,2024-09
351,2024-10-13,MA,paid_social,2024,2024-10
352,2025-10-23,GA,affiliate,2025,2025-10
353,2025-09-27,CO,affiliate,2025,2025-09
354,2024-10-08,IN,organic_search,2024,2024-10
355,2024-12-03,FL,paid_social,2024,2024-12
356,2025-10-09,MA,organic_search,2025,2025-10
357,2025-12-19,OH,organic_search,2025,2025-12
358,2025-12-18,PA,paid_social,2025,2025-12
359,2025-05-11,NV,referral,2025,2025-05
360,2023-10-12,OR,organic_search,2023,2023-10
361,2024-01-13,MN,paid_social,2024,2024-01
362,2024-06-26,NY,affiliate,2024,2024-06
363,2025-11-02,IL,paid_social,2025,2025-11
364,2025-09-22,MN,organic_search,2025,2025-09
365,2025-05-27,GA,paid_search,2025,2025-05
366,2024-07-21,SC,paid_social,2024,2024-07
367,2025-02-20,WI,organic_search,2025,2025-02
368,2024-05-15,FL,paid_social,2024,2024-05
369,2025-11-19,PA,paid_search,2025,2025-11
370,2025-07-07,CA,referral,2025,2025-07
371,2024-08-29,MN,organic_search,2024,2024-08
372,2025-07-26,MI,paid_social,2025,2025-07
373,2025-07-27,KS,paid_social,2025,2025-07
374,2025-03-11,NY,affiliate,2025,2025-03
375,2025-08-30,MI,organic_search,2025,2025-08
376,2025-04-03,CA,email,2025,2025-04
377,2025-04-09,KY,organic_search,2025,2025-04
378,2024-06-09,PA,paid_social,2024,2024-06
379,2024-11-18,CA,email,2024,2024-11
380,2024-11-08,CA,referral,2024,2024-11
381,2025-04-15,OH,email,2025,2025-04
382,2024-08-06,MO,organic_search,2024,2024-08
383,2024-05-13,CA,organic_search,2024,2024-05
384,2025-01-14,OH,referral,2025,2025-01
385,2025-12-02,TX,organic_search,2025,2025-12
386,2024-12-24,PA,affiliate,2024,2024-12
387,2025-05-31,AZ,paid_social,2025,2025-05
388,2025-07-08,CA,email,2025,2025-07
389,2025-06-02,PA,paid_search,2025,2025-06
390,2024-06-17,LA,paid_search,2024,2024-06
391,2024-07-06,IL,email,2024,2024-07
392,2024-08-09,TN,paid_social,2024,2024-08
393,2025-08-01,TN,email,2025,2025-08
394,2024-01-23,OH,email,2024,2024-01
395,2024-10-08,CT,referral,2024,2024-10
396,2023-12-30,PA,referral,2023,2023-12
397,2023-12-27,IN,email,2023,2023-12
398,2025-08-21,FL,referral,2025,2025-08
399,2023-11-24,VA,paid_search,2023,2023-11
400,2024-05-18,SC,organic_search,2024,2024-05
401,2023-11-29,TX,organic_search,2023,2023-11
402,2025-04-23,TX,organic_search,2025,2025-04
403,2025-10-12,IA,paid_social,2025,2025-10
404,2025-07-16,TX,paid_social,2025,2025-07
405,2025-01-04,IL,paid_search,2025,2025-01
406,2025-07-03,IN,paid_search,2025,2025-07
407,2025-06-01,MD,organic_search,2025,2025-06
408,2025-12-17,MN,organic_search,2025,2025-12
409,2025-08-03,AZ,organic_search,2025,2025-08
410,2024-12-23,MN,email,2024,2024-12
411,2025-03-21,NY,email,2025,2025-03
412,2023-10-10,FL,organic_search,2023,2023-10
413,2025-11-18,GA,paid_social,2025,2025-11
414,2025-05-28,NC,email,2025,2025-05
415,2025-03-05,TX,paid_social,2025,2025-03
416,2025-03-10,MD,paid_social,2025,2025-03
417,2024-09-09,IL,paid_search,2024,2024-09
418,2025-09-14,CA,organic_search,2025,2025-09
419,2025-04-09,FL,referral,2025,2025-04
420,2025-06-30,NV,email,2025,2025-06
421,2025-07-07,CO,organic_search,2025,2025-07
422,2023-12-30,OK,paid_social,2023,2023-12
423,2024-06-04,AL,organic_search,2024,2024-06
424,2023-11-11,CA,organic_search,2023,2023-11
425,2025-01-20,TX,paid_search,2025,2025-01
426,2025-01-05,CT,paid_social,2025,2025-01
427,2025-10-30,NC,organic_search,2025,2025-10
428,2024-01-31,AL,affiliate,2024,2024-01
429,2025-08-23,MI,paid_social,2025,2025-08
430,2025-11-12,TX,organic_search,2025,2025-11
431,2024-06-13,FL,paid_social,2024,2024-06
432,2025-12-04,FL,paid_search,2025,2025-12
433,2025-02-18,PA,email,2025,2025-02
434,2024-02-13,NY,email,2024,2024-02
435,2025-01-07,CA,referral,2025,2025-01
436,2025-01-15,MO,email,2025,2025-01
437,2025-07-31,WI,paid_social,2025,2025-07
438,2024-07-29,IL,paid_search,2024,2024-07
439,2024-10-04,CA,paid_social,2024,2024-10
440,2025-02-02,MI,paid_social,2025,2025-02
441,2024-08-21,TN,paid_social,2024,2024-08
442,2025-05-09,IL,organic_search,2025,2025-05
443,2024-04-16,FL,organic_search,2024,2024-04
444,2025-12-06,NV,paid_social,2025,2025-12
445,2023-11-09,AZ,email,2023,2023-11
446,2025-08-05,PA,paid_search,2025,2025-08
447,2025-07-16,GA,organic_search,2025,2025-07
448,2025-07-18,NY,organic_search,2025,2025-07
449,2025-08-18,FL,paid_social,2025,2025-08
450,2025-06-11,CA,organic_search,2025,2025-06
451,2025-04-09,GA,paid_search,2025,2025-04
452,2025-01-16,PA,email,2025,2025-01
453,2025-10-19,FL,paid_search,2025,2025-10
454,2025-10-29,TN,organic_search,2025,2025-10
455,2025-10-16,NJ,organic_search,2025,2025-10
456,2025-02-22,MI,paid_search,2025,2025-02
457,2025-08-09,FL,organic_search,2025,2025-08
458,2023-11-22,TN,organic_search,2023,2023-11
459,2025-02-05,MI,paid_search,2025,2025-02
460,2025-07-10,UT,affiliate,2025,2025-07
461,2025-03-28,CA,organic_search,2025,2025-03
462,2025-03-31,GA,referral,2025,2025-03
463,2024-12-22,VA,email,2024,2024-12
464,2023-12-08,NJ,organic_search,2023,2023-12
465,2025-08-09,WI,referral,2025,2025-08
466,2025-01-15,PA,organic_search,2025,2025-01
467,2025-12-05,CA,organic_search,2025,2025-12
468,2025-06-11,NC,organic_search,2025,2025-06
469,2025-08-30,TN,email,2025,2025-08
470,2023-10-06,IN,referral,2023,2023-10
471,2025-09-22,NY,email,2025,2025-09
472,2024-04-30,CA,paid_search,2024,2024-04
473,2024-10-08,CT,organic_search,2024,2024-10
474,2025-09-03,OH,organic_search,2025,2025-09
475,2025-09-25,VA,organic_search,2025,2025-09
476,2025-09-09,NC,referral,2025,2025-09
477,2025-10-06,OK,paid_social,2025,2025-10
478,2025-05-30,MI,organic_search,2025,2025-05
479,2024-05-24,CA,email,2024,2024-05
480,2025-05-06,NV,organic_search,2025,2025-05
481,2025-01-25,IL,email,2025,2025-01
482,2024-11-14,FL,organic_search,2024,2024-11
483,2025-02-11,MI,paid_social,2025,2025-02
484,2024-05-19,FL,organic_search,2024,2024-05
485,2025-11-16,PA,email,2025,2025-11
486,2024-11-29,CA,organic_search,2024,2024-11
487,2025-11-09,CA,paid_search,2025,2025-11
488,2024-09-23,NJ,referral,2024,2024-09
489,2025-06-22,NY,paid_search,2025,2025-06
490,2025-01-20,NC,paid_search,2025,2025-01
491,2025-10-29,IA,paid_social,2025,2025-10
492,2025-04-14,UT,paid_social,2025,2025-04
493,2025-08-24,TN,organic_search,2025,2025-08
494,2025-01-17,NY,paid_social,2025,2025-01
495,2025-10-01,MA,organic_search,2025,2025-10
496,2025-08-11,OR,referral,2025,2025-08
497,2025-05-09,NJ,paid_search,2025,2025-05
498,2025-02-24,AZ,paid_social,2025,2025-02
499,2025-02-14,NY,organic_search,2025,2025-02
500,2024-11-08,CA,organic_search,2024,2024-11
501,2025-04-29,NJ,organic_search,2025,2025-04
502,2024-03-13,IA,organic_search,2024,2024-03
503,2025-05-25,WI,paid_social,2025,2025-05
504,2024-11-13,CA,affiliate,2024,2024-11
505,2024-09-23,TX,organic_search,2024,2024-09
506,2023-10-09,MI,paid_social,2023,2023-10
507,2024-06-06,SC,organic_search,2024,2024-06
508,2024-09-23,OR,organic_search,2024,2024-09
509,2024-02-10,UT,organic_search,2024,2024-02
510,2023-12-03,PA,paid_search,2023,2023-12
511,2023-07-21,LA,organic_search,2023,2023-07
512,2025-10-02,FL,paid_social,2025,2025-10
513,2024-08-29,NC,paid_search,2024,2024-08
514,2025-08-11,TX,paid_search,2025,2025-08
515,2025-08-02,CA,paid_social,2025,2025-08
516,2025-07-14,FL,organic_search,2025,2025-07
517,2024-10-16,MN,organic_search,2024,2024-10
518,2025-04-16,FL,affiliate,2025,2025-04
519,2024-03-19,CA,organic_search,2024,2024-03
520,2025-02-06,CA,email,2025,2025-02
521,2025-08-24,PA,paid_search,2025,2025-08
522,2025-10-29,TX,email,2025,2025-10
523,2025-09-12,LA,referral,2025,2025-09
524,2024-09-09,VA,organic_search,2024,2024-09
525,2025-03-24,WI,paid_social,2025,2025-03
526,2023-10-18,MI,paid_search,2023,2023-10
527,2025-03-18,OH,paid_social,2025,2025-03
528,2025-01-07,OH,organic_search,2025,2025-01
529,2025-06-11,CO,organic_search,2025,2025-06
530,2025-10-22,OR,organic_search,2025,2025-10
531,2024-07-03,AL,affiliate,2024,2024-07
532,2025-12-06,WI,paid_social,2025,2025-12
533,2025-08-11,NY,affiliate,2025,2025-08
534,2025-05-16,NY,paid_social,2025,2025-05
535,2024-11-01,OH,paid_social,2024,2024-11
536,2024-06-04,TX,organic_search,2024,2024-06
537,2025-09-24,CA,email,2025,2025-09
538,2024-04-14,CA,email,2024,2024-04
539,2024-08-11,SC,organic_search,2024,2024-08
540,2024-01-03,SC,referral,2024,2024-01
541,2025-06-18,IL,email,2025,2025-06
542,2023-09-27,CA,paid_social,2023,2023-09
543,2025-07-18,TX,affiliate,2025,2025-07
544,2025-02-10,PA,organic_search,2025,2025-02
545,2024-12-10,TX,paid_search,2024,2024-12
546,2025-01-15,CO,referral,2025,2025-01
547,2025-07-13,TX,organic_search,2025,2025-07
548,2024-06-05,NY,organic_search,2024,2024-06
549,2024-09-01,OH,organic_search,2024,2024-09
550,2023-08-01,NY,paid_search,2023,2023-08
551,2024-11-29,NM,organic_search,2024,2024-11
552,2025-12-06,MO,organic_search,2025,2025-12
553,2025-02-25,GA,organic_search,2025,2025-02
554,2024-07-11,AR,paid_social,2024,2024-07
555,2025-06-15,OH,affiliate,2025,2025-06
556,2024-05-01,CA,paid_search,2024,2024-05
557,2025-06-20,AL,paid_social,2025,2025-06
558,2025-04-09,IN,paid_search,2025,2025-04
559,2025-10-09,CA,email,2025,2025-10
560,2024-12-04,SC,paid_social,2024,2024-12
561,2025-02-10,CA,affiliate,2025,2025-02
562,2025-11-09,MI,paid_social,2025,2025-11
563,2024-07-07,MN,paid_social,2024,2024-07
564,2025-03-21,CA,referral,2025,2025-03
565,2025-10-29,CA,paid_social,2025,2025-10
566,2024-10-09,WI,organic_search,2024,2024-10
567,2025-12-07,SC,email,2025,2025-12
568,2023-11-18,NY,paid_social,2023,2023-11
569,2025-11-27,CA,referral,2025,2025-11
570,2025-06-23,AR,affiliate,2025,2025-06
571,2025-08-13,CA,referral,2025,2025-08
572,2023-10-31,LA,organic_search,2023,2023-10
573,2025-12-16,CT,referral,2025,2025-12
574,2025-04-28,AZ,affiliate,2025,2025-04
575,2025-07-14,IA,paid_social,2025,2025-07
576,2024-09-23,NC,affiliate,2024,2024-09
577,2024-12-04,CO,referral,2024,2024-12
578,2024-11-25,WI,paid_search,2024,2024-11
579,2025-09-12,OH,email,2025,2025-09
580,2025-01-08,OH,email,2025,2025-01
581,2023-08-13,OH,referral,2023,2023-08
582,2025-02-10,TX,paid_social,2025,2025-02
583,2025-08-20,FL,paid_social,2025,2025-08
584,2024-06-13,CA,paid_social,2024,2024-06
585,2024-07-12,MO,organic_search,2024,2024-07
586,2025-07-28,IL,organic_search,2025,2025-07
587,2025-10-23,WA,organic_search,2025,2025-10
588,2024-06-17,NJ,paid_social,2024,2024-06
589,2025-10-03,OK,organic_search,2025,2025-10
590,2024-12-29,FL,paid_search,2024,2024-12
591,2024-12-31,MO,email,2024,2024-12
592,2024-06-16,CA,organic_search,2024,2024-06
593,2025-12-17,MO,referral,2025,2025-12
594,2024-10-10,MO,paid_social,2024,2024-10
595,2025-08-21,AL,referral,2025,2025-08
596,2025-08-16,GA,paid_social,2025,2025-08
597,2024-08-26,IL,paid_search,2024,2024-08
598,2025-04-29,TX,email,2025,2025-04
599,2024-11-25,NC,paid_social,2024,2024-11
600,2024-04-20,TX,organic_search,2024,2024-04
601,2025-04-09,TN,paid_social,2025,2025-04
602,2024-01-13,VA,paid_social,2024,2024-01
603,2025-08-20,CA,paid_search,2025,2025-08
604,2023-12-24,TX,paid_search,2023,2023-12
605,2025-01-24,GA,paid_search,2025,2025-01
606,2025-07-18,NC,organic_search,2025,2025-07
607,2024-05-03,NY,email,2024,2024-05
608,2025-02-18,FL,organic_search,2025,2025-02
609,2025-07-16,MN,organic_search,2025,2025-07
610,2024-01-27,TX,organic_search,2024,2024-01
611,2024-12-21,MO,organic_search,2024,2024-12
612,2023-08-02,CA,paid_search,2023,2023-08
613,2023-08-07,PA,referral,2023,2023-08
614,2025-10-22,PA,paid_search,2025,2025-10
615,2025-12-08,NY,email,2025,2025-12
616,2025-04-26,KS,email,2025,2025-04
617,2024-02-05,NY,organic_search,2024,2024-02
618,2025-01-21,KY,email,2025,2025-01
619,2025-11-19,NC,organic_search,2025,2025-11
620,2025-11-07,NY,affiliate,2025,2025-11
621,2025-06-06,NY,organic_search,2025,2025-06
622,2025-12-19,WA,organic_search,2025,2025-12
623,2025-04-26,LA,organic_search,2025,2025-04
624,2025-01-14,FL,organic_search,2025,2025-01
625,2025-07-02,GA,paid_search,2025,2025-07
626,2025-05-09,KY,paid_search,2025,2025-05
627,2024-12-11,MO,organic_search,2024,2024-12
628,2024-09-04,UT,organic_search,2024,2024-09
629,2025-11-26,OH,organic_search,2025,2025-11
630,2025-11-27,NJ,paid_social,2025,2025-11
631,2025-04-27,IL,affiliate,2025,2025-04
632,2024-03-28,NY,email,2024,2024-03
633,2024-06-15,GA,organic_search,2024,2024-06
634,2025-08-07,MN,paid_search,2025,2025-08
635,2025-11-21,CA,paid_social,2025,2025-11
636,2025-02-26,NC,paid_search,2025,2025-02
637,2025-01-26,WA,email,2025,2025-01
638,2025-05-28,FL,paid_social,2025,2025-05
639,2024-10-22,AR,paid_social,2024,2024-10
640,2024-07-13,CA,paid_search,2024,2024-07
641,2025-08-28,CA,email,2025,2025-08
642,2025-10-31,FL,referral,2025,2025-10
643,2025-12-10,PA,email,2025,2025-12
644,2025-01-12,MO,email,2025,2025-01
645,2024-12-22,MI,paid_social,2024,2024-12
646,2025-01-15,NJ,organic_search,2025,2025-01
647,2025-10-04,IL,organic_search,2025,2025-10
648,2025-09-10,CA,referral,2025,2025-09
649,2025-11-02,WA,paid_social,2025,2025-11
650,2025-11-16,NJ,affiliate,2025,2025-11
651,2024-04-28,OK,referral,2024,2024-04
652,2025-09-06,AL,paid_social,2025,2025-09
653,2025-07-25,TX,paid_social,2025,2025-07
654,2025-08-25,IN,email,2025,2025-08
655,2025-09-19,PA,paid_social,2025,2025-09
656,2023-11-02,GA,email,2023,2023-11
657,2025-01-19,LA,organic_search,2025,2025-01
658,2024-06-17,AZ,organic_search,2024,2024-06
659,2024-10-13,KS,organic_search,2024,2024-10
660,2024-10-22,CA,paid_search,2024,2024-10
661,2024-12-20,CA,organic_search,2024,2024-12
662,2024-08-08,NC,paid_social,2024,2024-08
663,2025-05-30,CA,paid_social,2025,2025-05
664,2024-09-30,WI,email,2024,2024-09
665,2025-09-04,MN,organic_search,2025,2025-09
666,2025-07-15,CA,email,2025,2025-07
667,2025-05-03,TN,referral,2025,2025-05
668,2025-06-01,CA,email,2025,2025-06
669,2025-01-15,KY,paid_social,2025,2025-01
670,2025-07-08,WA,paid_social,2025,2025-07
671,2025-10-29,WA,referral,2025,2025-10
672,2025-07-16,CA,organic_search,2025,2025-07
673,2025-09-11,TX,organic_search,2025,2025-09
674,2025-10-13,TX,affiliate,2025,2025-10
675,2025-06-18,FL,email,2025,2025-06
676,2024-05-26,OK,paid_search,2024,2024-05
677,2025-06-25,MO,email,2025,2025-06
678,2024-11-29,FL,referral,2024,2024-11
679,2025-07-01,MD,paid_search,2025,2025-07
680,2025-05-18,CA,paid_social,2025,2025-05
681,2025-07-24,PA,paid_search,2025,2025-07
682,2024-10-16,FL,referral,2024,2024-10
683,2023-10-26,NJ,affiliate,2023,2023-10
684,2025-02-24,CO,affiliate,2025,2025-02
685,2024-08-16,CT,email,2024,2024-08
686,2023-10-14,NY,referral,2023,2023-10
687,2025-06-06,CA,paid_search,2025,2025-06
688,2025-07-09,FL,organic_search,2025,2025-07
689,2025-07-03,NV,organic_search,2025,2025-07
690,2025-05-02,PA,organic_search,2025,2025-05
691,2025-06-28,IL,paid_search,2025,2025-06
692,2025-04-13,PA,referral,2025,2025-04
693,2024-10-17,CO,referral,2024,2024-10
694,2025-11-10,CO,organic_search,2025,2025-11
695,2025-10-19,WI,organic_search,2025,2025-10
696,2024-12-24,CA,organic_search,2024,2024-12
697,2025-01-26,MI,paid_social,2025,2025-01
698,2024-03-17,NJ,paid_social,2024,2024-03
699,2025-06-20,TX,organic_search,2025,2025-06
700,2024-12-19,SC,referral,2024,2024-12
701,2024-10-07,MI,affiliate,2024,2024-10
702,2025-06-07,CA,organic_search,2025,2025-06
703,2025-10-31,CA,email,2025,2025-10
704,2025-11-07,NJ,affiliate,2025,2025-11
705,2025-08-29,NC,paid_social,2025,2025-08
706,2024-09-21,TN,organic_search,2024,2024-09
707,2025-10-06,NV,paid_search,2025,2025-10
708,2025-08-05,PA,organic_search,2025,2025-08
709,2023-11-12,FL,paid_social,2023,2023-11
710,2023-11-14,FL,organic_search,2023,2023-11
711,2024-09-04,AR,email,2024,2024-09
712,2024-11-08,CA,paid_search,2024,2024-11
713,2025-02-23,OR,organic_search,2025,2025-02
714,2023-10-29,LA,organic_search,2023,2023-10
715,2025-05-12,FL,paid_social,2025,2025-05
716,2025-09-25,IL,organic_search,2025,2025-09
717,2024-10-21,CT,email,2024,2024-10
718,2024-06-07,PA,paid_search,2024,2024-06
719,2025-09-23,NY,affiliate,2025,2025-09
720,2025-10-18,WI,paid_social,2025,2025-10
721,2024-10-03,NY,organic_search,2024,2024-10
722,2025-08-26,NJ,paid_social,2025,2025-08
723,2025-03-23,AZ,email,2025,2025-03
724,2023-12-20,FL,affiliate,2023,2023-12
725,2023-08-20,MI,paid_search,2023,2023-08
726,2025-10-08,TX,affiliate,2025,2025-10
727,2024-03-13,GA,organic_search,2024,2024-03
728,2025-08-21,PA,email,2025,2025-08
729,2025-05-24,TN,organic_search,2025,2025-05
730,2025-06-29,MN,referral,2025,2025-06
731,2024-01-29,OR,paid_search,2024,2024-01
732,2025-03-07,AR,organic_search,2025,2025-03
733,2024-01-04,GA,organic_search,2024,2024-01
734,2024-10-14,PA,paid_social,2024,2024-10
735,2023-12-28,KY,organic_search,2023,2023-12
736,2025-11-06,MI,referral,2025,2025-11
737,2024-04-01,FL,email,2024,2024-04
738,2023-11-26,CO,organic_search,2023,2023-11
739,2025-07-04,MI,paid_social,2025,2025-07
740,2025-12-15,IL,affiliate,2025,2025-12
741,2025-05-11,CA,organic_search,2025,2025-05
742,2025-10-13,FL,email,2025,2025-10
743,2025-08-15,NJ,paid_search,2025,2025-08
744,2025-01-02,NY,paid_social,2025,2025-01
745,2024-01-11,OH,referral,2024,2024-01
746,2025-10-13,OH,organic_search,2025,2025-10
747,2024-06-04,WA,referral,2024,2024-06
748,2023-10-21,NC,email,2023,2023-10
749,2025-09-19,NY,paid_social,2025,2025-09
750,2025-03-19,CA,organic_search,2025,2025-03
751,2025-10-18,TX,email,2025,2025-10
752,2025-07-18,CA,paid_social,2025,2025-07
753,2025-07-02,FL,paid_social,2025,2025-07
754,2025-02-20,VA,paid_search,2025,2025-02
755,2025-11-11,PA,paid_search,2025,2025-11
756,2024-05-18,VA,paid_social,2024,2024-05
757,2025-01-14,PA,organic_search,2025,2025-01
758,2024-10-12,CA,organic_search,2024,2024-10
759,2024-05-10,MI,paid_social,2024,2024-05
760,2025-11-11,IL,paid_social,2025,2025-11
761,2024-10-15,TN,paid_social,2024,2024-10
762,2024-06-13,WI,referral,2024,2024-06
763,2025-06-08,MD,organic_search,2025,2025-06
764,2024-03-21,FL,organic_search,2024,2024-03
765,2025-09-08,PA,organic_search,2025,2025-09
766,2023-11-19,AR,organic_search,2023,2023-11
767,2025-10-06,SC,paid_social,2025,2025-10
768,2025-04-26,TX,organic_search,2025,2025-04
769,2025-08-12,NM,organic_search,2025,2025-08
770,2024-06-27,SC,organic_search,2024,2024-06
771,2025-12-19,IN,paid_search,2025,2025-12
772,2024-02-26,MA,organic_search,2024,2024-02
773,2025-07-25,GA,email,2025,2025-07
774,2025-08-23,CA,organic_search,2025,2025-08
775,2024-09-25,NC,paid_social,2024,2024-09
776,2025-02-03,CA,organic_search,2025,2025-02
777,2025-12-04,CA,organic_search,2025,2025-12
778,2024-08-09,TX,paid_search,2024,2024-08
779,2025-11-16,NY,organic_search,2025,2025-11
780,2024-03-25,CA,organic_search,2024,2024-03
781,2025-09-30,CA,affiliate,2025,2025-09
782,2025-11-26,NY,paid_social,2025,2025-11
783,2025-01-18,VA,organic_search,2025,2025-01
784,2025-06-02,PA,organic_search,2025,2025-06
785,2025-12-17,CA,organic_search,2025,2025-12
786,2025-06-27,NC,paid_search,2025,2025-06
787,2025-07-05,OH,paid_social,2025,2025-07
788,2024-05-05,TX,email,2024,2024-05
789,2024-09-04,CA,organic_search,2024,2024-09
790,2025-09-05,TX,paid_social,2025,2025-09
791,2025-05-28,CA,organic_search,2025,2025-05
792,2025-09-12,KY,email,2025,2025-09
793,2025-08-22,WA,paid_social,2025,2025-08
794,2024-12-24,IL,organic_search,2024,2024-12
795,2025-05-02,CA,paid_social,2025,2025-05
796,2024-08-24,MI,paid_social,2024,2024-08
797,2023-12-29,NJ,paid_search,2023,2023-12
798,2025-03-29,FL,paid_social,2025,2025-03
799,2025-08-26,NJ,organic_search,2025,2025-08
800,2025-03-29,CA,paid_search,2025,2025-03
801,2024-12-14,CA,paid_social,2024,2024-12
802,2025-08-25,CA,paid_search,2025,2025-08
803,2024-10-23,WI,organic_search,2024,2024-10
804,2025-01-30,VA,paid_search,2025,2025-01
805,2025-02-23,CA,organic_search,2025,2025-02
806,2025-06-14,NV,email,2025,2025-06
807,2024-08-22,TX,email,2024,2024-08
808,2025-03-11,SC,organic_search,2025,2025-03
809,2024-12-01,LA,paid_search,2024,2024-12
810,2025-04-16,OR,paid_social,2025,2025-04
811,2025-06-08,NY,paid_social,2025,2025-06
812,2025-05-05,NY,paid_search,2025,2025-05
813,2025-12-17,GA,referral,2025,2025-12
814,2025-04-30,IN,affiliate,2025,2025-04
815,2025-09-26,IL,paid_social,2025,2025-09
816,2024-10-27,UT,organic_search,2024,2024-10
817,2025-02-12,MD,email,2025,2025-02
818,2025-04-07,NY,organic_search,2025,2025-04
819,2025-07-21,FL,organic_search,2025,2025-07
820,2025-03-15,CA,paid_search,2025,2025-03
821,2025-08-05,VA,paid_search,2025,2025-08
822,2025-05-15,AL,paid_search,2025,2025-05
823,2025-10-23,UT,paid_social,2025,2025-10
824,2025-12-12,FL,paid_search,2025,2025-12
825,2024-08-28,TX,paid_social,2024,2024-08
826,2025-01-22,MA,paid_social,2025,2025-01
827,2024-06-03,IL,paid_search,2024,2024-06
828,2025-06-13,MI,organic_search,2025,2025-06
829,2025-06-16,CA,organic_search,2025,2025-06
830,2024-01-30,OK,paid_social,2024,2024-01
831,2024-04-27,NJ,paid_social,2024,2024-04
832,2025-07-23,UT,affiliate,2025,2025-07
833,2025-09-01,IN,paid_search,2025,2025-09
834,2025-07-23,MD,organic_search,2025,2025-07
835,2024-07-12,CA,paid_social,2024,2024-07
836,2025-05-20,MA,referral,2025,2025-05
837,2024-07-22,MI,email,2024,2024-07
838,2024-10-20,NC,paid_search,2024,2024-10
839,2024-06-17,KY,paid_social,2024,2024-06
840,2023-10-30,MN,organic_search,2023,2023-10
841,2025-05-15,TX,affiliate,2025,2025-05
842,2025-08-08,NC,paid_search,2025,2025-08
843,2025-09-15,CO,paid_search,2025,2025-09
844,2025-04-26,AR,paid_social,2025,2025-04
845,2024-01-17,FL,email,2024,2024-01
846,2024-11-22,AL,organic_search,2024,2024-11
847,2024-09-15,LA,paid_social,2024,2024-09
848,2025-06-20,OH,referral,2025,2025-06
849,2025-10-11,MA,organic_search,2025,2025-10
850,2025-10-11,FL,organic_search,2025,2025-10
851,2025-05-16,WI,referral,2025,2025-05
852,2024-06-05,CA,affiliate,2024,2024-06
853,2024-02-02,IL,organic_search,2024,2024-02
854,2024-08-05,NY,organic_search,2024,2024-08
855,2024-10-12,MA,referral,2024,2024-10
856,2025-01-22,TX,organic_search,2025,2025-01
857,2025-10-12,CA,email,2025,2025-10
858,2024-07-04,CA,organic_search,2024,2024-07
859,2025-11-28,NY,referral,2025,2025-11
860,2024-03-24,OR,referral,2024,2024-03
861,2025-08-13,TX,paid_search,2025,2025-08
862,2024-07-12,TN,organic_search,2024,2024-07
863,2025-03-28,TN,organic_search,2025,2025-03
864,2025-05-14,CO,affiliate,2025,2025-05
865,2024-10-27,WA,paid_search,2024,2024-10
866,2024-09-05,TX,organic_search,2024,2024-09
867,2025-08-22,NJ,organic_search,2025,2025-08
868,2024-03-23,OK,organic_search,2024,2024-03
869,2025-03-03,LA,paid_social,2025,2025-03
870,2025-01-30,WI,organic_search,2025,2025-01
871,2025-12-06,WI,email,2025,2025-12
872,2024-11-22,NJ,referral,2024,2024-11
873,2025-02-11,OH,organic_search,2025,2025-02
874,2025-04-22,CA,organic_search,2025,2025-04
875,2024-08-29,TX,referral,2024,2024-08
876,2024-07-10,NY,affiliate,2024,2024-07
877,2024-11-14,AZ,organic_search,2024,2024-11
878,2024-09-15,OH,email,2024,2024-09
879,2024-12-28,NC,paid_social,2024,2024-12
880,2025-04-25,LA,paid_social,2025,2025-04
881,2024-11-30,WI,organic_search,2024,2024-11
882,2025-07-24,FL,organic_search,2025,2025-07
883,2025-02-18,NY,organic_search,2025,2025-02
884,2025-03-24,AL,paid_search,2025,2025-03
885,2024-02-05,AL,email,2024,2024-02
886,2025-11-08,MD,email,2025,2025-11
887,2024-03-19,NM,paid_social,2024,2024-03
888,2024-10-03,IN,paid_social,2024,2024-10
889,2024-10-06,IL,email,2024,2024-10
890,2025-05-05,LA,organic_search,2025,2025-05
891,2025-12-03,NC,email,2025,2025-12
892,2023-12-24,NY,email,2023,2023-12
893,2025-02-11,NJ,organic_search,2025,2025-02
894,2025-07-25,NJ,organic_search,2025,2025-07
895,2025-01-30,FL,organic_search,2025,2025-01
896,2024-08-24,WA,affiliate,2024,2024-08
897,2025-05-28,CT,organic_search,2025,2025-05
898,2023-12-13,SC,organic_search,2023,2023-12
899,2025-09-07,NY,paid_social,2025,2025-09
900,2024-09-26,WA,email,2024,2024-09
901,2025-03-25,NY,paid_social,2025,2025-03
902,2024-08-15,MD,organic_search,2024,2024-08
903,2024-04-05,AZ,organic_search,2024,2024-04
904,2023-11-19,VA,email,2023,2023-11
905,2025-08-27,CA,email,2025,2025-08
906,2025-11-05,TX,email,2025,2025-11
907,2024-11-10,NY,organic_search,2024,2024-11
908,2025-04-26,IL,paid_social,2025,2025-04
909,2025-10-25,MD,affiliate,2025,2025-10
910,2024-08-12,MO,organic_search,2024,2024-08
911,2024-03-15,MD,paid_social,2024,2024-03
912,2024-08-30,IL,organic_search,2024,2024-08
913,2024-02-10,OH,paid_search,2024,2024-02
914,2025-11-11,FL,referral,2025,2025-11
915,2024-08-21,GA,email,2024,2024-08
916,2025-07-31,KY,paid_search,2025,2025-07
917,2025-04-25,TN,paid_social,2025,2025-04
918,2025-04-30,CA,affiliate,2025,2025-04
919,2025-11-08,KY,paid_social,2025,2025-11
920,2023-11-14,TX,paid_search,2023,2023-11
921,2025-07-11,CA,paid_search,2025,2025-07
922,2025-06-23,TX,referral,2025,2025-06
923,2025-01-01,MI,organic_search,2025,2025-01
924,2025-05-15,CA,organic_search,2025,2025-05
925,2025-06-25,MN,organic_search,2025,2025-06
926,2024-07-09,NC,email,2024,2024-07
927,2025-02-08,KS,paid_social,2025,2025-02
928,2025-09-08,NY,referral,2025,2025-09
929,2025-07-14,NV,email,2025,2025-07
930,2024-02-15,TX,email,2024,2024-02
931,2025-08-16,TX,organic_search,2025,2025-08
932,2025-12-14,NC,organic_search,2025,2025-12
933,2025-11-17,GA,organic_search,2025,2025-11
934,2025-05-15,NC,referral,2025,2025-05
935,2025-11-11,OH,email,2025,2025-11
936,2025-01-15,OR,paid_search,2025,2025-01
937,2024-12-24,OH,paid_social,2024,2024-12
938,2025-09-06,OH,organic_search,2025,2025-09
939,2025-05-26,TX,organic_search,2025,2025-05
940,2024-12-25,OH,referral,2024,2024-12
941,2025-10-13,WI,paid_social,2025,2025-10
942,2025-01-17,LA,paid_social,2025,2025-01
943,2025-11-17,AL,referral,2025,2025-11
944,2025-03-28,PA,paid_search,2025,2025-03
945,2025-02-20,CA,paid_social,2025,2025-02
946,2024-10-28,CA,paid_social,2024,2024-10
947,2025-08-05,FL,organic_search,2025,2025-08
948,2025-09-16,CA,organic_search,2025,2025-09
949,2024-08-26,CA,referral,2024,2024-08
950,2024-09-02,SC,organic_search,2024,2024-09
951,2024-10-10,IN,paid_search,2024,2024-10
952,2025-10-06,MA,affiliate,2025,2025-10
953,2025-04-02,TN,organic_search,2025,2025-04
954,2025-03-27,CA,paid_social,2025,2025-03
955,2025-10-18,KY,email,2025,2025-10
956,2025-05-20,AR,organic_search,2025,2025-05
957,2025-10-29,MD,paid_social,2025,2025-10
958,2025-01-14,MI,paid_social,2025,2025-01
959,2025-11-18,FL,affiliate,2025,2025-11
960,2025-07-09,TX,paid_social,2025,2025-07
961,2023-08-08,CA,organic_search,2023,2023-08
962,2024-06-23,CA,paid_social,2024,2024-06
963,2024-08-20,GA,paid_search,2024,2024-08
964,2024-12-03,TX,paid_search,2024,2024-12
965,2025-10-15,KY,organic_search,2025,2025-10
966,2024-09-29,CA,organic_search,2024,2024-09
967,2024-08-19,OH,paid_search,2024,2024-08
968,2024-05-19,TN,organic_search,2024,2024-05
969,2025-07-11,AZ,paid_social,2025,2025-07
970,2025-12-09,PA,affiliate,2025,2025-12
971,2025-09-11,CA,paid_search,2025,2025-09
972,2025-08-23,TX,paid_search,2025,2025-08
973,2024-12-08,CA,paid_social,2024,2024-12
974,2025-07-18,NC,email,2025,2025-07
975,2025-11-18,OK,paid_search,2025,2025-11
976,2024-05-29,CA,organic_search,2024,2024-05
977,2024-07-09,IN,email,2024,2024-07
978,2024-12-01,CA,paid_social,2024,2024-12
979,2025-07-25,TX,organic_search,2025,2025-07
980,2025-05-28,FL,affiliate,2025,2025-05
981,2025-11-11,WA,organic_search,2025,2025-11
982,2025-10-29,LA,paid_search,2025,2025-10
983,2025-02-24,CA,organic_search,2025,2025-02
984,2025-09-14,FL,email,2025,2025-09
985,2025-04-19,FL,organic_search,2025,2025-04
986,2024-11-05,NV,paid_social,2024,2024-11
987,2023-07-29,FL,paid_search,2023,2023-07
988,2024-12-23,MD,paid_social,2024,2024-12
989,2025-11-18,FL,organic_search,2025,2025-11
990,2025-06-12,PA,email,2025,2025-06
991,2025-11-22,MD,referral,2025,2025-11
992,2025-08-24,TX,organic_search,2025,2025-08
993,2025-05-09,VA,affiliate,2025,2025-05
994,2024-10-13,FL,paid_search,2024,2024-10
995,2025-07-16,LA,paid_social,2025,2025-07
996,2025-10-17,VA,paid_social,2025,2025-10
997,2025-08-14,PA,organic_search,2025,2025-08
998,2024-05-11,GA,paid_social,2024,2024-05
999,2024-11-04,CA,email,2024,2024-11
1000,2025-05-08,AR,paid_social,2025,2025-05
1001,2024-12-05,CA,organic_search,2024,2024-12
1002,2025-05-07,CA,paid_social,2025,2025-05
1003,2025-09-11,SC,paid_search,2025,2025-09
1004,2024-11-26,OK,paid_social,2024,2024-11
1005,2025-10-02,AZ,organic_search,2025,2025-10
1006,2025-12-07,SC,organic_search,2025,2025-12
1007,2024-12-31,NY,paid_search,2024,2024-12
1008,2024-09-01,CA,email,2024,2024-09
1009,2025-11-12,WA,referral,2025,2025-11
1010,2023-08-29,KY,referral,2023,2023-08
1011,2025-01-29,CA,paid_search,2025,2025-01
1012,2024-12-02,MI,organic_search,2024,2024-12
1013,2025-05-19,AZ,paid_social,2025,2025-05
1014,2025-02-08,IL,affiliate,2025,2025-02
1015,2025-03-04,OR,organic_search,2025,2025-03
1016,2025-03-03,TN,paid_social,2025,2025-03
1017,2024-07-04,PA,paid_social,2024,2024-07
1018,2025-09-05,UT,paid_social,2025,2025-09
1019,2023-12-26,NY,organic_search,2023,2023-12
1020,2025-11-16,CO,paid_social,2025,2025-11
1021,2025-01-14,NC,email,2025,2025-01
1022,2025-03-20,TX,paid_search,2025,2025-03
1023,2024-12-08,CA,organic_search,2024,2024-12
1024,2024-05-05,NY,organic_search,2024,2024-05
1025,2025-08-05,CA,referral,2025,2025-08
1026,2025-07-31,TN,referral,2025,2025-07
1027,2024-05-06,PA,organic_search,2024,2024-05
1028,2025-08-03,CO,paid_search,2025,2025-08
1029,2025-05-15,NY,affiliate,2025,2025-05
1030,2025-12-08,OH,paid_search,2025,2025-12
1031,2025-09-23,AR,organic_search,2025,2025-09
1032,2025-06-09,TX,organic_search,2025,2025-06
1033,2024-09-12,OH,organic_search,2024,2024-09
1034,2024-03-28,NC,organic_search,2024,2024-03
1035,2025-10-03,NY,email,2025,2025-10
1036,2024-05-15,TN,email,2024,2024-05
1037,2024-12-11,TX,referral,2024,2024-12
1038,2025-09-17,CA,paid_social,2025,2025-09
1039,2024-03-21,NY,organic_search,2024,2024-03
1040,2024-09-30,TX,paid_social,2024,2024-09
1041,2025-10-07,KY,organic_search,2025,2025-10
1042,2025-02-22,CA,paid_social,2025,2025-02
1043,2025-07-03,NC,organic_search,2025,2025-07
1044,2024-11-26,CO,paid_search,2024,2024-11
1045,2025-08-13,FL,paid_social,2025,2025-08
1046,2023-12-04,CO,organic_search,2023,2023-12
1047,2023-12-19,NY,organic_search,2023,2023-12
1048,2025-06-16,GA,paid_social,2025,2025-06
1049,2023-09-12,NY,paid_social,2023,2023-09
1050,2025-03-09,MA,paid_search,2025,2025-03
1051,2025-08-12,IL,paid_social,2025,2025-08
1052,2023-12-21,PA,organic_search,2023,2023-12
1053,2024-01-02,IA,affiliate,2024,2024-01
1054,2025-11-29,FL,organic_search,2025,2025-11
1055,2025-11-29,AL,organic_search,2025,2025-11
1056,2024-09-18,TX,paid_social,2024,2024-09
1057,2025-06-17,PA,referral,2025,2025-06
1058,2024-03-07,IL,organic_search,2024,2024-03
1059,2025-06-01,IA,paid_social,2025,2025-06
1060,2025-02-11,IL,organic_search,2025,2025-02
1061,2024-09-25,AZ,paid_search,2024,2024-09
1062,2025-03-22,MN,affiliate,2025,2025-03
1063,2025-10-19,IL,paid_search,2025,2025-10
1064,2024-07-31,CA,email,2024,2024-07
1065,2024-09-16,FL,paid_social,2024,2024-09
1066,2025-05-24,NV,paid_social,2025,2025-05
1067,2025-04-30,AR,email,2025,2025-04
1068,2024-03-22,FL,affiliate,2024,2024-03
1069,2024-12-12,TX,paid_social,2024,2024-12
1070,2024-08-13,GA,organic_search,2024,2024-08
1071,2024-06-27,MD,organic_search,2024,2024-06
1072,2025-05-24,MO,organic_search,2025,2025-05
1073,2024-06-11,NY,paid_social,2024,2024-06
1074,2024-08-22,AZ,organic_search,2024,2024-08
1075,2025-06-22,CA,paid_social,2025,2025-06
1076,2024-12-16,IA,paid_search,2024,2024-12
1077,2023-10-10,MO,paid_social,2023,2023-10
1078,2024-06-03,MD,organic_search,2024,2024-06
1079,2025-11-15,CA,email,2025,2025-11
1080,2024-02-25,CA,organic_search,2024,2024-02
1081,2024-08-08,NJ,paid_search,2024,2024-08
1082,2024-09-16,CA,organic_search,2024,2024-09
1083,2025-10-16,SC,affiliate,2025,2025-10
1084,2024-01-09,MI,paid_search,2024,2024-01
1085,2024-05-26,MI,email,2024,2024-05
1086,2025-09-09,NV,email,2025,2025-09
1087,2025-05-09,MD,paid_search,2025,2025-05
1088,2025-11-23,CA,paid_search,2025,2025-11
1089,2025-05-03,NJ,organic_search,2025,2025-05
1090,2025-03-02,IL,paid_search,2025,2025-03
1091,2024-02-06,TX,organic_search,2024,2024-02
1092,2024-12-25,FL,organic_search,2024,2024-12
1093,2025-10-09,OH,paid_search,2025,2025-10
1094,2024-09-16,KS,affiliate,2024,2024-09
1095,2025-05-20,CA,paid_social,2025,2025-05
1096,2025-04-17,FL,organic_search,2025,2025-04
1097,2025-06-09,CO,affiliate,2025,2025-06
1098,2024-06-17,PA,organic_search,2024,2024-06
1099,2025-02-24,OR,paid_search,2025,2025-02
1100,2025-04-06,CO,paid_social,2025,2025-04
1101,2025-11-01,WA,organic_search,2025,2025-11
1102,2025-11-13,TX,email,2025,2025-11
1103,2025-09-28,NY,affiliate,2025,2025-09
1104,2024-08-04,IN,organic_search,2024,2024-08
1105,2025-12-03,WA,paid_social,2025,2025-12
1106,2024-02-29,TN,paid_social,2024,2024-02
1107,2024-05-08,LA,paid_social,2024,2024-05
1108,2025-03-13,NJ,organic_search,2025,2025-03
1109,2025-09-17,MN,paid_social,2025,2025-09
1110,2023-08-26,CA,organic_search,2023,2023-08
1111,2024-12-28,SC,organic_search,2024,2024-12
1112,2025-02-25,FL,paid_search,2025,2025-02
1113,2023-10-25,PA,paid_social,2023,2023-10
1114,2024-02-28,NY,paid_search,2024,2024-02
1115,2025-08-25,NC,organic_search,2025,2025-08
1116,2024-06-09,UT,paid_social,2024,2024-06
1117,2025-12-01,FL,paid_search,2025,2025-12
1118,2024-05-09,VA,paid_social,2024,2024-05
1119,2024-08-21,TX,referral,2024,2024-08
1120,2024-11-19,GA,organic_search,2024,2024-11
1121,2025-07-06,CA,email,2025,2025-07
1122,2024-10-19,CA,referral,2024,2024-10
1123,2024-07-21,NC,paid_social,2024,2024-07
1124,2024-09-20,TX,referral,2024,2024-09
1125,2025-03-14,CA,paid_social,2025,2025-03
1126,2025-03-26,CA,paid_search,2025,2025-03
1127,2025-03-22,FL,organic_search,2025,2025-03
1128,2024-03-29,NM,paid_social,2024,2024-03
1129,2025-04-07,PA,organic_search,2025,2025-04
1130,2025-07-05,MI,email,2025,2025-07
1131,2025-05-07,VA,organic_search,2025,2025-05
1132,2024-05-14,KY,referral,2024,2024-05
1133,2025-04-28,GA,organic_search,2025,2025-04
1134,2024-05-01,MI,paid_search,2024,2024-05
1135,2024-07-07,AZ,paid_social,2024,2024-07
1136,2025-06-20,PA,organic_search,2025,2025-06
1137,2024-02-21,CA,organic_search,2024,2024-02
1138,2025-06-23,NV,referral,2025,2025-06
1139,2024-03-14,VA,organic_search,2024,2024-03
1140,2024-09-11,OR,organic_search,2024,2024-09
1141,2025-07-07,VA,paid_search,2025,2025-07
1142,2025-04-07,MN,paid_social,2025,2025-04
1143,2025-03-18,MI,paid_search,2025,2025-03
1144,2025-09-15,OK,organic_search,2025,2025-09
1145,2025-11-19,NC,paid_social,2025,2025-11
1146,2025-11-02,AZ,paid_search,2025,2025-11
1147,2025-10-17,WI,organic_search,2025,2025-10
1148,2024-01-30,NC,paid_search,2024,2024-01
1149,2025-03-29,OH,email,2025,2025-03
1150,2024-12-18,TX,paid_social,2024,2024-12
1151,2024-11-30,NY,email,2024,2024-11
1152,2024-06-06,FL,paid_search,2024,2024-06
1153,2024-08-08,MO,organic_search,2024,2024-08
1154,2025-06-29,OR,paid_social,2025,2025-06
1155,2024-11-28,NC,paid_social,2024,2024-11
1156,2024-12-03,TX,email,2024,2024-12
1157,2024-12-17,GA,organic_search,2024,2024-12
1158,2025-09-12,CT,affiliate,2025,2025-09
1159,2025-04-19,NV,paid_social,2025,2025-04
1160,2025-02-21,PA,paid_search,2025,2025-02
1161,2025-09-11,FL,paid_social,2025,2025-09
1162,2024-12-06,VA,organic_search,2024,2024-12
1163,2024-05-15,WA,paid_social,2024,2024-05
1164,2025-04-05,FL,paid_social,2025,2025-04
1165,2024-08-28,GA,paid_search,2024,2024-08
1166,2025-10-18,NJ,email,2025,2025-10
1167,2025-05-02,NJ,email,2025,2025-05
1168,2025-02-03,NV,organic_search,2025,2025-02
1169,2025-09-14,NC,email,2025,2025-09
1170,2024-12-03,OK,email,2024,2024-12
1171,2025-03-23,WA,organic_search,2025,2025-03
1172,2024-01-04,CA,paid_search,2024,2024-01
1173,2025-04-03,GA,paid_social,2025,2025-04
1174,2025-01-22,FL,referral,2025,2025-01
1175,2024-06-02,KS,affiliate,2024,2024-06
1176,2025-07-13,MA,referral,2025,2025-07
1177,2025-05-23,VA,organic_search,2025,2025-05
1178,2025-10-13,AZ,email,2025,2025-10
1179,2024-01-08,NY,organic_search,2024,2024-01
1180,2025-06-14,MD,paid_social,2025,2025-06
1181,2024-08-25,MA,organic_search,2024,2024-08
1182,2024-08-11,MI,email,2024,2024-08
1183,2025-02-05,OH,paid_social,2025,2025-02
1184,2025-04-03,GA,email,2025,2025-04
1185,2025-09-03,NC,referral,2025,2025-09
1186,2025-07-01,CA,organic_search,2025,2025-07
1187,2024-02-10,AL,referral,2024,2024-02
1188,2025-04-12,MI,organic_search,2025,2025-04
1189,2025-10-27,TX,paid_social,2025,2025-10
1190,2025-08-04,CA,organic_search,2025,2025-08
1191,2025-08-25,NC,paid_search,2025,2025-08
1192,2024-01-30,CA,organic_search,2024,2024-01
1193,2025-01-18,MD,paid_social,2025,2025-01
1194,2024-09-12,MN,paid_social,2024,2024-09
1195,2024-04-26,CO,organic_search,2024,2024-04
1196,2024-03-18,CA,paid_search,2024,2024-03
1197,2024-08-21,IL,paid_social,2024,2024-08
1198,2024-02-17,CA,affiliate,2024,2024-02
1199,2025-03-17,VA,organic_search,2025,2025-03
1200,2025-02-15,FL,organic_search,2025,2025-02
1201,2025-07-19,NV,paid_search,2025,2025-07
1202,2025-05-18,WA,paid_search,2025,2025-05
1203,2024-12-09,AL,paid_social,2024,2024-12
1204,2025-11-20,VA,referral,2025,2025-11
1205,2025-06-30,TX,organic_search,2025,2025-06
1206,2025-12-15,CO,organic_search,2025,2025-12
1207,2025-05-20,MI,paid_social,2025,2025-05
1208,2024-04-23,CA,organic_search,2024,2024-04
1209,2024-01-18,NY,organic_search,2024,2024-01
1210,2024-11-30,TX,email,2024,2024-11
1211,2024-03-30,OH,organic_search,2024,2024-03
1212,2024-10-15,MN,affiliate,2024,2024-10
1213,2025-10-27,LA,paid_search,2025,2025-10
1214,2025-11-03,AL,referral,2025,2025-11
1215,2024-07-14,NY,organic_search,2024,2024-07
1216,2025-02-27,GA,paid_social,2025,2025-02
1217,2024-11-21,NY,organic_search,2024,2024-11
1218,2025-06-21,MA,paid_search,2025,2025-06
1219,2025-06-09,AZ,email,2025,2025-06
1220,2024-12-03,IL,email,2024,2024-12
1221,2024-12-16,NY,paid_social,2024,2024-12
1222,2025-11-02,MI,organic_search,2025,2025-11
1223,2025-10-02,OH,paid_social,2025,2025-10
1224,2024-03-13,GA,organic_search,2024,2024-03
1225,2024-02-25,FL,paid_search,2024,2024-02
1226,2025-07-05,TX,organic_search,2025,2025-07
1227,2025-09-24,MN,organic_search,2025,2025-09
1228,2025-08-24,MN,paid_search,2025,2025-08
1229,2024-04-11,CT,paid_search,2024,2024-04
1230,2024-08-08,WI,organic_search,2024,2024-08
1231,2024-07-20,MD,paid_social,2024,2024-07
1232,2025-08-26,CA,paid_search,2025,2025-08
1233,2025-09-23,KY,paid_search,2025,2025-09
1234,2024-11-26,MN,organic_search,2024,2024-11
1235,2024-12-19,MO,paid_search,2024,2024-12
1236,2025-11-15,CO,paid_search,2025,2025-11
1237,2025-11-07,PA,paid_social,2025,2025-11
1238,2025-01-28,WI,organic_search,2025,2025-01
1239,2025-05-31,MO,organic_search,2025,2025-05
1240,2024-11-11,MD,paid_search,2024,2024-11
1241,2025-07-02,IL,referral,2025,2025-07
1242,2025-08-22,GA,paid_search,2025,2025-08
1243,2025-07-03,MA,affiliate,2025,2025-07
1244,2024-11-05,CO,paid_search,2024,2024-11
1245,2025-02-26,CA,paid_search,2025,2025-02
1246,2024-05-26,VA,organic_search,2024,2024-05
1247,2025-08-12,TX,organic_search,2025,2025-08
1248,2025-05-28,KY,organic_search,2025,2025-05
1249,2024-09-13,AR,email,2024,2024-09
1250,2025-05-12,PA,paid_social,2025,2025-05
1251,2024-07-05,IL,organic_search,2024,2024-07
1252,2024-04-15,IN,organic_search,2024,2024-04
1253,2025-07-29,MI,paid_social,2025,2025-07
1254,2024-07-01,OK,email,2024,2024-07
1255,2024-07-29,NC,referral,2024,2024-07
1256,2024-03-28,NY,organic_search,2024,2024-03
1257,2024-12-07,IL,organic_search,2024,2024-12
1258,2025-05-20,PA,organic_search,2025,2025-05
1259,2024-11-20,NY,email,2024,2024-11
1260,2025-07-28,MA,organic_search,2025,2025-07
1261,2025-05-13,MI,paid_search,2025,2025-05
1262,2025-02-12,TN,paid_social,2025,2025-02
1263,2025-04-10,PA,organic_search,2025,2025-04
1264,2024-07-23,CO,affiliate,2024,2024-07
1265,2025-09-08,TX,referral,2025,2025-09
1266,2025-01-25,NJ,paid_social,2025,2025-01
1267,2025-07-07,GA,referral,2025,2025-07
1268,2023-10-26,OH,organic_search,2023,2023-10
1269,2025-08-04,LA,organic_search,2025,2025-08
1270,2024-12-27,CA,email,2024,2024-12
1271,2024-09-21,NV,paid_search,2024,2024-09
1272,2024-03-02,FL,organic_search,2024,2024-03
1273,2024-10-20,IL,organic_search,2024,2024-10
1274,2025-12-09,NY,organic_search,2025,2025-12
1275,2024-04-28,MO,paid_social,2024,2024-04
1276,2023-10-12,NY,organic_search,2023,2023-10
1277,2024-10-20,OK,paid_search,2024,2024-10
1278,2024-01-09,OH,paid_social,2024,2024-01
1279,2025-05-20,GA,organic_search,2025,2025-05
1280,2025-08-17,MA,organic_search,2025,2025-08
1281,2025-10-12,FL,paid_social,2025,2025-10
1282,2024-06-21,CO,referral,2024,2024-06
1283,2025-09-27,CA,paid_social,2025,2025-09
1284,2025-06-06,NY,paid_social,2025,2025-06
1285,2024-10-19,IL,organic_search,2024,2024-10
1286,2025-04-27,NJ,paid_search,2025,2025-04
1287,2025-02-15,SC,affiliate,2025,2025-02
1288,2024-08-01,CA,referral,2024,2024-08
1289,2025-07-10,CA,affiliate,2025,2025-07
1290,2025-03-25,NY,organic_search,2025,2025-03
1291,2025-11-22,CA,paid_social,2025,2025-11
1292,2023-09-09,NJ,paid_search,2023,2023-09
1293,2024-11-02,MI,paid_social,2024,2024-11
1294,2025-04-28,TX,paid_search,2025,2025-04
1295,2024-10-07,MD,affiliate,2024,2024-10
1296,2024-10-18,NY,organic_search,2024,2024-10
1297,2025-06-22,FL,referral,2025,2025-06
1298,2024-03-29,CA,email,2024,2024-03
1299,2025-02-21,CA,organic_search,2025,2025-02
1300,2025-10-04,NJ,organic_search,2025,2025-10
1301,2024-11-01,KS,organic_search,2024,2024-11
1302,2023-07-24,NC,referral,2023,2023-07
1303,2024-01-07,FL,affiliate,2024,2024-01
1304,2024-08-05,MO,paid_social,2024,2024-08
1305,2025-09-22,GA,organic_search,2025,2025-09
1306,2025-05-01,MO,paid_social,2025,2025-05
1307,2025-07-10,OH,organic_search,2025,2025-07
1308,2024-08-21,NC,paid_search,2024,2024-08
1309,2025-05-03,NJ,organic_search,2025,2025-05
1310,2025-02-17,CA,organic_search,2025,2025-02
1311,2025-11-02,CA,organic_search,2025,2025-11
1312,2024-09-03,UT,email,2024,2024-09
1313,2025-01-09,IN,email,2025,2025-01
1314,2024-11-21,NY,organic_search,2024,2024-11
1315,2025-10-04,PA,organic_search,2025,2025-10
1316,2025-02-14,MD,paid_social,2025,2025-02
1317,2025-06-13,FL,paid_social,2025,2025-06
1318,2025-01-19,GA,paid_social,2025,2025-01
1319,2025-12-02,TX,organic_search,2025,2025-12
1320,2025-02-22,SC,paid_search,2025,2025-02
1321,2025-09-04,OR,paid_social,2025,2025-09
1322,2024-04-20,FL,paid_social,2024,2024-04
1323,2024-12-29,OK,paid_social,2024,2024-12
1324,2025-11-14,TX,organic_search,2025,2025-11
1325,2025-12-16,NY,paid_social,2025,2025-12
1326,2025-02-07,CA,affiliate,2025,2025-02
1327,2024-10-14,CA,paid_search,2024,2024-10
1328,2025-11-05,FL,paid_search,2025,2025-11
1329,2024-01-29,MN,email,2024,2024-01
1330,2023-11-13,VA,paid_search,2023,2023-11
1331,2025-11-27,PA,referral,2025,2025-11
1332,2025-04-22,NY,referral,2025,2025-04
1333,2025-04-17,GA,organic_search,2025,2025-04
1334,2025-06-15,FL,organic_search,2025,2025-06
1335,2025-03-11,MD,affiliate,2025,2025-03
1336,2024-10-19,MI,email,2024,2024-10
1337,2025-10-09,NJ,paid_search,2025,2025-10
1338,2025-10-14,AZ,paid_social,2025,2025-10
1339,2025-05-18,TX,affiliate,2025,2025-05
1340,2025-05-12,VA,organic_search,2025,2025-05
1341,2024-05-10,AZ,email,2024,2024-05
1342,2024-03-22,NY,organic_search,2024,2024-03
1343,2025-10-28,CA,email,2025,2025-10
1344,2025-02-21,AZ,affiliate,2025,2025-02
1345,2024-09-20,CA,organic_search,2024,2024-09
1346,2024-08-31,VA,email,2024,2024-08
1347,2025-12-18,SC,organic_search,2025,2025-12
1348,2025-09-12,FL,organic_search,2025,2025-09
1349,2025-05-21,UT,paid_social,2025,2025-05
1350,2025-12-07,FL,organic_search,2025,2025-12
1351,2023-12-12,IL,email,2023,2023-12
1352,2024-08-06,IL,email,2024,2024-08
1353,2025-07-17,MO,paid_social,2025,2025-07
1354,2025-07-21,CO,paid_social,2025,2025-07
1355,2023-10-29,CA,affiliate,2023,2023-10
1356,2025-12-11,TX,organic_search,2025,2025-12
1357,2024-06-22,WA,organic_search,2024,2024-06
1358,2024-05-24,PA,paid_social,2024,2024-05
1359,2024-12-25,WA,organic_search,2024,2024-12
1360,2024-04-19,NC,email,2024,2024-04
1361,2025-11-28,TX,referral,2025,2025-11
1362,2023-12-19,NY,affiliate,2023,2023-12
1363,2025-11-03,IA,organic_search,2025,2025-11
1364,2025-07-03,CA,organic_search,2025,2025-07
1365,2024-12-21,NC,organic_search,2024,2024-12
1366,2025-02-03,OH,organic_search,2025,2025-02
1367,2025-11-16,OH,organic_search,2025,2025-11
1368,2025-05-06,OH,paid_social,2025,2025-05
1369,2023-12-02,WI,paid_social,2023,2023-12
1370,2025-05-29,TX,paid_social,2025,2025-05
1371,2025-03-24,IA,paid_social,2025,2025-03
1372,2025-09-14,MD,paid_social,2025,2025-09
1373,2025-08-20,SC,paid_search,2025,2025-08
1374,2025-10-15,CA,paid_search,2025,2025-10
1375,2023-10-13,FL,paid_search,2023,2023-10
1376,2025-07-08,IL,referral,2025,2025-07
1377,2025-07-25,NY,organic_search,2025,2025-07
1378,2023-12-25,TN,organic_search,2023,2023-12
1379,2025-02-05,NY,organic_search,2025,2025-02
1380,2025-07-15,MI,referral,2025,2025-07
1381,2025-06-07,FL,paid_social,2025,2025-06
1382,2025-01-11,TN,organic_search,2025,2025-01
1383,2025-01-01,MI,referral,2025,2025-01
1384,2024-04-20,IN,organic_search,2024,2024-04
1385,2025-07-23,PA,affiliate,2025,2025-07
1386,2025-06-24,IL,organic_search,2025,2025-06
1387,2025-12-14,OH,organic_search,2025,2025-12
1388,2024-07-18,NY,paid_social,2024,2024-07
1389,2024-09-01,IL,affiliate,2024,2024-09
1390,2024-05-27,MO,organic_search,2024,2024-05
1391,2025-02-14,NJ,organic_search,2025,2025-02
1392,2025-01-12,KY,referral,2025,2025-01
1393,2025-04-04,TX,referral,2025,2025-04
1394,2025-01-26,FL,paid_social,2025,2025-01
1395,2025-05-26,PA,organic_search,2025,2025-05
1396,2025-05-27,CA,referral,2025,2025-05
1397,2024-12-31,NJ,organic_search,2024,2024-12
1398,2024-10-17,VA,paid_search,2024,2024-10
1399,2025-11-03,AZ,paid_social,2025,2025-11
1400,2025-04-26,GA,organic_search,2025,2025-04
1401,2025-03-16,MN,referral,2025,2025-03
1402,2025-06-07,TX,affiliate,2025,2025-06
1403,2025-05-11,IN,paid_search,2025,2025-05
1404,2025-04-07,MA,paid_social,2025,2025-04
1405,2024-03-27,CA,organic_search,2024,2024-03
1406,2024-11-05,UT,email,2024,2024-11
1407,2025-09-03,WI,paid_search,2025,2025-09
1408,2024-10-18,CA,affiliate,2024,2024-10
1409,2024-01-25,IL,email,2024,2024-01
1410,2025-11-15,MA,organic_search,2025,2025-11
1411,2025-08-12,OK,email,2025,2025-08
1412,2025-02-15,CT,email,2025,2025-02
1413,2025-08-04,NM,organic_search,2025,2025-08
1414,2024-11-25,MI,paid_social,2024,2024-11
1415,2025-08-08,CA,email,2025,2025-08
1416,2025-10-03,GA,organic_search,2025,2025-10
1417,2025-06-16,CA,paid_search,2025,2025-06
1418,2025-01-04,IN,organic_search,2025,2025-01
1419,2025-05-30,AL,organic_search,2025,2025-05
1420,2025-04-10,PA,paid_search,2025,2025-04
1421,2025-03-13,PA,email,2025,2025-03
1422,2025-04-28,NY,email,2025,2025-04
1423,2024-10-11,PA,paid_social,2024,2024-10
1424,2023-08-06,WA,paid_social,2023,2023-08
1425,2025-01-04,OH,paid_social,2025,2025-01
1426,2025-06-29,OH,paid_search,2025,2025-06
1427,2025-07-29,IL,organic_search,2025,2025-07
1428,2024-03-01,GA,paid_search,2024,2024-03
1429,2024-09-15,MA,paid_social,2024,2024-09
1430,2025-09-22,MO,paid_social,2025,2025-09
1431,2024-06-25,UT,organic_search,2024,2024-06
1432,2023-10-31,MN,paid_social,2023,2023-10
1433,2025-11-12,TX,referral,2025,2025-11
1434,2025-04-01,NY,organic_search,2025,2025-04
1435,2024-05-05,NC,affiliate,2024,2024-05
1436,2025-08-24,TX,organic_search,2025,2025-08
1437,2025-02-06,NY,organic_search,2025,2025-02
1438,2025-05-27,KS,affiliate,2025,2025-05
1439,2024-06-13,NJ,email,2024,2024-06
1440,2024-01-31,NC,organic_search,2024,2024-01
1441,2025-01-15,CA,organic_search,2025,2025-01
1442,2024-07-15,TX,organic_search,2024,2024-07
1443,2024-05-20,CT,paid_search,2024,2024-05
1444,2024-08-23,KS,paid_search,2024,2024-08
1445,2025-11-30,MO,organic_search,2025,2025-11
1446,2025-04-13,TX,paid_social,2025,2025-04
1447,2024-08-05,AR,organic_search,2024,2024-08
1448,2025-08-30,CO,organic_search,2025,2025-08
1449,2024-06-13,FL,organic_search,2024,2024-06
1450,2024-06-06,IL,organic_search,2024,2024-06
1451,2025-08-23,OH,paid_search,2025,2025-08
1452,2025-05-23,FL,organic_search,2025,2025-05
1453,2025-05-17,OR,referral,2025,2025-05
1454,2023-12-25,AZ,paid_social,2023,2023-12
1455,2025-11-28,FL,paid_social,2025,2025-11
1456,2025-02-06,CA,paid_social,2025,2025-02
1457,2025-06-11,NC,paid_search,2025,2025-06
1458,2025-06-12,IL,organic_search,2025,2025-06
1459,2025-02-17,NV,organic_search,2025,2025-02
1460,2024-07-13,TX,paid_social,2024,2024-07
1461,2024-10-10,TX,paid_search,2024,2024-10
1462,2024-02-26,NC,paid_social,2024,2024-02
1463,2025-11-13,KY,email,2025,2025-11
1464,2025-09-28,FL,organic_search,2025,2025-09
1465,2024-12-28,PA,email,2024,2024-12
1466,2024-09-26,GA,organic_search,2024,2024-09
1467,2024-03-08,PA,referral,2024,2024-03
1468,2025-10-12,MA,paid_search,2025,2025-10
1469,2024-10-29,FL,email,2024,2024-10
1470,2024-08-12,NY,organic_search,2024,2024-08
1471,2024-12-10,NV,paid_social,2024,2024-12
1472,2024-07-31,NY,paid_search,2024,2024-07
1473,2024-12-10,GA,organic_search,2024,2024-12
1474,2025-01-06,NJ,email,2025,2025-01
1475,2024-09-29,CA,paid_social,2024,2024-09
1476,2025-12-11,CT,organic_search,2025,2025-12
1477,2025-02-11,CA,referral,2025,2025-02
1478,2024-10-22,NY,organic_search,2024,2024-10
1479,2024-09-25,OR,paid_social,2024,2024-09
1480,2024-09-13,WI,organic_search,2024,2024-09
1481,2025-10-07,MI,affiliate,2025,2025-10
1482,2025-02-11,MD,affiliate,2025,2025-02
1483,2025-08-17,OH,paid_social,2025,2025-08
1484,2025-05-13,IL,organic_search,2025,2025-05
1485,2025-05-08,FL,organic_search,2025,2025-05
1486,2024-02-20,MI,organic_search,2024,2024-02
1487,2025-06-20,CA,paid_social,2025,2025-06
1488,2024-10-17,NC,organic_search,2024,2024-10
1489,2025-04-29,CA,email,2025,2025-04
1490,2023-11-22,LA,paid_search,2023,2023-11
1491,2025-09-06,TX,organic_search,2025,2025-09
1492,2025-05-28,NC,email,2025,2025-05
1493,2025-08-16,IL,organic_search,2025,2025-08
1494,2025-10-24,NY,paid_search,2025,2025-10
1495,2025-10-03,IA,referral,2025,2025-10
1496,2025-02-01,TX,paid_social,2025,2025-02
1497,2025-12-12,MO,paid_social,2025,2025-12
1498,2025-06-14,FL,organic_search,2025,2025-06
1499,2024-08-24,WA,paid_social,2024,2024-08
1500,2025-07-27,NY,organic_search,2025,2025-07
1501,2025-10-06,OR,paid_search,2025,2025-10
1502,2025-02-17,MN,organic_search,2025,2025-02
1503,2025-08-26,TX,email,2025,2025-08
1504,2025-11-21,CA,affiliate,2025,2025-11
1505,2025-03-11,CA,affiliate,2025,2025-03
1506,2025-08-30,CA,paid_social,2025,2025-08
1507,2024-05-10,SC,paid_social,2024,2024-05
1508,2025-08-03,NM,organic_search,2025,2025-08
1509,2025-11-13,TN,paid_social,2025,2025-11
1510,2025-05-16,NY,organic_search,2025,2025-05
1511,2025-10-12,NC,organic_search,2025,2025-10
1512,2025-11-06,NJ,paid_social,2025,2025-11
1513,2025-12-05,CA,organic_search,2025,2025-12
1514,2025-01-27,TX,paid_social,2025,2025-01
1515,2024-03-15,SC,affiliate,2024,2024-03
1516,2024-08-29,TX,paid_social,2024,2024-08
1517,2025-06-13,OK,email,2025,2025-06
1518,2024-10-26,CO,paid_search,2024,2024-10
1519,2025-02-02,MO,paid_social,2025,2025-02
1520,2025-01-28,KS,paid_social,2025,2025-01
1521,2025-01-15,VA,affiliate,2025,2025-01
1522,2025-04-13,MA,email,2025,2025-04
1523,2024-01-23,IN,organic_search,2024,2024-01
1524,2025-04-10,MA,paid_social,2025,2025-04
1525,2025-11-22,WA,email,2025,2025-11
1526,2024-10-07,NY,organic_search,2024,2024-10
1527,2024-12-09,MI,referral,2024,2024-12
1528,2025-11-20,NY,paid_social,2025,2025-11
1529,2025-05-15,IA,paid_search,2025,2025-05
1530,2023-12-30,AZ,organic_search,2023,2023-12
1531,2024-10-05,NY,paid_search,2024,2024-10
1532,2025-09-15,CT,organic_search,2025,2025-09
1533,2025-02-07,GA,organic_search,2025,2025-02
1534,2025-08-02,IL,email,2025,2025-08
1535,2025-12-18,TX,referral,2025,2025-12
1536,2025-03-25,TX,email,2025,2025-03
1537,2024-12-04,TN,referral,2024,2024-12
1538,2025-08-19,WI,paid_social,2025,2025-08
1539,2025-12-15,WA,email,2025,2025-12
1540,2023-10-20,TX,referral,2023,2023-10
1541,2025-05-16,OH,affiliate,2025,2025-05
1542,2024-10-14,NY,paid_social,2024,2024-10
1543,2024-11-05,TX,paid_social,2024,2024-11
1544,2025-07-16,MD,organic_search,2025,2025-07
1545,2024-12-22,IN,organic_search,2024,2024-12
1546,2025-08-29,FL,paid_search,2025,2025-08
1547,2025-06-26,VA,organic_search,2025,2025-06
1548,2025-04-06,CA,organic_search,2025,2025-04
1549,2025-02-28,SC,organic_search,2025,2025-02
1550,2024-07-06,TX,paid_search,2024,2024-07
1551,2025-09-05,AR,organic_search,2025,2025-09
1552,2024-04-18,SC,organic_search,2024,2024-04
1553,2025-09-12,CA,organic_search,2025,2025-09
1554,2025-08-06,PA,paid_social,2025,2025-08
1555,2025-11-01,NC,paid_social,2025,2025-11
1556,2025-12-06,NY,paid_social,2025,2025-12
1557,2025-09-29,CO,organic_search,2025,2025-09
1558,2025-11-23,PA,referral,2025,2025-11
1559,2024-04-13,MD,paid_social,2024,2024-04
1560,2025-12-12,IL,affiliate,2025,2025-12
1561,2025-11-21,MD,paid_social,2025,2025-11
1562,2025-04-27,IA,paid_social,2025,2025-04
1563,2025-07-18,NJ,paid_social,2025,2025-07
1564,2025-11-17,WA,paid_search,2025,2025-11
1565,2025-03-16,CA,organic_search,2025,2025-03
1566,2024-09-16,IL,referral,2024,2024-09
1567,2025-11-27,NC,organic_search,2025,2025-11
1568,2025-05-18,KS,organic_search,2025,2025-05
1569,2025-03-12,NY,organic_search,2025,2025-03
1570,2023-09-01,TX,organic_search,2023,2023-09
1571,2024-12-12,MD,paid_social,2024,2024-12
1572,2024-11-13,NY,organic_search,2024,2024-11
1573,2025-05-21,PA,paid_social,2025,2025-05
1574,2024-05-10,MA,organic_search,2024,2024-05
1575,2024-12-13,OK,organic_search,2024,2024-12
1576,2025-06-08,GA,paid_search,2025,2025-06
1577,2025-10-15,PA,organic_search,2025,2025-10
1578,2025-06-06,NY,paid_social,2025,2025-06
1579,2023-12-13,CT,paid_social,2023,2023-12
1580,2025-10-23,WI,organic_search,2025,2025-10
1581,2025-05-12,IL,affiliate,2025,2025-05
1582,2025-10-03,VA,organic_search,2025,2025-10
1583,2024-01-05,OR,email,2024,2024-01
1584,2024-11-02,PA,email,2024,2024-11
1585,2025-07-19,MA,organic_search,2025,2025-07
1586,2024-12-17,NY,paid_search,2024,2024-12
1587,2025-12-16,KY,affiliate,2025,2025-12
1588,2025-11-29,FL,organic_search,2025,2025-11
1589,2025-09-25,OH,referral,2025,2025-09
1590,2025-02-22,NC,organic_search,2025,2025-02
1591,2025-02-22,OH,paid_social,2025,2025-02
1592,2024-10-26,CA,paid_social,2024,2024-10
1593,2024-08-17,IL,organic_search,2024,2024-08
1594,2025-05-22,GA,email,2025,2025-05
1595,2024-04-13,OK,paid_social,2024,2024-04
1596,2025-03-19,GA,organic_search,2025,2025-03
1597,2025-09-24,IL,referral,2025,2025-09
1598,2024-06-13,MD,paid_social,2024,2024-06
1599,2025-05-15,NJ,email,2025,2025-05
1600,2025-08-15,MI,paid_social,2025,2025-08
1601,2025-12-14,NY,organic_search,2025,2025-12
1602,2024-11-16,MD,email,2024,2024-11
1603,2024-09-20,NJ,affiliate,2024,2024-09
1604,2025-06-26,AL,paid_search,2025,2025-06
1605,2024-11-30,CA,organic_search,2024,2024-11
1606,2025-08-19,MI,paid_search,2025,2025-08
1607,2024-05-19,IN,organic_search,2024,2024-05
1608,2025-09-03,WA,paid_social,2025,2025-09
1609,2025-04-27,OK,paid_social,2025,2025-04
1610,2025-09-15,VA,paid_social,2025,2025-09
1611,2025-12-01,PA,paid_social,2025,2025-12
1612,2024-05-28,IL,organic_search,2024,2024-05
1613,2025-10-23,FL,organic_search,2025,2025-10
1614,2024-12-27,TX,organic_search,2024,2024-12
1615,2025-11-15,PA,paid_search,2025,2025-11
1616,2025-10-10,CA,organic_search,2025,2025-10
1617,2025-05-25,LA,paid_social,2025,2025-05
1618,2024-08-05,OH,referral,2024,2024-08
1619,2025-11-17,UT,paid_search,2025,2025-11
1620,2025-10-29,WI,paid_search,2025,2025-10
1621,2025-10-27,GA,paid_social,2025,2025-10
1622,2025-09-03,CA,organic_search,2025,2025-09
1623,2024-04-26,TX,organic_search,2024,2024-04
1624,2025-11-23,MO,organic_search,2025,2025-11
1625,2024-04-26,MN,paid_social,2024,2024-04
1626,2025-06-26,SC,organic_search,2025,2025-06
1627,2024-11-10,NY,organic_search,2024,2024-11
1628,2025-04-06,NY,organic_search,2025,2025-04
1629,2025-04-21,MD,referral,2025,2025-04
1630,2025-01-10,CA,paid_search,2025,2025-01
1631,2025-12-19,WA,organic_search,2025,2025-12
1632,2025-06-28,AR,referral,2025,2025-06
1633,2025-09-20,CA,email,2025,2025-09
1634,2025-01-07,NY,paid_search,2025,2025-01
1635,2024-08-30,IL,organic_search,2024,2024-08
1636,2024-12-29,IL,paid_search,2024,2024-12
1637,2025-10-14,WA,referral,2025,2025-10
1638,2025-05-18,PA,paid_social,2025,2025-05
1639,2025-03-07,MN,referral,2025,2025-03
1640,2025-12-12,TX,paid_social,2025,2025-12
1641,2025-08-31,CA,paid_search,2025,2025-08
1642,2025-08-18,SC,organic_search,2025,2025-08
1643,2025-01-19,OH,paid_social,2025,2025-01
1644,2024-11-03,CA,paid_social,2024,2024-11
1645,2025-04-21,AZ,paid_search,2025,2025-04
1646,2025-05-07,CT,email,2025,2025-05
1647,2025-04-22,IN,email,2025,2025-04
1648,2025-05-02,TX,referral,2025,2025-05
1649,2025-09-05,AZ,referral,2025,2025-09
1650,2023-12-11,GA,referral,2023,2023-12
1651,2025-09-26,TX,paid_search,2025,2025-09
1652,2025-02-19,TX,paid_social,2025,2025-02
1653,2024-09-14,IL,organic_search,2024,2024-09
1654,2024-07-11,IL,email,2024,2024-07
1655,2025-08-25,TX,paid_social,2025,2025-08
1656,2024-01-19,MI,email,2024,2024-01
1657,2025-07-16,MA,referral,2025,2025-07
1658,2024-10-30,VA,organic_search,2024,2024-10
1659,2025-10-21,AZ,organic_search,2025,2025-10
1660,2025-01-11,FL,paid_search,2025,2025-01
1661,2025-10-03,TX,organic_search,2025,2025-10
1662,2024-07-14,FL,paid_social,2024,2024-07
1663,2024-02-26,NY,paid_social,2024,2024-02
1664,2024-09-26,TX,paid_social,2024,2024-09
1665,2024-07-08,NC,organic_search,2024,2024-07
1666,2025-05-31,CT,referral,2025,2025-05
1667,2025-01-26,NY,paid_social,2025,2025-01
1668,2025-07-08,CO,paid_social,2025,2025-07
1669,2025-06-05,MI,email,2025,2025-06
1670,2025-10-07,NJ,organic_search,2025,2025-10
1671,2025-01-30,NC,organic_search,2025,2025-01
1672,2023-07-23,IA,email,2023,2023-07
1673,2025-08-08,MI,referral,2025,2025-08
1674,2025-02-27,CA,paid_social,2025,2025-02
1675,2025-07-16,FL,email,2025,2025-07
1676,2025-06-01,FL,paid_search,2025,2025-06
1677,2025-08-14,NY,organic_search,2025,2025-08
1678,2025-10-25,AZ,organic_search,2025,2025-10
1679,2023-07-30,TX,paid_social,2023,2023-07
1680,2025-03-22,NC,affiliate,2025,2025-03
1681,2025-09-15,IA,referral,2025,2025-09
1682,2025-03-15,AZ,organic_search,2025,2025-03
1683,2025-03-07,IL,referral,2025,2025-03
1684,2025-12-04,TX,organic_search,2025,2025-12
1685,2025-06-10,NC,paid_social,2025,2025-06
1686,2024-12-23,OK,paid_social,2024,2024-12
1687,2025-01-29,IA,referral,2025,2025-01
1688,2024-11-25,MA,email,2024,2024-11
1689,2024-09-21,FL,paid_social,2024,2024-09
1690,2025-09-13,TX,email,2025,2025-09
1691,2025-03-25,CA,organic_search,2025,2025-03
1692,2024-11-30,NJ,organic_search,2024,2024-11
1693,2025-10-06,IA,paid_social,2025,2025-10
1694,2025-02-11,IL,organic_search,2025,2025-02
1695,2025-07-24,MA,paid_social,2025,2025-07
1696,2025-07-20,CA,paid_search,2025,2025-07
1697,2025-03-30,WI,paid_social,2025,2025-03
1698,2023-09-20,NY,affiliate,2023,2023-09
1699,2024-02-17,MA,paid_social,2024,2024-02
1700,2025-02-05,OK,email,2025,2025-02
1701,2024-07-11,TX,paid_social,2024,2024-07
1702,2025-09-10,TX,paid_social,2025,2025-09
1703,2025-08-24,OK,organic_search,2025,2025-08
1704,2025-11-17,SC,organic_search,2025,2025-11
1705,2025-09-23,IL,email,2025,2025-09
1706,2024-09-11,VA,paid_social,2024,2024-09
1707,2025-11-03,CA,referral,2025,2025-11
1708,2024-12-21,OH,email,2024,2024-12
1709,2024-01-01,TN,organic_search,2024,2024-01
1710,2025-03-24,NJ,organic_search,2025,2025-03
1711,2025-11-17,KY,organic_search,2025,2025-11
1712,2025-03-18,FL,referral,2025,2025-03
1713,2024-09-19,NY,paid_social,2024,2024-09
1714,2024-05-03,MI,referral,2024,2024-05
1715,2024-03-27,PA,paid_social,2024,2024-03
1716,2025-09-17,FL,organic_search,2025,2025-09
1717,2024-08-31,TX,paid_search,2024,2024-08
1718,2025-09-21,WI,organic_search,2025,2025-09
1719,2025-09-17,TX,paid_social,2025,2025-09
1720,2025-11-20,TX,paid_search,2025,2025-11
1721,2025-07-04,PA,paid_social,2025,2025-07
1722,2025-03-06,SC,email,2025,2025-03
1723,2025-07-19,MI,paid_search,2025,2025-07
1724,2025-11-05,LA,paid_search,2025,2025-11
1725,2024-11-05,FL,organic_search,2024,2024-11
1726,2025-09-01,FL,paid_search,2025,2025-09
1727,2025-04-29,CA,referral,2025,2025-04
1728,2024-10-29,IL,referral,2024,2024-10
1729,2025-02-26,KY,paid_search,2025,2025-02
1730,2025-05-24,NJ,organic_search,2025,2025-05
1731,2025-10-22,MN,organic_search,2025,2025-10
1732,2025-04-08,CA,referral,2025,2025-04
1733,2025-05-09,TX,referral,2025,2025-05
1734,2024-03-09,NC,paid_search,2024,2024-03
1735,2025-02-18,GA,organic_search,2025,2025-02
1736,2024-08-03,MN,organic_search,2024,2024-08
1737,2024-03-26,MI,referral,2024,2024-03
1738,2025-10-25,MA,paid_search,2025,2025-10
1739,2025-12-18,CA,organic_search,2025,2025-12
1740,2025-08-07,GA,paid_social,2025,2025-08
1741,2025-08-28,NY,paid_social,2025,2025-08
1742,2025-08-02,CA,paid_social,2025,2025-08
1743,2025-03-20,WA,paid_search,2025,2025-03
1744,2025-09-14,FL,paid_social,2025,2025-09
1745,2025-07-02,LA,organic_search,2025,2025-07
1746,2024-06-29,TX,referral,2024,2024-06
1747,2025-10-19,WI,organic_search,2025,2025-10
1748,2024-05-17,NY,paid_social,2024,2024-05
1749,2025-06-05,NC,organic_search,2025,2025-06
1750,2024-12-12,FL,paid_search,2024,2024-12
1751,2025-07-29,AL,organic_search,2025,2025-07
1752,2024-01-29,CT,organic_search,2024,2024-01
1753,2024-01-16,NC,email,2024,2024-01
1754,2024-05-24,CA,paid_social,2024,2024-05
1755,2025-11-28,TX,email,2025,2025-11
1756,2023-12-07,VA,referral,2023,2023-12
1757,2025-11-01,PA,organic_search,2025,2025-11
1758,2025-05-01,TN,paid_social,2025,2025-05
1759,2024-06-24,GA,organic_search,2024,2024-06
1760,2025-11-01,TX,affiliate,2025,2025-11
1761,2025-12-06,KY,email,2025,2025-12
1762,2025-12-01,MO,email,2025,2025-12
1763,2024-04-09,OK,email,2024,2024-04
1764,2024-09-21,CA,paid_search,2024,2024-09
1765,2025-12-11,TX,paid_search,2025,2025-12
1766,2024-06-29,CA,organic_search,2024,2024-06
1767,2025-02-08,NC,referral,2025,2025-02
1768,2023-08-14,NM,organic_search,2023,2023-08
1769,2025-08-09,LA,paid_social,2025,2025-08
1770,2025-12-06,NC,organic_search,2025,2025-12
1771,2025-09-29,PA,paid_social,2025,2025-09
1772,2024-07-09,AR,paid_social,2024,2024-07
1773,2025-09-26,MO,organic_search,2025,2025-09
1774,2025-03-22,GA,paid_social,2025,2025-03
1775,2024-07-29,CT,organic_search,2024,2024-07
1776,2025-02-11,MD,email,2025,2025-02
1777,2024-10-03,MA,organic_search,2024,2024-10
1778,2025-08-26,WI,paid_social,2025,2025-08
1779,2025-03-26,IA,paid_social,2025,2025-03
1780,2025-11-29,GA,paid_social,2025,2025-11
1781,2023-07-25,WI,paid_social,2023,2023-07
1782,2025-07-10,OK,organic_search,2025,2025-07
1783,2023-10-21,TX,paid_social,2023,2023-10
1784,2025-08-24,MA,email,2025,2025-08
1785,2024-05-23,MA,affiliate,2024,2024-05
1786,2024-02-24,GA,organic_search,2024,2024-02
1787,2025-08-13,SC,organic_search,2025,2025-08
1788,2025-07-25,UT,email,2025,2025-07
1789,2025-08-17,NJ,paid_search,2025,2025-08
1790,2025-09-26,AR,paid_search,2025,2025-09
1791,2025-03-11,CA,organic_search,2025,2025-03
1792,2024-04-10,IL,referral,2024,2024-04
1793,2025-07-11,IN,paid_search,2025,2025-07
1794,2025-11-13,NM,organic_search,2025,2025-11
1795,2025-07-13,MI,paid_social,2025,2025-07
1796,2025-08-13,CA,organic_search,2025,2025-08
1797,2025-01-24,OH,affiliate,2025,2025-01
1798,2024-08-14,FL,paid_social,2024,2024-08
1799,2025-10-13,PA,paid_social,2025,2025-10
1800,2023-12-28,FL,organic_search,2023,2023-12
1801,2025-08-30,MI,organic_search,2025,2025-08
1802,2025-05-03,MA,paid_search,2025,2025-05
1803,2025-10-25,KS,organic_search,2025,2025-10
1804,2025-01-16,OK,organic_search,2025,2025-01
1805,2025-11-20,IL,organic_search,2025,2025-11
1806,2023-10-19,LA,paid_social,2023,2023-10
1807,2025-05-02,PA,referral,2025,2025-05
1808,2025-11-10,NY,paid_social,2025,2025-11
1809,2024-08-06,GA,paid_social,2024,2024-08
1810,2025-11-19,GA,organic_search,2025,2025-11
1811,2024-11-06,CA,organic_search,2024,2024-11
1812,2025-08-18,CA,organic_search,2025,2025-08
1813,2024-09-09,OH,paid_social,2024,2024-09
1814,2024-12-13,CA,paid_search,2024,2024-12
1815,2025-09-22,CA,organic_search,2025,2025-09
1816,2025-11-10,OK,affiliate,2025,2025-11
1817,2025-06-09,AL,organic_search,2025,2025-06
1818,2025-07-29,MI,organic_search,2025,2025-07
1819,2024-06-22,NJ,affiliate,2024,2024-06
1820,2025-04-04,VA,affiliate,2025,2025-04
1821,2025-07-25,WA,organic_search,2025,2025-07
1822,2025-12-14,FL,paid_social,2025,2025-12
1823,2025-04-10,MN,paid_social,2025,2025-04
1824,2024-06-24,TN,paid_search,2024,2024-06
1825,2024-11-06,NY,paid_social,2024,2024-11
1826,2024-02-07,TX,email,2024,2024-02
1827,2025-07-15,GA,organic_search,2025,2025-07
1828,2025-11-23,MA,paid_social,2025,2025-11
1829,2024-09-09,MN,paid_search,2024,2024-09
1830,2024-07-21,NY,paid_search,2024,2024-07
1831,2025-01-23,WA,referral,2025,2025-01
1832,2024-12-21,MD,organic_search,2024,2024-12
1833,2025-07-08,CA,affiliate,2025,2025-07
1834,2024-06-17,CA,paid_social,2024,2024-06
1835,2025-11-05,OH,paid_search,2025,2025-11
1836,2025-12-13,UT,organic_search,2025,2025-12
1837,2025-07-15,TX,affiliate,2025,2025-07
1838,2024-04-03,NJ,paid_social,2024,2024-04
1839,2024-06-05,AL,paid_social,2024,2024-06
1840,2025-09-23,FL,paid_search,2025,2025-09
1841,2024-04-21,TX,email,2024,2024-04
1842,2023-09-11,GA,paid_social,2023,2023-09
1843,2025-02-08,MD,email,2025,2025-02
1844,2025-04-05,MA,paid_social,2025,2025-04
1845,2025-08-05,IA,email,2025,2025-08
1846,2025-01-03,AL,paid_social,2025,2025-01
1847,2025-09-30,CA,referral,2025,2025-09
1848,2025-02-09,CT,referral,2025,2025-02
1849,2024-02-06,GA,organic_search,2024,2024-02
1850,2025-01-11,TX,email,2025,2025-01
1851,2024-12-08,CO,organic_search,2024,2024-12
1852,2025-08-20,IL,paid_search,2025,2025-08
1853,2025-09-22,TX,paid_social,2025,2025-09
1854,2025-07-24,NY,paid_social,2025,2025-07
1855,2025-10-29,PA,organic_search,2025,2025-10
1856,2025-11-10,CA,email,2025,2025-11
1857,2024-12-31,GA,organic_search,2024,2024-12
1858,2025-02-11,NV,paid_search,2025,2025-02
1859,2024-05-23,IL,referral,2024,2024-05
1860,2025-06-22,FL,organic_search,2025,2025-06
1861,2025-10-20,NY,email,2025,2025-10
1862,2025-12-01,FL,referral,2025,2025-12
1863,2025-11-19,KS,organic_search,2025,2025-11
1864,2024-12-23,PA,organic_search,2024,2024-12
1865,2025-09-30,NY,paid_search,2025,2025-09
1866,2024-10-22,NY,paid_search,2024,2024-10
1867,2023-10-15,WA,paid_social,2023,2023-10
1868,2025-04-29,FL,email,2025,2025-04
1869,2025-02-16,CA,paid_search,2025,2025-02
1870,2024-03-01,TX,organic_search,2024,2024-03
1871,2024-12-19,NY,organic_search,2024,2024-12
1872,2025-03-29,MA,email,2025,2025-03
1873,2025-03-12,AR,organic_search,2025,2025-03
1874,2025-08-28,NY,organic_search,2025,2025-08
1875,2025-10-31,WI,paid_social,2025,2025-10
1876,2023-11-11,CO,email,2023,2023-11
1877,2025-02-27,FL,paid_social,2025,2025-02
1878,2025-10-02,OH,email,2025,2025-10
1879,2025-11-18,MO,referral,2025,2025-11
1880,2025-11-10,FL,organic_search,2025,2025-11
1881,2025-01-30,SC,organic_search,2025,2025-01
1882,2025-11-26,IL,paid_social,2025,2025-11
1883,2024-08-24,CA,paid_social,2024,2024-08
1884,2025-01-30,VA,organic_search,2025,2025-01
1885,2024-06-16,FL,organic_search,2024,2024-06
1886,2024-12-24,AL,email,2024,2024-12
1887,2025-06-21,PA,referral,2025,2025-06
1888,2024-03-12,OH,paid_social,2024,2024-03
1889,2024-10-04,UT,paid_search,2024,2024-10
1890,2025-08-09,PA,email,2025,2025-08
1891,2023-10-03,FL,organic_search,2023,2023-10
1892,2025-05-04,NC,referral,2025,2025-05
1893,2025-12-08,OH,organic_search,2025,2025-12
1894,2025-08-24,LA,organic_search,2025,2025-08
1895,2025-10-19,IL,organic_search,2025,2025-10
1896,2025-10-08,CO,paid_search,2025,2025-10
1897,2025-01-21,NM,organic_search,2025,2025-01
1898,2025-04-17,NY,referral,2025,2025-04
1899,2025-10-15,SC,paid_social,2025,2025-10
1900,2025-10-20,NC,paid_social,2025,2025-10
1901,2024-10-16,CA,organic_search,2024,2024-10
1902,2025-08-12,IL,organic_search,2025,2025-08
1903,2024-05-04,MD,referral,2024,2024-05
1904,2025-08-02,NY,organic_search,2025,2025-08
1905,2025-12-17,IL,paid_social,2025,2025-12
1906,2025-03-28,KY,organic_search,2025,2025-03
1907,2024-01-05,AL,organic_search,2024,2024-01
1908,2024-06-26,NC,organic_search,2024,2024-06
1909,2025-05-22,OH,organic_search,2025,2025-05
1910,2025-10-30,TX,paid_social,2025,2025-10
1911,2024-07-30,FL,referral,2024,2024-07
1912,2025-06-06,NJ,organic_search,2025,2025-06
1913,2025-05-18,CA,affiliate,2025,2025-05
1914,2025-02-26,CA,organic_search,2025,2025-02
1915,2023-08-16,CA,referral,2023,2023-08
1916,2024-07-29,NC,paid_social,2024,2024-07
1917,2025-06-12,MA,email,2025,2025-06
1918,2024-09-20,CA,paid_search,2024,2024-09
1919,2025-01-17,CA,organic_search,2025,2025-01
1920,2023-09-17,PA,paid_social,2023,2023-09
1921,2025-03-02,TX,paid_social,2025,2025-03
1922,2025-02-23,WI,organic_search,2025,2025-02
1923,2025-01-05,OH,affiliate,2025,2025-01
1924,2025-04-14,MI,referral,2025,2025-04
1925,2025-01-08,CA,paid_search,2025,2025-01
1926,2025-09-05,NY,organic_search,2025,2025-09
1927,2025-11-22,NC,email,2025,2025-11
1928,2025-02-12,NY,paid_social,2025,2025-02
1929,2024-02-04,CO,organic_search,2024,2024-02
1930,2024-12-16,NY,paid_social,2024,2024-12
1931,2025-07-20,CA,organic_search,2025,2025-07
1932,2025-10-15,CA,paid_search,2025,2025-10
1933,2024-11-11,TX,organic_search,2024,2024-11
1934,2025-07-12,NJ,paid_social,2025,2025-07
1935,2025-01-19,TX,paid_social,2025,2025-01
1936,2023-11-25,TX,paid_social,2023,2023-11
1937,2025-01-29,CA,paid_social,2025,2025-01
1938,2024-09-23,CA,paid_social,2024,2024-09
1939,2024-06-12,MA,paid_social,2024,2024-06
1940,2025-03-31,NV,organic_search,2025,2025-03
1941,2025-12-14,TX,organic_search,2025,2025-12
1942,2025-03-18,NY,organic_search,2025,2025-03
1943,2024-08-11,IN,paid_search,2024,2024-08
1944,2025-11-23,CA,referral,2025,2025-11
1945,2024-01-08,FL,paid_social,2024,2024-01
1946,2025-01-09,VA,email,2025,2025-01
1947,2024-07-07,IL,organic_search,2024,2024-07
1948,2025-07-15,IA,paid_social,2025,2025-07
1949,2025-05-03,TX,paid_social,2025,2025-05
1950,2025-06-18,MA,referral,2025,2025-06
1951,2023-10-04,UT,paid_social,2023,2023-10
1952,2024-09-21,TX,paid_search,2024,2024-09
1953,2025-10-23,IL,referral,2025,2025-10
1954,2025-01-05,KY,paid_social,2025,2025-01
1955,2024-06-14,CO,email,2024,2024-06
1956,2025-10-26,AL,paid_search,2025,2025-10
1957,2025-06-12,NJ,email,2025,2025-06
1958,2025-04-26,MI,paid_social,2025,2025-04
1959,2025-03-30,FL,organic_search,2025,2025-03
1960,2025-02-02,OK,email,2025,2025-02
1961,2025-07-08,WA,paid_search,2025,2025-07
1962,2025-05-15,CA,affiliate,2025,2025-05
1963,2025-08-11,NC,organic_search,2025,2025-08
1964,2024-08-26,IA,paid_search,2024,2024-08
1965,2025-11-21,FL,paid_search,2025,2025-11
1966,2025-03-31,CA,organic_search,2025,2025-03
1967,2024-08-30,FL,organic_search,2024,2024-08
1968,2025-02-14,CA,email,2025,2025-02
1969,2023-10-20,NJ,organic_search,2023,2023-10
1970,2024-01-25,FL,organic_search,2024,2024-01
1971,2025-09-11,NY,paid_social,2025,2025-09
1972,2025-11-29,NY,paid_social,2025,2025-11
1973,2025-01-11,FL,organic_search,2025,2025-01
1974,2025-01-27,CA,organic_search,2025,2025-01
1975,2025-12-08,MA,organic_search,2025,2025-12
1976,2024-07-11,MA,paid_social,2024,2024-07
1977,2025-11-08,MD,organic_search,2025,2025-11
1978,2024-05-17,FL,email,2024,2024-05
1979,2023-12-28,LA,organic_search,2023,2023-12
1980,2024-11-01,CA,organic_search,2024,2024-11
1981,2025-07-08,AL,organic_search,2025,2025-07
1982,2024-05-20,OH,organic_search,2024,2024-05
1983,2024-05-17,GA,paid_social,2024,2024-05
1984,2025-02-22,AL,paid_social,2025,2025-02
1985,2025-10-16,CA,organic_search,2025,2025-10
1986,2025-01-19,NC,referral,2025,2025-01
1987,2025-04-12,MA,organic_search,2025,2025-04
1988,2024-07-25,NY,affiliate,2024,2024-07
1989,2025-10-12,OR,referral,2025,2025-10
1990,2024-12-13,CA,organic_search,2024,2024-12
1991,2024-08-19,AZ,referral,2024,2024-08
1992,2025-04-09,IN,email,2025,2025-04
1993,2024-03-25,PA,organic_search,2024,2024-03
1994,2023-12-21,PA,organic_search,2023,2023-12
1995,2025-08-23,NC,paid_social,2025,2025-08
1996,2024-11-19,TX,email,2024,2024-11
1997,2025-12-06,FL,referral,2025,2025-12
1998,2025-10-15,WA,email,2025,2025-10
1999,2025-10-29,MN,referral,2025,2025-10
2000,2025-06-09,CO,affiliate,2025,2025-06
2001,2025-05-29,TX,paid_search,2025,2025-05
2002,2025-08-31,CO,organic_search,2025,2025-08
2003,2023-08-21,LA,paid_search,2023,2023-08
2004,2024-09-01,KY,email,2024,2024-09
2005,2025-03-16,UT,email,2025,2025-03
2006,2024-02-05,WA,organic_search,2024,2024-02
2007,2023-12-18,LA,organic_search,2023,2023-12
2008,2025-11-03,IL,paid_search,2025,2025-11
2009,2025-09-29,CA,referral,2025,2025-09
2010,2025-11-19,TX,organic_search,2025,2025-11
2011,2025-03-28,AR,paid_social,2025,2025-03
2012,2024-07-07,TX,paid_search,2024,2024-07
2013,2025-04-03,CA,organic_search,2025,2025-04
2014,2024-07-14,WI,paid_social,2024,2024-07
2015,2025-03-11,MD,paid_search,2025,2025-03
2016,2023-12-14,CA,paid_search,2023,2023-12
2017,2024-09-11,MI,organic_search,2024,2024-09
2018,2024-01-13,CT,email,2024,2024-01
2019,2024-07-22,CA,paid_search,2024,2024-07
2020,2024-11-25,FL,organic_search,2024,2024-11
2021,2025-01-02,LA,organic_search,2025,2025-01
2022,2025-08-15,NJ,paid_social,2025,2025-08
2023,2024-11-08,TX,paid_search,2024,2024-11
2024,2024-04-29,AZ,email,2024,2024-04
2025,2025-03-26,NC,referral,2025,2025-03
2026,2024-07-15,CA,paid_social,2024,2024-07
2027,2025-04-03,MI,paid_social,2025,2025-04
2028,2025-11-28,NY,paid_search,2025,2025-11
2029,2024-11-19,TX,organic_search,2024,2024-11
2030,2024-03-23,TX,paid_search,2024,2024-03
2031,2025-04-05,TX,paid_search,2025,2025-04
2032,2025-03-23,MI,affiliate,2025,2025-03
2033,2024-09-17,NJ,paid_search,2024,2024-09
2034,2024-03-25,NY,paid_search,2024,2024-03
2035,2024-12-17,IL,paid_social,2024,2024-12
2036,2024-03-30,CA,paid_social,2024,2024-03
2037,2025-08-12,OR,paid_social,2025,2025-08
2038,2024-11-24,AZ,paid_social,2024,2024-11
2039,2024-03-02,FL,organic_search,2024,2024-03
2040,2025-08-15,IL,paid_social,2025,2025-08
2041,2025-10-20,LA,paid_search,2025,2025-10
2042,2024-06-25,FL,organic_search,2024,2024-06
2043,2025-11-11,CA,paid_search,2025,2025-11
2044,2025-05-30,CA,organic_search,2025,2025-05
2045,2024-10-16,UT,organic_search,2024,2024-10
2046,2025-09-16,VA,referral,2025,2025-09
2047,2024-10-24,NJ,organic_search,2024,2024-10
2048,2025-07-11,TX,affiliate,2025,2025-07
2049,2024-03-08,WA,organic_search,2024,2024-03
2050,2024-12-02,CO,paid_social,2024,2024-12
2051,2025-12-11,WA,organic_search,2025,2025-12
2052,2025-07-03,MD,organic_search,2025,2025-07
2053,2025-12-13,CA,organic_search,2025,2025-12
2054,2024-12-08,NY,referral,2024,2024-12
2055,2025-10-14,GA,paid_social,2025,2025-10
2056,2024-12-22,CO,paid_search,2024,2024-12
2057,2025-08-04,SC,organic_search,2025,2025-08
2058,2024-06-10,FL,email,2024,2024-06
2059,2023-09-30,WI,paid_search,2023,2023-09
2060,2025-03-25,FL,paid_search,2025,2025-03
2061,2024-09-30,LA,organic_search,2024,2024-09
2062,2025-11-11,TN,organic_search,2025,2025-11
2063,2025-04-24,TX,paid_search,2025,2025-04
2064,2025-10-22,NY,paid_search,2025,2025-10
2065,2025-09-17,IL,organic_search,2025,2025-09
2066,2025-02-09,KS,referral,2025,2025-02
2067,2025-05-30,MA,paid_social,2025,2025-05
2068,2024-05-20,UT,paid_social,2024,2024-05
2069,2025-05-29,GA,organic_search,2025,2025-05
2070,2025-11-01,TX,referral,2025,2025-11
2071,2023-08-07,NY,paid_social,2023,2023-08
2072,2024-02-29,NY,organic_search,2024,2024-02
2073,2025-05-18,NJ,affiliate,2025,2025-05
2074,2025-01-08,PA,organic_search,2025,2025-01
2075,2024-10-02,FL,organic_search,2024,2024-10
2076,2025-01-23,AL,referral,2025,2025-01
2077,2025-09-19,NY,paid_social,2025,2025-09
2078,2024-07-03,CA,organic_search,2024,2024-07
2079,2025-12-09,NV,paid_social,2025,2025-12
2080,2025-03-10,CT,affiliate,2025,2025-03
2081,2024-06-27,NY,paid_social,2024,2024-06
2082,2025-01-03,CA,email,2025,2025-01
2083,2025-06-28,NJ,paid_search,2025,2025-06
2084,2025-08-16,CA,organic_search,2025,2025-08
2085,2025-04-04,FL,paid_search,2025,2025-04
2086,2024-11-29,NJ,paid_search,2024,2024-11
2087,2024-12-04,TX,paid_social,2024,2024-12
2088,2025-09-13,IN,referral,2025,2025-09
2089,2024-07-13,CA,paid_social,2024,2024-07
2090,2025-04-07,IL,organic_search,2025,2025-04
2091,2025-03-22,WA,paid_search,2025,2025-03
2092,2024-06-05,CO,organic_search,2024,2024-06
2093,2024-10-23,NV,organic_search,2024,2024-10
2094,2024-12-04,NJ,paid_social,2024,2024-12
2095,2025-11-29,NJ,organic_search,2025,2025-11
2096,2025-09-10,NC,email,2025,2025-09
2097,2025-11-06,MD,paid_social,2025,2025-11
2098,2025-09-12,IN,organic_search,2025,2025-09
2099,2024-10-06,MO,paid_search,2024,2024-10
2100,2025-11-07,FL,paid_search,2025,2025-11
2101,2024-10-09,MO,organic_search,2024,2024-10
2102,2025-08-07,NY,paid_search,2025,2025-08
2103,2024-08-04,TX,paid_social,2024,2024-08
2104,2025-03-19,CA,referral,2025,2025-03
2105,2025-04-04,CA,paid_search,2025,2025-04
2106,2024-05-04,TX,paid_social,2024,2024-05
2107,2024-09-01,TX,paid_social,2024,2024-09
2108,2025-11-19,TX,referral,2025,2025-11
2109,2025-10-13,TN,email,2025,2025-10
2110,2024-12-06,CO,organic_search,2024,2024-12
2111,2024-10-10,NY,organic_search,2024,2024-10
2112,2025-02-08,MD,organic_search,2025,2025-02
2113,2024-04-30,MO,paid_search,2024,2024-04
2114,2024-10-19,PA,referral,2024,2024-10
2115,2023-12-18,NC,paid_search,2023,2023-12
2116,2024-05-03,IL,organic_search,2024,2024-05
2117,2025-10-29,OR,organic_search,2025,2025-10
2118,2024-05-17,FL,referral,2024,2024-05
2119,2023-10-16,MI,paid_search,2023,2023-10
2120,2024-07-31,IA,organic_search,2024,2024-07
2121,2025-09-18,MI,organic_search,2025,2025-09
2122,2024-07-04,OK,paid_social,2024,2024-07
2123,2025-09-05,KS,affiliate,2025,2025-09
2124,2024-06-21,IN,paid_social,2024,2024-06
2125,2024-06-06,TX,paid_search,2024,2024-06
2126,2025-02-21,FL,email,2025,2025-02
2127,2024-03-04,CA,paid_search,2024,2024-03
2128,2024-02-26,AR,paid_social,2024,2024-02
2129,2025-06-29,FL,referral,2025,2025-06
2130,2024-12-07,MD,organic_search,2024,2024-12
2131,2025-05-04,AZ,referral,2025,2025-05
2132,2024-07-08,FL,organic_search,2024,2024-07
2133,2025-05-12,TX,paid_social,2025,2025-05
2134,2025-02-08,FL,paid_social,2025,2025-02
2135,2025-10-14,MO,paid_social,2025,2025-10
2136,2025-04-08,FL,organic_search,2025,2025-04
2137,2025-01-27,TN,organic_search,2025,2025-01
2138,2025-06-10,AZ,affiliate,2025,2025-06
2139,2024-02-29,NY,email,2024,2024-02
2140,2024-02-12,SC,organic_search,2024,2024-02
2141,2025-04-09,IN,paid_social,2025,2025-04
2142,2024-09-18,AL,organic_search,2024,2024-09
2143,2025-10-09,TN,organic_search,2025,2025-10
2144,2025-03-10,NY,referral,2025,2025-03
2145,2025-05-27,NY,email,2025,2025-05
2146,2025-10-01,WA,referral,2025,2025-10
2147,2025-11-12,WI,paid_social,2025,2025-11
2148,2025-08-23,PA,paid_social,2025,2025-08
2149,2024-06-20,CT,referral,2024,2024-06
2150,2024-02-11,PA,organic_search,2024,2024-02
2151,2024-11-21,TX,referral,2024,2024-11
2152,2024-06-03,TX,paid_social,2024,2024-06
2153,2025-07-26,NJ,organic_search,2025,2025-07
2154,2024-09-19,FL,organic_search,2024,2024-09
2155,2025-09-27,CA,organic_search,2025,2025-09
2156,2025-03-16,TX,paid_search,2025,2025-03
2157,2024-08-12,GA,paid_social,2024,2024-08
2158,2024-08-15,IL,paid_search,2024,2024-08
2159,2025-09-19,CA,email,2025,2025-09
2160,2024-08-22,TX,email,2024,2024-08
2161,2025-05-09,TX,paid_social,2025,2025-05
2162,2024-03-09,PA,referral,2024,2024-03
2163,2025-06-30,TN,organic_search,2025,2025-06
2164,2024-02-17,FL,referral,2024,2024-02
2165,2024-01-27,NY,organic_search,2024,2024-01
2166,2025-11-12,IA,paid_social,2025,2025-11
2167,2024-04-16,TX,paid_social,2024,2024-04
2168,2024-06-11,CA,organic_search,2024,2024-06
2169,2024-04-19,NJ,organic_search,2024,2024-04
2170,2025-08-05,TX,affiliate,2025,2025-08
2171,2024-06-23,AZ,organic_search,2024,2024-06
2172,2025-07-02,NY,paid_search,2025,2025-07
2173,2025-04-04,MN,organic_search,2025,2025-04
2174,2024-06-01,TN,organic_search,2024,2024-06
2175,2024-12-22,VA,affiliate,2024,2024-12
2176,2025-12-11,IL,paid_social,2025,2025-12
2177,2025-08-28,CA,affiliate,2025,2025-08
2178,2025-06-17,NC,referral,2025,2025-06
2179,2024-11-05,MI,paid_social,2024,2024-11
2180,2025-12-07,IL,paid_social,2025,2025-12
2181,2024-04-28,MA,referral,2024,2024-04
2182,2024-06-20,SC,email,2024,2024-06
2183,2024-08-06,OK,referral,2024,2024-08
2184,2025-12-07,NY,organic_search,2025,2025-12
2185,2025-09-16,LA,email,2025,2025-09
2186,2024-10-04,FL,organic_search,2024,2024-10
2187,2024-12-20,NY,email,2024,2024-12
2188,2025-03-20,NY,paid_social,2025,2025-03
2189,2024-02-27,MA,referral,2024,2024-02
2190,2024-10-28,TX,paid_social,2024,2024-10
2191,2025-09-28,CA,organic_search,2025,2025-09
2192,2023-11-16,NJ,organic_search,2023,2023-11
2193,2025-11-18,FL,paid_search,2025,2025-11
2194,2025-08-12,NY,paid_search,2025,2025-08
2195,2024-11-19,TX,organic_search,2024,2024-11
2196,2023-11-08,IL,paid_social,2023,2023-11
2197,2024-09-09,NY,paid_search,2024,2024-09
2198,2025-10-30,MO,affiliate,2025,2025-10
2199,2025-09-01,MA,paid_search,2025,2025-09
2200,2024-09-17,NJ,referral,2024,2024-09
2201,2024-07-23,WA,referral,2024,2024-07
2202,2024-06-01,CA,organic_search,2024,2024-06
2203,2024-01-03,VA,paid_social,2024,2024-01
2204,2024-12-02,LA,organic_search,2024,2024-12
2205,2025-09-13,PA,referral,2025,2025-09
2206,2025-05-19,SC,organic_search,2025,2025-05
2207,2025-11-20,TN,email,2025,2025-11
2208,2025-11-25,TX,organic_search,2025,2025-11
2209,2025-10-29,MI,organic_search,2025,2025-10
2210,2024-10-24,FL,paid_search,2024,2024-10
2211,2024-01-03,CA,organic_search,2024,2024-01
2212,2025-04-20,IA,paid_social,2025,2025-04
2213,2025-08-01,GA,organic_search,2025,2025-08
2214,2025-07-27,CO,email,2025,2025-07
2215,2025-07-07,CA,paid_social,2025,2025-07
2216,2025-06-09,CA,referral,2025,2025-06
2217,2025-05-16,FL,organic_search,2025,2025-05
2218,2024-12-26,NY,paid_search,2024,2024-12
2219,2025-08-05,NY,paid_social,2025,2025-08
2220,2025-05-22,MI,paid_social,2025,2025-05
2221,2023-12-13,NY,organic_search,2023,2023-12
2222,2024-02-11,NC,organic_search,2024,2024-02
2223,2025-03-21,FL,organic_search,2025,2025-03
2224,2025-05-09,MO,affiliate,2025,2025-05
2225,2025-08-16,IA,referral,2025,2025-08
2226,2025-07-14,GA,organic_search,2025,2025-07
2227,2025-03-18,CA,referral,2025,2025-03
2228,2025-12-15,NJ,referral,2025,2025-12
2229,2025-07-23,IL,affiliate,2025,2025-07
2230,2025-08-28,NY,organic_search,2025,2025-08
2231,2024-03-06,IL,organic_search,2024,2024-03
2232,2025-08-17,TN,paid_social,2025,2025-08
2233,2025-03-16,VA,email,2025,2025-03
2234,2025-01-23,CA,email,2025,2025-01
2235,2024-03-11,AL,paid_social,2024,2024-03
2236,2025-06-12,WI,referral,2025,2025-06
2237,2024-07-25,PA,email,2024,2024-07
2238,2024-10-15,GA,email,2024,2024-10
2239,2024-08-10,SC,paid_social,2024,2024-08
2240,2025-08-10,NY,email,2025,2025-08
2241,2024-12-27,UT,paid_social,2024,2024-12
2242,2025-07-22,FL,organic_search,2025,2025-07
2243,2025-06-12,SC,paid_social,2025,2025-06
2244,2024-02-25,NY,referral,2024,2024-02
2245,2025-10-22,NY,referral,2025,2025-10
2246,2025-11-12,OH,organic_search,2025,2025-11
2247,2025-09-15,TX,organic_search,2025,2025-09
2248,2024-09-11,GA,affiliate,2024,2024-09
2249,2023-10-12,MI,email,2023,2023-10
2250,2025-08-26,NY,organic_search,2025,2025-08
2251,2025-12-19,TN,paid_search,2025,2025-12
2252,2025-02-24,PA,organic_search,2025,2025-02
2253,2025-09-22,CA,affiliate,2025,2025-09
2254,2025-08-30,NJ,organic_search,2025,2025-08
2255,2025-08-16,TX,referral,2025,2025-08
2256,2025-07-15,MD,paid_search,2025,2025-07
2257,2025-08-25,PA,email,2025,2025-08
2258,2025-04-09,TX,organic_search,2025,2025-04
2259,2025-12-08,NY,organic_search,2025,2025-12
2260,2025-10-10,IN,referral,2025,2025-10
2261,2023-10-05,MI,referral,2023,2023-10
2262,2024-07-02,TX,organic_search,2024,2024-07
2263,2025-03-09,NY,organic_search,2025,2025-03
2264,2025-01-03,KY,email,2025,2025-01
2265,2025-01-30,SC,affiliate,2025,2025-01
2266,2025-10-01,FL,organic_search,2025,2025-10
2267,2024-04-08,IL,referral,2024,2024-04
2268,2024-08-18,TX,paid_social,2024,2024-08
2269,2024-09-23,WA,organic_search,2024,2024-09
2270,2024-06-23,CA,referral,2024,2024-06
2271,2025-07-07,NV,organic_search,2025,2025-07
2272,2024-07-28,OR,organic_search,2024,2024-07
2273,2025-06-30,CA,paid_social,2025,2025-06
2274,2024-11-15,CT,paid_search,2024,2024-11
2275,2024-01-16,WA,organic_search,2024,2024-01
2276,2025-02-24,CA,organic_search,2025,2025-02
2277,2024-03-22,CA,organic_search,2024,2024-03
2278,2024-09-15,OH,paid_search,2024,2024-09
2279,2025-06-19,IL,paid_social,2025,2025-06
2280,2025-04-06,MD,paid_social,2025,2025-04
2281,2024-06-19,CA,organic_search,2024,2024-06
2282,2025-04-06,WA,paid_search,2025,2025-04
2283,2024-10-24,NY,email,2024,2024-10
2284,2024-12-04,NY,organic_search,2024,2024-12
2285,2024-02-24,VA,email,2024,2024-02
2286,2025-10-18,TX,paid_social,2025,2025-10
2287,2025-03-19,CA,organic_search,2025,2025-03
2288,2025-12-09,TN,paid_social,2025,2025-12
2289,2025-07-01,TX,paid_search,2025,2025-07
2290,2025-01-11,MI,email,2025,2025-01
2291,2025-06-26,AZ,paid_social,2025,2025-06
2292,2024-08-23,UT,email,2024,2024-08
2293,2025-11-19,TX,paid_search,2025,2025-11
2294,2025-08-21,WA,email,2025,2025-08
2295,2025-09-03,SC,paid_social,2025,2025-09
2296,2024-10-19,UT,organic_search,2024,2024-10
2297,2025-01-01,CA,paid_search,2025,2025-01
2298,2025-03-21,OR,organic_search,2025,2025-03
2299,2025-02-13,NY,referral,2025,2025-02
2300,2024-01-17,NY,paid_search,2024,2024-01
2301,2024-07-05,CA,organic_search,2024,2024-07
2302,2025-03-03,IL,organic_search,2025,2025-03
2303,2025-03-26,CA,organic_search,2025,2025-03
2304,2025-08-22,WA,organic_search,2025,2025-08
2305,2025-11-18,NY,paid_social,2025,2025-11
2306,2025-02-05,FL,organic_search,2025,2025-02
2307,2024-05-23,NV,paid_social,2024,2024-05
2308,2025-04-21,MI,email,2025,2025-04
2309,2025-03-24,MI,paid_social,2025,2025-03
2310,2025-04-02,NC,organic_search,2025,2025-04
2311,2024-10-04,TX,paid_social,2024,2024-10
2312,2025-06-22,PA,organic_search,2025,2025-06
2313,2023-11-21,SC,paid_social,2023,2023-11
2314,2025-08-11,NV,email,2025,2025-08
2315,2025-11-11,NY,referral,2025,2025-11
2316,2025-08-13,MI,paid_search,2025,2025-08
2317,2024-04-02,KS,organic_search,2024,2024-04
2318,2025-10-08,TX,paid_social,2025,2025-10
2319,2025-02-02,NC,paid_search,2025,2025-02
2320,2025-07-09,NY,organic_search,2025,2025-07
2321,2025-06-24,TN,affiliate,2025,2025-06
2322,2025-07-19,PA,paid_social,2025,2025-07
2323,2025-10-03,FL,organic_search,2025,2025-10
2324,2025-05-09,TX,affiliate,2025,2025-05
2325,2025-07-20,WI,email,2025,2025-07
2326,2025-01-14,AZ,paid_search,2025,2025-01
2327,2024-09-21,NC,email,2024,2024-09
2328,2025-04-02,NV,paid_social,2025,2025-04
2329,2025-01-02,CO,paid_social,2025,2025-01
2330,2024-02-23,MD,organic_search,2024,2024-02
2331,2024-04-03,IL,organic_search,2024,2024-04
2332,2024-06-20,CA,organic_search,2024,2024-06
2333,2024-07-20,CA,email,2024,2024-07
2334,2025-03-15,MI,paid_social,2025,2025-03
2335,2025-12-03,AL,organic_search,2025,2025-12
2336,2025-03-13,NY,referral,2025,2025-03
2337,2023-09-13,OH,affiliate,2023,2023-09
2338,2025-08-15,WA,email,2025,2025-08
2339,2025-02-02,KY,organic_search,2025,2025-02
2340,2025-10-27,FL,paid_search,2025,2025-10
2341,2024-08-12,IN,organic_search,2024,2024-08
2342,2025-10-31,TX,organic_search,2025,2025-10
2343,2024-08-29,OH,email,2024,2024-08
2344,2024-02-04,TX,paid_social,2024,2024-02
2345,2025-05-01,MA,paid_social,2025,2025-05
2346,2023-08-12,SC,referral,2023,2023-08
2347,2025-09-07,CA,paid_search,2025,2025-09
2348,2025-07-24,PA,referral,2025,2025-07
2349,2024-07-14,NC,organic_search,2024,2024-07
2350,2025-11-22,NY,organic_search,2025,2025-11
2351,2025-01-29,KS,affiliate,2025,2025-01
2352,2025-09-10,NJ,organic_search,2025,2025-09
2353,2025-01-05,NY,paid_search,2025,2025-01
2354,2024-10-23,PA,paid_social,2024,2024-10
2355,2024-08-19,MA,paid_social,2024,2024-08
2356,2025-01-24,FL,paid_search,2025,2025-01
2357,2025-12-14,MO,email,2025,2025-12
2358,2025-08-15,VA,email,2025,2025-08
2359,2025-08-07,NY,paid_social,2025,2025-08
2360,2024-03-20,CA,organic_search,2024,2024-03
2361,2024-08-20,NY,organic_search,2024,2024-08
2362,2024-01-21,UT,organic_search,2024,2024-01
2363,2024-04-02,VA,organic_search,2024,2024-04
2364,2025-08-04,NY,organic_search,2025,2025-08
2365,2025-09-03,CO,paid_social,2025,2025-09
2366,2025-11-06,PA,organic_search,2025,2025-11
2367,2025-05-18,CA,organic_search,2025,2025-05
2368,2024-07-03,OH,referral,2024,2024-07
2369,2024-06-04,VA,organic_search,2024,2024-06
2370,2025-03-11,CA,organic_search,2025,2025-03
2371,2024-09-18,IL,referral,2024,2024-09
2372,2025-10-31,FL,email,2025,2025-10
2373,2025-07-09,OK,paid_social,2025,2025-07
2374,2025-06-15,NY,email,2025,2025-06
2375,2024-02-29,MN,organic_search,2024,2024-02
2376,2025-08-20,VA,paid_social,2025,2025-08
2377,2025-11-25,WA,organic_search,2025,2025-11
2378,2025-10-25,IA,organic_search,2025,2025-10
2379,2025-08-19,PA,paid_social,2025,2025-08
2380,2025-09-19,GA,referral,2025,2025-09
2381,2025-11-21,OH,paid_search,2025,2025-11
2382,2024-10-27,CT,affiliate,2024,2024-10
2383,2024-11-03,WI,organic_search,2024,2024-11
2384,2025-10-06,TX,email,2025,2025-10
2385,2025-11-13,FL,email,2025,2025-11
2386,2025-07-13,TX,affiliate,2025,2025-07
2387,2024-10-18,IA,organic_search,2024,2024-10
2388,2025-09-09,NY,referral,2025,2025-09
2389,2025-03-24,KY,paid_social,2025,2025-03
2390,2025-04-30,PA,organic_search,2025,2025-04
2391,2024-11-09,OH,email,2024,2024-11
2392,2025-05-11,IL,paid_social,2025,2025-05
2393,2024-12-24,WI,organic_search,2024,2024-12
2394,2024-09-27,NC,organic_search,2024,2024-09
2395,2023-10-26,TX,referral,2023,2023-10
2396,2024-02-06,VA,organic_search,2024,2024-02
2397,2024-05-24,GA,organic_search,2024,2024-05
2398,2025-12-03,NY,email,2025,2025-12
2399,2025-04-09,NV,paid_search,2025,2025-04
2400,2025-09-18,CA,organic_search,2025,2025-09
2401,2024-11-21,IL,organic_search,2024,2024-11
2402,2025-10-30,MN,referral,2025,2025-10
2403,2025-08-05,IN,paid_social,2025,2025-08
2404,2024-04-14,WI,email,2024,2024-04
2405,2025-12-01,TX,paid_social,2025,2025-12
2406,2025-10-06,MN,organic_search,2025,2025-10
2407,2024-09-18,IL,affiliate,2024,2024-09
2408,2025-07-12,NY,paid_social,2025,2025-07
2409,2023-11-25,PA,paid_search,2023,2023-11
2410,2025-10-01,NV,paid_social,2025,2025-10
2411,2023-12-19,CA,email,2023,2023-12
2412,2023-10-07,TX,paid_social,2023,2023-10
2413,2025-07-17,GA,email,2025,2025-07
2414,2025-03-13,CO,organic_search,2025,2025-03
2415,2025-06-28,AL,paid_search,2025,2025-06
2416,2025-09-23,TX,email,2025,2025-09
2417,2025-07-04,FL,paid_search,2025,2025-07
2418,2025-05-31,CA,paid_social,2025,2025-05
2419,2025-08-28,CA,referral,2025,2025-08
2420,2024-05-21,MI,organic_search,2024,2024-05
2421,2025-05-02,AL,email,2025,2025-05
2422,2025-03-10,CA,organic_search,2025,2025-03
2423,2025-12-06,TX,paid_social,2025,2025-12
2424,2025-11-13,CT,organic_search,2025,2025-11
2425,2025-01-10,AR,organic_search,2025,2025-01
2426,2024-10-12,WI,referral,2024,2024-10
2427,2025-08-04,CA,paid_social,2025,2025-08
2428,2025-08-11,NV,paid_social,2025,2025-08
2429,2024-10-11,TX,paid_search,2024,2024-10
2430,2025-10-03,NY,paid_social,2025,2025-10
2431,2024-08-31,NV,paid_social,2024,2024-08
2432,2025-02-18,IN,organic_search,2025,2025-02
2433,2025-09-30,FL,organic_search,2025,2025-09
2434,2024-12-05,FL,organic_search,2024,2024-12
2435,2024-04-22,TX,email,2024,2024-04
2436,2024-08-03,TX,referral,2024,2024-08
2437,2025-07-28,MO,referral,2025,2025-07
2438,2024-03-16,NV,paid_social,2024,2024-03
2439,2023-12-23,FL,organic_search,2023,2023-12
2440,2025-11-06,FL,organic_search,2025,2025-11
2441,2024-12-22,UT,email,2024,2024-12
2442,2025-07-06,SC,organic_search,2025,2025-07
2443,2025-06-20,NY,paid_search,2025,2025-06
2444,2025-11-08,WA,paid_search,2025,2025-11
2445,2025-01-31,KS,paid_social,2025,2025-01
2446,2025-01-29,WI,paid_social,2025,2025-01
2447,2025-04-24,TN,paid_social,2025,2025-04
2448,2025-12-06,NC,paid_social,2025,2025-12
2449,2024-06-19,MN,paid_search,2024,2024-06
2450,2025-01-11,CA,organic_search,2025,2025-01
2451,2024-12-24,NC,email,2024,2024-12
2452,2025-06-27,OH,organic_search,2025,2025-06
2453,2024-05-10,CA,referral,2024,2024-05
2454,2025-11-23,TX,paid_search,2025,2025-11
2455,2025-10-06,PA,paid_social,2025,2025-10
2456,2025-10-31,CA,paid_search,2025,2025-10
2457,2025-03-12,CA,email,2025,2025-03
2458,2024-08-02,AZ,organic_search,2024,2024-08
2459,2025-03-23,NJ,organic_search,2025,2025-03
2460,2024-10-16,CA,organic_search,2024,2024-10
2461,2024-02-26,TX,paid_search,2024,2024-02
2462,2025-06-23,FL,paid_social,2025,2025-06
2463,2025-05-23,WA,referral,2025,2025-05
2464,2024-02-21,AZ,paid_social,2024,2024-02
2465,2023-09-13,NV,organic_search,2023,2023-09
2466,2024-04-17,LA,paid_social,2024,2024-04
2467,2025-02-13,TX,paid_social,2025,2025-02
2468,2025-05-24,FL,affiliate,2025,2025-05
2469,2024-10-01,MD,email,2024,2024-10
2470,2025-10-27,CA,organic_search,2025,2025-10
2471,2024-06-07,FL,paid_search,2024,2024-06
2472,2024-12-16,LA,organic_search,2024,2024-12
2473,2025-09-13,IL,email,2025,2025-09
2474,2025-10-07,NM,paid_social,2025,2025-10
2475,2024-03-10,NY,paid_search,2024,2024-03
2476,2024-03-13,NJ,paid_social,2024,2024-03
2477,2024-08-31,OR,organic_search,2024,2024-08
2478,2025-06-09,NY,organic_search,2025,2025-06
2479,2024-06-08,MD,paid_search,2024,2024-06
2480,2024-07-04,WI,organic_search,2024,2024-07
2481,2025-09-27,TX,organic_search,2025,2025-09
2482,2024-01-01,FL,paid_social,2024,2024-01
2483,2025-12-11,CO,paid_social,2025,2025-12
2484,2024-06-15,NJ,paid_search,2024,2024-06
2485,2025-09-23,CA,organic_search,2025,2025-09
2486,2025-10-04,MA,referral,2025,2025-10
2487,2024-05-10,CA,paid_social,2024,2024-05
2488,2024-02-02,MA,organic_search,2024,2024-02
2489,2025-12-06,TN,organic_search,2025,2025-12
2490,2024-09-07,CA,affiliate,2024,2024-09
2491,2025-07-09,IL,email,2025,2025-07
2492,2025-02-06,WA,organic_search,2025,2025-02
2493,2025-03-10,AZ,referral,2025,2025-03
2494,2025-06-03,WI,organic_search,2025,2025-06
2495,2025-05-27,FL,affiliate,2025,2025-05
2496,2024-10-15,OH,organic_search,2024,2024-10
2497,2025-04-02,AZ,organic_search,2025,2025-04
2498,2025-11-18,CA,email,2025,2025-11
2499,2025-06-20,NY,organic_search,2025,2025-06
2500,2023-11-21,PA,paid_search,2023,2023-11
2501,2024-02-26,VA,referral,2024,2024-02
2502,2024-07-29,WA,email,2024,2024-07
2503,2025-06-13,WI,paid_social,2025,2025-06
2504,2025-06-14,TX,organic_search,2025,2025-06
2505,2024-05-18,WI,paid_search,2024,2024-05
2506,2025-03-08,FL,organic_search,2025,2025-03
2507,2025-07-20,IL,referral,2025,2025-07
2508,2025-05-30,PA,paid_social,2025,2025-05
2509,2024-04-09,KY,paid_search,2024,2024-04
2510,2025-07-27,TX,paid_social,2025,2025-07
2511,2024-09-13,TX,referral,2024,2024-09
2512,2024-03-02,FL,paid_social,2024,2024-03
2513,2025-04-09,TN,paid_social,2025,2025-04
2514,2025-06-17,CA,email,2025,2025-06
2515,2024-12-17,OH,email,2024,2024-12
2516,2025-04-28,PA,organic_search,2025,2025-04
2517,2023-11-16,CA,paid_social,2023,2023-11
2518,2025-01-01,MI,paid_social,2025,2025-01
2519,2025-06-01,MI,organic_search,2025,2025-06
2520,2024-07-18,OK,organic_search,2024,2024-07
2521,2025-08-19,TN,paid_social,2025,2025-08
2522,2025-01-30,MO,organic_search,2025,2025-01
2523,2024-09-17,UT,referral,2024,2024-09
2524,2025-11-28,MO,referral,2025,2025-11
2525,2025-07-19,NY,organic_search,2025,2025-07
2526,2025-03-08,NC,paid_search,2025,2025-03
2527,2024-02-27,GA,organic_search,2024,2024-02
2528,2025-02-02,NY,paid_search,2025,2025-02
2529,2024-11-25,OR,email,2024,2024-11
2530,2025-06-29,GA,paid_social,2025,2025-06
2531,2025-08-12,TN,referral,2025,2025-08
2532,2025-09-03,IL,organic_search,2025,2025-09
2533,2025-11-12,IN,paid_search,2025,2025-11
2534,2025-11-12,TN,paid_search,2025,2025-11
2535,2024-08-29,CA,paid_social,2024,2024-08
2536,2025-01-17,NY,organic_search,2025,2025-01
2537,2025-06-28,NY,paid_search,2025,2025-06
2538,2024-07-21,CA,organic_search,2024,2024-07
2539,2024-02-21,CA,organic_search,2024,2024-02
2540,2025-07-08,FL,paid_social,2025,2025-07
2541,2024-11-14,TN,affiliate,2024,2024-11
2542,2025-08-05,TX,organic_search,2025,2025-08
2543,2023-07-31,NC,paid_search,2023,2023-07
2544,2025-04-10,MI,organic_search,2025,2025-04
2545,2025-05-13,CA,affiliate,2025,2025-05
2546,2025-09-08,AZ,paid_search,2025,2025-09
2547,2023-12-25,CA,paid_search,2023,2023-12
2548,2025-11-14,AL,organic_search,2025,2025-11
2549,2024-09-24,WA,organic_search,2024,2024-09
2550,2024-11-05,PA,affiliate,2024,2024-11
2551,2025-04-14,IN,paid_social,2025,2025-04
2552,2024-01-19,TX,paid_social,2024,2024-01
2553,2025-12-09,NY,paid_search,2025,2025-12
2554,2025-05-11,IL,paid_social,2025,2025-05
2555,2025-01-10,NY,paid_social,2025,2025-01
2556,2025-08-13,OH,paid_search,2025,2025-08
2557,2025-08-04,FL,organic_search,2025,2025-08
2558,2025-05-10,NY,email,2025,2025-05
2559,2024-06-03,NY,email,2024,2024-06
2560,2025-04-14,OR,paid_search,2025,2025-04
2561,2025-11-10,SC,organic_search,2025,2025-11
2562,2025-01-25,MI,paid_social,2025,2025-01
2563,2025-05-16,IL,paid_search,2025,2025-05
2564,2025-03-28,FL,paid_search,2025,2025-03
2565,2025-10-27,FL,referral,2025,2025-10
2566,2025-09-18,NY,paid_search,2025,2025-09
2567,2024-08-28,OH,paid_search,2024,2024-08
2568,2025-07-16,TN,referral,2025,2025-07
2569,2024-06-24,OH,organic_search,2024,2024-06
2570,2024-07-30,FL,email,2024,2024-07
2571,2025-10-04,AZ,organic_search,2025,2025-10
2572,2025-11-15,OH,referral,2025,2025-11
2573,2025-06-28,MI,affiliate,2025,2025-06
2574,2024-04-14,IL,organic_search,2024,2024-04
2575,2025-04-08,WA,paid_social,2025,2025-04
2576,2025-07-23,AL,paid_search,2025,2025-07
2577,2023-12-28,TX,organic_search,2023,2023-12
2578,2025-04-22,NY,paid_social,2025,2025-04
2579,2024-07-12,CA,email,2024,2024-07
2580,2024-07-11,NV,referral,2024,2024-07
2581,2024-11-24,CA,organic_search,2024,2024-11
2582,2025-12-07,FL,email,2025,2025-12
2583,2024-12-19,FL,organic_search,2024,2024-12
2584,2025-09-25,FL,email,2025,2025-09
2585,2025-06-13,NY,email,2025,2025-06
2586,2025-12-06,CA,paid_search,2025,2025-12
2587,2025-06-08,SC,referral,2025,2025-06
2588,2025-05-09,CO,organic_search,2025,2025-05
2589,2024-06-03,MI,paid_search,2024,2024-06
2590,2025-05-07,CA,paid_social,2025,2025-05
2591,2025-02-25,NY,referral,2025,2025-02
2592,2025-07-02,FL,paid_search,2025,2025-07
2593,2024-09-05,IN,paid_social,2024,2024-09
2594,2025-09-03,CA,paid_social,2025,2025-09
2595,2025-07-13,CA,referral,2025,2025-07
2596,2025-09-11,GA,affiliate,2025,2025-09
2597,2025-09-28,GA,referral,2025,2025-09
2598,2025-10-19,AL,organic_search,2025,2025-10
2599,2024-11-07,NC,affiliate,2024,2024-11
2600,2024-09-18,WA,paid_search,2024,2024-09
2601,2025-05-30,IL,paid_social,2025,2025-05
2602,2024-05-26,SC,organic_search,2024,2024-05
2603,2024-03-24,FL,paid_social,2024,2024-03
2604,2025-08-24,CA,organic_search,2025,2025-08
2605,2025-10-01,WA,paid_social,2025,2025-10
2606,2025-01-26,FL,paid_search,2025,2025-01
2607,2025-08-05,PA,paid_search,2025,2025-08
2608,2024-02-22,WA,email,2024,2024-02
2609,2025-11-16,MA,paid_social,2025,2025-11
2610,2025-11-01,PA,affiliate,2025,2025-11
2611,2025-10-08,CA,paid_social,2025,2025-10
2612,2025-04-28,TX,email,2025,2025-04
2613,2025-08-30,PA,email,2025,2025-08
2614,2024-09-23,GA,affiliate,2024,2024-09
2615,2025-08-20,FL,organic_search,2025,2025-08
2616,2024-11-20,GA,paid_social,2024,2024-11
2617,2024-12-21,GA,paid_search,2024,2024-12
2618,2025-01-31,NY,email,2025,2025-01
2619,2024-07-06,CA,organic_search,2024,2024-07
2620,2025-01-31,TX,referral,2025,2025-01
2621,2025-07-26,OK,organic_search,2025,2025-07
2622,2024-07-23,TN,paid_social,2024,2024-07
2623,2024-04-26,VA,organic_search,2024,2024-04
2624,2024-07-06,TX,organic_search,2024,2024-07
2625,2025-06-22,MO,referral,2025,2025-06
2626,2025-08-18,TX,organic_search,2025,2025-08
2627,2024-12-26,KY,email,2024,2024-12
2628,2025-11-01,TX,organic_search,2025,2025-11
2629,2023-12-13,IL,organic_search,2023,2023-12
2630,2025-02-27,PA,referral,2025,2025-02
2631,2025-10-29,FL,paid_social,2025,2025-10
2632,2024-11-18,NY,paid_social,2024,2024-11
2633,2024-07-16,AL,paid_social,2024,2024-07
2634,2024-09-25,NY,paid_social,2024,2024-09
2635,2024-06-28,VA,paid_social,2024,2024-06
2636,2024-04-21,NJ,paid_search,2024,2024-04
2637,2024-09-07,CA,organic_search,2024,2024-09
2638,2024-08-29,IL,organic_search,2024,2024-08
2639,2024-10-10,CA,paid_social,2024,2024-10
2640,2024-09-08,TN,paid_search,2024,2024-09
2641,2025-11-08,FL,paid_social,2025,2025-11
2642,2024-08-08,TX,paid_social,2024,2024-08
2643,2025-09-23,NC,organic_search,2025,2025-09
2644,2025-01-29,MA,organic_search,2025,2025-01
2645,2025-01-08,CA,email,2025,2025-01
2646,2024-04-29,TX,referral,2024,2024-04
2647,2024-07-11,KY,paid_social,2024,2024-07
2648,2025-03-27,MN,organic_search,2025,2025-03
2649,2025-11-08,IA,paid_search,2025,2025-11
2650,2024-09-03,TX,paid_social,2024,2024-09
2651,2024-03-18,AZ,paid_search,2024,2024-03
2652,2023-11-29,AL,organic_search,2023,2023-11
2653,2025-09-10,NY,organic_search,2025,2025-09
2654,2025-09-29,FL,organic_search,2025,2025-09
2655,2025-08-29,OH,organic_search,2025,2025-08
2656,2025-02-27,NY,paid_social,2025,2025-02
2657,2025-03-05,GA,paid_social,2025,2025-03
2658,2024-12-22,PA,organic_search,2024,2024-12
2659,2025-12-06,TX,email,2025,2025-12
2660,2025-04-26,CA,paid_search,2025,2025-04
2661,2024-12-01,FL,paid_social,2024,2024-12
2662,2025-06-20,TX,paid_social,2025,2025-06
2663,2025-07-28,TX,email,2025,2025-07
2664,2024-02-03,NJ,organic_search,2024,2024-02
2665,2025-11-24,SC,organic_search,2025,2025-11
2666,2025-07-23,FL,organic_search,2025,2025-07
2667,2025-08-22,KY,paid_social,2025,2025-08
2668,2024-01-24,TX,paid_social,2024,2024-01
2669,2023-10-24,CA,organic_search,2023,2023-10
2670,2025-07-07,TX,paid_search,2025,2025-07
2671,2025-03-01,AL,paid_social,2025,2025-03
2672,2025-11-18,MD,organic_search,2025,2025-11
2673,2025-01-21,NY,organic_search,2025,2025-01
2674,2025-09-02,OH,referral,2025,2025-09
2675,2025-08-10,GA,paid_social,2025,2025-08
2676,2025-08-20,OH,referral,2025,2025-08
2677,2025-09-17,CA,organic_search,2025,2025-09
2678,2024-04-02,PA,referral,2024,2024-04
2679,2025-06-04,FL,email,2025,2025-06
2680,2025-05-07,KY,organic_search,2025,2025-05
2681,2025-11-15,GA,email,2025,2025-11
2682,2025-08-25,CA,organic_search,2025,2025-08
2683,2024-09-25,NJ,paid_social,2024,2024-09
2684,2025-10-31,CA,paid_search,2025,2025-10
2685,2025-07-03,GA,paid_search,2025,2025-07
2686,2025-10-11,FL,paid_social,2025,2025-10
2687,2025-09-15,CA,organic_search,2025,2025-09
2688,2025-11-18,CT,paid_search,2025,2025-11
2689,2025-10-01,PA,affiliate,2025,2025-10
2690,2024-06-28,NY,organic_search,2024,2024-06
2691,2025-04-27,VA,organic_search,2025,2025-04
2692,2025-09-04,UT,organic_search,2025,2025-09
2693,2024-11-02,NY,referral,2024,2024-11
2694,2025-08-16,CA,organic_search,2025,2025-08
2695,2025-06-15,FL,referral,2025,2025-06
2696,2025-11-29,TX,email,2025,2025-11
2697,2025-11-26,CA,paid_social,2025,2025-11
2698,2025-08-20,IL,organic_search,2025,2025-08
2699,2024-12-03,NC,organic_search,2024,2024-12
2700,2025-10-12,SC,paid_social,2025,2025-10
2701,2025-01-17,KS,organic_search,2025,2025-01
2702,2025-06-17,CA,email,2025,2025-06
2703,2025-05-06,FL,paid_social,2025,2025-05
2704,2025-01-21,MN,referral,2025,2025-01
2705,2025-08-27,MO,paid_search,2025,2025-08
2706,2025-01-27,TX,paid_social,2025,2025-01
2707,2024-07-18,PA,paid_search,2024,2024-07
2708,2025-04-15,FL,paid_search,2025,2025-04
2709,2025-03-06,FL,organic_search,2025,2025-03
2710,2025-10-11,CA,organic_search,2025,2025-10
2711,2024-12-22,TX,paid_social,2024,2024-12
2712,2025-01-20,CA,paid_search,2025,2025-01
2713,2025-04-16,OK,paid_social,2025,2025-04
2714,2025-03-13,NC,affiliate,2025,2025-03
2715,2025-11-21,OH,organic_search,2025,2025-11
2716,2024-03-31,NJ,paid_social,2024,2024-03
2717,2024-04-15,GA,organic_search,2024,2024-04
2718,2024-01-08,NY,organic_search,2024,2024-01
2719,2025-09-18,MD,organic_search,2025,2025-09
2720,2025-02-17,SC,paid_social,2025,2025-02
2721,2025-02-14,OH,organic_search,2025,2025-02
2722,2024-11-26,CA,organic_search,2024,2024-11
2723,2025-12-06,AR,paid_search,2025,2025-12
2724,2024-12-16,CA,organic_search,2024,2024-12
2725,2024-12-15,MD,organic_search,2024,2024-12
2726,2025-02-28,TX,organic_search,2025,2025-02
2727,2025-08-15,PA,organic_search,2025,2025-08
2728,2024-02-10,LA,paid_search,2024,2024-02
2729,2025-02-16,IN,paid_search,2025,2025-02
2730,2025-10-29,CA,email,2025,2025-10
2731,2025-12-16,IL,referral,2025,2025-12
2732,2025-07-01,CA,affiliate,2025,2025-07
2733,2025-09-15,WI,affiliate,2025,2025-09
2734,2025-02-18,NM,paid_social,2025,2025-02
2735,2025-09-21,NY,organic_search,2025,2025-09
2736,2025-03-29,CA,paid_search,2025,2025-03
2737,2025-10-22,PA,paid_social,2025,2025-10
2738,2024-09-09,TX,paid_social,2024,2024-09
2739,2024-10-24,NJ,organic_search,2024,2024-10
2740,2024-10-13,GA,email,2024,2024-10
2741,2024-12-17,CA,paid_search,2024,2024-12
2742,2024-09-18,NV,organic_search,2024,2024-09
2743,2024-09-10,NV,referral,2024,2024-09
2744,2025-12-17,OH,paid_search,2025,2025-12
2745,2024-11-01,NJ,email,2024,2024-11
2746,2025-11-03,OH,organic_search,2025,2025-11
2747,2024-10-07,MA,organic_search,2024,2024-10
2748,2024-07-11,TX,email,2024,2024-07
2749,2025-03-01,GA,paid_search,2025,2025-03
2750,2025-11-25,PA,email,2025,2025-11
2751,2023-06-20,IL,referral,2023,2023-06
2752,2024-04-23,MI,paid_search,2024,2024-04
2753,2024-06-01,IN,email,2024,2024-06
2754,2025-09-07,NY,paid_social,2025,2025-09
2755,2024-06-12,IN,email,2024,2024-06
2756,2025-06-24,OH,paid_social,2025,2025-06
2757,2025-06-13,NY,organic_search,2025,2025-06
2758,2025-03-26,IA,referral,2025,2025-03
2759,2025-03-18,VA,email,2025,2025-03
2760,2024-11-24,CA,organic_search,2024,2024-11
2761,2025-01-03,MA,email,2025,2025-01
2762,2025-06-22,KY,organic_search,2025,2025-06
2763,2024-10-09,LA,paid_social,2024,2024-10
2764,2024-05-17,OH,paid_social,2024,2024-05
2765,2024-06-09,NJ,paid_social,2024,2024-06
2766,2024-06-18,IL,paid_social,2024,2024-06
2767,2024-06-20,IL,paid_social,2024,2024-06
2768,2025-09-09,GA,organic_search,2025,2025-09
2769,2025-10-01,AL,email,2025,2025-10
2770,2025-01-04,VA,organic_search,2025,2025-01
2771,2025-04-15,KY,email,2025,2025-04
2772,2023-12-06,MO,paid_search,2023,2023-12
2773,2024-03-20,TN,referral,2024,2024-03
2774,2025-03-12,NC,paid_social,2025,2025-03
2775,2025-08-21,CO,referral,2025,2025-08
2776,2025-01-25,AZ,email,2025,2025-01
2777,2025-06-24,FL,paid_search,2025,2025-06
2778,2023-08-08,CA,paid_search,2023,2023-08
2779,2025-11-19,MN,organic_search,2025,2025-11
2780,2025-08-01,OH,paid_search,2025,2025-08
2781,2025-12-12,CA,email,2025,2025-12
2782,2025-06-28,MI,email,2025,2025-06
2783,2025-01-11,MO,paid_social,2025,2025-01
2784,2025-05-12,MD,organic_search,2025,2025-05
2785,2025-06-28,OH,affiliate,2025,2025-06
2786,2025-03-07,NC,paid_search,2025,2025-03
2787,2025-02-06,TX,organic_search,2025,2025-02
2788,2025-08-18,WA,paid_social,2025,2025-08
2789,2025-11-13,GA,email,2025,2025-11
2790,2025-02-10,OR,organic_search,2025,2025-02
2791,2025-11-19,VA,paid_social,2025,2025-11
2792,2025-09-08,KY,email,2025,2025-09
2793,2025-10-06,CA,organic_search,2025,2025-10
2794,2025-08-02,LA,paid_social,2025,2025-08
2795,2025-09-24,CA,paid_search,2025,2025-09
2796,2024-06-13,UT,organic_search,2024,2024-06
2797,2025-09-03,TX,referral,2025,2025-09
2798,2025-02-10,MO,organic_search,2025,2025-02
2799,2023-09-10,MA,paid_social,2023,2023-09
2800,2023-06-18,PA,organic_search,2023,2023-06
2801,2024-01-09,GA,organic_search,2024,2024-01
2802,2025-12-17,CA,paid_search,2025,2025-12
2803,2025-08-05,TX,email,2025,2025-08
2804,2025-08-28,TN,organic_search,2025,2025-08
2805,2025-05-23,IA,organic_search,2025,2025-05
2806,2025-03-31,TX,referral,2025,2025-03
2807,2025-05-10,AZ,paid_search,2025,2025-05
2808,2024-06-21,FL,email,2024,2024-06
2809,2025-12-09,CO,organic_search,2025,2025-12
2810,2025-11-29,NY,affiliate,2025,2025-11
2811,2025-08-16,FL,organic_search,2025,2025-08
2812,2024-02-19,NJ,paid_social,2024,2024-02
2813,2024-11-17,NY,organic_search,2024,2024-11
2814,2025-07-30,KY,referral,2025,2025-07
2815,2025-05-27,NJ,email,2025,2025-05
2816,2025-08-31,TX,affiliate,2025,2025-08
2817,2025-11-14,VA,organic_search,2025,2025-11
2818,2025-08-30,CO,organic_search,2025,2025-08
2819,2025-04-30,CA,referral,2025,2025-04
2820,2025-01-10,TX,affiliate,2025,2025-01
2821,2024-05-10,MI,organic_search,2024,2024-05
2822,2025-01-27,CA,paid_social,2025,2025-01
2823,2025-01-16,CA,paid_search,2025,2025-01
2824,2025-09-13,OR,paid_social,2025,2025-09
2825,2025-03-16,CO,paid_search,2025,2025-03
2826,2024-04-15,NY,paid_social,2024,2024-04
2827,2025-12-13,MA,referral,2025,2025-12
2828,2025-11-04,SC,email,2025,2025-11
2829,2025-07-12,CA,affiliate,2025,2025-07
2830,2025-03-15,TX,email,2025,2025-03
2831,2025-11-08,CA,organic_search,2025,2025-11
2832,2025-01-08,TX,referral,2025,2025-01
2833,2024-09-27,IN,organic_search,2024,2024-09
2834,2025-03-24,FL,referral,2025,2025-03
2835,2025-11-21,FL,organic_search,2025,2025-11
2836,2025-10-20,CA,paid_social,2025,2025-10
2837,2023-08-23,CA,organic_search,2023,2023-08
2838,2025-02-28,MD,referral,2025,2025-02
2839,2024-06-27,KY,email,2024,2024-06
2840,2024-03-05,FL,organic_search,2024,2024-03
2841,2025-09-07,MD,referral,2025,2025-09
2842,2024-08-02,CA,organic_search,2024,2024-08
2843,2025-04-13,TN,email,2025,2025-04
2844,2025-04-21,CT,email,2025,2025-04
2845,2024-04-04,CA,organic_search,2024,2024-04
2846,2024-02-02,FL,paid_social,2024,2024-02
2847,2025-01-25,TX,paid_search,2025,2025-01
2848,2025-09-27,PA,email,2025,2025-09
2849,2025-04-14,CA,paid_search,2025,2025-04
2850,2025-05-15,TX,referral,2025,2025-05
2851,2025-11-13,KS,paid_search,2025,2025-11
2852,2025-04-21,AZ,organic_search,2025,2025-04
2853,2025-07-16,NC,paid_social,2025,2025-07
2854,2024-08-08,AZ,paid_social,2024,2024-08
2855,2024-04-26,IL,paid_search,2024,2024-04
2856,2024-09-21,CA,email,2024,2024-09
2857,2025-10-12,GA,organic_search,2025,2025-10
2858,2025-01-17,PA,affiliate,2025,2025-01
2859,2025-05-19,NY,paid_social,2025,2025-05
2860,2025-06-15,CA,organic_search,2025,2025-06
2861,2024-12-27,PA,paid_social,2024,2024-12
2862,2024-12-06,NY,paid_social,2024,2024-12
2863,2023-08-27,CA,paid_search,2023,2023-08
2864,2025-03-25,MA,paid_search,2025,2025-03
2865,2025-06-16,MA,email,2025,2025-06
2866,2025-05-17,CA,paid_social,2025,2025-05
2867,2025-01-09,IL,affiliate,2025,2025-01
2868,2025-03-21,CO,organic_search,2025,2025-03
2869,2025-06-25,FL,paid_search,2025,2025-06
2870,2025-08-01,MD,affiliate,2025,2025-08
2871,2023-12-18,CA,organic_search,2023,2023-12
2872,2024-07-02,CA,organic_search,2024,2024-07
2873,2025-10-03,CT,email,2025,2025-10
2874,2025-10-07,TX,paid_search,2025,2025-10
2875,2025-09-13,CA,organic_search,2025,2025-09
2876,2025-06-04,NY,paid_social,2025,2025-06
2877,2025-07-13,MO,referral,2025,2025-07
2878,2024-11-16,WI,organic_search,2024,2024-11
2879,2023-11-12,NY,paid_social,2023,2023-11
2880,2025-09-26,OR,paid_social,2025,2025-09
2881,2025-12-16,OK,paid_search,2025,2025-12
2882,2025-09-09,TX,referral,2025,2025-09
2883,2025-05-23,WI,organic_search,2025,2025-05
2884,2025-03-09,FL,organic_search,2025,2025-03
2885,2024-08-23,MD,organic_search,2024,2024-08
2886,2025-09-16,FL,organic_search,2025,2025-09
2887,2024-08-09,WA,organic_search,2024,2024-08
2888,2025-02-08,LA,referral,2025,2025-02
2889,2025-03-28,SC,affiliate,2025,2025-03
2890,2025-08-02,NY,organic_search,2025,2025-08
2891,2024-05-26,WA,affiliate,2024,2024-05
2892,2024-12-01,KY,organic_search,2024,2024-12
2893,2024-11-12,TX,organic_search,2024,2024-11
2894,2025-05-15,FL,organic_search,2025,2025-05
2895,2025-07-30,NY,paid_search,2025,2025-07
2896,2024-10-03,IA,paid_social,2024,2024-10
2897,2025-05-19,NY,paid_search,2025,2025-05
2898,2024-09-26,OH,organic_search,2024,2024-09
2899,2024-04-24,NY,organic_search,2024,2024-04
2900,2024-09-09,NY,paid_social,2024,2024-09
2901,2024-12-19,NY,email,2024,2024-12
2902,2024-11-08,NY,organic_search,2024,2024-11
2903,2024-08-21,GA,paid_search,2024,2024-08
2904,2024-01-24,TN,organic_search,2024,2024-01
2905,2024-07-09,PA,organic_search,2024,2024-07
2906,2024-09-20,IL,affiliate,2024,2024-09
2907,2025-07-04,GA,email,2025,2025-07
2908,2024-01-21,CA,paid_search,2024,2024-01
2909,2025-05-06,NC,organic_search,2025,2025-05
2910,2023-08-10,UT,organic_search,2023,2023-08
2911,2025-07-22,IA,paid_search,2025,2025-07
2912,2025-08-03,FL,paid_social,2025,2025-08
2913,2024-07-16,CO,organic_search,2024,2024-07
2914,2024-01-12,AL,organic_search,2024,2024-01
2915,2024-08-11,IL,paid_search,2024,2024-08
2916,2025-12-04,NY,paid_search,2025,2025-12
2917,2025-07-27,PA,email,2025,2025-07
2918,2023-10-31,NY,email,2023,2023-10
2919,2024-04-20,AL,organic_search,2024,2024-04
2920,2025-06-29,AL,referral,2025,2025-06
2921,2025-08-25,AL,email,2025,2025-08
2922,2025-12-03,AL,paid_social,2025,2025-12
2923,2025-03-07,MI,referral,2025,2025-03
2924,2025-04-15,NC,email,2025,2025-04
2925,2024-11-04,NJ,organic_search,2024,2024-11
2926,2025-08-09,WA,paid_search,2025,2025-08
2927,2025-09-20,AZ,organic_search,2025,2025-09
2928,2025-01-01,CO,email,2025,2025-01
2929,2025-12-07,FL,organic_search,2025,2025-12
2930,2025-06-14,TX,paid_social,2025,2025-06
2931,2023-12-04,CA,email,2023,2023-12
2932,2024-09-15,NC,paid_search,2024,2024-09
2933,2025-09-05,UT,paid_search,2025,2025-09
2934,2025-07-28,SC,organic_search,2025,2025-07
2935,2025-11-12,VA,affiliate,2025,2025-11
2936,2025-08-20,CA,paid_social,2025,2025-08
2937,2025-12-13,NV,paid_social,2025,2025-12
2938,2024-07-02,WI,referral,2024,2024-07
2939,2025-10-29,FL,organic_search,2025,2025-10
2940,2025-04-16,CA,paid_social,2025,2025-04
2941,2024-08-05,GA,paid_search,2024,2024-08
2942,2023-11-29,NY,paid_social,2023,2023-11
2943,2025-08-31,NC,paid_social,2025,2025-08
2944,2024-06-21,TN,organic_search,2024,2024-06
2945,2025-04-22,CA,paid_social,2025,2025-04
2946,2024-08-11,TX,affiliate,2024,2024-08
2947,2024-05-03,OK,paid_search,2024,2024-05
2948,2025-03-08,IL,paid_social,2025,2025-03
2949,2024-07-29,IN,paid_social,2024,2024-07
2950,2024-11-22,TX,organic_search,2024,2024-11
2951,2024-05-30,MA,paid_social,2024,2024-05
2952,2025-11-15,IN,organic_search,2025,2025-11
2953,2025-11-27,MA,paid_search,2025,2025-11
2954,2025-05-07,CA,paid_search,2025,2025-05
2955,2025-09-15,IL,paid_social,2025,2025-09
2956,2025-09-10,IA,organic_search,2025,2025-09
2957,2024-06-25,MN,paid_search,2024,2024-06
2958,2024-06-11,MA,organic_search,2024,2024-06
2959,2025-06-22,FL,organic_search,2025,2025-06
2960,2024-07-30,MI,paid_search,2024,2024-07
2961,2025-09-21,CA,paid_social,2025,2025-09
2962,2024-09-15,SC,referral,2024,2024-09
2963,2024-06-24,IL,organic_search,2024,2024-06
2964,2025-08-28,LA,paid_social,2025,2025-08
2965,2025-08-23,SC,organic_search,2025,2025-08
2966,2025-12-01,CA,paid_social,2025,2025-12
2967,2024-12-11,MD,email,2024,2024-12
2968,2025-06-30,TN,organic_search,2025,2025-06
2969,2025-05-13,UT,paid_social,2025,2025-05
2970,2025-07-31,OH,referral,2025,2025-07
2971,2024-12-10,CA,paid_search,2024,2024-12
2972,2025-12-01,IL,organic_search,2025,2025-12
2973,2025-05-20,NY,organic_search,2025,2025-05
2974,2024-07-27,OR,paid_search,2024,2024-07
2975,2025-11-28,MI,paid_social,2025,2025-11
2976,2024-08-22,TN,referral,2024,2024-08
2977,2025-04-12,MI,organic_search,2025,2025-04
2978,2025-09-25,NC,organic_search,2025,2025-09
2979,2024-08-14,IL,paid_search,2024,2024-08
2980,2025-04-17,WA,referral,2025,2025-04
2981,2025-01-25,PA,email,2025,2025-01
2982,2025-04-12,WI,organic_search,2025,2025-04
2983,2025-09-11,MO,paid_search,2025,2025-09
2984,2025-02-14,CA,organic_search,2025,2025-02
2985,2025-01-04,GA,paid_social,2025,2025-01
2986,2024-05-21,IA,organic_search,2024,2024-05
2987,2024-04-24,PA,organic_search,2024,2024-04
2988,2024-08-19,NM,paid_social,2024,2024-08
2989,2025-07-04,TX,email,2025,2025-07
2990,2025-01-07,PA,paid_social,2025,2025-01
2991,2025-07-08,TX,organic_search,2025,2025-07
2992,2025-10-23,NY,email,2025,2025-10
2993,2024-11-19,OK,paid_search,2024,2024-11
2994,2025-10-11,MA,paid_social,2025,2025-10
2995,2024-01-23,NC,organic_search,2024,2024-01
2996,2025-06-22,AL,paid_social,2025,2025-06
2997,2025-09-10,OH,email,2025,2025-09
2998,2025-12-07,CA,affiliate,2025,2025-12
2999,2025-08-11,LA,referral,2025,2025-08
3000,2025-10-02,NJ,organic_search,2025,2025-10
3001,2025-12-18,SC,paid_search,2025,2025-12
3002,2025-08-02,WI,email,2025,2025-08
3003,2025-08-04,FL,organic_search,2025,2025-08
3004,2025-08-31,TX,paid_social,2025,2025-08
3005,2025-05-20,MD,paid_social,2025,2025-05
3006,2025-02-19,TX,organic_search,2025,2025-02
3007,2023-09-19,PA,referral,2023,2023-09
3008,2025-06-28,CA,referral,2025,2025-06
3009,2024-01-04,OH,paid_search,2024,2024-01
3010,2025-11-09,MN,email,2025,2025-11
3011,2025-08-28,LA,paid_search,2025,2025-08
3012,2024-07-13,CA,email,2024,2024-07
3013,2024-12-27,FL,paid_social,2024,2024-12
3014,2024-08-08,GA,referral,2024,2024-08
3015,2024-09-15,PA,email,2024,2024-09
3016,2024-12-07,WA,organic_search,2024,2024-12
3017,2025-08-16,CT,organic_search,2025,2025-08
3018,2024-07-18,AZ,referral,2024,2024-07
3019,2024-09-08,NJ,organic_search,2024,2024-09
3020,2025-07-19,OR,organic_search,2025,2025-07
3021,2024-07-18,OK,email,2024,2024-07
3022,2025-08-20,TX,paid_social,2025,2025-08
3023,2023-12-27,FL,organic_search,2023,2023-12
3024,2025-10-22,AR,paid_social,2025,2025-10
3025,2024-12-08,AZ,email,2024,2024-12
3026,2025-07-01,OH,paid_social,2025,2025-07
3027,2024-07-18,CA,organic_search,2024,2024-07
3028,2024-05-02,TN,organic_search,2024,2024-05
3029,2025-04-18,PA,organic_search,2025,2025-04
3030,2025-04-30,GA,email,2025,2025-04
3031,2025-08-18,IN,paid_social,2025,2025-08
3032,2024-11-24,NC,organic_search,2024,2024-11
3033,2024-01-16,CA,organic_search,2024,2024-01
3034,2025-11-08,SC,organic_search,2025,2025-11
3035,2024-11-04,TX,referral,2024,2024-11
3036,2024-11-17,OH,paid_social,2024,2024-11
3037,2025-07-20,VA,paid_social,2025,2025-07
3038,2025-03-22,NV,affiliate,2025,2025-03
3039,2025-08-24,AZ,organic_search,2025,2025-08
3040,2025-12-12,NY,referral,2025,2025-12
3041,2024-08-21,OR,paid_social,2024,2024-08
3042,2025-12-08,VA,organic_search,2025,2025-12
3043,2025-06-12,WI,referral,2025,2025-06
3044,2024-01-14,IN,paid_search,2024,2024-01
3045,2025-05-21,GA,paid_social,2025,2025-05
3046,2025-07-02,TN,organic_search,2025,2025-07
3047,2024-09-28,SC,organic_search,2024,2024-09
3048,2023-10-13,MD,referral,2023,2023-10
3049,2025-09-04,NY,affiliate,2025,2025-09
3050,2024-10-26,SC,paid_social,2024,2024-10
3051,2025-06-22,OK,paid_search,2025,2025-06
3052,2025-07-09,NY,organic_search,2025,2025-07
3053,2024-10-29,KY,email,2024,2024-10
3054,2025-11-26,MO,referral,2025,2025-11
3055,2025-08-03,OK,paid_social,2025,2025-08
3056,2025-07-17,SC,email,2025,2025-07
3057,2023-09-29,UT,email,2023,2023-09
3058,2025-04-13,WI,email,2025,2025-04
3059,2024-09-07,CO,paid_social,2024,2024-09
3060,2025-04-26,OR,referral,2025,2025-04
3061,2024-06-21,TX,organic_search,2024,2024-06
3062,2025-02-24,OR,organic_search,2025,2025-02
3063,2025-07-10,TX,referral,2025,2025-07
3064,2025-06-15,NM,paid_social,2025,2025-06
3065,2024-10-17,CO,paid_search,2024,2024-10
3066,2025-09-11,WI,paid_social,2025,2025-09
3067,2025-06-23,VA,organic_search,2025,2025-06
3068,2025-11-21,TX,email,2025,2025-11
3069,2024-02-25,CA,referral,2024,2024-02
3070,2024-03-12,LA,paid_search,2024,2024-03
3071,2025-07-31,PA,organic_search,2025,2025-07
3072,2025-06-09,GA,organic_search,2025,2025-06
3073,2025-12-15,MO,affiliate,2025,2025-12
3074,2025-07-22,CA,organic_search,2025,2025-07
3075,2025-07-12,MA,paid_search,2025,2025-07
3076,2024-11-24,KY,organic_search,2024,2024-11
3077,2025-12-10,OK,organic_search,2025,2025-12
3078,2024-05-25,VA,email,2024,2024-05
3079,2024-09-14,NY,paid_social,2024,2024-09
3080,2024-02-20,CA,organic_search,2024,2024-02
3081,2024-04-23,NY,organic_search,2024,2024-04
3082,2025-08-18,CA,affiliate,2025,2025-08
3083,2025-10-09,AZ,organic_search,2025,2025-10
3084,2025-09-28,OR,organic_search,2025,2025-09
3085,2025-06-15,WI,paid_social,2025,2025-06
3086,2025-03-12,TX,paid_social,2025,2025-03
3087,2025-04-23,TX,organic_search,2025,2025-04
3088,2025-09-13,CA,paid_search,2025,2025-09
3089,2023-09-17,KS,organic_search,2023,2023-09
3090,2024-12-13,PA,affiliate,2024,2024-12
3091,2025-01-06,LA,organic_search,2025,2025-01
3092,2025-12-15,MI,organic_search,2025,2025-12
3093,2023-12-28,CA,paid_social,2023,2023-12
3094,2025-07-06,IL,paid_social,2025,2025-07
3095,2025-08-08,CA,organic_search,2025,2025-08
3096,2024-09-23,PA,organic_search,2024,2024-09
3097,2025-07-23,NY,paid_social,2025,2025-07
3098,2025-04-03,OR,referral,2025,2025-04
3099,2024-03-05,MA,organic_search,2024,2024-03
3100,2025-03-13,OK,organic_search,2025,2025-03
3101,2025-07-11,NV,organic_search,2025,2025-07
3102,2024-06-23,PA,referral,2024,2024-06
3103,2025-06-14,TX,paid_social,2025,2025-06
3104,2024-12-10,CA,referral,2024,2024-12
3105,2024-09-09,MA,email,2024,2024-09
3106,2025-09-02,CA,organic_search,2025,2025-09
3107,2025-02-13,MI,organic_search,2025,2025-02
3108,2024-10-02,MD,organic_search,2024,2024-10
3109,2024-08-02,OR,paid_social,2024,2024-08
3110,2024-11-22,NV,paid_search,2024,2024-11
3111,2025-08-24,NJ,referral,2025,2025-08
3112,2025-05-04,PA,organic_search,2025,2025-05
3113,2025-05-22,OH,organic_search,2025,2025-05
3114,2024-01-03,NY,organic_search,2024,2024-01
3115,2025-03-02,OH,paid_search,2025,2025-03
3116,2025-06-21,MI,organic_search,2025,2025-06
3117,2024-12-25,IL,paid_search,2024,2024-12
3118,2025-07-27,NJ,paid_social,2025,2025-07
3119,2025-07-17,WA,paid_social,2025,2025-07
3120,2025-11-23,IN,organic_search,2025,2025-11
3121,2025-07-16,NY,paid_search,2025,2025-07
3122,2024-08-26,PA,email,2024,2024-08
3123,2025-08-06,MI,paid_social,2025,2025-08
3124,2024-09-03,OH,organic_search,2024,2024-09
3125,2024-03-30,NY,organic_search,2024,2024-03
3126,2025-07-28,NY,referral,2025,2025-07
3127,2024-08-11,VA,organic_search,2024,2024-08
3128,2024-05-18,TX,paid_search,2024,2024-05
3129,2025-12-08,PA,affiliate,2025,2025-12
3130,2025-10-09,NV,paid_social,2025,2025-10
3131,2025-09-01,SC,email,2025,2025-09
3132,2025-07-10,FL,organic_search,2025,2025-07
3133,2025-05-10,CO,referral,2025,2025-05
3134,2024-12-15,PA,referral,2024,2024-12
3135,2025-12-04,NC,organic_search,2025,2025-12
3136,2025-09-01,NC,paid_social,2025,2025-09
3137,2025-10-17,MO,affiliate,2025,2025-10
3138,2025-09-17,CA,paid_search,2025,2025-09
3139,2025-05-17,NC,referral,2025,2025-05
3140,2025-07-11,OH,paid_search,2025,2025-07
3141,2025-11-02,IN,paid_social,2025,2025-11
3142,2025-09-04,NY,organic_search,2025,2025-09
3143,2024-09-02,CA,organic_search,2024,2024-09
3144,2024-03-08,MA,email,2024,2024-03
3145,2025-07-06,FL,paid_search,2025,2025-07
3146,2024-07-16,NJ,email,2024,2024-07
3147,2024-10-16,CO,paid_search,2024,2024-10
3148,2025-07-07,NY,organic_search,2025,2025-07
3149,2025-07-02,FL,organic_search,2025,2025-07
3150,2024-12-16,IL,paid_social,2024,2024-12
3151,2025-09-09,NV,paid_social,2025,2025-09
3152,2024-03-01,NC,paid_social,2024,2024-03
3153,2024-11-03,CA,organic_search,2024,2024-11
3154,2025-03-28,OH,organic_search,2025,2025-03
3155,2025-06-01,GA,organic_search,2025,2025-06
3156,2025-02-20,FL,paid_social,2025,2025-02
3157,2025-11-20,NY,referral,2025,2025-11
3158,2024-09-17,NY,affiliate,2024,2024-09
3159,2025-04-11,FL,paid_search,2025,2025-04
3160,2025-05-30,TN,paid_search,2025,2025-05
3161,2024-06-26,AZ,paid_social,2024,2024-06
3162,2025-06-06,CA,paid_social,2025,2025-06
3163,2025-06-19,MD,organic_search,2025,2025-06
3164,2025-01-28,NY,referral,2025,2025-01
3165,2025-06-02,NJ,paid_social,2025,2025-06
3166,2025-09-07,CA,paid_search,2025,2025-09
3167,2025-03-23,CA,paid_social,2025,2025-03
3168,2024-04-16,TX,paid_social,2024,2024-04
3169,2025-02-14,CO,paid_search,2025,2025-02
3170,2023-11-13,FL,organic_search,2023,2023-11
3171,2025-02-18,LA,paid_social,2025,2025-02
3172,2025-02-15,CA,email,2025,2025-02
3173,2025-07-01,CO,organic_search,2025,2025-07
3174,2024-07-04,CA,organic_search,2024,2024-07
3175,2024-07-23,TX,organic_search,2024,2024-07
3176,2025-02-11,AZ,organic_search,2025,2025-02
3177,2025-10-09,SC,referral,2025,2025-10
3178,2025-03-14,MI,paid_social,2025,2025-03
3179,2025-11-03,TX,organic_search,2025,2025-11
3180,2025-11-27,CA,organic_search,2025,2025-11
3181,2025-09-17,TX,paid_social,2025,2025-09
3182,2025-02-14,NY,organic_search,2025,2025-02
3183,2024-09-04,CA,organic_search,2024,2024-09
3184,2024-07-30,OH,organic_search,2024,2024-07
3185,2025-06-23,MA,organic_search,2025,2025-06
3186,2025-09-04,MI,email,2025,2025-09
3187,2025-03-27,FL,organic_search,2025,2025-03
3188,2025-11-21,NY,paid_search,2025,2025-11
3189,2025-11-30,NJ,referral,2025,2025-11
3190,2025-07-15,WA,organic_search,2025,2025-07
3191,2025-08-03,WA,paid_social,2025,2025-08
3192,2025-12-15,NC,email,2025,2025-12
3193,2025-08-30,TX,paid_social,2025,2025-08
3194,2024-06-01,NJ,paid_search,2024,2024-06
3195,2025-05-30,MD,organic_search,2025,2025-05
3196,2025-05-21,MD,organic_search,2025,2025-05
3197,2025-07-18,AZ,paid_search,2025,2025-07
3198,2024-03-15,GA,organic_search,2024,2024-03
3199,2025-09-13,FL,paid_social,2025,2025-09
3200,2024-03-19,CT,paid_search,2024,2024-03
3201,2024-09-21,TX,organic_search,2024,2024-09
3202,2025-09-25,TX,organic_search,2025,2025-09
3203,2024-09-14,MA,organic_search,2024,2024-09
3204,2024-04-27,CA,organic_search,2024,2024-04
3205,2025-06-05,CA,paid_social,2025,2025-06
3206,2024-10-22,TX,paid_search,2024,2024-10
3207,2025-03-28,IL,referral,2025,2025-03
3208,2024-07-17,MI,paid_social,2024,2024-07
3209,2024-07-05,OH,organic_search,2024,2024-07
3210,2025-03-08,NY,organic_search,2025,2025-03
3211,2025-11-14,KY,paid_search,2025,2025-11
3212,2024-04-17,CA,affiliate,2024,2024-04
3213,2025-05-01,IA,referral,2025,2025-05
3214,2024-10-27,NY,paid_social,2024,2024-10
3215,2025-11-19,TX,paid_search,2025,2025-11
3216,2024-06-17,GA,organic_search,2024,2024-06
3217,2025-01-28,NY,paid_search,2025,2025-01
3218,2024-08-23,AZ,paid_social,2024,2024-08
3219,2025-03-27,MI,paid_social,2025,2025-03
3220,2025-06-01,WA,paid_social,2025,2025-06
3221,2025-10-19,IN,email,2025,2025-10
3222,2024-08-26,FL,paid_social,2024,2024-08
3223,2025-11-28,AL,affiliate,2025,2025-11
3224,2025-11-23,AZ,organic_search,2025,2025-11
3225,2025-10-09,NY,referral,2025,2025-10
3226,2025-07-20,NY,paid_search,2025,2025-07
3227,2024-12-07,NY,affiliate,2024,2024-12
3228,2023-10-14,MN,organic_search,2023,2023-10
3229,2025-11-24,NV,organic_search,2025,2025-11
3230,2025-09-21,IL,paid_social,2025,2025-09
3231,2023-10-29,GA,organic_search,2023,2023-10
3232,2025-03-24,AR,paid_social,2025,2025-03
3233,2023-11-10,MD,organic_search,2023,2023-11
3234,2025-03-31,PA,paid_search,2025,2025-03
3235,2024-08-15,NC,organic_search,2024,2024-08
3236,2025-12-17,NY,referral,2025,2025-12
3237,2025-10-03,NC,organic_search,2025,2025-10
3238,2024-05-10,NY,paid_search,2024,2024-05
3239,2025-08-12,PA,email,2025,2025-08
3240,2025-06-13,VA,organic_search,2025,2025-06
3241,2025-06-18,TX,email,2025,2025-06
3242,2024-05-07,OH,paid_search,2024,2024-05
3243,2025-09-18,OH,paid_search,2025,2025-09
3244,2025-01-28,NC,email,2025,2025-01
3245,2024-04-18,TX,paid_social,2024,2024-04
3246,2025-07-14,CO,paid_search,2025,2025-07
3247,2025-03-31,OH,organic_search,2025,2025-03
3248,2025-07-01,VA,organic_search,2025,2025-07
3249,2024-07-22,UT,paid_search,2024,2024-07
3250,2023-07-27,CA,organic_search,2023,2023-07
3251,2025-10-17,FL,organic_search,2025,2025-10
3252,2024-06-23,TX,referral,2024,2024-06
3253,2025-06-22,CA,paid_social,2025,2025-06
3254,2025-06-13,CT,affiliate,2025,2025-06
3255,2024-11-16,CA,email,2024,2024-11
3256,2024-11-23,SC,organic_search,2024,2024-11
3257,2025-03-17,GA,email,2025,2025-03
3258,2024-03-26,NY,paid_social,2024,2024-03
3259,2025-04-18,CA,organic_search,2025,2025-04
3260,2023-11-11,MD,paid_social,2023,2023-11
3261,2024-05-21,SC,organic_search,2024,2024-05
3262,2024-06-25,IN,referral,2024,2024-06
3263,2025-01-26,OH,paid_search,2025,2025-01
3264,2025-10-21,PA,organic_search,2025,2025-10
3265,2024-08-19,IN,email,2024,2024-08
3266,2025-12-11,MA,referral,2025,2025-12
3267,2025-06-05,AZ,affiliate,2025,2025-06
3268,2025-01-16,CT,referral,2025,2025-01
3269,2024-06-11,TX,paid_search,2024,2024-06
3270,2024-08-16,NC,paid_social,2024,2024-08
3271,2025-04-12,MI,paid_search,2025,2025-04
3272,2024-02-23,WA,referral,2024,2024-02
3273,2024-12-30,AL,referral,2024,2024-12
3274,2025-08-12,CA,paid_search,2025,2025-08
3275,2025-01-30,CA,email,2025,2025-01
3276,2025-02-12,CA,paid_search,2025,2025-02
3277,2023-09-15,AZ,affiliate,2023,2023-09
3278,2024-12-26,WI,organic_search,2024,2024-12
3279,2025-01-02,IL,paid_social,2025,2025-01
3280,2024-08-11,TX,organic_search,2024,2024-08
3281,2025-02-07,VA,paid_social,2025,2025-02
3282,2025-02-25,VA,paid_social,2025,2025-02
3283,2024-08-08,SC,paid_social,2024,2024-08
3284,2024-03-02,GA,paid_social,2024,2024-03
3285,2025-07-24,NY,organic_search,2025,2025-07
3286,2025-06-06,NC,paid_search,2025,2025-06
3287,2025-08-16,MD,paid_social,2025,2025-08
3288,2025-02-08,AR,paid_social,2025,2025-02
3289,2025-08-31,GA,paid_social,2025,2025-08
3290,2025-09-05,MO,organic_search,2025,2025-09
3291,2024-05-07,NC,referral,2024,2024-05
3292,2025-10-20,MD,referral,2025,2025-10
3293,2025-03-22,AZ,organic_search,2025,2025-03
3294,2024-10-08,GA,paid_social,2024,2024-10
3295,2024-01-31,FL,paid_social,2024,2024-01
3296,2025-08-02,CA,referral,2025,2025-08
3297,2023-11-16,TX,paid_social,2023,2023-11
3298,2025-01-13,OH,paid_search,2025,2025-01
3299,2025-06-25,NJ,paid_search,2025,2025-06
3300,2025-10-01,LA,organic_search,2025,2025-10
3301,2024-09-07,MO,organic_search,2024,2024-09
3302,2024-08-28,CA,organic_search,2024,2024-08
3303,2025-05-17,PA,email,2025,2025-05
3304,2024-11-02,TX,organic_search,2024,2024-11
3305,2025-01-16,MI,email,2025,2025-01
3306,2025-11-26,MN,organic_search,2025,2025-11
3307,2025-03-11,GA,paid_social,2025,2025-03
3308,2025-04-13,TN,organic_search,2025,2025-04
3309,2025-06-14,CA,organic_search,2025,2025-06
3310,2025-06-09,TX,organic_search,2025,2025-06
3311,2025-02-06,FL,referral,2025,2025-02
3312,2025-02-08,MN,paid_social,2025,2025-02
3313,2025-10-12,TX,paid_social,2025,2025-10
3314,2024-04-17,MN,organic_search,2024,2024-04
3315,2025-08-17,OH,paid_search,2025,2025-08
3316,2025-03-18,GA,referral,2025,2025-03
3317,2024-10-21,IL,organic_search,2024,2024-10
3318,2024-04-21,WI,organic_search,2024,2024-04
3319,2025-10-28,WI,paid_social,2025,2025-10
3320,2023-11-11,AZ,organic_search,2023,2023-11
3321,2023-09-13,CA,paid_social,2023,2023-09
3322,2025-12-15,NC,referral,2025,2025-12
3323,2025-02-18,OH,paid_social,2025,2025-02
3324,2024-11-06,LA,referral,2024,2024-11
3325,2025-01-31,CO,referral,2025,2025-01
3326,2025-10-19,NY,organic_search,2025,2025-10
3327,2024-09-09,OR,paid_search,2024,2024-09
3328,2025-11-18,PA,email,2025,2025-11
3329,2024-05-27,CO,organic_search,2024,2024-05
3330,2025-03-30,CO,paid_social,2025,2025-03
3331,2025-07-20,NY,paid_search,2025,2025-07
3332,2024-01-04,MO,organic_search,2024,2024-01
3333,2024-06-30,CA,paid_social,2024,2024-06
3334,2025-10-29,OR,email,2025,2025-10
3335,2025-05-24,NC,organic_search,2025,2025-05
3336,2025-04-29,LA,referral,2025,2025-04
3337,2024-03-25,CA,paid_search,2024,2024-03
3338,2024-02-18,IL,paid_search,2024,2024-02
3339,2025-08-04,GA,referral,2025,2025-08
3340,2024-06-27,NJ,paid_search,2024,2024-06
3341,2025-11-28,TX,paid_search,2025,2025-11
3342,2024-11-22,WI,organic_search,2024,2024-11
3343,2025-01-13,CO,email,2025,2025-01
3344,2025-04-17,TX,email,2025,2025-04
3345,2024-10-23,FL,paid_social,2024,2024-10
3346,2025-04-04,FL,paid_search,2025,2025-04
3347,2024-05-06,TX,paid_search,2024,2024-05
3348,2024-04-08,PA,organic_search,2024,2024-04
3349,2025-09-05,NM,affiliate,2025,2025-09
3350,2025-10-10,CA,paid_social,2025,2025-10
3351,2025-09-15,TN,paid_search,2025,2025-09
3352,2024-09-10,TX,organic_search,2024,2024-09
3353,2025-12-18,TX,affiliate,2025,2025-12
3354,2024-05-19,FL,paid_search,2024,2024-05
3355,2025-06-24,CA,paid_social,2025,2025-06
3356,2024-07-19,CA,paid_social,2024,2024-07
3357,2024-03-13,CA,paid_search,2024,2024-03
3358,2025-02-27,IL,organic_search,2025,2025-02
3359,2025-09-24,NY,referral,2025,2025-09
3360,2025-05-24,TN,organic_search,2025,2025-05
3361,2024-04-23,WA,paid_social,2024,2024-04
3362,2025-08-21,OH,referral,2025,2025-08
3363,2025-05-28,WA,organic_search,2025,2025-05
3364,2025-04-30,TX,organic_search,2025,2025-04
3365,2024-11-28,MO,paid_social,2024,2024-11
3366,2025-09-21,TX,organic_search,2025,2025-09
3367,2025-09-15,TX,paid_social,2025,2025-09
3368,2024-09-06,FL,email,2024,2024-09
3369,2025-07-21,AL,paid_social,2025,2025-07
3370,2025-07-29,FL,organic_search,2025,2025-07
3371,2025-06-27,IL,referral,2025,2025-06
3372,2024-09-24,NC,organic_search,2024,2024-09
3373,2025-11-11,UT,organic_search,2025,2025-11
3374,2024-02-23,GA,paid_social,2024,2024-02
3375,2024-03-31,IL,organic_search,2024,2024-03
3376,2024-03-31,NY,organic_search,2024,2024-03
3377,2025-08-06,NY,paid_social,2025,2025-08
3378,2024-08-03,IL,organic_search,2024,2024-08
3379,2025-05-19,FL,paid_search,2025,2025-05
3380,2024-03-24,MI,email,2024,2024-03
3381,2023-10-31,LA,affiliate,2023,2023-10
3382,2025-08-15,FL,paid_social,2025,2025-08
3383,2025-08-08,SC,organic_search,2025,2025-08
3384,2024-08-21,AR,organic_search,2024,2024-08
3385,2025-01-03,MI,paid_social,2025,2025-01
3386,2025-05-26,MN,paid_search,2025,2025-05
3387,2025-07-25,PA,organic_search,2025,2025-07
3388,2025-02-03,TN,paid_search,2025,2025-02
3389,2023-06-05,NJ,organic_search,2023,2023-06
3390,2025-12-18,TN,email,2025,2025-12
3391,2025-11-27,MI,email,2025,2025-11
3392,2024-11-26,NY,paid_social,2024,2024-11
3393,2024-09-13,VA,paid_search,2024,2024-09
3394,2024-09-13,KY,paid_search,2024,2024-09
3395,2025-07-21,CO,organic_search,2025,2025-07
3396,2025-08-19,MI,email,2025,2025-08
3397,2025-04-07,NJ,paid_social,2025,2025-04
3398,2025-10-20,AL,paid_search,2025,2025-10
3399,2024-01-07,PA,paid_social,2024,2024-01
3400,2025-02-21,NJ,organic_search,2025,2025-02
3401,2024-09-01,WI,organic_search,2024,2024-09
3402,2025-05-29,TX,paid_search,2025,2025-05
3403,2024-06-07,VA,paid_search,2024,2024-06
3404,2025-06-29,TX,paid_social,2025,2025-06
3405,2025-10-31,VA,paid_social,2025,2025-10
3406,2024-11-20,TX,paid_social,2024,2024-11
3407,2025-10-22,MD,affiliate,2025,2025-10
3408,2025-08-03,IN,paid_social,2025,2025-08
3409,2025-05-23,NY,organic_search,2025,2025-05
3410,2025-12-17,FL,organic_search,2025,2025-12
3411,2025-01-27,MA,email,2025,2025-01
3412,2025-07-13,IL,paid_search,2025,2025-07
3413,2025-01-11,MI,organic_search,2025,2025-01
3414,2024-12-08,NY,paid_social,2024,2024-12
3415,2025-02-26,PA,email,2025,2025-02
3416,2024-08-31,NY,organic_search,2024,2024-08
3417,2025-01-20,PA,referral,2025,2025-01
3418,2024-05-05,MA,referral,2024,2024-05
3419,2024-08-05,CO,organic_search,2024,2024-08
3420,2025-10-17,GA,paid_social,2025,2025-10
3421,2025-07-24,AR,organic_search,2025,2025-07
3422,2025-03-29,PA,paid_search,2025,2025-03
3423,2025-11-09,CA,referral,2025,2025-11
3424,2025-11-28,TN,affiliate,2025,2025-11
3425,2025-03-31,CA,organic_search,2025,2025-03
3426,2024-09-29,TX,paid_social,2024,2024-09
3427,2025-11-14,SC,organic_search,2025,2025-11
3428,2025-01-11,TN,paid_search,2025,2025-01
3429,2025-09-11,FL,paid_social,2025,2025-09
3430,2025-04-30,CA,paid_search,2025,2025-04
3431,2024-05-08,AZ,referral,2024,2024-05
3432,2024-11-03,AZ,paid_social,2024,2024-11
3433,2025-06-18,TX,affiliate,2025,2025-06
3434,2024-07-17,NY,referral,2024,2024-07
3435,2024-12-22,MO,referral,2024,2024-12
3436,2024-05-03,CA,referral,2024,2024-05
3437,2025-01-11,NJ,affiliate,2025,2025-01
3438,2024-08-09,MI,organic_search,2024,2024-08
3439,2024-10-08,OH,paid_social,2024,2024-10
3440,2025-01-03,MN,paid_social,2025,2025-01
3441,2025-02-05,IA,email,2025,2025-02
3442,2024-04-24,AL,paid_social,2024,2024-04
3443,2025-01-16,NJ,organic_search,2025,2025-01
3444,2025-08-13,FL,paid_social,2025,2025-08
3445,2025-05-04,NY,organic_search,2025,2025-05
3446,2025-07-14,MI,email,2025,2025-07
3447,2025-06-28,FL,email,2025,2025-06
3448,2025-11-24,CA,paid_social,2025,2025-11
3449,2025-05-28,FL,paid_search,2025,2025-05
3450,2024-11-10,MI,paid_social,2024,2024-11
3451,2024-09-24,MD,organic_search,2024,2024-09
3452,2023-07-08,TX,paid_social,2023,2023-07
3453,2025-05-09,TX,organic_search,2025,2025-05
3454,2024-02-18,SC,paid_social,2024,2024-02
3455,2025-08-27,MD,affiliate,2025,2025-08
3456,2025-08-05,NY,organic_search,2025,2025-08
3457,2025-07-01,LA,paid_search,2025,2025-07
3458,2025-07-14,CT,organic_search,2025,2025-07
3459,2024-12-27,TX,paid_search,2024,2024-12
3460,2023-12-25,VA,paid_social,2023,2023-12
3461,2023-12-31,WA,email,2023,2023-12
3462,2025-01-10,NC,organic_search,2025,2025-01
3463,2025-12-09,NC,email,2025,2025-12
3464,2025-09-02,OH,paid_social,2025,2025-09
3465,2025-04-21,IL,organic_search,2025,2025-04
3466,2024-11-30,NY,referral,2024,2024-11
3467,2024-05-07,TN,paid_social,2024,2024-05
3468,2025-07-08,TX,paid_search,2025,2025-07
3469,2025-08-28,CO,referral,2025,2025-08
3470,2025-11-17,AZ,organic_search,2025,2025-11
3471,2024-12-29,TX,paid_search,2024,2024-12
3472,2024-09-16,NY,email,2024,2024-09
3473,2025-11-29,IL,referral,2025,2025-11
3474,2025-03-03,TN,organic_search,2025,2025-03
3475,2024-07-16,NC,paid_social,2024,2024-07
3476,2025-06-28,IL,email,2025,2025-06
3477,2025-01-11,MO,paid_social,2025,2025-01
3478,2025-02-08,NC,paid_social,2025,2025-02
3479,2024-10-31,KS,paid_social,2024,2024-10
3480,2025-08-24,VA,referral,2025,2025-08
3481,2024-09-21,IL,email,2024,2024-09
3482,2023-06-22,IA,organic_search,2023,2023-06
3483,2025-01-20,CA,affiliate,2025,2025-01
3484,2025-05-09,OH,organic_search,2025,2025-05
3485,2024-12-19,MI,paid_social,2024,2024-12
3486,2025-01-05,TX,paid_social,2025,2025-01
3487,2024-09-14,NJ,referral,2024,2024-09
3488,2024-05-31,KS,email,2024,2024-05
3489,2025-05-31,AZ,paid_search,2025,2025-05
3490,2025-09-27,NY,email,2025,2025-09
3491,2025-05-20,IL,paid_social,2025,2025-05
3492,2025-04-16,IL,paid_search,2025,2025-04
3493,2024-04-24,FL,referral,2024,2024-04
3494,2024-06-03,IL,paid_social,2024,2024-06
3495,2023-12-10,MI,paid_search,2023,2023-12
3496,2025-05-29,OR,organic_search,2025,2025-05
3497,2025-01-18,FL,affiliate,2025,2025-01
3498,2025-11-04,NV,paid_social,2025,2025-11
3499,2025-12-12,PA,referral,2025,2025-12
3500,2025-04-25,NJ,organic_search,2025,2025-04
3501,2023-12-09,AL,organic_search,2023,2023-12
3502,2025-03-13,TX,organic_search,2025,2025-03
3503,2024-09-13,WI,referral,2024,2024-09
3504,2025-06-11,IA,organic_search,2025,2025-06
3505,2023-10-02,GA,organic_search,2023,2023-10
3506,2025-03-10,CA,paid_search,2025,2025-03
3507,2025-03-09,MO,paid_search,2025,2025-03
3508,2025-01-06,OH,paid_search,2025,2025-01
3509,2024-02-26,NC,organic_search,2024,2024-02
3510,2025-07-14,NC,organic_search,2025,2025-07
3511,2025-10-12,CA,organic_search,2025,2025-10
3512,2025-03-06,GA,organic_search,2025,2025-03
3513,2025-07-25,NY,organic_search,2025,2025-07
3514,2024-06-27,TX,organic_search,2024,2024-06
3515,2024-12-24,FL,paid_social,2024,2024-12
3516,2025-09-20,LA,email,2025,2025-09
3517,2024-01-27,UT,paid_social,2024,2024-01
3518,2025-04-20,NV,organic_search,2025,2025-04
3519,2025-08-21,TX,paid_social,2025,2025-08
3520,2023-12-09,KY,organic_search,2023,2023-12
3521,2025-07-16,FL,paid_search,2025,2025-07
3522,2024-12-10,FL,paid_social,2024,2024-12
3523,2025-09-11,MN,email,2025,2025-09
3524,2025-03-09,NY,email,2025,2025-03
3525,2024-08-01,TN,paid_social,2024,2024-08
3526,2024-03-28,MI,paid_search,2024,2024-03
3527,2025-01-28,IL,paid_social,2025,2025-01
3528,2025-04-18,CA,paid_search,2025,2025-04
3529,2025-05-24,MO,organic_search,2025,2025-05
3530,2024-08-25,AL,paid_social,2024,2024-08
3531,2023-11-19,VA,organic_search,2023,2023-11
3532,2024-03-07,CA,affiliate,2024,2024-03
3533,2024-08-13,SC,organic_search,2024,2024-08
3534,2025-08-14,TX,email,2025,2025-08
3535,2025-10-18,OK,email,2025,2025-10
3536,2024-03-25,MI,organic_search,2024,2024-03
3537,2023-11-13,NY,organic_search,2023,2023-11
3538,2025-06-05,TX,organic_search,2025,2025-06
3539,2024-10-27,CA,paid_social,2024,2024-10
3540,2025-09-06,NY,email,2025,2025-09
3541,2025-10-05,PA,paid_social,2025,2025-10
3542,2025-04-19,FL,organic_search,2025,2025-04
3543,2024-06-05,PA,affiliate,2024,2024-06
3544,2025-08-24,TX,email,2025,2025-08
3545,2025-05-20,AL,affiliate,2025,2025-05
3546,2025-07-09,TX,paid_social,2025,2025-07
3547,2024-06-07,IL,paid_search,2024,2024-06
3548,2024-11-09,LA,email,2024,2024-11
3549,2023-12-24,OK,paid_social,2023,2023-12
3550,2025-07-10,MO,paid_social,2025,2025-07
3551,2025-09-10,IL,referral,2025,2025-09
3552,2024-05-02,NC,organic_search,2024,2024-05
3553,2025-03-24,IN,organic_search,2025,2025-03
3554,2025-01-08,TX,paid_search,2025,2025-01
3555,2024-12-22,NY,organic_search,2024,2024-12
3556,2025-05-12,NY,organic_search,2025,2025-05
3557,2025-08-07,MO,email,2025,2025-08
3558,2024-12-07,CT,paid_social,2024,2024-12
3559,2023-11-02,IN,paid_social,2023,2023-11
3560,2024-08-28,NJ,organic_search,2024,2024-08
3561,2025-01-10,FL,paid_search,2025,2025-01
3562,2025-03-15,CA,paid_social,2025,2025-03
3563,2024-11-19,TX,referral,2024,2024-11
3564,2024-11-05,VA,organic_search,2024,2024-11
3565,2023-08-06,TX,organic_search,2023,2023-08
3566,2025-02-18,CA,organic_search,2025,2025-02
3567,2024-12-31,TX,organic_search,2024,2024-12
3568,2024-03-03,NY,paid_social,2024,2024-03
3569,2025-04-11,MO,organic_search,2025,2025-04
3570,2024-09-17,NY,organic_search,2024,2024-09
3571,2023-10-15,OH,paid_social,2023,2023-10
3572,2025-12-09,NC,organic_search,2025,2025-12
3573,2025-03-28,TX,paid_social,2025,2025-03
3574,2025-10-22,MI,paid_search,2025,2025-10
3575,2025-10-07,OK,organic_search,2025,2025-10
3576,2024-07-10,KY,organic_search,2024,2024-07
3577,2023-07-07,AR,affiliate,2023,2023-07
3578,2025-05-12,GA,organic_search,2025,2025-05
3579,2025-07-24,AZ,paid_social,2025,2025-07
3580,2025-06-10,TX,paid_social,2025,2025-06
3581,2025-08-12,FL,paid_search,2025,2025-08
3582,2024-08-09,FL,affiliate,2024,2024-08
3583,2025-05-30,GA,email,2025,2025-05
3584,2024-12-22,CA,organic_search,2024,2024-12
3585,2025-11-30,OK,organic_search,2025,2025-11
3586,2025-05-18,WA,paid_social,2025,2025-05
3587,2025-02-26,AZ,paid_search,2025,2025-02
3588,2025-08-03,WI,referral,2025,2025-08
3589,2025-01-17,NY,organic_search,2025,2025-01
3590,2024-12-03,TN,paid_search,2024,2024-12
3591,2025-02-19,AL,organic_search,2025,2025-02
3592,2025-02-02,NY,organic_search,2025,2025-02
3593,2025-08-03,GA,organic_search,2025,2025-08
3594,2025-09-20,PA,organic_search,2025,2025-09
3595,2024-12-15,CO,paid_social,2024,2024-12
3596,2025-11-14,LA,referral,2025,2025-11
3597,2025-05-27,WA,paid_search,2025,2025-05
3598,2024-06-03,CA,paid_search,2024,2024-06
3599,2025-08-23,LA,organic_search,2025,2025-08
3600,2024-10-19,NY,organic_search,2024,2024-10
