order_id,customer_id,order_date,status,payment_method,discount_code,shipping_fee,month,year,month_num
100001,1530,2024-01-01 09:24:45,completed,credit_card,,6.95,2024-01,2024,1
100002,3531,2024-01-01 10:37:49,completed,credit_card,,0.0,2024-01,2024,1
100003,840,2024-01-01 10:59:09,completed,credit_card,,0.0,2024-01,2024,1
100004,725,2024-01-01 12:48:34,completed,apple_pay,welcome10,0.0,2024-01,2024,1
100005,3452,2024-01-01 17:44:03,completed,gift_card,,0.0,2024-01,2024,1
100006,3531,2024-01-01 19:10:50,completed,credit_card,,0.0,2024-01,2024,1
100007,1891,2024-01-01 23:25:28,returned,credit_card,,0.0,2024-01,2024,1
100008,683,2024-01-02 06:08:36,completed,paypal,,0.0,2024-01,2024,1
100009,1867,2024-01-02 10:16:04,completed,credit_card,,0.0,2024-01,2024,1
100010,1579,2024-01-02 15:18:14,completed,paypal,,0.0,2024-01,2024,1
100011,572,2024-01-02 15:20:47,completed,apple_pay,,0.0,2024-01,2024,1
100012,1867,2024-01-02 15:36:34,completed,credit_card,,6.95,2024-01,2024,1
100013,572,2024-01-02 15:45:46,completed,apple_pay,,0.0,2024-01,2024,1
100014,2119,2024-01-02 15:58:55,completed,apple_pay,,6.95,2024-01,2024,1
100015,3531,2024-01-02 16:05:46,completed,credit_card,,0.0,2024-01,2024,1
100016,1979,2024-01-02 18:20:28,completed,credit_card,,0.0,2024-01,2024,1
100017,1936,2024-01-02 18:38:37,completed,paypal,,0.0,2024-01,2024,1
100018,2221,2024-01-02 18:56:18,completed,credit_card,,6.95,2024-01,2024,1
100019,725,2024-01-02 19:39:07,completed,apple_pay,,0.0,2024-01,2024,1
100020,1579,2024-01-02 19:52:47,completed,credit_card,,0.0,2024-01,2024,1
100021,3260,2024-01-02 21:33:19,returned,paypal,,0.0,2024-01,2024,1
100022,2577,2024-01-03 07:02:06,completed,credit_card,,0.0,2024-01,2024,1
100023,1579,2024-01-03 09:51:24,completed,credit_card,,0.0,2024-01,2024,1
100024,3250,2024-01-03 11:34:08,completed,apple_pay,,0.0,2024-01,2024,1
100025,1891,2024-01-03 14:35:26,completed,credit_card,,0.0,2024-01,2024,1
100026,307,2024-01-03 17:53:45,completed,credit_card,,0.0,2024-01,2024,1
100027,3093,2024-01-03 19:39:16,completed,gift_card,,0.0,2024-01,2024,1
100028,612,2024-01-04 06:28:07,completed,credit_card,,0.0,2024-01,2024,1
100029,550,2024-01-04 17:53:16,completed,credit_card,,0.0,2024-01,2024,1
100030,424,2024-01-05 06:45:18,completed,paypal,,6.95,2024-01,2024,1
100031,1709,2024-01-05 06:57:45,completed,credit_card,,6.95,2024-01,2024,1
100032,464,2024-01-05 09:51:41,completed,paypal,,0.0,2024-01,2024,1
100033,2221,2024-01-05 10:24:31,completed,apple_pay,,0.0,2024-01,2024,1
100034,3114,2024-01-05 10:38:55,completed,apple_pay,,0.0,2024-01,2024,1
100035,3531,2024-01-05 13:26:36,completed,apple_pay,,0.0,2024-01,2024,1
100036,3460,2024-01-05 15:18:54,completed,credit_card,,0.0,2024-01,2024,1
100037,572,2024-01-05 20:22:52,completed,apple_pay,,0.0,2024-01,2024,1
100038,226,2024-01-05 21:46:13,completed,credit_card,,0.0,2024-01,2024,1
100039,735,2024-01-06 06:55:08,completed,credit_card,,0.0,2024-01,2024,1
100040,2879,2024-01-06 07:57:14,completed,paypal,,0.0,2024-01,2024,1
100041,2412,2024-01-06 10:25:35,completed,credit_card,,0.0,2024-01,2024,1
100042,3571,2024-01-06 13:11:46,completed,paypal,welcome10,0.0,2024-01,2024,1
100043,1302,2024-01-06 13:35:36,completed,credit_card,,0.0,2024-01,2024,1
100044,2115,2024-01-06 14:02:48,returned,credit_card,,0.0,2024-01,2024,1
100045,656,2024-01-06 14:20:37,completed,paypal,,0.0,2024-01,2024,1
100046,3114,2024-01-06 15:17:14,completed,credit_card,,0.0,2024-01,2024,1
100047,1891,2024-01-06 16:09:46,returned,paypal,,0.0,2024-01,2024,1
100048,3320,2024-01-06 16:37:36,completed,credit_card,,6.95,2024-01,2024,1
100049,1375,2024-01-06 16:41:03,canceled,paypal,,0.0,2024-01,2024,1
100050,1867,2024-01-06 17:36:20,completed,apple_pay,,0.0,2024-01,2024,1
100051,3571,2024-01-06 18:52:50,completed,apple_pay,,0.0,2024-01,2024,1
100052,1876,2024-01-06 19:17:51,completed,credit_card,,0.0,2024-01,2024,1
100053,3571,2024-01-06 19:41:48,completed,paypal,,0.0,2024-01,2024,1
100054,3057,2024-01-06 20:55:56,returned,paypal,,0.0,2024-01,2024,1
100055,3571,2024-01-06 22:33:26,completed,apple_pay,,0.0,2024-01,2024,1
100056,3114,2024-01-06 22:55:11,completed,credit_card,welcome10,6.95,2024-01,2024,1
100057,3531,2024-01-06 23:01:31,completed,apple_pay,,0.0,2024-01,2024,1
100058,445,2024-01-07 09:48:48,completed,credit_card,,0.0,2024-01,2024,1
100059,3114,2024-01-07 11:32:36,completed,credit_card,,6.95,2024-01,2024,1
100060,540,2024-01-07 11:53:55,completed,apple_pay,,6.95,2024-01,2024,1
100061,2261,2024-01-07 13:05:38,completed,credit_card,,6.95,2024-01,2024,1
100062,1806,2024-01-07 13:33:01,completed,credit_card,,6.95,2024-01,2024,1
100063,1915,2024-01-07 15:29:04,completed,credit_card,,0.0,2024-01,2024,1
100064,735,2024-01-07 17:38:08,completed,credit_card,welcome10,0.0,2024-01,2024,1
100065,3320,2024-01-07 19:37:29,completed,credit_card,,0.0,2024-01,2024,1
100066,1915,2024-01-07 19:58:59,completed,paypal,,0.0,2024-01,2024,1
100067,738,2024-01-07 20:33:48,canceled,apple_pay,,0.0,2024-01,2024,1
100068,1951,2024-01-07 22:17:10,completed,apple_pay,,6.95,2024-01,2024,1
100069,2211,2024-01-07 22:29:07,completed,credit_card,,0.0,2024-01,2024,1
100070,3320,2024-01-07 22:55:09,completed,paypal,,0.0,2024-01,2024,1
100071,249,2024-01-08 06:34:53,completed,credit_card,welcome10,0.0,2024-01,2024,1
100072,3399,2024-01-08 11:20:25,completed,credit_card,,0.0,2024-01,2024,1
100073,1375,2024-01-08 11:28:48,completed,credit_card,,6.95,2024-01,2024,1
100074,3531,2024-01-08 12:41:44,completed,paypal,,0.0,2024-01,2024,1
100075,424,2024-01-08 13:01:18,completed,credit_card,,0.0,2024-01,2024,1
100076,3260,2024-01-08 15:24:53,completed,credit_card,,0.0,2024-01,2024,1
100077,738,2024-01-08 18:04:16,completed,credit_card,,6.95,2024-01,2024,1
100078,1806,2024-01-08 19:56:08,completed,paypal,,0.0,2024-01,2024,1
100079,3009,2024-01-09 10:03:38,completed,paypal,,0.0,2024-01,2024,1
100080,568,2024-01-09 12:25:58,completed,apple_pay,,6.95,2024-01,2024,1
100081,3460,2024-01-09 13:52:17,completed,credit_card,,6.95,2024-01,2024,1
100082,511,2024-01-09 15:33:06,canceled,apple_pay,,0.0,2024-01,2024,1
100083,1047,2024-01-09 15:41:12,returned,credit_card,,0.0,2024-01,2024,1
100084,686,2024-01-09 18:06:02,completed,credit_card,,0.0,2024-01,2024,1
100085,2115,2024-01-09 18:48:30,completed,credit_card,,0.0,2024-01,2024,1
100086,920,2024-01-09 19:16:18,completed,credit_card,,0.0,2024-01,2024,1
100087,343,2024-01-10 12:54:10,completed,paypal,,0.0,2024-01,2024,1
100088,1375,2024-01-10 13:04:55,completed,credit_card,,0.0,2024-01,2024,1
100089,3452,2024-01-10 13:12:26,returned,credit_card,,0.0,2024-01,2024,1
100090,2409,2024-01-10 17:36:56,canceled,apple_pay,,0.0,2024-01,2024,1
100091,3520,2024-01-10 18:54:16,returned,paypal,,6.95,2024-01,2024,1
100092,2119,2024-01-10 21:13:00,completed,credit_card,,0.0,2024-01,2024,1
100093,424,2024-01-10 22:58:42,completed,apple_pay,,0.0,2024-01,2024,1
100094,748,2024-01-11 06:29:28,completed,credit_card,,0.0,2024-01,2024,1
100095,3452,2024-01-11 06:48:12,completed,paypal,,0.0,2024-01,2024,1
100096,1891,2024-01-11 07:48:46,completed,credit_card,,6.95,2024-01,2024,1
100097,572,2024-01-11 12:48:42,completed,credit_card,,6.95,2024-01,2024,1
100098,2652,2024-01-11 15:04:07,canceled,credit_card,,0.0,2024-01,2024,1
100099,1915,2024-01-11 16:16:04,completed,gift_card,,0.0,2024-01,2024,1
100100,307,2024-01-11 16:42:46,completed,credit_card,,0.0,2024-01,2024,1
100101,735,2024-01-11 18:56:02,completed,credit_card,,0.0,2024-01,2024,1
100102,735,2024-01-11 19:12:26,completed,credit_card,,0.0,2024-01,2024,1
100103,3452,2024-01-11 19:41:54,completed,paypal,,6.95,2024-01,2024,1
100104,3531,2024-01-11 19:56:40,completed,paypal,,0.0,2024-01,2024,1
100105,898,2024-01-11 21:13:30,completed,paypal,,0.0,2024-01,2024,1
100106,1454,2024-01-12 07:11:58,completed,credit_card,,0.0,2024-01,2024,1
100107,1915,2024-01-12 09:58:50,completed,credit_card,,0.0,2024-01,2024,1
100108,3520,2024-01-12 10:24:07,completed,paypal,,0.0,2024-01,2024,1
100109,2412,2024-01-12 10:54:38,completed,apple_pay,,0.0,2024-01,2024,1
100110,1046,2024-01-12 13:12:52,completed,credit_card,,0.0,2024-01,2024,1
100111,18,2024-01-12 16:10:49,completed,apple_pay,,0.0,2024-01,2024,1
100112,422,2024-01-12 16:15:19,completed,apple_pay,,0.0,2024-01,2024,1
100113,249,2024-01-12 16:26:05,completed,paypal,,0.0,2024-01,2024,1
100114,3565,2024-01-12 18:19:46,completed,paypal,,0.0,2024-01,2024,1
100115,422,2024-01-12 20:43:18,completed,paypal,,6.95,2024-01,2024,1
100116,2652,2024-01-12 23:20:59,completed,credit_card,,0.0,2024-01,2024,1
100117,3250,2024-01-13 06:39:17,completed,credit_card,,6.95,2024-01,2024,1
100118,2018,2024-01-13 09:36:47,completed,credit_card,,6.95,2024-01,2024,1
100119,745,2024-01-13 10:27:50,completed,credit_card,,0.0,2024-01,2024,1
100120,307,2024-01-13 18:14:33,completed,paypal,,0.0,2024-01,2024,1
100121,1530,2024-01-13 18:34:54,completed,gift_card,,0.0,2024-01,2024,1
100122,1915,2024-01-13 21:36:41,completed,credit_card,,0.0,2024-01,2024,1
100123,2863,2024-01-14 06:15:13,completed,credit_card,,0.0,2024-01,2024,1
100124,2577,2024-01-14 10:12:25,completed,credit_card,,0.0,2024-01,2024,1
100125,506,2024-01-14 11:11:25,completed,paypal,,0.0,2024-01,2024,1
100126,745,2024-01-14 14:11:54,completed,credit_card,,6.95,2024-01,2024,1
100127,2801,2024-01-14 14:13:40,completed,credit_card,,0.0,2024-01,2024,1
100128,1179,2024-01-14 14:55:58,completed,paypal,,6.95,2024-01,2024,1
100129,1355,2024-01-14 18:01:28,completed,apple_pay,,0.0,2024-01,2024,1
100130,3549,2024-01-14 19:13:27,completed,credit_card,,0.0,2024-01,2024,1
107012,870,2025-08-12 10:39:49,completed,apple_pay,,0.0,2025-08,2025,8
100131,1355,2024-01-14 19:31:48,completed,credit_card,,0.0,2024-01,2024,1
100132,2577,2024-01-14 21:30:16,completed,credit_card,,0.0,2024-01,2024,1
100133,3007,2024-01-14 23:36:11,completed,credit_card,,0.0,2024-01,2024,1
100134,3520,2024-01-14 23:41:58,completed,gift_card,,0.0,2024-01,2024,1
100135,1979,2024-01-15 08:47:35,completed,credit_card,,0.0,2024-01,2024,1
100136,249,2024-01-15 09:49:30,completed,credit_card,,0.0,2024-01,2024,1
100137,3452,2024-01-15 10:27:31,completed,credit_card,,0.0,2024-01,2024,1
100138,424,2024-01-15 10:36:20,completed,credit_card,,0.0,2024-01,2024,1
100139,3260,2024-01-15 11:13:14,completed,credit_card,,6.95,2024-01,2024,1
100140,1969,2024-01-15 16:47:28,completed,credit_card,,0.0,2024-01,2024,1
100141,399,2024-01-15 17:00:26,completed,credit_card,,0.0,2024-01,2024,1
100142,3093,2024-01-15 20:40:25,completed,paypal,,0.0,2024-01,2024,1
100143,1276,2024-01-15 21:02:42,completed,apple_pay,,0.0,2024-01,2024,1
100144,226,2024-01-15 22:12:52,completed,gift_card,,6.95,2024-01,2024,1
100145,1454,2024-01-16 12:46:28,completed,apple_pay,,0.0,2024-01,2024,1
100146,163,2024-01-16 17:32:11,completed,credit_card,,0.0,2024-01,2024,1
100147,2221,2024-01-16 17:52:59,completed,apple_pay,,0.0,2024-01,2024,1
100148,424,2024-01-16 20:58:04,completed,credit_card,,0.0,2024-01,2024,1
100149,2221,2024-01-16 23:28:30,completed,credit_card,,0.0,2024-01,2024,1
100150,1867,2024-01-17 06:32:46,completed,apple_pay,,0.0,2024-01,2024,1
100151,572,2024-01-17 07:47:21,completed,credit_card,,0.0,2024-01,2024,1
100152,745,2024-01-17 16:36:43,completed,apple_pay,,6.95,2024-01,2024,1
100153,2221,2024-01-17 18:36:34,completed,credit_card,,0.0,2024-01,2024,1
100154,1915,2024-01-17 19:52:04,completed,credit_card,,0.0,2024-01,2024,1
100155,1800,2024-01-17 21:15:58,completed,apple_pay,,6.95,2024-01,2024,1
100156,1915,2024-01-17 22:22:33,completed,paypal,,0.0,2024-01,2024,1
100157,1355,2024-01-17 23:03:49,completed,paypal,,0.0,2024-01,2024,1
100158,572,2024-01-17 23:38:39,completed,credit_card,,0.0,2024-01,2024,1
100159,511,2024-01-18 09:42:01,completed,apple_pay,,6.95,2024-01,2024,1
100160,686,2024-01-18 10:28:10,completed,apple_pay,,0.0,2024-01,2024,1
100161,1355,2024-01-18 10:50:09,completed,credit_card,,0.0,2024-01,2024,1
100162,3250,2024-01-18 15:35:03,completed,credit_card,,0.0,2024-01,2024,1
100163,542,2024-01-18 17:11:04,canceled,apple_pay,,0.0,2024-01,2024,1
100164,2837,2024-01-18 17:54:54,completed,credit_card,,0.0,2024-01,2024,1
100165,307,2024-01-18 20:24:05,completed,credit_card,welcome10,0.0,2024-01,2024,1
100166,2409,2024-01-18 21:51:04,completed,credit_card,,0.0,2024-01,2024,1
100167,1579,2024-01-19 06:21:26,completed,paypal,,0.0,2024-01,2024,1
100168,904,2024-01-19 06:50:01,completed,credit_card,,0.0,2024-01,2024,1
100169,3531,2024-01-19 18:34:58,completed,credit_card,,6.95,2024-01,2024,1
100170,1454,2024-01-19 18:38:28,completed,credit_card,,0.0,2024-01,2024,1
100171,3501,2024-01-19 21:53:46,completed,credit_card,,6.95,2024-01,2024,1
100172,1292,2024-01-19 22:45:12,completed,credit_card,,0.0,2024-01,2024,1
100173,1709,2024-01-20 09:17:36,completed,apple_pay,,0.0,2024-01,2024,1
100174,445,2024-01-20 14:48:53,completed,credit_card,,0.0,2024-01,2024,1
100175,2577,2024-01-20 19:23:06,completed,apple_pay,,6.95,2024-01,2024,1
100176,550,2024-01-20 20:02:21,completed,credit_card,,6.95,2024-01,2024,1
100177,445,2024-01-20 20:38:49,completed,credit_card,,0.0,2024-01,2024,1
100178,1915,2024-01-20 21:57:59,completed,credit_card,,0.0,2024-01,2024,1
100179,1876,2024-01-20 23:45:16,completed,apple_pay,,6.95,2024-01,2024,1
100180,2007,2024-01-21 06:55:34,completed,credit_card,,0.0,2024-01,2024,1
100181,1110,2024-01-21 09:58:48,completed,paypal,,0.0,2024-01,2024,1
100182,226,2024-01-21 14:27:54,completed,credit_card,welcome10,6.95,2024-01,2024,1
100183,572,2024-01-21 15:34:29,completed,credit_card,,6.95,2024-01,2024,1
100184,3531,2024-01-21 17:02:19,completed,apple_pay,,0.0,2024-01,2024,1
100185,735,2024-01-21 17:45:09,canceled,apple_pay,,0.0,2024-01,2024,1
100186,2337,2024-01-21 17:57:18,completed,paypal,,6.95,2024-01,2024,1
100187,550,2024-01-21 18:19:04,completed,gift_card,,0.0,2024-01,2024,1
100188,89,2024-01-21 20:14:07,returned,paypal,,0.0,2024-01,2024,1
100189,1077,2024-01-21 21:17:13,completed,credit_card,,0.0,2024-01,2024,1
100190,3114,2024-01-21 23:19:48,completed,credit_card,,0.0,2024-01,2024,1
100191,1579,2024-01-22 06:58:00,completed,credit_card,,0.0,2024-01,2024,1
100192,2778,2024-01-22 07:31:29,returned,gift_card,,0.0,2024-01,2024,1
100193,1077,2024-01-22 09:00:25,completed,credit_card,,0.0,2024-01,2024,1
100194,1656,2024-01-22 09:59:03,completed,credit_card,,0.0,2024-01,2024,1
100195,3452,2024-01-22 10:28:25,completed,paypal,,0.0,2024-01,2024,1
100196,1579,2024-01-22 13:45:07,completed,paypal,,0.0,2024-01,2024,1
100197,725,2024-01-22 15:46:11,completed,apple_pay,,0.0,2024-01,2024,1
100198,2879,2024-01-22 19:16:40,completed,paypal,,0.0,2024-01,2024,1
100199,602,2024-01-22 19:36:40,completed,paypal,,0.0,2024-01,2024,1
100200,2577,2024-01-23 07:19:37,completed,credit_card,,0.0,2024-01,2024,1
100201,1355,2024-01-23 09:08:49,completed,paypal,,6.95,2024-01,2024,1
100202,735,2024-01-23 10:40:51,completed,paypal,,6.95,2024-01,2024,1
100203,1330,2024-01-23 12:11:28,completed,credit_card,,0.0,2024-01,2024,1
100204,2778,2024-01-23 18:15:24,completed,credit_card,,6.95,2024-01,2024,1
100205,735,2024-01-23 19:56:23,completed,credit_card,welcome10,6.95,2024-01,2024,1
100206,2995,2024-01-23 20:40:52,completed,credit_card,,0.0,2024-01,2024,1
100207,3460,2024-01-23 22:04:57,completed,apple_pay,,0.0,2024-01,2024,1
100208,2772,2024-01-23 22:30:44,canceled,credit_card,,0.0,2024-01,2024,1
100209,2221,2024-01-23 23:25:40,completed,credit_card,,0.0,2024-01,2024,1
100210,2577,2024-01-24 11:11:46,completed,credit_card,,6.95,2024-01,2024,1
100211,2221,2024-01-24 11:51:18,completed,credit_card,,6.95,2024-01,2024,1
100212,1432,2024-01-24 13:07:58,completed,credit_card,,0.0,2024-01,2024,1
100213,2221,2024-01-24 14:20:05,completed,credit_card,,0.0,2024-01,2024,1
100214,2412,2024-01-24 15:04:31,completed,credit_card,,0.0,2024-01,2024,1
100215,2211,2024-01-24 16:13:59,completed,gift_card,,0.0,2024-01,2024,1
100216,3452,2024-01-24 17:40:27,completed,credit_card,,6.95,2024-01,2024,1
100217,399,2024-01-24 18:07:10,completed,credit_card,,0.0,2024-01,2024,1
100218,2801,2024-01-24 18:20:03,completed,credit_card,,0.0,2024-01,2024,1
100219,724,2024-01-24 19:35:46,completed,apple_pay,,0.0,2024-01,2024,1
100220,464,2024-01-24 19:45:44,completed,paypal,,6.95,2024-01,2024,1
100221,3332,2024-01-24 21:15:37,completed,credit_card,,6.95,2024-01,2024,1
100222,3007,2024-01-24 21:45:47,completed,credit_card,,0.0,2024-01,2024,1
100223,1709,2024-01-25 06:01:29,completed,credit_card,,0.0,2024-01,2024,1
100224,748,2024-01-25 07:01:11,completed,paypal,,6.95,2024-01,2024,1
100225,1113,2024-01-25 08:21:15,completed,credit_card,,6.95,2024-01,2024,1
100226,840,2024-01-25 08:27:32,completed,credit_card,,6.95,2024-01,2024,1
100227,1375,2024-01-25 09:53:10,returned,credit_card,,0.0,2024-01,2024,1
100228,287,2024-01-25 10:13:26,completed,paypal,,0.0,2024-01,2024,1
100229,3571,2024-01-25 15:39:14,completed,credit_card,,0.0,2024-01,2024,1
100230,394,2024-01-25 16:56:56,completed,credit_card,,0.0,2024-01,2024,1
100231,2412,2024-01-25 22:36:22,canceled,credit_card,welcome10,6.95,2024-01,2024,1
100232,572,2024-01-25 23:30:47,completed,apple_pay,,0.0,2024-01,2024,1
100233,1579,2024-01-26 08:32:46,completed,paypal,,6.95,2024-01,2024,1
100234,3250,2024-01-26 08:54:30,completed,credit_card,,0.0,2024-01,2024,1
100235,1110,2024-01-26 09:01:38,completed,apple_pay,,0.0,2024-01,2024,1
100236,604,2024-01-26 09:05:57,completed,credit_card,,0.0,2024-01,2024,1
100237,1179,2024-01-26 13:19:26,completed,paypal,,6.95,2024-01,2024,1
100238,249,2024-01-26 14:29:51,completed,paypal,,0.0,2024-01,2024,1
100239,1951,2024-01-26 14:50:45,completed,credit_card,,0.0,2024-01,2024,1
100240,3531,2024-01-26 16:09:33,completed,credit_card,,0.0,2024-01,2024,1
100241,1936,2024-01-26 17:57:43,completed,gift_card,,6.95,2024-01,2024,1
100242,987,2024-01-26 18:31:04,completed,credit_card,,0.0,2024-01,2024,1
100243,1053,2024-01-27 08:46:14,completed,credit_card,,0.0,2024-01,2024,1
100244,3531,2024-01-27 09:13:17,completed,paypal,,0.0,2024-01,2024,1
100245,1579,2024-01-27 09:48:49,completed,apple_pay,,0.0,2024-01,2024,1
100246,3531,2024-01-27 11:26:45,completed,apple_pay,,0.0,2024-01,2024,1
100247,2192,2024-01-27 13:28:22,completed,apple_pay,,6.95,2024-01,2024,1
100248,686,2024-01-27 17:01:36,completed,paypal,,0.0,2024-01,2024,1
100249,797,2024-01-27 17:43:09,completed,credit_card,,0.0,2024-01,2024,1
100250,1113,2024-01-27 18:54:56,canceled,paypal,,0.0,2024-01,2024,1
100251,3320,2024-01-27 19:48:42,completed,credit_card,,6.95,2024-01,2024,1
100252,1351,2024-01-28 08:20:05,completed,credit_card,,0.0,2024-01,2024,1
100253,1936,2024-01-28 10:32:46,completed,paypal,,0.0,2024-01,2024,1
100254,3093,2024-01-28 11:53:41,completed,credit_card,,0.0,2024-01,2024,1
100255,92,2024-01-28 16:08:51,canceled,credit_card,,0.0,2024-01,2024,1
100256,1579,2024-01-28 16:36:41,completed,credit_card,,0.0,2024-01,2024,1
100257,2313,2024-01-28 17:31:57,canceled,paypal,,0.0,2024-01,2024,1
100258,307,2024-01-28 19:11:21,completed,paypal,,0.0,2024-01,2024,1
100259,1891,2024-01-28 22:29:20,completed,credit_card,,0.0,2024-01,2024,1
100260,738,2024-01-28 23:07:41,completed,credit_card,,0.0,2024-01,2024,1
100261,604,2024-01-29 06:31:00,completed,gift_card,,0.0,2024-01,2024,1
100262,343,2024-01-29 10:18:11,completed,credit_card,,0.0,2024-01,2024,1
100263,604,2024-01-29 13:20:32,completed,paypal,,0.0,2024-01,2024,1
100264,2995,2024-01-29 18:09:15,completed,credit_card,,0.0,2024-01,2024,1
100265,602,2024-01-29 18:57:25,completed,credit_card,,6.95,2024-01,2024,1
100266,1756,2024-01-29 19:26:22,completed,credit_card,,0.0,2024-01,2024,1
100267,1752,2024-01-29 21:12:06,completed,credit_card,,0.0,2024-01,2024,1
100268,1355,2024-01-29 23:35:30,completed,paypal,,0.0,2024-01,2024,1
100269,2221,2024-01-30 08:12:29,completed,gift_card,,0.0,2024-01,2024,1
100270,3571,2024-01-30 14:31:46,completed,paypal,,6.95,2024-01,2024,1
100271,2652,2024-01-30 19:30:56,completed,paypal,,0.0,2024-01,2024,1
100272,3531,2024-01-30 20:23:46,completed,credit_card,welcome10,6.95,2024-01,2024,1
100273,1375,2024-01-30 21:52:29,completed,gift_card,,0.0,2024-01,2024,1
100274,904,2024-01-30 21:53:16,completed,credit_card,,6.95,2024-01,2024,1
100275,424,2024-01-30 22:27:21,completed,credit_card,,0.0,2024-01,2024,1
100276,1209,2024-01-31 10:54:54,returned,credit_card,,6.95,2024-01,2024,1
100277,1454,2024-01-31 11:49:33,completed,paypal,,0.0,2024-01,2024,1
100278,1915,2024-01-31 12:49:38,completed,apple_pay,,6.95,2024-01,2024,1
100279,3233,2024-01-31 12:50:41,completed,paypal,,0.0,2024-01,2024,1
100280,2221,2024-01-31 14:03:17,completed,paypal,,0.0,2024-01,2024,1
100281,2211,2024-01-31 15:52:47,completed,credit_card,,6.95,2024-01,2024,1
100282,510,2024-01-31 16:30:48,completed,paypal,,0.0,2024-01,2024,1
100283,1936,2024-01-31 17:34:06,completed,credit_card,,0.0,2024-01,2024,1
100284,1010,2024-01-31 17:54:36,completed,paypal,,6.95,2024-01,2024,1
100285,2577,2024-01-31 19:17:04,completed,apple_pay,,0.0,2024-01,2024,1
100286,1303,2024-01-31 19:51:37,completed,credit_card,,0.0,2024-01,2024,1
100287,2192,2024-01-31 21:23:07,completed,gift_card,,0.0,2024-01,2024,1
100288,1351,2024-02-01 06:33:23,completed,apple_pay,,0.0,2024-02,2024,2
100289,3057,2024-02-01 06:50:30,completed,credit_card,,0.0,2024-02,2024,2
100290,3531,2024-02-01 15:55:25,completed,credit_card,,0.0,2024-02,2024,2
100291,1330,2024-02-01 17:42:35,completed,credit_card,,0.0,2024-02,2024,2
100292,3044,2024-02-01 18:09:34,returned,paypal,,6.95,2024-02,2024,2
100293,735,2024-02-01 19:29:23,completed,credit_card,,0.0,2024-02,2024,2
100294,2669,2024-02-01 21:12:27,completed,credit_card,,0.0,2024-02,2024,2
100295,1084,2024-02-01 21:33:21,completed,apple_pay,,6.95,2024-02,2024,2
100296,1113,2024-02-02 08:06:14,completed,credit_card,,6.95,2024-02,2024,2
100297,1752,2024-02-02 11:46:09,completed,paypal,,0.0,2024-02,2024,2
100298,2652,2024-02-02 15:10:35,completed,paypal,,6.95,2024-02,2024,2
100299,745,2024-02-02 19:02:35,completed,credit_card,,6.95,2024-02,2024,2
100300,830,2024-02-02 19:04:25,completed,apple_pay,welcome10,6.95,2024-02,2024,2
100301,1876,2024-02-02 23:01:36,completed,paypal,,0.0,2024-02,2024,2
100302,2995,2024-02-03 07:52:26,completed,paypal,,6.95,2024-02,2024,2
100303,853,2024-02-03 08:33:22,completed,apple_pay,,0.0,2024-02,2024,2
100304,2801,2024-02-03 10:00:20,completed,credit_card,,0.0,2024-02,2024,2
100305,66,2024-02-03 10:06:15,completed,paypal,,0.0,2024-02,2024,2
100306,1454,2024-02-03 10:47:41,completed,gift_card,,6.95,2024-02,2024,2
100307,48,2024-02-03 11:27:07,completed,apple_pay,,0.0,2024-02,2024,2
100308,3531,2024-02-03 12:49:50,completed,credit_card,,0.0,2024-02,2024,2
100309,48,2024-02-03 14:46:54,completed,credit_card,,6.95,2024-02,2024,2
106199,3072,2025-06-09 23:50:03,completed,credit_card,,6.95,2025-06,2025,6
100310,1994,2024-02-03 18:37:20,completed,paypal,,0.0,2024-02,2024,2
100311,572,2024-02-03 19:22:47,completed,credit_card,,0.0,2024-02,2024,2
100312,1046,2024-02-03 19:44:48,completed,paypal,,0.0,2024-02,2024,2
100313,445,2024-02-03 20:12:57,completed,apple_pay,,0.0,2024-02,2024,2
100314,1656,2024-02-03 20:33:35,completed,credit_card,,0.0,2024-02,2024,2
100315,745,2024-02-03 22:01:23,completed,credit_card,,0.0,2024-02,2024,2
100316,2165,2024-02-04 07:02:45,completed,credit_card,,0.0,2024-02,2024,2
100317,1891,2024-02-04 07:15:45,completed,paypal,,0.0,2024-02,2024,2
100318,3250,2024-02-04 13:01:55,completed,gift_card,,6.95,2024-02,2024,2
100319,3320,2024-02-04 14:00:52,returned,credit_card,,0.0,2024-02,2024,2
100320,2863,2024-02-04 15:30:38,completed,credit_card,,6.95,2024-02,2024,2
100321,1915,2024-02-04 15:49:22,completed,credit_card,,0.0,2024-02,2024,2
100322,1276,2024-02-04 16:32:20,completed,credit_card,,6.95,2024-02,2024,2
100323,2192,2024-02-04 21:35:00,completed,apple_pay,,0.0,2024-02,2024,2
100324,1047,2024-02-04 23:28:42,completed,credit_card,welcome10,0.0,2024-02,2024,2
100325,1752,2024-02-05 07:48:32,completed,apple_pay,,6.95,2024-02,2024,2
100326,3250,2024-02-05 08:55:14,completed,apple_pay,,6.95,2024-02,2024,2
100327,249,2024-02-05 09:27:44,completed,credit_card,welcome10,0.0,2024-02,2024,2
100328,1292,2024-02-05 11:07:47,canceled,paypal,,0.0,2024-02,2024,2
100329,572,2024-02-05 13:58:30,completed,credit_card,,6.95,2024-02,2024,2
100330,3009,2024-02-05 17:39:19,completed,gift_card,,6.95,2024-02,2024,2
100331,1192,2024-02-05 18:53:14,completed,paypal,,0.0,2024-02,2024,2
100332,885,2024-02-05 19:05:40,completed,apple_pay,,0.0,2024-02,2024,2
100333,3531,2024-02-05 19:06:30,completed,apple_pay,,0.0,2024-02,2024,2
100334,3565,2024-02-05 19:54:51,completed,credit_card,,0.0,2024-02,2024,2
100335,1915,2024-02-06 10:09:31,completed,paypal,,0.0,2024-02,2024,2
100336,853,2024-02-06 11:01:51,completed,apple_pay,welcome10,0.0,2024-02,2024,2
100337,3571,2024-02-06 13:52:18,completed,paypal,,0.0,2024-02,2024,2
100338,840,2024-02-06 16:56:51,completed,paypal,,0.0,2024-02,2024,2
100339,2577,2024-02-06 17:25:12,completed,credit_card,,0.0,2024-02,2024,2
100340,3007,2024-02-06 17:47:09,completed,paypal,,0.0,2024-02,2024,2
100341,38,2024-02-06 20:19:50,completed,credit_card,,0.0,2024-02,2024,2
100342,3260,2024-02-06 21:11:44,completed,credit_card,,0.0,2024-02,2024,2
100343,3277,2024-02-06 21:30:41,completed,credit_card,,0.0,2024-02,2024,2
100344,1945,2024-02-06 21:36:07,completed,apple_pay,,0.0,2024-02,2024,2
100345,3565,2024-02-06 23:00:56,completed,gift_card,,0.0,2024-02,2024,2
100346,2718,2024-02-07 06:54:58,completed,credit_card,,0.0,2024-02,2024,2
100347,3531,2024-02-07 09:33:46,completed,paypal,welcome10,0.0,2024-02,2024,2
100348,3114,2024-02-07 09:47:11,completed,paypal,,0.0,2024-02,2024,2
100349,572,2024-02-07 12:49:43,completed,paypal,,0.0,2024-02,2024,2
100350,2652,2024-02-07 14:23:43,completed,credit_card,,0.0,2024-02,2024,2
100351,550,2024-02-07 15:52:58,completed,credit_card,,0.0,2024-02,2024,2
100352,3531,2024-02-07 16:44:57,completed,credit_card,,0.0,2024-02,2024,2
100353,2007,2024-02-07 17:44:27,completed,apple_pay,,0.0,2024-02,2024,2
100354,1454,2024-02-07 20:33:56,completed,paypal,welcome10,0.0,2024-02,2024,2
100355,604,2024-02-07 23:03:53,completed,credit_card,,0.0,2024-02,2024,2
100356,2439,2024-02-07 23:48:34,completed,apple_pay,,0.0,2024-02,2024,2
100357,3007,2024-02-08 07:11:50,completed,credit_card,,0.0,2024-02,2024,2
100358,885,2024-02-08 08:40:00,completed,credit_card,,0.0,2024-02,2024,2
100359,396,2024-02-08 11:55:24,completed,paypal,,0.0,2024-02,2024,2
100360,1113,2024-02-08 13:25:26,completed,credit_card,,6.95,2024-02,2024,2
100361,48,2024-02-08 15:58:41,completed,credit_card,,0.0,2024-02,2024,2
100362,1891,2024-02-08 17:50:40,completed,paypal,,0.0,2024-02,2024,2
100363,2908,2024-02-08 18:59:21,completed,apple_pay,,0.0,2024-02,2024,2
100364,840,2024-02-08 22:58:41,completed,credit_card,,0.0,2024-02,2024,2
100365,3260,2024-02-08 23:04:51,completed,apple_pay,,0.0,2024-02,2024,2
100366,2577,2024-02-09 08:10:47,completed,apple_pay,,0.0,2024-02,2024,2
100367,853,2024-02-09 11:17:54,completed,paypal,,0.0,2024-02,2024,2
100368,2439,2024-02-09 14:10:55,completed,credit_card,,0.0,2024-02,2024,2
100369,904,2024-02-09 14:42:09,completed,credit_card,,0.0,2024-02,2024,2
100370,731,2024-02-09 15:14:22,completed,credit_card,,0.0,2024-02,2024,2
100371,3531,2024-02-09 16:51:23,completed,credit_card,,0.0,2024-02,2024,2
100372,1355,2024-02-09 20:52:37,completed,credit_card,,0.0,2024-02,2024,2
100373,748,2024-02-10 06:31:40,completed,apple_pay,,0.0,2024-02,2024,2
100374,399,2024-02-10 08:43:20,completed,credit_card,,0.0,2024-02,2024,2
100375,738,2024-02-10 10:03:50,completed,credit_card,,0.0,2024-02,2024,2
100376,2439,2024-02-10 11:41:13,completed,credit_card,,0.0,2024-02,2024,2
100377,1179,2024-02-10 14:54:17,completed,paypal,,0.0,2024-02,2024,2
100378,2412,2024-02-10 17:30:24,completed,apple_pay,,0.0,2024-02,2024,2
100379,249,2024-02-10 17:51:08,completed,credit_card,,0.0,2024-02,2024,2
100380,2778,2024-02-10 18:38:59,completed,credit_card,,0.0,2024-02,2024,2
100381,1209,2024-02-10 18:39:56,completed,credit_card,,6.95,2024-02,2024,2
100382,3114,2024-02-11 06:11:54,completed,paypal,,6.95,2024-02,2024,2
100383,48,2024-02-11 06:22:28,completed,paypal,,0.0,2024-02,2024,2
100384,2221,2024-02-11 06:54:40,completed,credit_card,,0.0,2024-02,2024,2
100385,904,2024-02-11 07:58:00,completed,credit_card,,6.95,2024-02,2024,2
100386,2412,2024-02-11 08:17:30,completed,apple_pay,,6.95,2024-02,2024,2
100387,3452,2024-02-11 09:48:49,completed,gift_card,,6.95,2024-02,2024,2
100388,904,2024-02-11 13:08:19,canceled,credit_card,,0.0,2024-02,2024,2
100389,1876,2024-02-11 16:03:51,completed,credit_card,,0.0,2024-02,2024,2
100390,57,2024-02-11 18:31:42,completed,credit_card,,0.0,2024-02,2024,2
100391,1077,2024-02-11 20:22:33,completed,apple_pay,,0.0,2024-02,2024,2
100392,735,2024-02-11 20:43:55,completed,credit_card,,0.0,2024-02,2024,2
100393,1826,2024-02-11 20:50:21,completed,credit_card,,0.0,2024-02,2024,2
100394,2995,2024-02-11 21:34:15,completed,paypal,welcome10,0.0,2024-02,2024,2
100395,2007,2024-02-11 23:45:19,completed,apple_pay,,0.0,2024-02,2024,2
100396,1915,2024-02-12 07:12:17,completed,apple_pay,,0.0,2024-02,2024,2
100397,445,2024-02-12 08:25:01,completed,credit_card,,0.0,2024-02,2024,2
100398,3260,2024-02-12 12:10:46,completed,paypal,,0.0,2024-02,2024,2
100399,1891,2024-02-12 12:17:10,completed,credit_card,,0.0,2024-02,2024,2
100400,3531,2024-02-12 12:52:40,completed,paypal,,0.0,2024-02,2024,2
100401,18,2024-02-12 14:23:50,completed,apple_pay,,0.0,2024-02,2024,2
100402,550,2024-02-12 15:15:28,completed,apple_pay,,0.0,2024-02,2024,2
100403,2837,2024-02-12 15:44:06,completed,credit_card,,6.95,2024-02,2024,2
100404,2211,2024-02-12 16:17:46,canceled,apple_pay,,6.95,2024-02,2024,2
100405,3549,2024-02-12 16:32:31,returned,credit_card,,0.0,2024-02,2024,2
100406,424,2024-02-12 18:26:14,completed,credit_card,welcome10,6.95,2024-02,2024,2
100407,2751,2024-02-12 19:56:12,completed,paypal,,0.0,2024-02,2024,2
100408,2221,2024-02-12 22:28:04,completed,paypal,,0.0,2024-02,2024,2
100409,1579,2024-02-12 23:03:42,completed,credit_card,,0.0,2024-02,2024,2
100410,2995,2024-02-13 07:34:59,completed,credit_card,,0.0,2024-02,2024,2
100411,2313,2024-02-13 07:47:33,completed,credit_card,,0.0,2024-02,2024,2
100412,738,2024-02-13 15:12:25,completed,paypal,,0.0,2024-02,2024,2
100413,898,2024-02-13 17:03:25,completed,paypal,,0.0,2024-02,2024,2
100414,920,2024-02-13 17:38:47,completed,apple_pay,,0.0,2024-02,2024,2
100415,735,2024-02-13 17:42:34,completed,apple_pay,,0.0,2024-02,2024,2
100416,3231,2024-02-13 18:18:33,completed,credit_card,,0.0,2024-02,2024,2
100417,2718,2024-02-13 20:56:52,completed,paypal,,6.95,2024-02,2024,2
100418,3233,2024-02-13 23:27:28,completed,credit_card,,0.0,2024-02,2024,2
100419,506,2024-02-14 07:04:43,completed,apple_pay,,6.95,2024-02,2024,2
100420,2652,2024-02-14 07:05:15,completed,credit_card,,0.0,2024-02,2024,2
100421,602,2024-02-14 07:25:47,completed,credit_card,,0.0,2024-02,2024,2
100422,1209,2024-02-14 09:03:58,completed,credit_card,,6.95,2024-02,2024,2
100423,1709,2024-02-14 10:22:03,completed,paypal,,6.95,2024-02,2024,2
100424,550,2024-02-14 11:49:32,completed,apple_pay,,6.95,2024-02,2024,2
100425,2439,2024-02-14 13:36:32,completed,paypal,,0.0,2024-02,2024,2
100426,2150,2024-02-14 14:00:40,completed,paypal,,0.0,2024-02,2024,2
100427,343,2024-02-14 14:44:16,completed,apple_pay,,0.0,2024-02,2024,2
100428,1355,2024-02-14 15:36:42,completed,paypal,,0.0,2024-02,2024,2
100429,1579,2024-02-14 19:05:34,completed,credit_card,,0.0,2024-02,2024,2
100430,830,2024-02-14 20:19:01,completed,paypal,,0.0,2024-02,2024,2
100431,2465,2024-02-14 23:23:12,completed,credit_card,,0.0,2024-02,2024,2
100432,307,2024-02-15 09:19:12,completed,credit_card,,0.0,2024-02,2024,2
100433,2995,2024-02-15 10:09:48,completed,apple_pay,,0.0,2024-02,2024,2
100434,3114,2024-02-15 13:28:39,completed,credit_card,,0.0,2024-02,2024,2
100435,2396,2024-02-15 14:35:05,completed,apple_pay,,0.0,2024-02,2024,2
100436,830,2024-02-16 06:43:33,completed,credit_card,,0.0,2024-02,2024,2
100437,1454,2024-02-16 08:42:08,completed,credit_card,,0.0,2024-02,2024,2
100438,2778,2024-02-16 10:07:20,completed,paypal,,0.0,2024-02,2024,2
100439,3495,2024-02-16 10:35:18,canceled,credit_card,,0.0,2024-02,2024,2
100440,735,2024-02-16 11:24:41,completed,credit_card,,0.0,2024-02,2024,2
100441,686,2024-02-16 12:41:11,canceled,credit_card,,6.95,2024-02,2024,2
100442,2517,2024-02-16 18:16:02,completed,paypal,,0.0,2024-02,2024,2
100443,1148,2024-02-16 19:02:35,completed,credit_card,,0.0,2024-02,2024,2
100444,2221,2024-02-16 19:21:39,completed,credit_card,,0.0,2024-02,2024,2
100445,2412,2024-02-16 20:55:26,completed,credit_card,,6.95,2024-02,2024,2
100446,3033,2024-02-16 21:25:31,completed,credit_card,welcome10,0.0,2024-02,2024,2
100447,1077,2024-02-16 22:25:07,completed,gift_card,,0.0,2024-02,2024,2
100448,1077,2024-02-16 22:27:32,completed,apple_pay,,0.0,2024-02,2024,2
100449,1876,2024-02-16 23:08:35,completed,credit_card,,0.0,2024-02,2024,2
100450,3057,2024-02-16 23:09:59,completed,gift_card,,0.0,2024-02,2024,2
100451,3501,2024-02-17 07:14:46,completed,credit_card,,0.0,2024-02,2024,2
100452,1375,2024-02-17 10:48:32,completed,credit_card,,0.0,2024-02,2024,2
100453,1192,2024-02-17 11:17:32,completed,paypal,,0.0,2024-02,2024,2
100454,48,2024-02-17 11:59:26,completed,credit_card,,0.0,2024-02,2024,2
100455,738,2024-02-17 12:14:01,completed,credit_card,,0.0,2024-02,2024,2
100456,3520,2024-02-17 12:26:55,completed,paypal,,0.0,2024-02,2024,2
100457,2728,2024-02-17 13:56:04,completed,paypal,,0.0,2024-02,2024,2
100458,3381,2024-02-17 14:14:54,completed,credit_card,,0.0,2024-02,2024,2
100459,396,2024-02-17 15:15:45,completed,credit_card,,0.0,2024-02,2024,2
100460,1091,2024-02-17 17:47:48,completed,credit_card,welcome10,0.0,2024-02,2024,2
100461,830,2024-02-17 18:53:30,completed,credit_card,,0.0,2024-02,2024,2
100462,66,2024-02-17 20:03:56,completed,apple_pay,,0.0,2024-02,2024,2
100463,445,2024-02-17 22:29:01,completed,credit_card,welcome10,0.0,2024-02,2024,2
100464,48,2024-02-18 08:41:12,completed,credit_card,,6.95,2024-02,2024,2
100465,1756,2024-02-18 09:27:53,completed,credit_card,,6.95,2024-02,2024,2
100466,445,2024-02-18 10:28:08,completed,credit_card,,0.0,2024-02,2024,2
100467,1876,2024-02-18 12:45:56,completed,apple_pay,welcome10,6.95,2024-02,2024,2
100468,2904,2024-02-18 17:21:04,completed,credit_card,,0.0,2024-02,2024,2
100469,1876,2024-02-18 17:36:42,completed,paypal,,0.0,2024-02,2024,2
100470,2629,2024-02-18 19:13:08,completed,credit_card,,0.0,2024-02,2024,2
100471,1209,2024-02-18 19:55:05,completed,apple_pay,,0.0,2024-02,2024,2
100472,511,2024-02-18 20:11:25,completed,paypal,,0.0,2024-02,2024,2
100473,1929,2024-02-18 22:53:16,completed,credit_card,,0.0,2024-02,2024,2
100474,1876,2024-02-19 06:59:11,completed,credit_card,,0.0,2024-02,2024,2
100475,343,2024-02-19 11:31:53,completed,credit_card,,0.0,2024-02,2024,2
100476,3452,2024-02-19 11:52:31,completed,credit_card,,0.0,2024-02,2024,2
100477,3454,2024-02-19 13:03:34,completed,credit_card,,0.0,2024-02,2024,2
104695,443,2025-02-14 11:56:23,completed,credit_card,,0.0,2025-02,2025,2
100478,1891,2024-02-19 15:40:39,completed,credit_card,,0.0,2024-02,2024,2
100479,1209,2024-02-19 16:41:55,completed,credit_card,,0.0,2024-02,2024,2
100480,572,2024-02-19 19:49:21,completed,paypal,,0.0,2024-02,2024,2
100481,307,2024-02-19 21:16:16,completed,apple_pay,,0.0,2024-02,2024,2
100482,3260,2024-02-20 07:44:31,completed,credit_card,,0.0,2024-02,2024,2
100483,1929,2024-02-20 08:03:27,completed,paypal,,0.0,2024-02,2024,2
100484,1110,2024-02-20 08:28:37,completed,credit_card,,0.0,2024-02,2024,2
100485,1951,2024-02-20 09:09:05,completed,credit_card,,0.0,2024-02,2024,2
100486,2801,2024-02-20 11:42:43,completed,paypal,,0.0,2024-02,2024,2
100487,1490,2024-02-20 14:43:16,completed,credit_card,,0.0,2024-02,2024,2
100488,2995,2024-02-20 15:18:03,completed,gift_card,,0.0,2024-02,2024,2
100489,1432,2024-02-20 20:51:30,completed,apple_pay,,6.95,2024-02,2024,2
100490,2577,2024-02-21 06:21:50,completed,paypal,,0.0,2024-02,2024,2
100491,731,2024-02-21 06:50:31,completed,paypal,,0.0,2024-02,2024,2
100492,2812,2024-02-21 09:40:35,completed,paypal,,0.0,2024-02,2024,2
100493,735,2024-02-21 13:04:28,completed,credit_card,,0.0,2024-02,2024,2
100494,2439,2024-02-21 13:20:09,completed,credit_card,,0.0,2024-02,2024,2
100495,48,2024-02-21 17:48:44,completed,apple_pay,,0.0,2024-02,2024,2
100496,2164,2024-02-21 18:28:12,completed,credit_card,,0.0,2024-02,2024,2
100497,2995,2024-02-21 18:41:36,completed,credit_card,,0.0,2024-02,2024,2
100498,360,2024-02-21 20:25:40,completed,paypal,,0.0,2024-02,2024,2
100499,738,2024-02-21 20:57:20,completed,apple_pay,welcome10,0.0,2024-02,2024,2
100500,2652,2024-02-21 22:11:11,canceled,apple_pay,,0.0,2024-02,2024,2
100501,89,2024-02-21 22:58:10,completed,credit_card,,6.95,2024-02,2024,2
100502,3452,2024-02-22 09:14:14,completed,apple_pay,,6.95,2024-02,2024,2
100503,930,2024-02-22 10:15:39,completed,credit_card,,0.0,2024-02,2024,2
100504,2718,2024-02-22 10:30:20,completed,paypal,,0.0,2024-02,2024,2
100505,2203,2024-02-22 11:19:35,completed,paypal,,0.0,2024-02,2024,2
100506,48,2024-02-22 13:03:25,completed,apple_pay,,6.95,2024-02,2024,2
100507,399,2024-02-22 13:19:16,completed,apple_pay,,0.0,2024-02,2024,2
100508,422,2024-02-22 14:51:13,completed,paypal,,0.0,2024-02,2024,2
100509,2300,2024-02-22 15:36:35,completed,credit_card,,0.0,2024-02,2024,2
100510,2465,2024-02-22 16:03:00,completed,credit_card,,0.0,2024-02,2024,2
100511,283,2024-02-22 18:29:12,completed,apple_pay,,0.0,2024-02,2024,2
100512,1276,2024-02-22 18:31:18,completed,credit_card,,0.0,2024-02,2024,2
100513,1891,2024-02-22 19:03:01,completed,paypal,,0.0,2024-02,2024,2
100514,3505,2024-02-22 22:15:12,completed,credit_card,,6.95,2024-02,2024,2
100515,89,2024-02-23 06:32:30,completed,credit_card,,0.0,2024-02,2024,2
100516,1867,2024-02-23 08:44:14,completed,credit_card,,0.0,2024-02,2024,2
100517,572,2024-02-23 09:30:49,completed,gift_card,welcome10,0.0,2024-02,2024,2
100518,738,2024-02-23 10:42:24,completed,apple_pay,,6.95,2024-02,2024,2
100519,735,2024-02-23 13:29:21,completed,credit_card,,0.0,2024-02,2024,2
100520,3114,2024-02-23 23:38:35,completed,credit_card,,0.0,2024-02,2024,2
100521,1375,2024-02-24 07:48:34,completed,credit_card,,6.95,2024-02,2024,2
100522,572,2024-02-24 08:15:26,completed,paypal,,0.0,2024-02,2024,2
100523,2728,2024-02-24 09:13:20,canceled,apple_pay,,0.0,2024-02,2024,2
100524,1355,2024-02-24 09:44:57,completed,credit_card,,0.0,2024-02,2024,2
100525,1752,2024-02-24 10:41:32,returned,credit_card,,0.0,2024-02,2024,2
100526,1355,2024-02-24 10:43:46,completed,paypal,,0.0,2024-02,2024,2
100527,2211,2024-02-24 12:00:20,canceled,paypal,,6.95,2024-02,2024,2
100528,226,2024-02-24 13:44:42,completed,gift_card,,0.0,2024-02,2024,2
100529,2115,2024-02-24 19:25:08,completed,credit_card,,0.0,2024-02,2024,2
100530,506,2024-02-24 20:19:17,completed,credit_card,,6.95,2024-02,2024,2
100531,1876,2024-02-24 20:52:18,completed,paypal,,6.95,2024-02,2024,2
100532,1454,2024-02-25 07:32:25,completed,credit_card,,0.0,2024-02,2024,2
100533,572,2024-02-25 08:07:54,completed,credit_card,,0.0,2024-02,2024,2
100534,2222,2024-02-25 08:10:12,completed,credit_card,,0.0,2024-02,2024,2
100535,1783,2024-02-25 09:35:52,completed,apple_pay,,6.95,2024-02,2024,2
100536,3260,2024-02-25 14:14:29,completed,credit_card,,6.95,2024-02,2024,2
100537,550,2024-02-25 14:28:50,completed,credit_card,,0.0,2024-02,2024,2
100538,1929,2024-02-25 14:35:34,completed,apple_pay,,0.0,2024-02,2024,2
100539,1454,2024-02-25 16:14:37,completed,gift_card,,0.0,2024-02,2024,2
100540,3260,2024-02-25 16:57:34,completed,paypal,,6.95,2024-02,2024,2
100541,2801,2024-02-25 18:10:28,completed,credit_card,,0.0,2024-02,2024,2
100542,1752,2024-02-25 22:30:28,completed,apple_pay,,0.0,2024-02,2024,2
100543,572,2024-02-25 22:52:03,completed,credit_card,,6.95,2024-02,2024,2
100544,853,2024-02-26 10:07:09,completed,credit_card,,0.0,2024-02,2024,2
100545,2244,2024-02-26 10:33:47,completed,credit_card,,0.0,2024-02,2024,2
100546,18,2024-02-26 13:16:26,completed,credit_card,,0.0,2024-02,2024,2
100547,2501,2024-02-26 14:09:52,completed,gift_card,,0.0,2024-02,2024,2
100548,2018,2024-02-26 14:49:03,completed,gift_card,,0.0,2024-02,2024,2
100549,2409,2024-02-26 15:09:29,completed,credit_card,,0.0,2024-02,2024,2
100550,1355,2024-02-26 16:10:46,completed,paypal,,0.0,2024-02,2024,2
100551,1530,2024-02-26 17:03:21,completed,paypal,,6.95,2024-02,2024,2
100552,1583,2024-02-26 17:43:19,completed,apple_pay,,0.0,2024-02,2024,2
100553,309,2024-02-26 20:02:13,canceled,credit_card,,0.0,2024-02,2024,2
100554,731,2024-02-26 20:59:45,completed,credit_card,,0.0,2024-02,2024,2
100555,401,2024-02-26 21:48:44,completed,gift_card,,0.0,2024-02,2024,2
100556,1979,2024-02-26 23:10:27,completed,credit_card,,0.0,2024-02,2024,2
100557,18,2024-02-26 23:45:39,completed,credit_card,,6.95,2024-02,2024,2
100558,2918,2024-02-27 09:37:14,completed,credit_card,,6.95,2024-02,2024,2
100559,1994,2024-02-27 12:21:14,completed,apple_pay,,0.0,2024-02,2024,2
100560,3320,2024-02-27 14:50:45,completed,apple_pay,,0.0,2024-02,2024,2
100561,1969,2024-02-27 15:29:41,completed,credit_card,,0.0,2024-02,2024,2
100562,1709,2024-02-27 19:35:32,completed,credit_card,,6.95,2024-02,2024,2
100563,38,2024-02-27 21:53:51,completed,credit_card,,0.0,2024-02,2024,2
100564,1929,2024-02-28 06:00:30,returned,apple_pay,,6.95,2024-02,2024,2
100565,1454,2024-02-28 07:32:07,returned,credit_card,,0.0,2024-02,2024,2
100566,526,2024-02-28 07:44:47,completed,apple_pay,,6.95,2024-02,2024,2
100567,2244,2024-02-28 08:25:25,completed,credit_card,,0.0,2024-02,2024,2
100568,2871,2024-02-28 10:24:14,completed,apple_pay,,6.95,2024-02,2024,2
100569,3565,2024-02-28 15:42:58,completed,credit_card,,0.0,2024-02,2024,2
100570,3231,2024-02-28 16:44:20,completed,paypal,,0.0,2024-02,2024,2
100571,2728,2024-02-28 17:31:31,completed,paypal,,0.0,2024-02,2024,2
100572,2669,2024-02-28 20:32:53,completed,apple_pay,,0.0,2024-02,2024,2
100573,1355,2024-02-28 21:06:21,completed,paypal,,6.95,2024-02,2024,2
100574,307,2024-02-28 21:21:10,completed,credit_card,,6.95,2024-02,2024,2
100575,2196,2024-02-28 23:29:46,completed,credit_card,,0.0,2024-02,2024,2
100576,1292,2024-02-29 07:42:01,completed,credit_card,,0.0,2024-02,2024,2
100577,2300,2024-02-29 09:58:07,completed,credit_card,,0.0,2024-02,2024,2
100578,1355,2024-02-29 12:17:35,completed,credit_card,,0.0,2024-02,2024,2
100579,1891,2024-02-29 15:25:20,completed,credit_card,,6.95,2024-02,2024,2
100580,3069,2024-02-29 21:43:58,completed,paypal,,0.0,2024-02,2024,2
100581,1209,2024-03-01 07:39:20,returned,credit_card,welcome10,6.95,2024-03,2024,3
100582,1091,2024-03-01 12:36:59,completed,paypal,,0.0,2024-03,2024,3
100583,2501,2024-03-01 18:24:45,completed,credit_card,,0.0,2024-03,2024,3
100584,526,2024-03-01 18:33:02,completed,credit_card,,0.0,2024-03,2024,3
100585,3537,2024-03-01 21:20:54,completed,paypal,,0.0,2024-03,2024,3
100586,2517,2024-03-01 21:44:59,completed,apple_pay,,6.95,2024-03,2024,3
100587,1209,2024-03-02 10:09:34,completed,paypal,,0.0,2024-03,2024,3
100588,2189,2024-03-02 10:52:47,completed,apple_pay,welcome10,0.0,2024-03,2024,3
100589,2221,2024-03-02 10:58:26,completed,paypal,,0.0,2024-03,2024,3
100590,3250,2024-03-02 11:46:55,completed,credit_card,,6.95,2024-03,2024,3
100591,445,2024-03-02 13:36:13,completed,credit_card,,0.0,2024-03,2024,3
100592,3233,2024-03-02 13:49:21,completed,credit_card,,0.0,2024-03,2024,3
100593,2728,2024-03-02 18:59:58,completed,credit_card,,0.0,2024-03,2024,3
100594,1329,2024-03-02 19:18:40,completed,credit_card,welcome10,0.0,2024-03,2024,3
100595,2196,2024-03-02 19:31:08,completed,credit_card,,0.0,2024-03,2024,3
100596,1225,2024-03-02 20:38:38,completed,credit_card,,0.0,2024-03,2024,3
100597,3284,2024-03-02 21:18:48,completed,credit_card,,0.0,2024-03,2024,3
100598,424,2024-03-02 23:40:29,completed,credit_card,,0.0,2024-03,2024,3
100599,2115,2024-03-03 08:28:44,completed,apple_pay,,0.0,2024-03,2024,3
100600,1867,2024-03-03 08:32:38,completed,paypal,,0.0,2024-03,2024,3
100601,401,2024-03-03 09:22:51,returned,apple_pay,,0.0,2024-03,2024,3
100602,1870,2024-03-03 10:11:40,completed,paypal,,0.0,2024-03,2024,3
100603,66,2024-03-03 10:19:55,completed,credit_card,welcome10,0.0,2024-03,2024,3
100604,307,2024-03-03 10:42:52,completed,gift_card,,0.0,2024-03,2024,3
100605,612,2024-03-03 12:23:46,completed,credit_card,,0.0,2024-03,2024,3
100606,399,2024-03-03 12:27:28,completed,credit_card,spring15,0.0,2024-03,2024,3
100607,1523,2024-03-03 13:44:37,completed,credit_card,,0.0,2024-03,2024,3
100608,2439,2024-03-03 16:39:42,completed,credit_card,,0.0,2024-03,2024,3
100609,1375,2024-03-03 16:59:22,completed,credit_card,spring15,6.95,2024-03,2024,3
100610,3114,2024-03-03 17:31:40,returned,paypal,,0.0,2024-03,2024,3
100611,1137,2024-03-03 18:04:24,completed,credit_card,,0.0,2024-03,2024,3
100612,2501,2024-03-03 20:02:32,completed,credit_card,,0.0,2024-03,2024,3
100613,3114,2024-03-03 20:32:28,completed,credit_card,,0.0,2024-03,2024,3
100614,1187,2024-03-03 21:16:07,completed,gift_card,,0.0,2024-03,2024,3
100615,2778,2024-03-03 21:16:33,completed,apple_pay,spring15,0.0,2024-03,2024,3
100616,1876,2024-03-03 21:58:13,completed,paypal,,0.0,2024-03,2024,3
100617,1786,2024-03-03 23:19:05,completed,credit_card,,0.0,2024-03,2024,3
100618,1530,2024-03-04 07:35:58,completed,apple_pay,,0.0,2024-03,2024,3
100619,3233,2024-03-04 08:55:42,completed,credit_card,,0.0,2024-03,2024,3
100620,2412,2024-03-04 09:43:03,completed,credit_card,spring15,0.0,2024-03,2024,3
100621,1979,2024-03-04 10:33:35,canceled,apple_pay,,6.95,2024-03,2024,3
100622,3260,2024-03-04 12:14:51,completed,apple_pay,,0.0,2024-03,2024,3
100623,2244,2024-03-04 16:32:22,completed,gift_card,welcome10,0.0,2024-03,2024,3
100624,898,2024-03-04 18:33:43,completed,paypal,,0.0,2024-03,2024,3
100625,1870,2024-03-04 21:57:29,completed,credit_card,,0.0,2024-03,2024,3
100626,1137,2024-03-05 07:05:00,completed,credit_card,,0.0,2024-03,2024,3
100627,1077,2024-03-05 07:32:33,completed,gift_card,welcome10,0.0,2024-03,2024,3
100628,885,2024-03-05 07:53:00,completed,paypal,,6.95,2024-03,2024,3
100629,3531,2024-03-05 09:26:52,completed,credit_card,spring15,0.0,2024-03,2024,3
100630,1209,2024-03-05 12:37:57,completed,paypal,,6.95,2024-03,2024,3
100631,2577,2024-03-05 14:29:43,completed,credit_card,spring15,0.0,2024-03,2024,3
100632,2164,2024-03-05 16:09:29,completed,credit_card,,0.0,2024-03,2024,3
100633,2039,2024-03-05 16:25:20,canceled,credit_card,,0.0,2024-03,2024,3
100634,2039,2024-03-05 16:44:52,completed,apple_pay,,0.0,2024-03,2024,3
100635,3531,2024-03-05 17:12:12,completed,gift_card,,0.0,2024-03,2024,3
100636,1891,2024-03-05 17:16:15,completed,credit_card,,0.0,2024-03,2024,3
100637,2577,2024-03-05 17:52:10,completed,credit_card,,0.0,2024-03,2024,3
100638,126,2024-03-05 17:56:07,completed,gift_card,spring15,0.0,2024-03,2024,3
100639,424,2024-03-05 18:11:33,completed,credit_card,,0.0,2024-03,2024,3
100640,2918,2024-03-05 19:53:39,completed,credit_card,,6.95,2024-03,2024,3
100641,1786,2024-03-05 20:49:03,completed,credit_card,,6.95,2024-03,2024,3
100642,247,2024-03-06 06:19:20,completed,apple_pay,,0.0,2024-03,2024,3
100643,3531,2024-03-06 06:32:27,completed,apple_pay,,0.0,2024-03,2024,3
100644,604,2024-03-06 10:50:20,completed,credit_card,,0.0,2024-03,2024,3
100645,1209,2024-03-06 14:29:49,completed,credit_card,,0.0,2024-03,2024,3
100646,2577,2024-03-06 15:44:07,completed,credit_card,,6.95,2024-03,2024,3
100647,1876,2024-03-06 17:19:42,completed,credit_card,,0.0,2024-03,2024,3
100648,1915,2024-03-06 18:07:27,completed,apple_pay,,0.0,2024-03,2024,3
100649,612,2024-03-06 18:11:40,completed,paypal,,6.95,2024-03,2024,3
100650,2222,2024-03-06 19:17:00,completed,paypal,spring15,6.95,2024-03,2024,3
100651,1756,2024-03-06 19:38:45,completed,credit_card,,6.95,2024-03,2024,3
100652,572,2024-03-07 06:00:21,completed,credit_card,spring15,0.0,2024-03,2024,3
100653,1080,2024-03-07 11:55:29,completed,credit_card,,0.0,2024-03,2024,3
100654,612,2024-03-07 11:56:18,completed,paypal,,0.0,2024-03,2024,3
100655,3250,2024-03-07 12:10:49,completed,paypal,spring15,0.0,2024-03,2024,3
100656,48,2024-03-07 13:14:26,completed,credit_card,,6.95,2024-03,2024,3
100657,930,2024-03-07 16:42:22,completed,credit_card,,6.95,2024-03,2024,3
100658,1929,2024-03-07 17:00:33,completed,credit_card,spring15,0.0,2024-03,2024,3
100659,2127,2024-03-07 18:40:18,completed,paypal,,0.0,2024-03,2024,3
100660,2863,2024-03-07 19:33:43,completed,credit_card,,0.0,2024-03,2024,3
100661,48,2024-03-07 20:45:39,completed,credit_card,spring15,6.95,2024-03,2024,3
100662,3531,2024-03-07 23:53:37,completed,credit_card,,0.0,2024-03,2024,3
100663,3531,2024-03-08 07:54:20,completed,paypal,,0.0,2024-03,2024,3
100664,1355,2024-03-08 11:25:34,canceled,credit_card,spring15,0.0,2024-03,2024,3
100665,3505,2024-03-08 15:18:39,completed,credit_card,,6.95,2024-03,2024,3
100666,3007,2024-03-08 15:21:18,returned,credit_card,spring15,0.0,2024-03,2024,3
100667,3531,2024-03-08 19:50:32,completed,paypal,,0.0,2024-03,2024,3
100668,2196,2024-03-08 21:09:58,completed,credit_card,spring15,0.0,2024-03,2024,3
100669,3250,2024-03-08 22:39:10,completed,credit_card,,0.0,2024-03,2024,3
100670,1867,2024-03-09 06:26:42,completed,credit_card,,0.0,2024-03,2024,3
100671,2127,2024-03-09 07:05:07,completed,credit_card,spring15,0.0,2024-03,2024,3
100672,2412,2024-03-09 08:16:34,completed,credit_card,,0.0,2024-03,2024,3
100673,1752,2024-03-09 11:35:02,completed,paypal,,0.0,2024-03,2024,3
100674,2439,2024-03-09 11:51:28,completed,paypal,,0.0,2024-03,2024,3
100675,2115,2024-03-09 12:18:11,canceled,credit_card,,0.0,2024-03,2024,3
100676,898,2024-03-09 13:11:53,completed,paypal,,6.95,2024-03,2024,3
100677,163,2024-03-09 15:24:42,completed,apple_pay,,6.95,2024-03,2024,3
100678,656,2024-03-09 15:47:55,completed,apple_pay,,6.95,2024-03,2024,3
100679,92,2024-03-09 23:46:23,completed,credit_card,,0.0,2024-03,2024,3
100680,3565,2024-03-10 06:07:47,completed,apple_pay,spring15,6.95,2024-03,2024,3
100681,2652,2024-03-10 06:20:16,completed,credit_card,,0.0,2024-03,2024,3
100682,249,2024-03-10 07:46:52,completed,apple_pay,,0.0,2024-03,2024,3
100683,930,2024-03-10 08:46:20,completed,paypal,,0.0,2024-03,2024,3
100684,1656,2024-03-10 09:40:37,completed,credit_card,spring15,0.0,2024-03,2024,3
100685,1891,2024-03-10 10:22:43,completed,credit_card,,6.95,2024-03,2024,3
100686,686,2024-03-10 12:05:41,completed,paypal,spring15,6.95,2024-03,2024,3
100687,1137,2024-03-10 15:45:53,completed,credit_card,,6.95,2024-03,2024,3
100688,1330,2024-03-10 15:51:59,completed,apple_pay,,6.95,2024-03,2024,3
100689,904,2024-03-10 20:52:40,completed,credit_card,,0.0,2024-03,2024,3
100690,1432,2024-03-10 22:27:26,completed,paypal,,0.0,2024-03,2024,3
100691,904,2024-03-11 07:09:43,completed,credit_card,spring15,0.0,2024-03,2024,3
100692,3044,2024-03-11 10:36:45,completed,credit_card,,0.0,2024-03,2024,3
100693,3277,2024-03-11 13:05:10,completed,gift_card,,0.0,2024-03,2024,3
100694,2221,2024-03-11 14:53:44,returned,paypal,,0.0,2024-03,2024,3
100695,283,2024-03-11 18:48:36,canceled,credit_card,,6.95,2024-03,2024,3
100696,309,2024-03-11 21:51:24,completed,apple_pay,,0.0,2024-03,2024,3
100697,399,2024-03-12 06:01:24,completed,credit_card,,0.0,2024-03,2024,3
100698,3320,2024-03-12 10:12:23,completed,credit_card,,0.0,2024-03,2024,3
100699,2127,2024-03-12 14:18:50,completed,paypal,,0.0,2024-03,2024,3
100700,885,2024-03-12 14:18:56,completed,paypal,,0.0,2024-03,2024,3
100701,2409,2024-03-12 15:27:44,completed,credit_card,,0.0,2024-03,2024,3
100702,2127,2024-03-12 17:44:48,completed,credit_card,,6.95,2024-03,2024,3
100703,2863,2024-03-12 20:44:50,completed,credit_card,,6.95,2024-03,2024,3
100704,1137,2024-03-12 22:29:14,completed,credit_card,,0.0,2024-03,2024,3
100705,2995,2024-03-12 22:39:17,completed,paypal,,0.0,2024-03,2024,3
100706,1467,2024-03-12 23:17:02,completed,apple_pay,,0.0,2024-03,2024,3
100707,1951,2024-03-12 23:48:58,completed,credit_card,,0.0,2024-03,2024,3
100708,2412,2024-03-13 08:48:29,completed,apple_pay,spring15,0.0,2024-03,2024,3
100709,930,2024-03-13 11:56:52,completed,paypal,,0.0,2024-03,2024,3
100710,526,2024-03-13 13:39:17,completed,credit_card,,0.0,2024-03,2024,3
100711,3099,2024-03-13 16:46:04,completed,credit_card,,6.95,2024-03,2024,3
100712,2221,2024-03-13 16:58:59,completed,credit_card,,0.0,2024-03,2024,3
100713,141,2024-03-13 18:17:17,completed,apple_pay,,6.95,2024-03,2024,3
100714,1915,2024-03-13 20:16:56,completed,apple_pay,,0.0,2024-03,2024,3
100715,735,2024-03-13 21:31:43,completed,credit_card,,0.0,2024-03,2024,3
100716,612,2024-03-14 07:49:14,completed,paypal,,0.0,2024-03,2024,3
100717,1530,2024-03-14 08:21:34,completed,paypal,,0.0,2024-03,2024,3
100718,1907,2024-03-14 08:27:29,completed,credit_card,,0.0,2024-03,2024,3
100719,399,2024-03-14 09:19:31,completed,apple_pay,,0.0,2024-03,2024,3
100720,1876,2024-03-14 09:26:11,returned,credit_card,,0.0,2024-03,2024,3
100721,1876,2024-03-14 10:05:07,completed,credit_card,welcome10,0.0,2024-03,2024,3
100722,1137,2024-03-14 11:01:01,completed,credit_card,,0.0,2024-03,2024,3
100723,3114,2024-03-14 12:35:40,completed,gift_card,,0.0,2024-03,2024,3
100724,738,2024-03-14 12:58:55,completed,apple_pay,,0.0,2024-03,2024,3
100725,3532,2024-03-14 14:20:10,completed,apple_pay,,6.95,2024-03,2024,3
100726,686,2024-03-14 14:39:13,completed,credit_card,,6.95,2024-03,2024,3
100727,3284,2024-03-14 14:40:37,completed,credit_card,,0.0,2024-03,2024,3
100728,656,2024-03-14 15:58:44,canceled,paypal,,6.95,2024-03,2024,3
100729,3452,2024-03-14 17:46:40,completed,credit_card,spring15,0.0,2024-03,2024,3
100730,1876,2024-03-14 17:47:50,canceled,paypal,,6.95,2024-03,2024,3
100731,1440,2024-03-14 18:23:12,completed,paypal,,0.0,2024-03,2024,3
100732,1187,2024-03-14 21:42:11,completed,paypal,,6.95,2024-03,2024,3
100733,3531,2024-03-15 08:32:47,completed,credit_card,,0.0,2024-03,2024,3
100734,1979,2024-03-15 10:44:54,completed,credit_card,,0.0,2024-03,2024,3
100735,343,2024-03-15 10:59:02,returned,credit_card,,0.0,2024-03,2024,3
100736,1891,2024-03-15 11:09:49,completed,credit_card,,0.0,2024-03,2024,3
100737,2465,2024-03-15 11:31:55,completed,credit_card,,0.0,2024-03,2024,3
100738,3532,2024-03-15 14:31:34,completed,apple_pay,,0.0,2024-03,2024,3
100739,48,2024-03-15 15:04:06,completed,apple_pay,welcome10,0.0,2024-03,2024,3
100740,2221,2024-03-15 16:12:25,completed,credit_card,,0.0,2024-03,2024,3
100741,1292,2024-03-15 17:34:04,completed,credit_card,,6.95,2024-03,2024,3
100742,1752,2024-03-16 09:48:44,completed,paypal,,0.0,2024-03,2024,3
100743,1428,2024-03-16 15:30:01,completed,credit_card,,0.0,2024-03,2024,3
100744,735,2024-03-16 16:01:33,completed,apple_pay,,0.0,2024-03,2024,3
100745,57,2024-03-16 16:25:15,completed,apple_pay,,6.95,2024-03,2024,3
100746,3520,2024-03-16 17:50:25,completed,credit_card,,0.0,2024-03,2024,3
100747,2221,2024-03-16 17:55:34,completed,credit_card,welcome10,0.0,2024-03,2024,3
100748,3531,2024-03-16 20:30:39,completed,credit_card,welcome10,0.0,2024-03,2024,3
100749,343,2024-03-17 06:32:53,completed,paypal,,0.0,2024-03,2024,3
100750,107,2024-03-17 09:17:51,completed,credit_card,,0.0,2024-03,2024,3
100751,898,2024-03-17 10:16:44,completed,credit_card,,0.0,2024-03,2024,3
100752,1139,2024-03-17 11:36:51,completed,credit_card,,0.0,2024-03,2024,3
100753,3231,2024-03-17 11:44:38,completed,apple_pay,,6.95,2024-03,2024,3
100754,2007,2024-03-17 12:21:04,completed,credit_card,spring15,0.0,2024-03,2024,3
100755,1867,2024-03-17 13:27:14,completed,paypal,,6.95,2024-03,2024,3
100756,1583,2024-03-17 18:00:50,completed,apple_pay,,0.0,2024-03,2024,3
100757,2577,2024-03-17 18:12:17,completed,credit_card,,0.0,2024-03,2024,3
100758,115,2024-03-17 21:34:05,completed,credit_card,,0.0,2024-03,2024,3
100759,1047,2024-03-17 23:08:37,completed,apple_pay,,6.95,2024-03,2024,3
100760,1139,2024-03-18 06:27:03,completed,credit_card,,0.0,2024-03,2024,3
100761,2652,2024-03-18 08:27:00,completed,paypal,,6.95,2024-03,2024,3
100762,610,2024-03-18 10:59:35,completed,paypal,,0.0,2024-03,2024,3
100763,2235,2024-03-18 12:39:12,completed,credit_card,,0.0,2024-03,2024,3
100764,3559,2024-03-18 14:56:49,completed,paypal,,0.0,2024-03,2024,3
100765,343,2024-03-18 17:48:38,canceled,credit_card,,0.0,2024-03,2024,3
100766,114,2024-03-18 18:24:30,completed,paypal,,0.0,2024-03,2024,3
100767,3144,2024-03-18 21:00:43,completed,paypal,,0.0,2024-03,2024,3
100768,3198,2024-03-19 07:39:43,completed,credit_card,spring15,0.0,2024-03,2024,3
100769,3198,2024-03-19 08:06:35,completed,paypal,,0.0,2024-03,2024,3
100770,509,2024-03-19 09:27:24,completed,apple_pay,spring15,0.0,2024-03,2024,3
100771,3452,2024-03-19 11:25:05,returned,gift_card,,0.0,2024-03,2024,3
100772,735,2024-03-19 15:10:02,completed,credit_card,,0.0,2024-03,2024,3
100773,885,2024-03-19 16:34:40,completed,apple_pay,,0.0,2024-03,2024,3
100774,163,2024-03-19 16:54:13,completed,gift_card,,0.0,2024-03,2024,3
100775,3517,2024-03-19 20:48:10,completed,credit_card,,0.0,2024-03,2024,3
100776,2608,2024-03-19 22:21:17,completed,credit_card,,0.0,2024-03,2024,3
100777,1756,2024-03-19 22:48:48,completed,credit_card,,0.0,2024-03,2024,3
100778,2995,2024-03-20 10:41:19,completed,apple_pay,,0.0,2024-03,2024,3
100779,1209,2024-03-20 11:07:55,completed,gift_card,,0.0,2024-03,2024,3
100780,2439,2024-03-20 12:33:02,completed,paypal,,0.0,2024-03,2024,3
100781,2189,2024-03-20 14:13:11,completed,paypal,welcome10,0.0,2024-03,2024,3
100782,115,2024-03-20 14:23:38,completed,paypal,,0.0,2024-03,2024,3
100783,3531,2024-03-20 15:57:44,completed,gift_card,,0.0,2024-03,2024,3
100784,572,2024-03-20 16:04:11,completed,credit_card,,0.0,2024-03,2024,3
100785,1979,2024-03-20 16:39:13,completed,credit_card,,6.95,2024-03,2024,3
100786,1209,2024-03-20 17:35:29,completed,credit_card,,0.0,2024-03,2024,3
100787,724,2024-03-20 17:49:52,completed,credit_card,,0.0,2024-03,2024,3
100788,2476,2024-03-20 18:46:34,completed,paypal,spring15,0.0,2024-03,2024,3
100789,1058,2024-03-20 20:06:33,completed,apple_pay,,6.95,2024-03,2024,3
100790,724,2024-03-20 22:07:53,completed,credit_card,,0.0,2024-03,2024,3
100791,1428,2024-03-20 22:14:58,completed,credit_card,,0.0,2024-03,2024,3
100792,1209,2024-03-20 22:45:17,completed,credit_card,,0.0,2024-03,2024,3
100793,48,2024-03-21 06:25:04,canceled,credit_card,,0.0,2024-03,2024,3
100794,2221,2024-03-21 09:42:56,canceled,credit_card,,0.0,2024-03,2024,3
100795,394,2024-03-21 12:33:15,completed,credit_card,,0.0,2024-03,2024,3
100796,2500,2024-03-21 13:51:23,completed,credit_card,,0.0,2024-03,2024,3
100797,540,2024-03-21 16:23:52,completed,credit_card,,0.0,2024-03,2024,3
100798,3532,2024-03-21 16:29:04,completed,credit_card,spring15,0.0,2024-03,2024,3
100799,2837,2024-03-21 18:07:55,completed,credit_card,spring15,0.0,2024-03,2024,3
100800,445,2024-03-21 21:00:34,completed,gift_card,,6.95,2024-03,2024,3
100801,1891,2024-03-21 21:23:47,completed,apple_pay,spring15,6.95,2024-03,2024,3
100802,283,2024-03-21 21:52:51,completed,credit_card,spring15,0.0,2024-03,2024,3
100803,3454,2024-03-22 08:33:53,completed,credit_card,,0.0,2024-03,2024,3
100804,1486,2024-03-22 09:54:30,completed,credit_card,,0.0,2024-03,2024,3
100805,343,2024-03-22 10:13:32,completed,gift_card,,0.0,2024-03,2024,3
100806,738,2024-03-22 10:14:35,completed,credit_card,,0.0,2024-03,2024,3
100807,1876,2024-03-22 10:58:07,completed,paypal,,0.0,2024-03,2024,3
100808,3152,2024-03-22 12:02:16,completed,apple_pay,spring15,6.95,2024-03,2024,3
100809,2072,2024-03-22 13:58:39,completed,credit_card,spring15,0.0,2024-03,2024,3
100810,2127,2024-03-23 06:56:16,completed,credit_card,,6.95,2024-03,2024,3
100811,1951,2024-03-23 06:56:54,completed,credit_card,,0.0,2024-03,2024,3
100812,1047,2024-03-23 07:04:26,completed,credit_card,,0.0,2024-03,2024,3
100813,115,2024-03-23 10:02:53,completed,credit_card,spring15,0.0,2024-03,2024,3
100814,3114,2024-03-23 10:57:56,completed,paypal,,0.0,2024-03,2024,3
100815,3250,2024-03-23 11:29:54,completed,credit_card,,0.0,2024-03,2024,3
100816,3338,2024-03-23 12:58:33,completed,paypal,,0.0,2024-03,2024,3
100817,2127,2024-03-23 14:00:54,completed,credit_card,,6.95,2024-03,2024,3
100818,2115,2024-03-23 19:58:22,completed,credit_card,,0.0,2024-03,2024,3
100819,3549,2024-03-23 20:04:52,completed,apple_pay,welcome10,0.0,2024-03,2024,3
100820,1440,2024-03-23 21:28:10,completed,paypal,,0.0,2024-03,2024,3
100821,904,2024-03-23 23:07:13,completed,paypal,,0.0,2024-03,2024,3
100822,2196,2024-03-24 12:00:13,completed,credit_card,,0.0,2024-03,2024,3
100823,3250,2024-03-24 14:41:44,completed,credit_card,,0.0,2024-03,2024,3
100824,3452,2024-03-24 15:41:48,completed,credit_card,,0.0,2024-03,2024,3
100825,3520,2024-03-24 17:25:04,completed,credit_card,,0.0,2024-03,2024,3
100826,3284,2024-03-24 17:42:04,completed,paypal,,6.95,2024-03,2024,3
100827,2162,2024-03-24 17:59:17,completed,credit_card,,6.95,2024-03,2024,3
100828,904,2024-03-25 07:23:16,completed,apple_pay,,6.95,2024-03,2024,3
100829,2337,2024-03-25 07:48:20,returned,credit_card,,0.0,2024-03,2024,3
100830,2231,2024-03-25 10:08:02,completed,apple_pay,,0.0,2024-03,2024,3
100831,3531,2024-03-25 14:12:36,completed,credit_card,,0.0,2024-03,2024,3
100832,424,2024-03-25 14:26:42,completed,apple_pay,,0.0,2024-03,2024,3
100833,1752,2024-03-25 14:38:11,returned,credit_card,,0.0,2024-03,2024,3
100834,572,2024-03-25 17:37:33,completed,gift_card,,0.0,2024-03,2024,3
100835,1139,2024-03-25 19:50:22,completed,credit_card,,0.0,2024-03,2024,3
100836,1929,2024-03-25 20:37:33,completed,credit_card,spring15,6.95,2024-03,2024,3
100837,48,2024-03-25 21:49:27,completed,gift_card,,0.0,2024-03,2024,3
100838,283,2024-03-26 06:51:18,completed,gift_card,,6.95,2024-03,2024,3
100839,2221,2024-03-26 09:39:39,completed,paypal,,0.0,2024-03,2024,3
100840,887,2024-03-26 11:22:11,completed,credit_card,,0.0,2024-03,2024,3
100841,1068,2024-03-26 12:28:37,completed,credit_card,,6.95,2024-03,2024,3
100842,2501,2024-03-26 12:32:44,returned,credit_card,,0.0,2024-03,2024,3
100843,2221,2024-03-26 14:19:17,completed,credit_card,welcome10,6.95,2024-03,2024,3
100844,1870,2024-03-26 14:43:08,completed,credit_card,,0.0,2024-03,2024,3
100845,887,2024-03-26 14:43:30,completed,apple_pay,spring15,0.0,2024-03,2024,3
100846,470,2024-03-26 16:51:15,completed,apple_pay,,0.0,2024-03,2024,3
100847,1849,2024-03-26 17:07:16,completed,apple_pay,,6.95,2024-03,2024,3
100848,2162,2024-03-26 17:43:14,completed,credit_card,,0.0,2024-03,2024,3
100849,1355,2024-03-26 17:51:30,completed,apple_pay,,0.0,2024-03,2024,3
100850,3460,2024-03-27 06:43:44,canceled,paypal,,0.0,2024-03,2024,3
100851,2718,2024-03-27 06:58:38,completed,paypal,,0.0,2024-03,2024,3
100852,2995,2024-03-27 10:03:03,completed,credit_card,,6.95,2024-03,2024,3
100853,3114,2024-03-27 10:57:34,completed,credit_card,spring15,0.0,2024-03,2024,3
100854,1047,2024-03-27 11:17:04,completed,credit_card,,6.95,2024-03,2024,3
100855,38,2024-03-27 11:30:14,completed,credit_card,,0.0,2024-03,2024,3
100856,727,2024-03-27 11:51:42,completed,apple_pay,,0.0,2024-03,2024,3
100857,115,2024-03-27 13:02:53,completed,paypal,,0.0,2024-03,2024,3
100858,572,2024-03-27 13:25:27,completed,paypal,,0.0,2024-03,2024,3
100859,2244,2024-03-27 13:56:43,canceled,apple_pay,,0.0,2024-03,2024,3
100860,1432,2024-03-27 15:13:38,completed,credit_card,,0.0,2024-03,2024,3
100861,617,2024-03-27 15:46:54,completed,credit_card,,0.0,2024-03,2024,3
100862,2003,2024-03-27 16:00:47,returned,credit_card,,0.0,2024-03,2024,3
100863,2651,2024-03-27 16:51:51,completed,apple_pay,,6.95,2024-03,2024,3
100864,181,2024-03-27 17:46:35,completed,gift_card,,0.0,2024-03,2024,3
100865,2439,2024-03-27 17:58:37,completed,credit_card,,0.0,2024-03,2024,3
100866,572,2024-03-27 21:07:39,completed,credit_card,,0.0,2024-03,2024,3
100867,602,2024-03-27 22:04:32,completed,credit_card,spring15,0.0,2024-03,2024,3
100868,2162,2024-03-28 06:10:00,completed,credit_card,,0.0,2024-03,2024,3
100869,698,2024-03-28 09:30:01,completed,credit_card,spring15,0.0,2024-03,2024,3
100870,2773,2024-03-28 12:17:06,completed,credit_card,,0.0,2024-03,2024,3
100871,1355,2024-03-28 15:15:11,completed,credit_card,,0.0,2024-03,2024,3
100872,107,2024-03-28 15:47:33,completed,paypal,,0.0,2024-03,2024,3
100873,3284,2024-03-28 15:53:56,completed,credit_card,,0.0,2024-03,2024,3
100874,1375,2024-03-28 16:10:09,canceled,paypal,,6.95,2024-03,2024,3
100875,2728,2024-03-28 17:42:48,returned,credit_card,,0.0,2024-03,2024,3
100876,506,2024-03-28 19:53:55,completed,credit_card,,6.95,2024-03,2024,3
100877,2360,2024-03-28 20:53:01,completed,paypal,,0.0,2024-03,2024,3
100878,2396,2024-03-28 21:59:55,completed,credit_card,,6.95,2024-03,2024,3
100879,283,2024-03-28 22:48:52,completed,apple_pay,,0.0,2024-03,2024,3
100880,2577,2024-03-29 08:36:49,completed,credit_card,,0.0,2024-03,2024,3
100881,2396,2024-03-29 09:41:20,completed,paypal,,0.0,2024-03,2024,3
100882,2412,2024-03-29 11:50:56,completed,apple_pay,,0.0,2024-03,2024,3
100883,3250,2024-03-29 12:06:49,completed,credit_card,spring15,6.95,2024-03,2024,3
100884,2799,2024-03-29 12:27:00,completed,credit_card,,6.95,2024-03,2024,3
100885,2221,2024-03-29 12:41:34,canceled,gift_card,,0.0,2024-03,2024,3
100886,247,2024-03-29 12:57:48,completed,credit_card,,0.0,2024-03,2024,3
100887,735,2024-03-29 22:50:45,completed,credit_card,,6.95,2024-03,2024,3
100888,181,2024-03-30 07:13:05,completed,paypal,,0.0,2024-03,2024,3
100889,2577,2024-03-30 11:02:31,completed,credit_card,,0.0,2024-03,2024,3
100890,3144,2024-03-30 14:30:42,completed,credit_card,,0.0,2024-03,2024,3
100891,2411,2024-03-30 14:43:04,completed,paypal,,0.0,2024-03,2024,3
100892,2577,2024-03-30 15:41:21,returned,credit_card,,0.0,2024-03,2024,3
100893,572,2024-03-30 15:45:12,completed,credit_card,,0.0,2024-03,2024,3
100894,159,2024-03-30 15:45:13,completed,apple_pay,,0.0,2024-03,2024,3
100895,1209,2024-03-30 21:10:36,completed,credit_card,,0.0,2024-03,2024,3
100896,502,2024-03-30 21:22:00,completed,credit_card,,6.95,2024-03,2024,3
100897,1699,2024-03-30 23:23:44,completed,credit_card,,0.0,2024-03,2024,3
100898,399,2024-03-31 10:35:51,completed,paypal,,0.0,2024-03,2024,3
100899,3069,2024-03-31 11:02:44,completed,paypal,,0.0,2024-03,2024,3
100900,1298,2024-03-31 12:47:34,completed,credit_card,spring15,0.0,2024-03,2024,3
100901,307,2024-03-31 16:18:51,completed,credit_card,,0.0,2024-03,2024,3
100902,1375,2024-03-31 17:09:13,completed,credit_card,,0.0,2024-03,2024,3
100903,572,2024-03-31 17:25:34,completed,credit_card,,0.0,2024-03,2024,3
100904,1970,2024-03-31 20:04:00,completed,paypal,,0.0,2024-03,2024,3
100905,126,2024-04-01 13:47:33,completed,credit_card,,0.0,2024-04,2024,4
100906,3565,2024-04-01 22:17:16,completed,credit_card,,0.0,2024-04,2024,4
100907,1179,2024-04-01 23:02:04,completed,paypal,,6.95,2024-04,2024,4
100908,519,2024-04-01 23:23:32,completed,credit_card,,0.0,2024-04,2024,4
100909,1110,2024-04-01 23:47:19,completed,paypal,spring15,0.0,2024-04,2024,4
100910,1224,2024-04-01 23:53:08,completed,paypal,,6.95,2024-04,2024,4
100911,502,2024-04-02 06:29:24,completed,apple_pay,,6.95,2024-04,2024,4
100912,3531,2024-04-02 10:35:39,completed,paypal,,0.0,2024-04,2024,4
100913,458,2024-04-02 10:36:27,completed,credit_card,,0.0,2024-04,2024,4
100914,38,2024-04-02 12:14:55,completed,paypal,spring15,6.95,2024-04,2024,4
100915,1454,2024-04-02 12:53:19,completed,credit_card,,0.0,2024-04,2024,4
100916,2439,2024-04-02 13:41:54,returned,credit_card,,6.95,2024-04,2024,4
100917,1756,2024-04-02 15:09:19,completed,paypal,,6.95,2024-04,2024,4
100918,2244,2024-04-02 16:32:23,canceled,apple_pay,,0.0,2024-04,2024,4
100919,307,2024-04-02 21:14:45,completed,apple_pay,,6.95,2024-04,2024,4
100920,731,2024-04-03 06:24:45,completed,credit_card,,0.0,2024-04,2024,4
100921,845,2024-04-03 06:29:24,completed,credit_card,,0.0,2024-04,2024,4
100922,3531,2024-04-03 12:03:28,completed,credit_card,,6.95,2024-04,2024,4
100923,2244,2024-04-03 14:00:55,completed,credit_card,,0.0,2024-04,2024,4
100924,1080,2024-04-03 14:13:25,completed,paypal,spring15,0.0,2024-04,2024,4
100925,3531,2024-04-03 17:07:34,completed,credit_card,spring15,0.0,2024-04,2024,4
100926,3452,2024-04-03 20:15:27,completed,credit_card,,0.0,2024-04,2024,4
100927,2221,2024-04-03 23:30:35,completed,credit_card,,6.95,2024-04,2024,4
100928,1137,2024-04-04 06:29:03,completed,credit_card,,0.0,2024-04,2024,4
100929,572,2024-04-04 10:18:40,canceled,credit_card,welcome10,6.95,2024-04,2024,4
100930,2411,2024-04-04 11:48:34,completed,gift_card,,0.0,2024-04,2024,4
100931,38,2024-04-04 13:39:47,completed,gift_card,,0.0,2024-04,2024,4
100932,1929,2024-04-04 13:48:54,completed,apple_pay,,6.95,2024-04,2024,4
100933,66,2024-04-04 13:59:58,completed,credit_card,,0.0,2024-04,2024,4
100934,1752,2024-04-04 15:25:14,completed,credit_card,,0.0,2024-04,2024,4
100935,1068,2024-04-04 16:29:04,completed,paypal,,0.0,2024-04,2024,4
100936,2039,2024-04-04 19:12:59,completed,credit_card,,0.0,2024-04,2024,4
100937,1209,2024-04-04 20:32:14,completed,credit_card,spring15,0.0,2024-04,2024,4
100938,710,2024-04-04 22:22:18,completed,apple_pay,,6.95,2024-04,2024,4
100939,3531,2024-04-04 23:31:15,completed,credit_card,,0.0,2024-04,2024,4
100940,38,2024-04-05 08:14:36,completed,credit_card,,0.0,2024-04,2024,4
100941,3272,2024-04-05 09:22:29,completed,credit_card,,0.0,2024-04,2024,4
100942,247,2024-04-05 13:18:13,completed,paypal,,0.0,2024-04,2024,4
100943,2300,2024-04-05 13:55:46,completed,paypal,,0.0,2024-04,2024,4
100944,3332,2024-04-05 15:16:48,returned,apple_pay,,0.0,2024-04,2024,4
100945,698,2024-04-05 18:26:07,completed,credit_card,,0.0,2024-04,2024,4
100946,3452,2024-04-05 18:51:37,completed,paypal,,0.0,2024-04,2024,4
100947,3233,2024-04-05 19:12:38,completed,apple_pay,,0.0,2024-04,2024,4
100948,1047,2024-04-05 20:26:38,completed,credit_card,,0.0,2024-04,2024,4
100949,2577,2024-04-05 20:50:41,completed,apple_pay,,0.0,2024-04,2024,4
100950,1137,2024-04-05 21:01:41,completed,gift_card,,0.0,2024-04,2024,4
100951,2439,2024-04-05 22:55:55,completed,gift_card,,0.0,2024-04,2024,4
100952,48,2024-04-06 07:03:19,completed,apple_pay,welcome10,6.95,2024-04,2024,4
100953,2300,2024-04-06 10:30:29,completed,credit_card,,0.0,2024-04,2024,4
100954,1876,2024-04-06 12:58:01,completed,apple_pay,,0.0,2024-04,2024,4
100955,115,2024-04-06 14:10:16,completed,apple_pay,,0.0,2024-04,2024,4
100956,38,2024-04-06 15:21:25,completed,apple_pay,,0.0,2024-04,2024,4
100957,3531,2024-04-06 15:49:09,canceled,credit_card,,6.95,2024-04,2024,4
100958,48,2024-04-06 17:30:08,completed,credit_card,,0.0,2024-04,2024,4
100959,1080,2024-04-06 17:45:09,completed,paypal,,0.0,2024-04,2024,4
100960,2261,2024-04-06 19:06:09,completed,gift_card,,0.0,2024-04,2024,4
100961,283,2024-04-06 21:15:21,returned,paypal,,0.0,2024-04,2024,4
100962,572,2024-04-07 06:46:46,completed,paypal,spring15,0.0,2024-04,2024,4
100963,3114,2024-04-07 07:21:29,completed,apple_pay,spring15,0.0,2024-04,2024,4
100964,3460,2024-04-07 09:21:25,completed,credit_card,,6.95,2024-04,2024,4
100965,572,2024-04-07 09:43:46,completed,credit_card,,6.95,2024-04,2024,4
100966,1355,2024-04-07 11:20:25,completed,credit_card,,0.0,2024-04,2024,4
100967,1467,2024-04-07 11:52:24,completed,gift_card,,0.0,2024-04,2024,4
100968,343,2024-04-07 11:57:45,returned,paypal,spring15,0.0,2024-04,2024,4
100969,3144,2024-04-07 16:34:11,completed,paypal,,6.95,2024-04,2024,4
100970,2773,2024-04-07 17:29:19,completed,paypal,,0.0,2024-04,2024,4
100971,3069,2024-04-07 19:56:38,completed,apple_pay,,0.0,2024-04,2024,4
100972,38,2024-04-07 20:57:34,completed,credit_card,,0.0,2024-04,2024,4
100973,3089,2024-04-07 20:58:06,completed,credit_card,,0.0,2024-04,2024,4
100974,1196,2024-04-08 07:28:00,completed,paypal,spring15,6.95,2024-04,2024,4
100975,2517,2024-04-08 11:29:50,completed,credit_card,,0.0,2024-04,2024,4
100976,885,2024-04-08 12:06:17,completed,credit_card,,0.0,2024-04,2024,4
100977,2464,2024-04-08 12:14:51,completed,apple_pay,,0.0,2024-04,2024,4
100978,3526,2024-04-08 12:23:30,completed,apple_pay,,6.95,2024-04,2024,4
100979,1752,2024-04-08 18:44:08,completed,credit_card,,0.0,2024-04,2024,4
100980,2501,2024-04-08 20:43:07,completed,paypal,,6.95,2024-04,2024,4
100981,3250,2024-04-08 22:11:53,completed,paypal,,0.0,2024-04,2024,4
100982,1298,2024-04-08 22:38:33,completed,credit_card,,0.0,2024-04,2024,4
100983,1783,2024-04-09 06:31:42,completed,credit_card,,0.0,2024-04,2024,4
100984,1375,2024-04-09 06:44:35,completed,paypal,,0.0,2024-04,2024,4
100985,115,2024-04-09 07:59:24,completed,credit_card,,0.0,2024-04,2024,4
100986,780,2024-04-09 10:50:00,returned,credit_card,,0.0,2024-04,2024,4
100987,1929,2024-04-09 11:43:19,returned,paypal,welcome10,0.0,2024-04,2024,4
100988,3531,2024-04-09 12:30:55,completed,credit_card,,0.0,2024-04,2024,4
100989,3501,2024-04-09 18:16:59,completed,credit_card,spring15,0.0,2024-04,2024,4
100990,38,2024-04-09 18:20:32,completed,credit_card,,0.0,2024-04,2024,4
100991,2300,2024-04-09 19:29:53,completed,credit_card,,0.0,2024-04,2024,4
100992,572,2024-04-09 23:15:38,completed,credit_card,spring15,0.0,2024-04,2024,4
100993,1187,2024-04-10 06:37:35,completed,gift_card,,0.0,2024-04,2024,4
100994,309,2024-04-10 08:03:12,completed,credit_card,,0.0,2024-04,2024,4
100995,1091,2024-04-10 09:07:57,completed,credit_card,spring15,0.0,2024-04,2024,4
100996,887,2024-04-10 09:26:23,completed,credit_card,,0.0,2024-04,2024,4
100997,1303,2024-04-10 10:03:42,completed,paypal,,0.0,2024-04,2024,4
100998,2164,2024-04-10 11:15:15,completed,credit_card,spring15,0.0,2024-04,2024,4
100999,2375,2024-04-10 11:38:39,canceled,credit_card,,0.0,2024-04,2024,4
101000,2221,2024-04-10 12:46:48,completed,apple_pay,,0.0,2024-04,2024,4
101001,2728,2024-04-10 14:10:28,returned,credit_card,,0.0,2024-04,2024,4
101002,1211,2024-04-10 17:14:33,completed,credit_card,,0.0,2024-04,2024,4
101003,2317,2024-04-10 19:35:23,completed,apple_pay,,0.0,2024-04,2024,4
101004,249,2024-04-10 21:34:53,completed,credit_card,,0.0,2024-04,2024,4
101005,3461,2024-04-10 22:29:53,completed,paypal,,0.0,2024-04,2024,4
101006,1838,2024-04-11 06:09:56,completed,credit_card,,6.95,2024-04,2024,4
101007,343,2024-04-11 10:38:55,canceled,credit_card,,0.0,2024-04,2024,4
101008,745,2024-04-11 12:44:57,canceled,credit_card,,0.0,2024-04,2024,4
101009,3089,2024-04-11 13:14:12,completed,apple_pay,,0.0,2024-04,2024,4
101010,3069,2024-04-11 13:33:28,completed,credit_card,spring15,0.0,2024-04,2024,4
101011,1229,2024-04-11 16:01:00,completed,apple_pay,,0.0,2024-04,2024,4
101012,3452,2024-04-11 17:00:30,returned,apple_pay,welcome10,6.95,2024-04,2024,4
101013,2072,2024-04-11 17:05:43,completed,apple_pay,,0.0,2024-04,2024,4
101014,18,2024-04-11 17:09:03,canceled,credit_card,,0.0,2024-04,2024,4
101015,247,2024-04-11 18:43:39,completed,apple_pay,,0.0,2024-04,2024,4
101016,724,2024-04-11 19:29:00,completed,credit_card,,6.95,2024-04,2024,4
101017,2211,2024-04-11 23:08:57,returned,credit_card,,0.0,2024-04,2024,4
101018,181,2024-04-11 23:10:26,completed,credit_card,,6.95,2024-04,2024,4
101019,1756,2024-04-12 06:53:01,completed,credit_card,,0.0,2024-04,2024,4
101020,780,2024-04-12 07:17:54,completed,apple_pay,spring15,0.0,2024-04,2024,4
101021,2718,2024-04-12 08:27:12,completed,paypal,,0.0,2024-04,2024,4
101022,2412,2024-04-12 10:47:05,completed,credit_card,,0.0,2024-04,2024,4
101023,2049,2024-04-12 14:55:36,completed,credit_card,,6.95,2024-04,2024,4
101024,2277,2024-04-12 16:04:47,completed,credit_card,welcome10,6.95,2024-04,2024,4
101025,3250,2024-04-12 17:21:36,completed,credit_card,,0.0,2024-04,2024,4
101026,115,2024-04-12 18:25:00,completed,credit_card,,0.0,2024-04,2024,4
101027,1583,2024-04-12 18:39:53,completed,apple_pay,,0.0,2024-04,2024,4
101028,1929,2024-04-12 18:52:55,completed,paypal,spring15,0.0,2024-04,2024,4
101029,1229,2024-04-12 20:07:09,completed,apple_pay,,0.0,2024-04,2024,4
101030,3531,2024-04-12 21:19:49,completed,paypal,welcome10,0.0,2024-04,2024,4
101031,502,2024-04-12 21:27:50,completed,credit_card,,0.0,2024-04,2024,4
101032,1375,2024-04-13 10:47:23,completed,credit_card,,0.0,2024-04,2024,4
101033,1091,2024-04-13 11:59:19,completed,gift_card,spring15,0.0,2024-04,2024,4
101034,1876,2024-04-13 12:50:36,completed,credit_card,,0.0,2024-04,2024,4
101035,724,2024-04-13 15:26:03,completed,paypal,,0.0,2024-04,2024,4
101036,3152,2024-04-13 17:57:14,completed,credit_card,,0.0,2024-04,2024,4
101037,1929,2024-04-13 20:00:54,completed,apple_pay,,0.0,2024-04,2024,4
101038,2904,2024-04-13 21:33:41,completed,credit_card,,0.0,2024-04,2024,4
101039,3114,2024-04-14 06:16:26,completed,credit_card,welcome10,6.95,2024-04,2024,4
101040,602,2024-04-14 06:53:18,completed,apple_pay,,0.0,2024-04,2024,4
101041,181,2024-04-14 07:28:08,completed,paypal,,0.0,2024-04,2024,4
101042,1709,2024-04-14 07:46:57,completed,credit_card,,0.0,2024-04,2024,4
101043,48,2024-04-14 09:06:34,completed,apple_pay,welcome10,0.0,2024-04,2024,4
101044,2577,2024-04-14 10:42:46,completed,apple_pay,,0.0,2024-04,2024,4
101045,2196,2024-04-14 12:35:47,completed,credit_card,,0.0,2024-04,2024,4
101046,2221,2024-04-14 13:55:16,completed,credit_card,,0.0,2024-04,2024,4
101047,2773,2024-04-14 15:58:54,completed,credit_card,,6.95,2024-04,2024,4
101048,2863,2024-04-14 20:47:59,completed,credit_card,,0.0,2024-04,2024,4
101049,2577,2024-04-14 21:58:03,completed,apple_pay,spring15,6.95,2024-04,2024,4
101050,2317,2024-04-15 06:58:59,completed,credit_card,,0.0,2024-04,2024,4
101051,506,2024-04-15 07:43:23,completed,gift_card,,0.0,2024-04,2024,4
101052,3069,2024-04-15 08:41:27,completed,credit_card,,0.0,2024-04,2024,4
101053,3069,2024-04-15 09:03:24,completed,credit_card,,0.0,2024-04,2024,4
101054,2812,2024-04-15 09:32:47,completed,apple_pay,,0.0,2024-04,2024,4
101055,738,2024-04-15 12:27:02,completed,credit_card,,0.0,2024-04,2024,4
101056,610,2024-04-15 13:31:14,completed,apple_pay,,6.95,2024-04,2024,4
101057,1229,2024-04-15 16:34:16,completed,credit_card,welcome10,6.95,2024-04,2024,4
101058,1224,2024-04-15 17:54:12,completed,credit_card,,6.95,2024-04,2024,4
101059,1355,2024-04-15 18:01:08,completed,credit_card,,0.0,2024-04,2024,4
101060,2577,2024-04-15 18:15:38,completed,gift_card,,0.0,2024-04,2024,4
101061,399,2024-04-15 18:47:28,returned,credit_card,,0.0,2024-04,2024,4
101062,710,2024-04-15 19:02:57,completed,apple_pay,,0.0,2024-04,2024,4
101063,3250,2024-04-15 21:18:27,completed,credit_card,,0.0,2024-04,2024,4
101064,519,2024-04-15 21:44:00,completed,apple_pay,,0.0,2024-04,2024,4
101065,3501,2024-04-16 07:58:21,completed,credit_card,,6.95,2024-04,2024,4
101066,2465,2024-04-16 11:47:04,completed,paypal,,0.0,2024-04,2024,4
101067,424,2024-04-16 13:47:49,completed,paypal,,0.0,2024-04,2024,4
101068,66,2024-04-16 14:16:56,completed,credit_card,,0.0,2024-04,2024,4
101069,612,2024-04-16 17:33:02,completed,credit_card,,6.95,2024-04,2024,4
101070,48,2024-04-16 17:38:40,completed,paypal,spring15,6.95,2024-04,2024,4
101071,3509,2024-04-16 20:30:55,completed,credit_card,,6.95,2024-04,2024,4
101072,115,2024-04-16 21:01:34,completed,credit_card,,0.0,2024-04,2024,4
101073,115,2024-04-16 23:33:53,completed,credit_card,,0.0,2024-04,2024,4
101074,572,2024-04-17 06:26:50,completed,credit_card,,0.0,2024-04,2024,4
101075,48,2024-04-17 10:15:37,completed,credit_card,,0.0,2024-04,2024,4
101076,2652,2024-04-17 10:45:10,completed,credit_card,,0.0,2024-04,2024,4
101077,1080,2024-04-17 11:17:29,completed,credit_card,,0.0,2024-04,2024,4
101078,307,2024-04-17 11:26:13,completed,credit_card,,6.95,2024-04,2024,4
101079,2211,2024-04-17 12:17:28,completed,paypal,,0.0,2024-04,2024,4
101080,1298,2024-04-17 13:16:30,completed,apple_pay,spring15,0.0,2024-04,2024,4
101081,2717,2024-04-17 15:22:53,completed,credit_card,,6.95,2024-04,2024,4
101082,3461,2024-04-17 18:07:04,completed,paypal,,0.0,2024-04,2024,4
101083,2244,2024-04-17 19:03:30,completed,apple_pay,spring15,0.0,2024-04,2024,4
101084,3314,2024-04-17 23:34:24,completed,credit_card,,0.0,2024-04,2024,4
101085,1552,2024-04-18 07:44:51,completed,credit_card,,0.0,2024-04,2024,4
101086,538,2024-04-18 07:47:38,completed,credit_card,welcome10,0.0,2024-04,2024,4
101087,1699,2024-04-18 11:49:13,canceled,credit_card,,0.0,2024-04,2024,4
101088,3114,2024-04-18 12:23:18,completed,gift_card,welcome10,0.0,2024-04,2024,4
101089,686,2024-04-18 12:41:14,completed,credit_card,,0.0,2024-04,2024,4
101090,887,2024-04-18 12:50:43,completed,paypal,,6.95,2024-04,2024,4
101091,2664,2024-04-18 14:00:58,completed,gift_card,,0.0,2024-04,2024,4
101092,247,2024-04-18 14:49:08,completed,paypal,,0.0,2024-04,2024,4
101093,1298,2024-04-18 15:59:15,completed,credit_card,,6.95,2024-04,2024,4
101094,249,2024-04-18 15:59:44,completed,gift_card,,0.0,2024-04,2024,4
101095,3250,2024-04-18 17:55:35,completed,credit_card,,6.95,2024-04,2024,4
101096,307,2024-04-18 19:32:34,completed,paypal,,0.0,2024-04,2024,4
101097,2577,2024-04-18 19:54:23,completed,apple_pay,,6.95,2024-04,2024,4
101098,424,2024-04-18 22:45:23,canceled,gift_card,,0.0,2024-04,2024,4
101099,321,2024-04-19 06:45:55,completed,credit_card,,0.0,2024-04,2024,4
101100,2439,2024-04-19 07:17:20,completed,credit_card,,0.0,2024-04,2024,4
101101,307,2024-04-19 08:19:02,completed,credit_card,,0.0,2024-04,2024,4
101102,1137,2024-04-19 10:27:20,completed,credit_card,,0.0,2024-04,2024,4
101103,3114,2024-04-19 18:06:27,completed,credit_card,,0.0,2024-04,2024,4
101104,1552,2024-04-19 18:27:34,completed,paypal,,0.0,2024-04,2024,4
101105,3380,2024-04-19 21:09:32,completed,credit_card,,6.95,2024-04,2024,4
101106,2577,2024-04-19 23:19:33,completed,apple_pay,,6.95,2024-04,2024,4
101107,1058,2024-04-20 06:01:39,completed,credit_card,,6.95,2024-04,2024,4
101108,1342,2024-04-20 06:18:42,completed,apple_pay,,0.0,2024-04,2024,4
101109,3531,2024-04-20 09:34:59,completed,apple_pay,,6.95,2024-04,2024,4
101110,424,2024-04-20 11:12:10,completed,apple_pay,,0.0,2024-04,2024,4
101111,3452,2024-04-20 11:41:07,completed,credit_card,,0.0,2024-04,2024,4
101112,2203,2024-04-20 13:48:27,completed,credit_card,,0.0,2024-04,2024,4
101113,572,2024-04-20 14:51:51,completed,credit_card,,0.0,2024-04,2024,4
101114,1929,2024-04-20 14:58:50,completed,apple_pay,,0.0,2024-04,2024,4
101115,1039,2024-04-21 06:17:21,completed,paypal,,6.95,2024-04,2024,4
101116,424,2024-04-21 06:33:07,returned,credit_card,,0.0,2024-04,2024,4
101117,1786,2024-04-21 07:52:15,completed,apple_pay,,0.0,2024-04,2024,4
101118,1091,2024-04-21 09:02:49,completed,credit_card,,0.0,2024-04,2024,4
101119,3526,2024-04-21 10:53:54,completed,credit_card,,0.0,2024-04,2024,4
101120,612,2024-04-21 12:12:03,completed,credit_card,,0.0,2024-04,2024,4
101121,1756,2024-04-21 15:45:33,returned,credit_card,,6.95,2024-04,2024,4
101122,572,2024-04-21 16:38:03,returned,paypal,,0.0,2024-04,2024,4
101123,2127,2024-04-21 19:28:00,completed,credit_card,,0.0,2024-04,2024,4
101124,2778,2024-04-21 19:32:23,completed,credit_card,,0.0,2024-04,2024,4
101125,115,2024-04-21 20:07:24,completed,apple_pay,,0.0,2024-04,2024,4
101126,1409,2024-04-21 20:37:12,completed,credit_card,,0.0,2024-04,2024,4
101127,307,2024-04-21 21:54:37,completed,credit_card,,0.0,2024-04,2024,4
101128,1891,2024-04-21 21:54:48,completed,paypal,spring15,6.95,2024-04,2024,4
101129,443,2024-04-21 22:27:48,completed,credit_card,,0.0,2024-04,2024,4
101130,2192,2024-04-21 22:59:58,completed,credit_card,,0.0,2024-04,2024,4
101131,283,2024-04-21 23:36:12,completed,apple_pay,spring15,0.0,2024-04,2024,4
101132,2773,2024-04-22 06:57:13,completed,credit_card,,0.0,2024-04,2024,4
101133,2039,2024-04-22 08:39:51,completed,credit_card,,6.95,2024-04,2024,4
101134,1298,2024-04-22 09:12:50,completed,paypal,,6.95,2024-04,2024,4
101135,3114,2024-04-22 10:57:37,completed,credit_card,,0.0,2024-04,2024,4
101136,2914,2024-04-22 14:57:43,completed,apple_pay,,6.95,2024-04,2024,4
101137,2018,2024-04-22 15:31:27,completed,credit_card,,0.0,2024-04,2024,4
101138,458,2024-04-22 19:20:50,completed,credit_card,,0.0,2024-04,2024,4
101139,2018,2024-04-22 21:06:02,completed,credit_card,,0.0,2024-04,2024,4
101140,1355,2024-04-22 21:55:10,completed,credit_card,,6.95,2024-04,2024,4
101141,2465,2024-04-22 22:09:43,completed,credit_card,,0.0,2024-04,2024,4
101142,1298,2024-04-23 10:25:01,returned,apple_pay,,0.0,2024-04,2024,4
101143,2275,2024-04-23 10:55:16,completed,apple_pay,spring15,0.0,2024-04,2024,4
101144,1786,2024-04-23 10:59:59,completed,credit_card,,0.0,2024-04,2024,4
101145,1375,2024-04-23 11:06:49,completed,credit_card,,6.95,2024-04,2024,4
101146,297,2024-04-23 12:55:44,completed,paypal,,6.95,2024-04,2024,4
101147,3520,2024-04-23 13:19:58,completed,credit_card,,0.0,2024-04,2024,4
101148,3114,2024-04-23 14:11:46,completed,gift_card,spring15,0.0,2024-04,2024,4
101149,2509,2024-04-23 16:16:23,completed,paypal,,0.0,2024-04,2024,4
101150,48,2024-04-23 17:37:56,completed,paypal,,0.0,2024-04,2024,4
101151,2128,2024-04-23 19:24:24,completed,credit_card,,0.0,2024-04,2024,4
101152,1375,2024-04-23 20:12:58,completed,paypal,,0.0,2024-04,2024,4
101153,2488,2024-04-23 20:24:47,completed,credit_card,,0.0,2024-04,2024,4
101154,3348,2024-04-24 06:42:46,completed,credit_card,,0.0,2024-04,2024,4
101155,1656,2024-04-24 06:45:27,completed,paypal,,0.0,2024-04,2024,4
101156,2863,2024-04-24 07:31:01,completed,credit_card,welcome10,0.0,2024-04,2024,4
101157,745,2024-04-24 08:03:29,completed,credit_card,,0.0,2024-04,2024,4
101158,612,2024-04-24 12:40:23,completed,gift_card,,6.95,2024-04,2024,4
101159,1663,2024-04-24 16:38:31,completed,credit_card,,0.0,2024-04,2024,4
101160,3531,2024-04-24 16:43:40,completed,gift_card,,0.0,2024-04,2024,4
101161,2363,2024-04-24 19:23:50,completed,apple_pay,,0.0,2024-04,2024,4
101162,1209,2024-04-24 20:38:39,completed,apple_pay,,0.0,2024-04,2024,4
101163,2221,2024-04-24 22:08:41,completed,credit_card,spring15,6.95,2024-04,2024,4
101164,48,2024-04-25 14:22:19,completed,credit_card,,6.95,2024-04,2024,4
101165,1870,2024-04-25 14:59:40,completed,gift_card,,0.0,2024-04,2024,4
101166,126,2024-04-25 17:52:17,completed,credit_card,,0.0,2024-04,2024,4
101167,1405,2024-04-25 20:00:07,completed,credit_card,,0.0,2024-04,2024,4
101168,3125,2024-04-25 21:42:06,completed,credit_card,,0.0,2024-04,2024,4
101169,3549,2024-04-25 21:57:52,completed,gift_card,,0.0,2024-04,2024,4
101170,299,2024-04-25 22:10:07,completed,paypal,,0.0,2024-04,2024,4
101171,1272,2024-04-25 23:18:15,completed,credit_card,spring15,6.95,2024-04,2024,4
101172,1298,2024-04-26 07:58:18,returned,paypal,spring15,6.95,2024-04,2024,4
101173,3081,2024-04-26 08:49:38,completed,credit_card,,0.0,2024-04,2024,4
101174,3452,2024-04-26 09:55:19,completed,credit_card,,0.0,2024-04,2024,4
101175,48,2024-04-26 11:15:13,completed,paypal,welcome10,0.0,2024-04,2024,4
101176,604,2024-04-26 15:26:43,completed,paypal,welcome10,6.95,2024-04,2024,4
101177,1876,2024-04-26 19:06:07,completed,apple_pay,,0.0,2024-04,2024,4
101178,163,2024-04-26 20:11:47,completed,credit_card,,0.0,2024-04,2024,4
101179,1552,2024-04-26 23:35:11,completed,credit_card,,0.0,2024-04,2024,4
101180,2439,2024-04-27 06:36:37,completed,paypal,,6.95,2024-04,2024,4
101181,2652,2024-04-27 06:38:57,completed,credit_card,,0.0,2024-04,2024,4
101182,2751,2024-04-27 06:51:32,completed,paypal,,0.0,2024-04,2024,4
101183,2221,2024-04-27 08:02:57,completed,credit_card,,0.0,2024-04,2024,4
101184,38,2024-04-27 09:47:16,completed,credit_card,,0.0,2024-04,2024,4
101185,3509,2024-04-27 10:43:55,completed,credit_card,,0.0,2024-04,2024,4
101186,2439,2024-04-27 13:15:47,completed,apple_pay,,0.0,2024-04,2024,4
101187,572,2024-04-27 17:32:00,completed,apple_pay,,0.0,2024-04,2024,4
101188,424,2024-04-27 20:56:21,completed,credit_card,,0.0,2024-04,2024,4
101189,2189,2024-04-27 22:00:39,completed,credit_card,,0.0,2024-04,2024,4
101190,1552,2024-04-28 07:24:44,completed,credit_card,,0.0,2024-04,2024,4
101191,2987,2024-04-28 07:58:33,completed,credit_card,,0.0,2024-04,2024,4
101192,48,2024-04-28 09:26:15,completed,credit_card,welcome10,0.0,2024-04,2024,4
101193,2007,2024-04-28 10:50:26,completed,paypal,,6.95,2024-04,2024,4
101194,3501,2024-04-28 11:28:26,returned,paypal,,0.0,2024-04,2024,4
101195,2577,2024-04-28 13:19:11,completed,apple_pay,welcome10,0.0,2024-04,2024,4
101196,2863,2024-04-28 14:28:34,completed,gift_card,,0.0,2024-04,2024,4
101197,1663,2024-04-28 15:05:47,completed,credit_card,,0.0,2024-04,2024,4
101198,2501,2024-04-28 15:35:52,completed,gift_card,,0.0,2024-04,2024,4
101199,3454,2024-04-28 16:12:09,completed,paypal,spring15,0.0,2024-04,2024,4
101200,3114,2024-04-28 18:06:47,completed,credit_card,,0.0,2024-04,2024,4
101201,602,2024-04-28 18:45:38,completed,apple_pay,,6.95,2024-04,2024,4
101202,1951,2024-04-28 19:38:22,completed,paypal,,6.95,2024-04,2024,4
101203,3272,2024-04-28 19:45:11,completed,credit_card,,0.0,2024-04,2024,4
101204,399,2024-04-28 23:27:41,completed,credit_card,,6.95,2024-04,2024,4
101205,181,2024-04-29 07:55:30,completed,apple_pay,,6.95,2024-04,2024,4
101206,1523,2024-04-29 09:25:38,completed,credit_card,,0.0,2024-04,2024,4
101207,2752,2024-04-29 09:51:40,completed,paypal,,0.0,2024-04,2024,4
101208,1229,2024-04-29 10:22:10,completed,paypal,,0.0,2024-04,2024,4
101209,3531,2024-04-29 11:45:37,completed,paypal,,0.0,2024-04,2024,4
101210,2412,2024-04-29 13:38:07,completed,credit_card,,6.95,2024-04,2024,4
101211,602,2024-04-29 18:27:41,completed,apple_pay,,6.95,2024-04,2024,4
101212,3231,2024-04-30 07:15:13,completed,paypal,,6.95,2024-04,2024,4
101213,2464,2024-04-30 07:56:39,completed,paypal,,0.0,2024-04,2024,4
101214,3069,2024-04-30 12:55:32,completed,credit_card,,0.0,2024-04,2024,4
101215,1208,2024-04-30 14:17:41,completed,apple_pay,,6.95,2024-04,2024,4
101216,3231,2024-04-30 14:31:15,completed,credit_card,,0.0,2024-04,2024,4
101217,422,2024-04-30 20:38:07,completed,paypal,spring15,0.0,2024-04,2024,4
101218,2577,2024-04-30 21:13:57,completed,apple_pay,,6.95,2024-04,2024,4
101219,2244,2024-04-30 21:25:30,completed,credit_card,,6.95,2024-04,2024,4
101220,510,2024-04-30 21:32:29,completed,credit_card,,0.0,2024-04,2024,4
101221,2300,2024-04-30 22:09:57,completed,credit_card,,0.0,2024-04,2024,4
101222,1891,2024-05-01 06:25:30,completed,credit_card,welcome10,0.0,2024-05,2024,5
101223,89,2024-05-01 10:50:06,returned,credit_card,,0.0,2024-05,2024,5
101224,2778,2024-05-01 12:55:06,completed,credit_card,,0.0,2024-05,2024,5
101225,2801,2024-05-01 15:10:03,completed,gift_card,,0.0,2024-05,2024,5
101226,283,2024-05-01 15:28:48,completed,credit_card,,0.0,2024-05,2024,5
101227,2919,2024-05-01 18:23:41,completed,credit_card,,6.95,2024-05,2024,5
101228,1552,2024-05-01 18:46:52,completed,paypal,,6.95,2024-05,2024,5
101229,443,2024-05-01 18:58:15,completed,credit_card,,0.0,2024-05,2024,5
101230,1209,2024-05-01 20:14:27,completed,apple_pay,welcome10,0.0,2024-05,2024,5
101231,2728,2024-05-01 21:58:02,completed,gift_card,,0.0,2024-05,2024,5
101232,1187,2024-05-01 23:37:59,completed,apple_pay,,0.0,2024-05,2024,5
101233,107,2024-05-01 23:39:28,completed,credit_card,,0.0,2024-05,2024,5
101234,2221,2024-05-02 07:38:39,completed,credit_card,,0.0,2024-05,2024,5
101235,1552,2024-05-02 08:21:17,returned,credit_card,,0.0,2024-05,2024,5
101236,38,2024-05-02 10:16:16,completed,apple_pay,welcome10,6.95,2024-05,2024,5
101237,526,2024-05-02 11:07:36,completed,credit_card,spring15,6.95,2024-05,2024,5
101238,3320,2024-05-02 13:34:01,returned,credit_card,spring15,6.95,2024-05,2024,5
101239,2728,2024-05-02 13:47:43,completed,credit_card,,6.95,2024-05,2024,5
101240,612,2024-05-02 14:05:55,completed,credit_card,,0.0,2024-05,2024,5
101241,1195,2024-05-02 14:10:04,completed,credit_card,,0.0,2024-05,2024,5
101242,3048,2024-05-02 15:18:08,completed,credit_card,,0.0,2024-05,2024,5
104455,3069,2025-01-24 08:19:45,completed,credit_card,,0.0,2025-01,2025,1
101243,1752,2024-05-02 17:53:37,completed,credit_card,,0.0,2024-05,2024,5
101244,1552,2024-05-02 23:41:48,completed,apple_pay,,6.95,2024-05,2024,5
101245,116,2024-05-03 06:22:45,completed,paypal,,0.0,2024-05,2024,5
101246,3272,2024-05-03 07:55:27,completed,credit_card,,0.0,2024-05,2024,5
101247,3250,2024-05-03 11:14:47,canceled,credit_card,,6.95,2024-05,2024,5
101248,424,2024-05-03 14:19:30,completed,credit_card,,0.0,2024-05,2024,5
101249,3442,2024-05-03 15:44:34,completed,credit_card,,0.0,2024-05,2024,5
101250,2987,2024-05-03 18:29:06,completed,gift_card,welcome10,0.0,2024-05,2024,5
101251,445,2024-05-03 19:02:10,completed,credit_card,,6.95,2024-05,2024,5
101252,3081,2024-05-03 19:09:41,completed,credit_card,,0.0,2024-05,2024,5
101253,3250,2024-05-03 19:59:13,canceled,credit_card,,0.0,2024-05,2024,5
101254,2987,2024-05-03 22:29:26,completed,credit_card,,0.0,2024-05,2024,5
101255,1187,2024-05-04 07:05:28,completed,apple_pay,spring15,0.0,2024-05,2024,5
101256,443,2024-05-04 07:51:12,completed,credit_card,,6.95,2024-05,2024,5
101257,920,2024-05-04 08:48:18,completed,paypal,,0.0,2024-05,2024,5
101258,307,2024-05-04 09:10:36,completed,credit_card,,0.0,2024-05,2024,5
101259,2221,2024-05-04 11:00:56,completed,credit_card,,0.0,2024-05,2024,5
101260,1229,2024-05-04 12:07:22,completed,credit_card,,0.0,2024-05,2024,5
101261,1229,2024-05-04 12:36:56,completed,credit_card,spring15,0.0,2024-05,2024,5
101262,307,2024-05-04 14:04:32,completed,paypal,,6.95,2024-05,2024,5
101263,1929,2024-05-04 14:33:40,canceled,credit_card,,0.0,2024-05,2024,5
101264,3454,2024-05-04 14:52:40,completed,credit_card,welcome10,6.95,2024-05,2024,5
101265,3114,2024-05-04 15:32:23,completed,credit_card,,0.0,2024-05,2024,5
101266,2465,2024-05-04 19:00:05,completed,credit_card,spring15,0.0,2024-05,2024,5
101267,2192,2024-05-04 19:27:31,completed,credit_card,,0.0,2024-05,2024,5
101268,90,2024-05-04 19:54:14,completed,credit_card,,0.0,2024-05,2024,5
101269,1091,2024-05-04 20:53:15,completed,credit_card,,0.0,2024-05,2024,5
101270,572,2024-05-04 22:41:10,completed,credit_card,,0.0,2024-05,2024,5
101271,3114,2024-05-04 23:43:08,completed,apple_pay,,6.95,2024-05,2024,5
101272,1903,2024-05-05 06:23:41,completed,apple_pay,,0.0,2024-05,2024,5
101273,1656,2024-05-05 08:09:44,canceled,credit_card,,0.0,2024-05,2024,5
101274,66,2024-05-05 08:49:23,completed,paypal,,0.0,2024-05,2024,5
101275,3454,2024-05-05 08:55:02,completed,apple_pay,,0.0,2024-05,2024,5
101276,2652,2024-05-05 09:13:19,completed,apple_pay,,0.0,2024-05,2024,5
101277,1303,2024-05-05 12:10:39,completed,credit_card,,0.0,2024-05,2024,5
101278,1552,2024-05-05 13:12:57,completed,credit_card,,0.0,2024-05,2024,5
101279,1229,2024-05-05 14:30:21,returned,paypal,spring15,0.0,2024-05,2024,5
101280,48,2024-05-05 15:10:11,completed,credit_card,,6.95,2024-05,2024,5
101281,3114,2024-05-05 15:18:38,completed,credit_card,,0.0,2024-05,2024,5
101282,2221,2024-05-05 16:43:02,completed,apple_pay,spring15,6.95,2024-05,2024,5
101283,600,2024-05-05 18:36:40,completed,credit_card,spring15,0.0,2024-05,2024,5
101284,2244,2024-05-05 18:57:31,canceled,paypal,,0.0,2024-05,2024,5
101285,2629,2024-05-05 22:30:15,completed,paypal,,0.0,2024-05,2024,5
101286,930,2024-05-06 10:08:26,completed,credit_card,,0.0,2024-05,2024,5
101287,1019,2024-05-06 11:34:14,completed,credit_card,,0.0,2024-05,2024,5
101288,2918,2024-05-06 15:28:46,completed,credit_card,,0.0,2024-05,2024,5
101289,1929,2024-05-06 16:00:30,completed,credit_card,,0.0,2024-05,2024,5
101290,920,2024-05-06 17:26:48,completed,credit_card,,0.0,2024-05,2024,5
101291,2244,2024-05-06 17:39:01,completed,credit_card,welcome10,0.0,2024-05,2024,5
101292,1110,2024-05-06 19:00:30,completed,credit_card,,0.0,2024-05,2024,5
101293,115,2024-05-06 19:10:30,completed,credit_card,,6.95,2024-05,2024,5
101294,930,2024-05-07 11:14:08,completed,gift_card,,0.0,2024-05,2024,5
101295,115,2024-05-07 11:38:23,completed,credit_card,,6.95,2024-05,2024,5
101296,3231,2024-05-07 13:50:28,completed,credit_card,,0.0,2024-05,2024,5
101297,3531,2024-05-07 14:28:58,completed,credit_card,,0.0,2024-05,2024,5
101298,3347,2024-05-07 16:27:12,completed,credit_card,,0.0,2024-05,2024,5
101299,1454,2024-05-07 17:45:22,completed,credit_card,,0.0,2024-05,2024,5
101300,443,2024-05-07 19:51:34,completed,apple_pay,,0.0,2024-05,2024,5
101301,2221,2024-05-07 21:08:34,completed,credit_card,spring15,0.0,2024-05,2024,5
101302,399,2024-05-07 21:11:17,completed,credit_card,,6.95,2024-05,2024,5
101303,3467,2024-05-07 21:30:57,completed,credit_card,,0.0,2024-05,2024,5
101304,2752,2024-05-07 21:40:05,completed,credit_card,,0.0,2024-05,2024,5
101305,3320,2024-05-07 22:05:34,completed,credit_card,,0.0,2024-05,2024,5
101306,2577,2024-05-07 22:21:04,returned,credit_card,,0.0,2024-05,2024,5
101307,1841,2024-05-07 23:21:20,completed,gift_card,,0.0,2024-05,2024,5
101308,3231,2024-05-08 07:57:04,completed,credit_card,,6.95,2024-05,2024,5
101309,2501,2024-05-08 08:37:38,completed,credit_card,spring15,0.0,2024-05,2024,5
101310,343,2024-05-08 10:32:15,canceled,credit_card,,6.95,2024-05,2024,5
101311,38,2024-05-08 13:26:19,completed,gift_card,,0.0,2024-05,2024,5
101312,3069,2024-05-08 14:05:24,completed,gift_card,,6.95,2024-05,2024,5
101313,299,2024-05-08 14:22:18,completed,gift_card,,6.95,2024-05,2024,5
101314,2651,2024-05-08 14:41:23,completed,credit_card,,0.0,2024-05,2024,5
101315,66,2024-05-08 15:33:37,canceled,credit_card,spring15,6.95,2024-05,2024,5
101316,1114,2024-05-08 16:55:25,completed,credit_card,,0.0,2024-05,2024,5
101317,2189,2024-05-08 17:19:51,completed,apple_pay,,0.0,2024-05,2024,5
101318,1298,2024-05-08 18:38:48,completed,credit_card,,0.0,2024-05,2024,5
101319,2244,2024-05-08 19:02:02,completed,credit_card,,0.0,2024-05,2024,5
101320,1663,2024-05-09 06:47:51,completed,paypal,,6.95,2024-05,2024,5
101321,1699,2024-05-09 11:36:42,completed,paypal,,0.0,2024-05,2024,5
101322,1552,2024-05-09 12:58:22,completed,credit_card,,0.0,2024-05,2024,5
101323,2652,2024-05-09 15:46:15,completed,credit_card,,6.95,2024-05,2024,5
101324,1454,2024-05-09 19:06:38,completed,credit_card,spring15,0.0,2024-05,2024,5
101325,2127,2024-05-09 19:10:17,completed,credit_card,,0.0,2024-05,2024,5
101326,651,2024-05-10 06:28:37,completed,paypal,,0.0,2024-05,2024,5
101327,1838,2024-05-10 06:57:04,completed,credit_card,,6.95,2024-05,2024,5
101328,2113,2024-05-10 09:00:24,completed,paypal,,0.0,2024-05,2024,5
101329,1209,2024-05-10 12:10:58,completed,credit_card,,6.95,2024-05,2024,5
101330,1929,2024-05-10 12:25:47,completed,credit_card,,0.0,2024-05,2024,5
101331,1786,2024-05-10 15:53:53,completed,credit_card,,0.0,2024-05,2024,5
101332,1806,2024-05-10 17:26:31,completed,credit_card,,0.0,2024-05,2024,5
101333,3348,2024-05-10 18:02:02,completed,paypal,,0.0,2024-05,2024,5
101334,3250,2024-05-11 08:54:22,completed,paypal,,0.0,2024-05,2024,5
101335,1229,2024-05-11 11:24:44,completed,paypal,welcome10,0.0,2024-05,2024,5
101336,840,2024-05-11 11:40:37,completed,paypal,,0.0,2024-05,2024,5
101337,48,2024-05-11 17:41:57,completed,credit_card,,0.0,2024-05,2024,5
101338,1970,2024-05-11 18:15:41,returned,credit_card,,0.0,2024-05,2024,5
101339,1342,2024-05-11 19:07:11,completed,gift_card,,0.0,2024-05,2024,5
101340,48,2024-05-11 20:34:27,canceled,credit_card,spring15,6.95,2024-05,2024,5
101341,3454,2024-05-11 20:47:14,completed,gift_card,,0.0,2024-05,2024,5
101342,2995,2024-05-12 06:46:43,completed,credit_card,,0.0,2024-05,2024,5
101343,2024,2024-05-12 07:21:39,completed,credit_card,,6.95,2024-05,2024,5
101344,1552,2024-05-12 09:57:26,completed,credit_card,,0.0,2024-05,2024,5
101345,1891,2024-05-12 11:19:21,completed,paypal,,0.0,2024-05,2024,5
101346,1929,2024-05-12 11:51:28,completed,paypal,,0.0,2024-05,2024,5
101347,283,2024-05-12 14:55:33,completed,credit_card,,0.0,2024-05,2024,5
101348,1454,2024-05-12 15:10:53,completed,credit_card,,0.0,2024-05,2024,5
101349,1763,2024-05-12 15:51:43,completed,credit_card,,0.0,2024-05,2024,5
101350,443,2024-05-12 19:14:55,completed,credit_card,,0.0,2024-05,2024,5
101351,226,2024-05-12 20:44:49,completed,apple_pay,welcome10,6.95,2024-05,2024,5
101352,2987,2024-05-12 20:53:01,completed,credit_card,,0.0,2024-05,2024,5
101353,1454,2024-05-13 10:09:44,completed,credit_card,,6.95,2024-05,2024,5
101354,2337,2024-05-13 11:08:03,completed,apple_pay,,6.95,2024-05,2024,5
101355,1139,2024-05-13 14:41:45,canceled,credit_card,,0.0,2024-05,2024,5
101356,3505,2024-05-13 17:14:23,completed,paypal,spring15,0.0,2024-05,2024,5
101357,1786,2024-05-13 18:16:55,completed,credit_card,,0.0,2024-05,2024,5
101358,2821,2024-05-13 21:56:46,completed,credit_card,,0.0,2024-05,2024,5
101359,710,2024-05-13 22:42:10,completed,credit_card,,0.0,2024-05,2024,5
101360,3520,2024-05-14 08:14:47,completed,paypal,,0.0,2024-05,2024,5
101361,1737,2024-05-14 09:42:05,completed,credit_card,,0.0,2024-05,2024,5
101362,2778,2024-05-14 12:17:14,returned,apple_pay,,0.0,2024-05,2024,5
101363,2018,2024-05-14 12:42:32,completed,apple_pay,,0.0,2024-05,2024,5
101364,1134,2024-05-14 14:01:57,completed,credit_card,spring15,0.0,2024-05,2024,5
101365,2821,2024-05-14 14:24:04,completed,apple_pay,welcome10,0.0,2024-05,2024,5
101366,2244,2024-05-14 15:01:58,completed,credit_card,spring15,0.0,2024-05,2024,5
101367,2821,2024-05-14 15:22:15,completed,apple_pay,,0.0,2024-05,2024,5
101368,3452,2024-05-14 17:35:50,completed,credit_card,,0.0,2024-05,2024,5
101369,2863,2024-05-14 18:31:46,canceled,paypal,spring15,0.0,2024-05,2024,5
101370,3399,2024-05-14 20:03:34,completed,paypal,,0.0,2024-05,2024,5
101371,1737,2024-05-14 20:21:28,completed,credit_card,,0.0,2024-05,2024,5
101372,2196,2024-05-14 23:37:57,completed,apple_pay,,0.0,2024-05,2024,5
101373,840,2024-05-15 07:50:04,completed,paypal,,0.0,2024-05,2024,5
101374,1574,2024-05-15 09:12:01,completed,credit_card,,0.0,2024-05,2024,5
101375,3361,2024-05-15 09:22:30,completed,credit_card,,0.0,2024-05,2024,5
101376,48,2024-05-15 10:03:34,completed,paypal,,0.0,2024-05,2024,5
101377,3009,2024-05-15 10:30:46,completed,credit_card,spring15,0.0,2024-05,2024,5
101378,1870,2024-05-15 11:59:42,completed,credit_card,,0.0,2024-05,2024,5
101379,2840,2024-05-15 15:45:23,completed,paypal,,0.0,2024-05,2024,5
101380,2821,2024-05-15 16:28:12,completed,credit_card,,0.0,2024-05,2024,5
101381,1134,2024-05-15 16:55:47,completed,apple_pay,,0.0,2024-05,2024,5
101382,3348,2024-05-15 20:03:42,completed,paypal,,0.0,2024-05,2024,5
101383,3380,2024-05-16 06:34:10,completed,apple_pay,,0.0,2024-05,2024,5
101384,1876,2024-05-16 07:28:51,completed,paypal,,0.0,2024-05,2024,5
101385,2863,2024-05-16 08:38:06,completed,credit_card,welcome10,0.0,2024-05,2024,5
101386,107,2024-05-16 08:46:34,completed,credit_card,,6.95,2024-05,2024,5
101387,2821,2024-05-16 09:25:27,returned,apple_pay,,0.0,2024-05,2024,5
101388,1838,2024-05-16 10:36:52,completed,paypal,,0.0,2024-05,2024,5
101389,3069,2024-05-16 11:09:51,completed,credit_card,,0.0,2024-05,2024,5
101390,1355,2024-05-16 11:51:16,completed,credit_card,,0.0,2024-05,2024,5
101391,3069,2024-05-16 14:31:06,completed,apple_pay,,0.0,2024-05,2024,5
101392,1019,2024-05-16 14:57:31,completed,credit_card,,0.0,2024-05,2024,5
101393,283,2024-05-16 16:09:31,completed,paypal,spring15,0.0,2024-05,2024,5
101394,1080,2024-05-16 16:55:42,completed,credit_card,,0.0,2024-05,2024,5
101395,18,2024-05-16 16:56:24,completed,apple_pay,,6.95,2024-05,2024,5
101396,738,2024-05-16 20:01:52,completed,credit_card,,0.0,2024-05,2024,5
101397,2778,2024-05-16 20:06:08,completed,credit_card,welcome10,0.0,2024-05,2024,5
101398,2221,2024-05-16 20:12:39,completed,credit_card,,0.0,2024-05,2024,5
101399,3348,2024-05-16 21:09:37,completed,credit_card,spring15,0.0,2024-05,2024,5
101400,2651,2024-05-16 22:14:46,completed,credit_card,,0.0,2024-05,2024,5
101401,2113,2024-05-16 22:22:40,completed,credit_card,,0.0,2024-05,2024,5
101402,66,2024-05-16 22:31:55,completed,credit_card,,0.0,2024-05,2024,5
101403,3099,2024-05-16 22:49:50,completed,credit_card,,0.0,2024-05,2024,5
101404,731,2024-05-16 23:04:40,completed,apple_pay,,6.95,2024-05,2024,5
101405,1752,2024-05-17 07:00:27,completed,gift_card,,0.0,2024-05,2024,5
101406,1737,2024-05-17 07:10:13,completed,credit_card,,0.0,2024-05,2024,5
101407,1699,2024-05-17 10:27:15,completed,credit_card,,0.0,2024-05,2024,5
101408,1870,2024-05-17 13:01:58,completed,credit_card,,0.0,2024-05,2024,5
101409,2752,2024-05-17 15:22:05,completed,paypal,,0.0,2024-05,2024,5
101410,2337,2024-05-17 17:00:10,completed,paypal,,0.0,2024-05,2024,5
101411,2718,2024-05-17 17:01:27,completed,paypal,,6.95,2024-05,2024,5
101412,3532,2024-05-17 17:10:30,completed,credit_card,,0.0,2024-05,2024,5
101413,107,2024-05-17 21:46:58,completed,credit_card,spring15,0.0,2024-05,2024,5
101414,2337,2024-05-17 23:09:02,completed,apple_pay,,0.0,2024-05,2024,5
101415,115,2024-05-18 06:06:20,completed,credit_card,welcome10,0.0,2024-05,2024,5
101416,38,2024-05-18 06:22:16,completed,credit_card,,0.0,2024-05,2024,5
101417,424,2024-05-18 09:45:35,completed,paypal,,0.0,2024-05,2024,5
101418,3114,2024-05-18 10:12:59,completed,credit_card,,0.0,2024-05,2024,5
101419,2192,2024-05-18 10:37:26,completed,paypal,,0.0,2024-05,2024,5
101420,526,2024-05-18 12:40:50,completed,paypal,spring15,0.0,2024-05,2024,5
101421,1134,2024-05-18 16:28:14,completed,paypal,spring15,0.0,2024-05,2024,5
101422,424,2024-05-18 16:51:08,completed,paypal,,0.0,2024-05,2024,5
101423,738,2024-05-18 18:39:41,completed,credit_card,,0.0,2024-05,2024,5
101424,2285,2024-05-19 06:19:13,completed,gift_card,,0.0,2024-05,2024,5
101425,1342,2024-05-19 12:55:40,canceled,apple_pay,,6.95,2024-05,2024,5
101426,2221,2024-05-19 15:02:10,canceled,credit_card,,0.0,2024-05,2024,5
101427,3089,2024-05-19 15:02:55,completed,apple_pay,,0.0,2024-05,2024,5
101428,2030,2024-05-19 15:57:58,completed,paypal,,0.0,2024-05,2024,5
101429,2821,2024-05-19 16:57:54,completed,apple_pay,,0.0,2024-05,2024,5
101430,1870,2024-05-19 19:41:51,completed,credit_card,,0.0,2024-05,2024,5
101431,3320,2024-05-19 21:36:24,completed,paypal,,6.95,2024-05,2024,5
101432,3099,2024-05-19 22:30:52,completed,credit_card,spring15,0.0,2024-05,2024,5
101433,1838,2024-05-19 23:00:08,completed,credit_card,,0.0,2024-05,2024,5
101434,885,2024-05-19 23:01:50,completed,credit_card,,6.95,2024-05,2024,5
101435,788,2024-05-19 23:17:32,completed,credit_card,,6.95,2024-05,2024,5
101436,3531,2024-05-20 06:36:22,completed,credit_card,,0.0,2024-05,2024,5
101437,181,2024-05-20 08:03:42,completed,credit_card,,0.0,2024-05,2024,5
101438,470,2024-05-20 11:34:40,completed,paypal,,0.0,2024-05,2024,5
101439,2863,2024-05-20 12:37:56,completed,credit_card,,0.0,2024-05,2024,5
101440,2118,2024-05-20 13:15:18,completed,apple_pay,,0.0,2024-05,2024,5
101441,443,2024-05-20 13:56:13,completed,credit_card,,0.0,2024-05,2024,5
101442,2360,2024-05-20 16:35:56,completed,credit_card,,0.0,2024-05,2024,5
101443,484,2024-05-20 17:13:19,completed,credit_card,welcome10,0.0,2024-05,2024,5
101444,3198,2024-05-20 18:41:31,completed,credit_card,,0.0,2024-05,2024,5
101445,3242,2024-05-20 19:40:15,completed,credit_card,,6.95,2024-05,2024,5
101446,1663,2024-05-20 21:11:13,completed,credit_card,,0.0,2024-05,2024,5
101447,2863,2024-05-21 07:45:07,completed,apple_pay,,0.0,2024-05,2024,5
101448,3505,2024-05-21 08:06:50,completed,credit_card,,0.0,2024-05,2024,5
101449,572,2024-05-21 08:50:42,completed,credit_card,,0.0,2024-05,2024,5
101450,2801,2024-05-21 10:50:45,completed,paypal,,0.0,2024-05,2024,5
101451,2821,2024-05-21 11:02:37,completed,apple_pay,,6.95,2024-05,2024,5
101452,2024,2024-05-21 11:04:57,completed,credit_card,,0.0,2024-05,2024,5
101453,3354,2024-05-21 13:42:01,completed,apple_pay,,6.95,2024-05,2024,5
101454,9,2024-05-21 14:32:07,completed,apple_pay,,6.95,2024-05,2024,5
101455,930,2024-05-21 14:48:46,completed,credit_card,,6.95,2024-05,2024,5
101456,2024,2024-05-21 15:38:28,completed,credit_card,,0.0,2024-05,2024,5
101457,737,2024-05-21 18:34:44,canceled,credit_card,,0.0,2024-05,2024,5
101458,3454,2024-05-21 21:30:57,completed,credit_card,,0.0,2024-05,2024,5
101459,108,2024-05-22 09:46:42,completed,apple_pay,,0.0,2024-05,2024,5
101460,2128,2024-05-22 17:40:35,completed,credit_card,,0.0,2024-05,2024,5
101461,1709,2024-05-22 23:23:33,completed,paypal,,0.0,2024-05,2024,5
101462,115,2024-05-23 09:18:46,completed,credit_card,,0.0,2024-05,2024,5
101463,3431,2024-05-23 10:01:13,completed,credit_card,,0.0,2024-05,2024,5
101464,2752,2024-05-23 16:05:36,completed,credit_card,,0.0,2024-05,2024,5
101465,1841,2024-05-23 16:44:23,canceled,paypal,,0.0,2024-05,2024,5
101466,2821,2024-05-23 17:39:19,completed,credit_card,,0.0,2024-05,2024,5
101467,1763,2024-05-23 20:16:48,completed,paypal,,6.95,2024-05,2024,5
101468,572,2024-05-23 23:16:08,completed,credit_card,,0.0,2024-05,2024,5
101469,1405,2024-05-23 23:18:16,completed,apple_pay,,0.0,2024-05,2024,5
101470,48,2024-05-24 06:39:45,completed,credit_card,,6.95,2024-05,2024,5
101471,38,2024-05-24 08:20:28,completed,credit_card,,0.0,2024-05,2024,5
101472,303,2024-05-24 11:50:20,completed,credit_card,,6.95,2024-05,2024,5
101473,1737,2024-05-24 17:16:05,completed,credit_card,,6.95,2024-05,2024,5
101474,226,2024-05-24 21:25:51,completed,apple_pay,,0.0,2024-05,2024,5
101475,443,2024-05-24 22:01:20,completed,credit_card,,0.0,2024-05,2024,5
101476,400,2024-05-25 07:02:32,completed,apple_pay,,0.0,2024-05,2024,5
101477,2821,2024-05-25 08:23:02,completed,credit_card,,0.0,2024-05,2024,5
101478,3152,2024-05-25 13:03:18,completed,apple_pay,spring15,6.95,2024-05,2024,5
101479,1552,2024-05-25 13:31:14,completed,credit_card,,0.0,2024-05,2024,5
101480,2465,2024-05-25 16:37:36,completed,credit_card,spring15,0.0,2024-05,2024,5
101481,3242,2024-05-25 18:53:26,completed,credit_card,,0.0,2024-05,2024,5
101482,727,2024-05-25 19:09:28,completed,credit_card,,0.0,2024-05,2024,5
101483,2221,2024-05-25 20:48:23,completed,credit_card,,6.95,2024-05,2024,5
101484,526,2024-05-25 22:36:26,completed,paypal,,6.95,2024-05,2024,5
101485,2718,2024-05-25 23:26:31,completed,credit_card,,0.0,2024-05,2024,5
101486,1467,2024-05-26 06:40:40,completed,credit_card,,0.0,2024-05,2024,5
101487,3099,2024-05-26 07:54:08,completed,credit_card,,0.0,2024-05,2024,5
101488,2039,2024-05-26 10:45:59,completed,apple_pay,,0.0,2024-05,2024,5
101489,2577,2024-05-26 14:09:50,completed,apple_pay,,0.0,2024-05,2024,5
104239,2580,2025-01-03 17:03:06,completed,credit_card,,0.0,2025-01,2025,1
101490,602,2024-05-26 15:43:25,completed,credit_card,welcome10,0.0,2024-05,2024,5
101491,2623,2024-05-26 16:22:02,completed,paypal,,0.0,2024-05,2024,5
101492,868,2024-05-26 16:57:55,completed,gift_card,spring15,0.0,2024-05,2024,5
101493,424,2024-05-26 18:45:23,completed,credit_card,welcome10,0.0,2024-05,2024,5
101494,1625,2024-05-26 21:01:21,completed,credit_card,,0.0,2024-05,2024,5
101495,283,2024-05-26 22:11:43,completed,apple_pay,,0.0,2024-05,2024,5
101496,399,2024-05-26 23:15:36,completed,credit_card,,6.95,2024-05,2024,5
101497,108,2024-05-27 09:02:06,canceled,credit_card,,0.0,2024-05,2024,5
101498,1198,2024-05-27 09:22:53,completed,paypal,,0.0,2024-05,2024,5
101499,249,2024-05-27 11:50:19,completed,paypal,,0.0,2024-05,2024,5
101500,424,2024-05-27 12:17:02,returned,credit_card,,0.0,2024-05,2024,5
101501,572,2024-05-27 12:34:42,completed,credit_card,,0.0,2024-05,2024,5
101502,443,2024-05-27 12:57:08,completed,apple_pay,,0.0,2024-05,2024,5
101503,3354,2024-05-27 13:45:15,completed,apple_pay,,0.0,2024-05,2024,5
101504,887,2024-05-27 14:11:13,completed,paypal,,6.95,2024-05,2024,5
101505,247,2024-05-27 15:46:28,returned,credit_card,,0.0,2024-05,2024,5
101506,892,2024-05-27 20:04:15,completed,credit_card,,0.0,2024-05,2024,5
101507,2773,2024-05-27 22:00:29,completed,apple_pay,welcome10,0.0,2024-05,2024,5
101508,572,2024-05-27 22:17:41,completed,paypal,,6.95,2024-05,2024,5
101509,2127,2024-05-28 06:36:47,completed,paypal,,6.95,2024-05,2024,5
101510,1047,2024-05-28 09:02:38,completed,credit_card,,0.0,2024-05,2024,5
101511,38,2024-05-28 09:55:44,completed,credit_card,,0.0,2024-05,2024,5
101512,1763,2024-05-28 12:02:08,completed,paypal,,0.0,2024-05,2024,5
101513,3452,2024-05-28 13:57:14,completed,credit_card,,0.0,2024-05,2024,5
101514,3114,2024-05-28 14:43:13,completed,apple_pay,,0.0,2024-05,2024,5
101515,1756,2024-05-28 17:13:26,completed,apple_pay,,0.0,2024-05,2024,5
101516,1785,2024-05-28 20:58:24,completed,credit_card,spring15,0.0,2024-05,2024,5
101517,1355,2024-05-28 22:17:54,completed,credit_card,,6.95,2024-05,2024,5
101518,72,2024-05-28 22:55:43,completed,apple_pay,,0.0,2024-05,2024,5
101519,1756,2024-05-28 23:09:59,completed,apple_pay,,0.0,2024-05,2024,5
101520,1552,2024-05-29 07:14:59,returned,credit_card,,0.0,2024-05,2024,5
101521,1552,2024-05-29 07:27:28,completed,credit_card,,0.0,2024-05,2024,5
101522,3320,2024-05-29 08:19:13,completed,apple_pay,,0.0,2024-05,2024,5
101523,48,2024-05-29 10:24:54,completed,credit_card,,0.0,2024-05,2024,5
101524,1994,2024-05-29 13:57:47,completed,credit_card,,6.95,2024-05,2024,5
101525,1734,2024-05-29 14:25:22,canceled,paypal,,0.0,2024-05,2024,5
101526,1137,2024-05-29 14:29:43,completed,credit_card,,0.0,2024-05,2024,5
101527,3505,2024-05-29 20:45:10,completed,paypal,,0.0,2024-05,2024,5
101528,3099,2024-05-29 22:34:45,completed,credit_card,,0.0,2024-05,2024,5
101529,1024,2024-05-30 07:27:05,completed,paypal,,0.0,2024-05,2024,5
101530,1134,2024-05-30 09:16:53,completed,credit_card,welcome10,0.0,2024-05,2024,5
101531,920,2024-05-30 09:32:01,canceled,credit_card,,0.0,2024-05,2024,5
101532,2995,2024-05-30 10:13:27,completed,apple_pay,welcome10,0.0,2024-05,2024,5
101533,3069,2024-05-30 10:21:32,completed,apple_pay,,0.0,2024-05,2024,5
101534,1298,2024-05-30 13:33:03,completed,gift_card,,0.0,2024-05,2024,5
101535,2778,2024-05-30 13:34:57,completed,credit_card,,0.0,2024-05,2024,5
101536,2821,2024-05-30 14:00:30,completed,paypal,,0.0,2024-05,2024,5
101537,1903,2024-05-30 14:53:27,returned,credit_card,,0.0,2024-05,2024,5
101538,1763,2024-05-30 15:10:12,completed,credit_card,,0.0,2024-05,2024,5
101539,3467,2024-05-30 17:13:26,canceled,paypal,,0.0,2024-05,2024,5
101540,1552,2024-05-30 17:32:51,completed,paypal,,0.0,2024-05,2024,5
101541,1256,2024-05-30 19:19:28,completed,credit_card,,0.0,2024-05,2024,5
101542,2801,2024-05-30 20:01:29,completed,credit_card,,0.0,2024-05,2024,5
101543,1523,2024-05-30 21:18:23,completed,paypal,spring15,0.0,2024-05,2024,5
101544,196,2024-05-30 21:19:28,completed,paypal,,0.0,2024-05,2024,5
101545,2127,2024-05-30 23:12:56,canceled,credit_card,,0.0,2024-05,2024,5
101546,2821,2024-05-31 07:29:23,completed,credit_card,,0.0,2024-05,2024,5
101547,3250,2024-05-31 07:31:05,completed,paypal,,6.95,2024-05,2024,5
101548,1891,2024-05-31 10:24:42,completed,paypal,,0.0,2024-05,2024,5
101549,226,2024-05-31 11:21:50,completed,apple_pay,,6.95,2024-05,2024,5
101550,397,2024-05-31 12:50:30,completed,credit_card,,6.95,2024-05,2024,5
101551,1454,2024-05-31 12:58:06,completed,credit_card,,6.95,2024-05,2024,5
101552,3520,2024-05-31 15:43:09,completed,paypal,welcome10,0.0,2024-05,2024,5
101553,1080,2024-05-31 16:01:39,completed,apple_pay,spring15,0.0,2024-05,2024,5
101554,424,2024-05-31 17:12:26,completed,credit_card,,0.0,2024-05,2024,5
101555,1298,2024-05-31 18:34:19,completed,credit_card,,6.95,2024-05,2024,5
101556,1137,2024-05-31 18:54:31,completed,credit_card,,0.0,2024-05,2024,5
101557,1195,2024-05-31 21:19:16,completed,credit_card,,0.0,2024-05,2024,5
101558,1137,2024-05-31 22:05:52,completed,credit_card,spring15,6.95,2024-05,2024,5
101559,3460,2024-05-31 23:30:28,completed,credit_card,,0.0,2024-05,2024,5
101560,3069,2024-06-01 10:53:27,completed,credit_card,,0.0,2024-06,2024,6
101561,1876,2024-06-01 11:08:25,completed,gift_card,,0.0,2024-06,2024,6
101562,3089,2024-06-01 12:19:06,completed,credit_card,,0.0,2024-06,2024,6
101563,3526,2024-06-01 12:55:45,completed,apple_pay,,0.0,2024-06,2024,6
101564,930,2024-06-01 13:01:25,completed,gift_card,,0.0,2024-06,2024,6
101565,2412,2024-06-01 13:42:55,completed,apple_pay,,0.0,2024-06,2024,6
101566,1552,2024-06-01 14:25:15,completed,credit_card,,0.0,2024-06,2024,6
101567,1876,2024-06-01 15:12:06,completed,apple_pay,,0.0,2024-06,2024,6
101568,3233,2024-06-01 15:37:20,completed,gift_card,,6.95,2024-06,2024,6
101569,445,2024-06-01 20:47:10,completed,apple_pay,welcome10,0.0,2024-06,2024,6
101570,396,2024-06-01 21:57:42,completed,apple_pay,,0.0,2024-06,2024,6
101571,247,2024-06-02 07:05:42,completed,credit_card,,0.0,2024-06,2024,6
101572,2577,2024-06-02 07:17:52,completed,credit_card,,6.95,2024-06,2024,6
101573,2313,2024-06-02 09:08:42,completed,apple_pay,,0.0,2024-06,2024,6
101574,303,2024-06-02 09:54:12,completed,gift_card,,0.0,2024-06,2024,6
101575,3549,2024-06-02 10:37:33,completed,credit_card,,0.0,2024-06,2024,6
101576,845,2024-06-02 12:57:40,completed,credit_card,,6.95,2024-06,2024,6
101577,3242,2024-06-02 13:07:20,completed,credit_card,,0.0,2024-06,2024,6
101578,3452,2024-06-02 13:52:53,returned,apple_pay,,0.0,2024-06,2024,6
101579,1275,2024-06-02 17:33:24,completed,credit_card,,0.0,2024-06,2024,6
101580,1375,2024-06-02 18:58:44,completed,paypal,welcome10,6.95,2024-06,2024,6
101581,19,2024-06-02 20:47:22,completed,credit_card,,0.0,2024-06,2024,6
101582,3552,2024-06-02 21:30:19,completed,credit_card,,0.0,2024-06,2024,6
101583,48,2024-06-02 22:18:30,completed,apple_pay,,0.0,2024-06,2024,6
101584,1656,2024-06-03 06:38:49,completed,apple_pay,,0.0,2024-06,2024,6
101585,2118,2024-06-03 07:26:28,completed,paypal,,0.0,2024-06,2024,6
101586,2821,2024-06-03 08:34:23,completed,paypal,,0.0,2024-06,2024,6
101587,115,2024-06-03 08:44:18,completed,paypal,,0.0,2024-06,2024,6
101588,2995,2024-06-03 13:31:11,completed,credit_card,,0.0,2024-06,2024,6
101589,3250,2024-06-03 15:52:37,completed,credit_card,,6.95,2024-06,2024,6
101590,2164,2024-06-03 22:00:17,completed,apple_pay,,0.0,2024-06,2024,6
101591,607,2024-06-04 09:36:46,completed,paypal,,0.0,2024-06,2024,6
101592,2369,2024-06-04 10:32:18,completed,apple_pay,,6.95,2024-06,2024,6
101593,3348,2024-06-04 10:56:15,completed,credit_card,,6.95,2024-06,2024,6
101594,3354,2024-06-04 15:53:09,completed,credit_card,,0.0,2024-06,2024,6
101595,2821,2024-06-04 18:21:32,completed,credit_card,,0.0,2024-06,2024,6
101596,2559,2024-06-04 18:33:29,completed,credit_card,,0.0,2024-06,2024,6
101597,1859,2024-06-04 18:45:54,completed,paypal,,0.0,2024-06,2024,6
101598,1272,2024-06-04 19:06:44,completed,paypal,,0.0,2024-06,2024,6
101599,3347,2024-06-04 19:30:37,completed,credit_card,,0.0,2024-06,2024,6
101600,2773,2024-06-04 21:02:46,completed,apple_pay,,0.0,2024-06,2024,6
101601,2317,2024-06-04 21:27:55,completed,credit_card,,0.0,2024-06,2024,6
101602,443,2024-06-04 21:36:21,completed,paypal,,0.0,2024-06,2024,6
101603,676,2024-06-04 23:48:19,completed,credit_card,,0.0,2024-06,2024,6
101604,2049,2024-06-05 07:51:58,completed,credit_card,,0.0,2024-06,2024,6
101605,307,2024-06-05 12:19:54,completed,apple_pay,,0.0,2024-06,2024,6
101606,710,2024-06-05 12:26:01,completed,paypal,,0.0,2024-06,2024,6
101607,3009,2024-06-05 16:01:26,completed,credit_card,,0.0,2024-06,2024,6
101608,1272,2024-06-05 16:51:57,completed,credit_card,,0.0,2024-06,2024,6
101609,470,2024-06-05 17:27:06,completed,credit_card,,0.0,2024-06,2024,6
101610,1209,2024-06-05 21:27:15,returned,credit_card,,0.0,2024-06,2024,6
101611,1552,2024-06-05 22:44:25,completed,credit_card,,0.0,2024-06,2024,6
101612,3212,2024-06-05 23:09:13,completed,paypal,,0.0,2024-06,2024,6
101613,1903,2024-06-06 06:05:29,completed,credit_card,,0.0,2024-06,2024,6
101614,1134,2024-06-06 06:37:52,returned,paypal,,0.0,2024-06,2024,6
101615,96,2024-06-06 06:42:23,completed,credit_card,,0.0,2024-06,2024,6
101616,3114,2024-06-06 07:13:27,completed,apple_pay,,6.95,2024-06,2024,6
101617,2821,2024-06-06 07:32:01,completed,credit_card,,0.0,2024-06,2024,6
101618,3069,2024-06-06 08:36:02,completed,credit_card,,0.0,2024-06,2024,6
101619,2812,2024-06-06 10:28:08,completed,credit_card,,0.0,2024-06,2024,6
101620,2169,2024-06-06 11:46:57,completed,paypal,,0.0,2024-06,2024,6
101621,766,2024-06-06 11:57:25,completed,credit_card,,0.0,2024-06,2024,6
101622,2602,2024-06-06 13:54:50,completed,credit_card,,0.0,2024-06,2024,6
101623,115,2024-06-06 17:46:33,completed,apple_pay,,0.0,2024-06,2024,6
101624,1047,2024-06-06 18:01:47,completed,credit_card,,6.95,2024-06,2024,6
101625,443,2024-06-06 21:10:29,completed,credit_card,,6.95,2024-06,2024,6
101626,2821,2024-06-06 22:49:59,completed,credit_card,,0.0,2024-06,2024,6
101627,181,2024-06-07 07:06:40,completed,credit_card,,0.0,2024-06,2024,6
101628,2987,2024-06-07 07:53:43,completed,paypal,,0.0,2024-06,2024,6
101629,394,2024-06-07 11:43:27,completed,paypal,,0.0,2024-06,2024,6
101630,1047,2024-06-07 13:01:13,completed,credit_card,,0.0,2024-06,2024,6
101631,1208,2024-06-07 13:20:29,completed,apple_pay,,0.0,2024-06,2024,6
101632,1137,2024-06-07 13:22:17,completed,credit_card,,0.0,2024-06,2024,6
101633,3114,2024-06-07 15:57:39,completed,credit_card,,0.0,2024-06,2024,6
101634,1443,2024-06-07 16:02:03,completed,credit_card,,6.95,2024-06,2024,6
101635,1152,2024-06-08 07:43:13,completed,paypal,,6.95,2024-06,2024,6
101636,1208,2024-06-08 09:06:12,completed,credit_card,,0.0,2024-06,2024,6
101637,2244,2024-06-08 09:36:12,completed,credit_card,,0.0,2024-06,2024,6
101638,2235,2024-06-08 10:07:37,completed,credit_card,,0.0,2024-06,2024,6
101639,68,2024-06-08 10:48:51,completed,apple_pay,,0.0,2024-06,2024,6
101640,2778,2024-06-08 11:34:39,completed,credit_card,,0.0,2024-06,2024,6
101641,3348,2024-06-08 12:22:42,completed,credit_card,,0.0,2024-06,2024,6
101642,1187,2024-06-08 15:56:11,completed,credit_card,,0.0,2024-06,2024,6
101643,507,2024-06-08 17:27:05,completed,credit_card,,0.0,2024-06,2024,6
101644,3144,2024-06-08 18:28:10,completed,credit_card,,6.95,2024-06,2024,6
101645,1134,2024-06-08 19:41:16,completed,paypal,,0.0,2024-06,2024,6
101646,1454,2024-06-08 21:05:48,completed,apple_pay,,0.0,2024-06,2024,6
101647,48,2024-06-08 22:45:50,completed,credit_card,,0.0,2024-06,2024,6
101648,2277,2024-06-08 23:12:21,completed,credit_card,,6.95,2024-06,2024,6
101649,48,2024-06-09 06:52:04,completed,credit_card,,0.0,2024-06,2024,6
101650,2313,2024-06-09 09:53:54,completed,credit_card,,0.0,2024-06,2024,6
101651,1763,2024-06-09 14:13:23,completed,credit_card,,0.0,2024-06,2024,6
101652,1623,2024-06-09 14:24:47,completed,apple_pay,,0.0,2024-06,2024,6
101653,263,2024-06-09 14:38:45,completed,credit_card,,0.0,2024-06,2024,6
101654,3069,2024-06-09 16:06:36,completed,credit_card,,0.0,2024-06,2024,6
101655,135,2024-06-09 22:03:42,completed,paypal,,0.0,2024-06,2024,6
101656,3531,2024-06-10 06:04:10,returned,paypal,welcome10,6.95,2024-06,2024,6
101657,400,2024-06-10 11:13:56,completed,credit_card,,6.95,2024-06,2024,6
101658,1302,2024-06-10 11:57:33,completed,paypal,,0.0,2024-06,2024,6
101659,2016,2024-06-10 12:33:17,completed,credit_card,,6.95,2024-06,2024,6
101660,519,2024-06-10 13:04:34,completed,credit_card,,0.0,2024-06,2024,6
101661,2669,2024-06-10 14:01:30,completed,paypal,,0.0,2024-06,2024,6
101662,1137,2024-06-10 15:53:33,completed,credit_card,,0.0,2024-06,2024,6
101663,1612,2024-06-10 17:28:45,completed,paypal,,6.95,2024-06,2024,6
101664,3069,2024-06-10 17:48:07,completed,credit_card,,0.0,2024-06,2024,6
101665,307,2024-06-10 21:04:28,completed,credit_card,,0.0,2024-06,2024,6
101666,1355,2024-06-10 23:48:40,completed,credit_card,welcome10,0.0,2024-06,2024,6
101667,1058,2024-06-11 07:54:37,completed,credit_card,,0.0,2024-06,2024,6
101668,2453,2024-06-11 10:03:29,completed,credit_card,,0.0,2024-06,2024,6
101669,3291,2024-06-11 11:19:27,completed,apple_pay,,0.0,2024-06,2024,6
101670,1058,2024-06-11 11:28:33,completed,credit_card,,0.0,2024-06,2024,6
101671,1080,2024-06-11 13:25:46,canceled,credit_card,,0.0,2024-06,2024,6
101672,2577,2024-06-11 14:24:43,completed,apple_pay,,0.0,2024-06,2024,6
101673,2439,2024-06-11 14:55:34,completed,paypal,,0.0,2024-06,2024,6
101674,2118,2024-06-11 15:46:41,completed,credit_card,,6.95,2024-06,2024,6
101675,3559,2024-06-11 18:38:47,completed,gift_card,,0.0,2024-06,2024,6
101676,1224,2024-06-11 22:42:46,completed,paypal,,0.0,2024-06,2024,6
101677,2162,2024-06-12 06:32:47,completed,credit_card,,0.0,2024-06,2024,6
101678,3069,2024-06-12 06:53:47,completed,gift_card,,0.0,2024-06,2024,6
101679,2652,2024-06-12 09:27:12,completed,credit_card,,0.0,2024-06,2024,6
101680,710,2024-06-12 10:18:03,completed,credit_card,,6.95,2024-06,2024,6
101681,1272,2024-06-12 15:39:32,completed,credit_card,,0.0,2024-06,2024,6
101682,424,2024-06-12 16:11:23,completed,credit_card,,6.95,2024-06,2024,6
101683,1467,2024-06-12 21:00:11,completed,credit_card,,6.95,2024-06,2024,6
101684,2072,2024-06-12 21:28:42,completed,apple_pay,,0.0,2024-06,2024,6
101685,3048,2024-06-12 21:39:02,completed,credit_card,,6.95,2024-06,2024,6
101686,2113,2024-06-12 23:30:06,completed,gift_card,,0.0,2024-06,2024,6
101687,2039,2024-06-12 23:47:20,completed,credit_card,,0.0,2024-06,2024,6
101688,548,2024-06-13 06:20:15,completed,credit_card,,0.0,2024-06,2024,6
101689,48,2024-06-13 06:24:38,completed,paypal,,0.0,2024-06,2024,6
101690,258,2024-06-13 07:43:03,completed,paypal,,6.95,2024-06,2024,6
101691,2169,2024-06-13 09:50:18,returned,credit_card,,0.0,2024-06,2024,6
101692,3403,2024-06-13 10:14:33,completed,credit_card,,0.0,2024-06,2024,6
101693,2118,2024-06-13 12:51:13,completed,credit_card,,0.0,2024-06,2024,6
101694,519,2024-06-13 13:12:38,completed,apple_pay,,0.0,2024-06,2024,6
101695,2577,2024-06-13 14:56:28,completed,gift_card,,6.95,2024-06,2024,6
101696,1355,2024-06-13 15:53:33,completed,apple_pay,,0.0,2024-06,2024,6
101697,1462,2024-06-13 17:52:10,completed,apple_pay,,0.0,2024-06,2024,6
101698,845,2024-06-13 19:00:54,completed,credit_card,,0.0,2024-06,2024,6
101699,2128,2024-06-13 19:50:50,completed,paypal,,0.0,2024-06,2024,6
101700,3080,2024-06-14 06:19:48,completed,credit_card,,0.0,2024-06,2024,6
101701,2821,2024-06-14 07:05:26,completed,apple_pay,,6.95,2024-06,2024,6
101702,602,2024-06-14 09:12:55,completed,credit_card,,0.0,2024-06,2024,6
101703,1552,2024-06-14 09:18:47,completed,apple_pay,,0.0,2024-06,2024,6
101704,3007,2024-06-14 09:39:56,completed,credit_card,,0.0,2024-06,2024,6
101705,3598,2024-06-14 11:55:36,completed,apple_pay,,6.95,2024-06,2024,6
101706,1329,2024-06-14 11:55:41,completed,gift_card,,0.0,2024-06,2024,6
101707,2623,2024-06-14 12:48:38,completed,credit_card,,0.0,2024-06,2024,6
101708,1607,2024-06-14 13:05:20,completed,apple_pay,,0.0,2024-06,2024,6
101709,1552,2024-06-14 17:12:32,completed,credit_card,,0.0,2024-06,2024,6
101710,3598,2024-06-14 18:24:15,completed,credit_card,,6.95,2024-06,2024,6
101711,2420,2024-06-14 18:45:30,completed,paypal,,0.0,2024-06,2024,6
101712,135,2024-06-14 22:06:08,completed,paypal,,0.0,2024-06,2024,6
101713,2439,2024-06-14 22:58:47,completed,credit_card,,0.0,2024-06,2024,6
101714,1951,2024-06-15 07:01:27,completed,credit_card,,0.0,2024-06,2024,6
107086,3409,2025-08-17 23:34:45,completed,apple_pay,,6.95,2025-08,2025,8
101715,307,2024-06-15 07:57:53,completed,paypal,,0.0,2024-06,2024,6
101716,3048,2024-06-15 09:39:32,completed,gift_card,,0.0,2024-06,2024,6
101717,885,2024-06-15 12:19:45,completed,paypal,,0.0,2024-06,2024,6
101718,2987,2024-06-15 13:39:48,completed,credit_card,,0.0,2024-06,2024,6
101719,602,2024-06-15 13:46:43,completed,gift_card,,6.95,2024-06,2024,6
101720,1552,2024-06-15 14:26:33,canceled,credit_card,welcome10,0.0,2024-06,2024,6
101721,48,2024-06-15 14:51:08,completed,credit_card,,0.0,2024-06,2024,6
101722,2127,2024-06-15 15:30:34,completed,credit_card,,0.0,2024-06,2024,6
101723,2863,2024-06-15 18:05:33,returned,credit_card,,6.95,2024-06,2024,6
101724,1785,2024-06-15 22:00:07,returned,paypal,,0.0,2024-06,2024,6
101725,1027,2024-06-15 23:48:36,completed,paypal,,0.0,2024-06,2024,6
101726,1454,2024-06-15 23:52:01,completed,paypal,,6.95,2024-06,2024,6
101727,3320,2024-06-16 06:24:55,completed,apple_pay,,0.0,2024-06,2024,6
101728,1709,2024-06-16 06:34:37,returned,credit_card,,0.0,2024-06,2024,6
101729,443,2024-06-16 06:35:04,completed,apple_pay,,0.0,2024-06,2024,6
101730,3547,2024-06-16 06:57:54,completed,apple_pay,,0.0,2024-06,2024,6
101731,206,2024-06-16 08:45:28,completed,paypal,,0.0,2024-06,2024,6
101732,135,2024-06-16 10:28:58,completed,apple_pay,,0.0,2024-06,2024,6
101733,3452,2024-06-16 11:34:53,completed,paypal,,0.0,2024-06,2024,6
101734,1443,2024-06-16 14:00:11,completed,credit_card,welcome10,6.95,2024-06,2024,6
101735,1209,2024-06-16 16:01:19,completed,credit_card,,0.0,2024-06,2024,6
101736,3399,2024-06-16 17:36:22,completed,credit_card,,0.0,2024-06,2024,6
101737,2821,2024-06-16 18:00:39,completed,credit_card,,0.0,2024-06,2024,6
101738,249,2024-06-16 18:27:25,completed,gift_card,,6.95,2024-06,2024,6
101739,2652,2024-06-16 21:16:39,completed,credit_card,,0.0,2024-06,2024,6
101740,3272,2024-06-16 22:36:18,completed,credit_card,,0.0,2024-06,2024,6
101741,1783,2024-06-16 23:11:28,completed,gift_card,,0.0,2024-06,2024,6
101742,135,2024-06-17 06:30:36,completed,credit_card,welcome10,0.0,2024-06,2024,6
101743,399,2024-06-17 07:52:15,returned,gift_card,,0.0,2024-06,2024,6
101744,2986,2024-06-17 08:54:52,completed,apple_pay,welcome10,0.0,2024-06,2024,6
101745,2821,2024-06-17 09:06:25,completed,credit_card,,0.0,2024-06,2024,6
101746,1107,2024-06-17 09:52:04,completed,apple_pay,,0.0,2024-06,2024,6
101747,1876,2024-06-17 11:31:28,completed,apple_pay,,6.95,2024-06,2024,6
101748,307,2024-06-17 17:17:42,completed,paypal,,6.95,2024-06,2024,6
101749,840,2024-06-17 17:48:38,returned,apple_pay,,0.0,2024-06,2024,6
101750,3216,2024-06-17 18:58:09,completed,gift_card,,0.0,2024-06,2024,6
101751,2958,2024-06-17 19:13:07,completed,credit_card,,6.95,2024-06,2024,6
101752,1118,2024-06-17 21:40:11,completed,credit_card,,6.95,2024-06,2024,6
101753,307,2024-06-17 22:39:16,completed,credit_card,,6.95,2024-06,2024,6
101754,100,2024-06-17 22:52:01,completed,credit_card,,0.0,2024-06,2024,6
101755,797,2024-06-17 23:20:06,completed,credit_card,,0.0,2024-06,2024,6
101756,1876,2024-06-17 23:20:22,canceled,credit_card,,0.0,2024-06,2024,6
101757,2646,2024-06-18 06:52:43,completed,paypal,,0.0,2024-06,2024,6
101758,96,2024-06-18 07:39:33,completed,apple_pay,,0.0,2024-06,2024,6
101759,1211,2024-06-18 08:27:39,canceled,credit_card,,6.95,2024-06,2024,6
101760,1467,2024-06-18 09:40:31,completed,credit_card,,6.95,2024-06,2024,6
101761,2863,2024-06-18 14:10:44,completed,credit_card,,0.0,2024-06,2024,6
101762,1068,2024-06-18 20:52:31,canceled,credit_card,,0.0,2024-06,2024,6
101763,1552,2024-06-18 21:04:00,completed,credit_card,,6.95,2024-06,2024,6
101764,1552,2024-06-18 23:34:59,completed,paypal,,0.0,2024-06,2024,6
101765,3216,2024-06-19 07:38:47,completed,gift_card,,0.0,2024-06,2024,6
101766,1428,2024-06-19 09:40:49,completed,apple_pay,,0.0,2024-06,2024,6
101767,3526,2024-06-19 10:24:03,completed,credit_card,,0.0,2024-06,2024,6
101768,827,2024-06-19 10:38:07,completed,credit_card,,0.0,2024-06,2024,6
101769,2267,2024-06-19 11:26:11,completed,paypal,,0.0,2024-06,2024,6
101770,401,2024-06-19 13:35:33,completed,apple_pay,,6.95,2024-06,2024,6
101771,1375,2024-06-19 15:30:01,completed,credit_card,,0.0,2024-06,2024,6
101772,3144,2024-06-19 17:22:49,returned,credit_card,,6.95,2024-06,2024,6
101773,2773,2024-06-19 21:30:45,completed,apple_pay,,0.0,2024-06,2024,6
101774,1195,2024-06-19 22:15:47,completed,credit_card,,0.0,2024-06,2024,6
101775,48,2024-06-19 22:20:38,completed,credit_card,,0.0,2024-06,2024,6
101776,1752,2024-06-19 23:08:34,completed,apple_pay,,6.95,2024-06,2024,6
101777,3250,2024-06-19 23:12:50,completed,credit_card,,0.0,2024-06,2024,6
101778,397,2024-06-20 08:52:46,completed,credit_card,,0.0,2024-06,2024,6
101779,2652,2024-06-20 10:27:53,completed,credit_card,,0.0,2024-06,2024,6
101780,3272,2024-06-20 10:36:40,completed,credit_card,,0.0,2024-06,2024,6
101781,1838,2024-06-20 10:56:46,canceled,credit_card,,0.0,2024-06,2024,6
101782,307,2024-06-20 14:39:01,completed,credit_card,,0.0,2024-06,2024,6
101783,1467,2024-06-20 18:59:42,completed,apple_pay,,0.0,2024-06,2024,6
101784,2181,2024-06-20 20:02:22,completed,paypal,,0.0,2024-06,2024,6
101785,1211,2024-06-20 22:14:50,completed,apple_pay,,0.0,2024-06,2024,6
101786,2821,2024-06-21 08:06:04,returned,credit_card,,0.0,2024-06,2024,6
101787,2636,2024-06-21 12:55:47,completed,credit_card,,6.95,2024-06,2024,6
101788,2127,2024-06-21 13:42:37,completed,paypal,,0.0,2024-06,2024,6
101789,3320,2024-06-21 15:49:35,canceled,credit_card,,0.0,2024-06,2024,6
101790,2796,2024-06-21 16:35:31,completed,apple_pay,,6.95,2024-06,2024,6
101791,1955,2024-06-21 17:26:46,completed,credit_card,,6.95,2024-06,2024,6
101792,1195,2024-06-21 18:14:49,completed,credit_card,,0.0,2024-06,2024,6
101793,2577,2024-06-21 18:30:34,completed,paypal,,0.0,2024-06,2024,6
101794,1939,2024-06-21 18:36:13,completed,credit_card,,0.0,2024-06,2024,6
101795,1552,2024-06-21 21:21:15,completed,paypal,,0.0,2024-06,2024,6
101796,3375,2024-06-22 06:16:16,completed,paypal,,0.0,2024-06,2024,6
101797,840,2024-06-22 06:40:41,completed,paypal,,0.0,2024-06,2024,6
101798,1052,2024-06-22 08:32:09,completed,credit_card,,0.0,2024-06,2024,6
101799,1449,2024-06-22 10:17:19,completed,credit_card,,0.0,2024-06,2024,6
101800,3078,2024-06-22 11:11:02,returned,credit_card,,0.0,2024-06,2024,6
101801,2174,2024-06-22 14:30:47,completed,paypal,,0.0,2024-06,2024,6
101802,2332,2024-06-22 15:40:21,completed,credit_card,,6.95,2024-06,2024,6
101803,18,2024-06-22 16:03:30,completed,credit_card,,0.0,2024-06,2024,6
101804,108,2024-06-22 16:20:39,completed,credit_card,,0.0,2024-06,2024,6
101805,3403,2024-06-22 16:51:08,completed,paypal,,0.0,2024-06,2024,6
101806,788,2024-06-22 16:59:09,returned,apple_pay,,0.0,2024-06,2024,6
101807,2475,2024-06-22 19:36:59,completed,paypal,,0.0,2024-06,2024,6
101808,2577,2024-06-22 21:27:34,completed,credit_card,,0.0,2024-06,2024,6
101809,2987,2024-06-22 23:34:00,completed,credit_card,,0.0,2024-06,2024,6
101810,3531,2024-06-22 23:48:07,completed,credit_card,,0.0,2024-06,2024,6
101811,2577,2024-06-23 07:18:38,completed,credit_card,,6.95,2024-06,2024,6
101812,1355,2024-06-23 07:21:41,completed,gift_card,,0.0,2024-06,2024,6
101813,464,2024-06-23 07:28:13,completed,credit_card,,0.0,2024-06,2024,6
101814,2753,2024-06-23 07:41:02,completed,credit_card,,0.0,2024-06,2024,6
101815,1058,2024-06-23 09:15:12,completed,gift_card,,6.95,2024-06,2024,6
101816,2919,2024-06-23 09:48:58,completed,paypal,,0.0,2024-06,2024,6
101817,2501,2024-06-23 10:21:54,completed,paypal,,0.0,2024-06,2024,6
101818,2539,2024-06-23 13:52:56,completed,paypal,,0.0,2024-06,2024,6
101819,3250,2024-06-23 14:26:59,completed,credit_card,,0.0,2024-06,2024,6
101820,2118,2024-06-23 14:37:06,completed,credit_card,,6.95,2024-06,2024,6
101821,135,2024-06-23 15:25:36,completed,credit_card,,6.95,2024-06,2024,6
101822,2235,2024-06-23 16:12:21,completed,credit_card,,0.0,2024-06,2024,6
101823,1252,2024-06-23 16:59:39,completed,credit_card,,0.0,2024-06,2024,6
101824,307,2024-06-23 17:06:25,completed,credit_card,,0.0,2024-06,2024,6
101825,283,2024-06-23 19:50:37,completed,apple_pay,,0.0,2024-06,2024,6
101826,3598,2024-06-23 22:58:22,completed,credit_card,,0.0,2024-06,2024,6
101827,3007,2024-06-24 08:18:16,returned,apple_pay,,6.95,2024-06,2024,6
101828,1876,2024-06-24 08:59:14,completed,credit_card,,0.0,2024-06,2024,6
101829,3007,2024-06-24 09:20:02,completed,credit_card,,0.0,2024-06,2024,6
101830,217,2024-06-24 11:10:52,completed,credit_card,,0.0,2024-06,2024,6
101831,1107,2024-06-24 13:39:53,completed,credit_card,,6.95,2024-06,2024,6
101832,2752,2024-06-24 18:22:21,completed,credit_card,,0.0,2024-06,2024,6
101833,1523,2024-06-24 19:10:04,completed,paypal,,6.95,2024-06,2024,6
101834,3291,2024-06-24 22:05:57,completed,credit_card,,0.0,2024-06,2024,6
101835,424,2024-06-24 22:13:09,completed,credit_card,,0.0,2024-06,2024,6
101836,2942,2024-06-25 09:32:05,completed,gift_card,welcome10,0.0,2024-06,2024,6
101837,3531,2024-06-25 09:37:43,completed,paypal,,0.0,2024-06,2024,6
101838,1450,2024-06-25 09:39:16,returned,apple_pay,,0.0,2024-06,2024,6
101839,759,2024-06-25 15:41:13,completed,paypal,,6.95,2024-06,2024,6
101840,247,2024-06-25 17:59:53,completed,gift_card,,0.0,2024-06,2024,6
101841,3089,2024-06-26 10:41:47,completed,credit_card,,6.95,2024-06,2024,6
101842,2118,2024-06-26 12:38:01,completed,credit_card,,0.0,2024-06,2024,6
101843,9,2024-06-26 13:12:19,completed,credit_card,welcome10,0.0,2024-06,2024,6
101844,1785,2024-06-26 14:44:09,completed,paypal,,0.0,2024-06,2024,6
101845,2244,2024-06-26 15:03:23,completed,credit_card,,0.0,2024-06,2024,6
101846,2449,2024-06-26 18:41:28,completed,paypal,,0.0,2024-06,2024,6
101847,868,2024-06-26 20:13:01,completed,credit_card,,0.0,2024-06,2024,6
101848,3531,2024-06-26 21:25:55,completed,credit_card,,0.0,2024-06,2024,6
101849,3252,2024-06-27 06:31:37,completed,apple_pay,,0.0,2024-06,2024,6
101850,445,2024-06-27 11:28:24,completed,credit_card,,6.95,2024-06,2024,6
101851,1298,2024-06-27 14:36:02,completed,gift_card,,0.0,2024-06,2024,6
101852,2651,2024-06-27 15:02:15,completed,credit_card,,0.0,2024-06,2024,6
101853,3354,2024-06-27 15:28:32,completed,gift_card,,0.0,2024-06,2024,6
101854,1435,2024-06-27 15:35:04,completed,apple_pay,,0.0,2024-06,2024,6
101855,930,2024-06-27 17:23:36,completed,gift_card,,0.0,2024-06,2024,6
101856,1754,2024-06-27 21:11:47,completed,paypal,,0.0,2024-06,2024,6
101857,3526,2024-06-27 21:29:19,completed,credit_card,,6.95,2024-06,2024,6
101858,3375,2024-06-27 21:36:35,returned,paypal,,0.0,2024-06,2024,6
101859,3354,2024-06-28 07:05:35,completed,paypal,,0.0,2024-06,2024,6
101860,48,2024-06-28 08:16:39,completed,paypal,,0.0,2024-06,2024,6
101861,1132,2024-06-28 09:09:47,completed,credit_card,,0.0,2024-06,2024,6
101862,604,2024-06-28 09:19:19,completed,paypal,,0.0,2024-06,2024,6
101863,100,2024-06-28 12:27:35,completed,paypal,,0.0,2024-06,2024,6
101864,2464,2024-06-28 16:13:57,canceled,paypal,,0.0,2024-06,2024,6
101865,2753,2024-06-28 16:31:00,completed,credit_card,,0.0,2024-06,2024,6
101866,737,2024-06-28 16:35:34,completed,credit_card,,0.0,2024-06,2024,6
101867,780,2024-06-28 17:24:25,completed,credit_card,,6.95,2024-06,2024,6
101868,1785,2024-06-28 20:25:40,canceled,paypal,,0.0,2024-06,2024,6
101869,2018,2024-06-28 22:02:22,completed,credit_card,welcome10,0.0,2024-06,2024,6
101870,1330,2024-06-28 23:07:25,completed,credit_card,,6.95,2024-06,2024,6
101871,89,2024-06-29 06:39:29,completed,apple_pay,,0.0,2024-06,2024,6
101872,607,2024-06-29 08:21:52,canceled,paypal,,6.95,2024-06,2024,6
101873,1752,2024-06-29 09:13:46,completed,paypal,,6.95,2024-06,2024,6
101874,3114,2024-06-29 10:22:52,completed,apple_pay,,0.0,2024-06,2024,6
101875,1752,2024-06-29 14:43:17,completed,credit_card,,0.0,2024-06,2024,6
101876,602,2024-06-29 15:32:50,completed,credit_card,welcome10,0.0,2024-06,2024,6
101877,3501,2024-06-29 23:20:44,completed,apple_pay,,0.0,2024-06,2024,6
101878,1443,2024-06-30 06:23:56,completed,credit_card,,0.0,2024-06,2024,6
101879,2270,2024-06-30 07:12:10,completed,credit_card,,0.0,2024-06,2024,6
101880,962,2024-06-30 09:10:25,completed,credit_card,,0.0,2024-06,2024,6
101881,1625,2024-06-30 13:26:24,completed,credit_card,,0.0,2024-06,2024,6
101882,3007,2024-06-30 13:58:13,completed,credit_card,,0.0,2024-06,2024,6
101883,1106,2024-06-30 14:04:00,completed,credit_card,,0.0,2024-06,2024,6
101884,1137,2024-06-30 15:19:18,completed,apple_pay,,0.0,2024-06,2024,6
104607,2950,2025-02-07 13:30:35,completed,credit_card,,0.0,2025-02,2025,2
101885,1752,2024-06-30 18:21:10,completed,paypal,,0.0,2024-06,2024,6
101886,1838,2024-06-30 20:51:18,completed,paypal,,6.95,2024-06,2024,6
101887,3547,2024-07-01 06:52:38,completed,paypal,,0.0,2024-07,2024,7
101888,1929,2024-07-01 10:37:38,completed,paypal,,0.0,2024-07,2024,7
101889,1024,2024-07-01 13:16:11,returned,apple_pay,,0.0,2024-07,2024,7
101890,2464,2024-07-01 14:52:01,completed,credit_card,,0.0,2024-07,2024,7
101891,1623,2024-07-01 16:01:30,completed,paypal,,0.0,2024-07,2024,7
101892,16,2024-07-01 16:31:10,completed,gift_card,,0.0,2024-07,2024,7
101893,115,2024-07-01 17:16:51,completed,credit_card,,0.0,2024-07,2024,7
101894,2127,2024-07-01 18:39:53,completed,credit_card,,0.0,2024-07,2024,7
101895,2669,2024-07-01 18:53:51,completed,paypal,,0.0,2024-07,2024,7
101896,135,2024-07-01 20:49:19,completed,credit_card,,0.0,2024-07,2024,7
101897,1552,2024-07-01 21:08:50,completed,gift_card,,0.0,2024-07,2024,7
101898,1435,2024-07-01 21:46:12,completed,credit_card,,0.0,2024-07,2024,7
101899,3531,2024-07-01 21:59:44,completed,apple_pay,,0.0,2024-07,2024,7
101900,507,2024-07-02 06:25:07,completed,paypal,,0.0,2024-07,2024,7
101901,2914,2024-07-02 07:40:52,completed,paypal,,6.95,2024-07,2024,7
101902,1523,2024-07-02 11:05:11,completed,credit_card,,0.0,2024-07,2024,7
101903,2602,2024-07-02 13:14:13,canceled,paypal,,0.0,2024-07,2024,7
101904,1292,2024-07-02 14:19:36,completed,credit_card,,0.0,2024-07,2024,7
101905,38,2024-07-02 16:21:57,completed,credit_card,,0.0,2024-07,2024,7
101906,1552,2024-07-02 16:25:54,completed,credit_card,,0.0,2024-07,2024,7
101907,2796,2024-07-02 17:50:51,completed,gift_card,,0.0,2024-07,2024,7
101908,1292,2024-07-02 18:53:25,completed,credit_card,,0.0,2024-07,2024,7
101909,1552,2024-07-02 20:26:45,completed,credit_card,,0.0,2024-07,2024,7
101910,3531,2024-07-02 22:24:35,completed,paypal,,6.95,2024-07,2024,7
101911,48,2024-07-02 22:47:53,completed,credit_card,,0.0,2024-07,2024,7
101912,1454,2024-07-03 08:42:06,completed,credit_card,,0.0,2024-07,2024,7
101913,4,2024-07-03 08:52:23,completed,gift_card,,0.0,2024-07,2024,7
101914,3238,2024-07-03 09:35:35,completed,credit_card,,0.0,2024-07,2024,7
101915,2652,2024-07-03 12:22:49,completed,credit_card,,6.95,2024-07,2024,7
101916,2171,2024-07-03 16:00:25,completed,apple_pay,,6.95,2024-07,2024,7
101917,443,2024-07-03 18:29:26,completed,gift_card,,6.95,2024-07,2024,7
101918,2577,2024-07-03 19:39:30,completed,paypal,,0.0,2024-07,2024,7
101919,519,2024-07-03 21:56:50,completed,credit_card,,0.0,2024-07,2024,7
101920,343,2024-07-04 06:19:56,completed,paypal,,0.0,2024-07,2024,7
101921,1073,2024-07-04 06:41:16,completed,credit_card,,6.95,2024-07,2024,7
101922,3114,2024-07-04 06:44:17,completed,paypal,,0.0,2024-07,2024,7
101923,1454,2024-07-04 09:02:56,completed,gift_card,,0.0,2024-07,2024,7
101924,3078,2024-07-04 10:04:17,completed,credit_card,,0.0,2024-07,2024,7
101925,2181,2024-07-04 14:04:15,completed,credit_card,,6.95,2024-07,2024,7
101926,725,2024-07-04 15:50:21,completed,credit_card,,0.0,2024-07,2024,7
101927,2821,2024-07-04 16:15:17,completed,paypal,,0.0,2024-07,2024,7
101928,3114,2024-07-04 22:40:40,completed,credit_card,,0.0,2024-07,2024,7
101929,89,2024-07-04 22:45:10,completed,credit_card,,0.0,2024-07,2024,7
101930,2270,2024-07-04 23:52:12,completed,credit_card,,6.95,2024-07,2024,7
101931,3114,2024-07-05 14:28:25,completed,paypal,,6.95,2024-07,2024,7
101932,2018,2024-07-05 16:32:10,completed,credit_card,,6.95,2024-07,2024,7
101933,3250,2024-07-05 23:36:30,completed,paypal,,0.0,2024-07,2024,7
101934,658,2024-07-06 07:11:15,completed,paypal,,6.95,2024-07,2024,7
101935,2500,2024-07-06 07:43:52,completed,credit_card,,0.0,2024-07,2024,7
103267,1466,2024-11-07 17:50:28,returned,paypal,,6.95,2024-11,2024,11
101936,747,2024-07-06 11:24:22,completed,paypal,,6.95,2024-07,2024,7
101937,840,2024-07-06 11:53:18,completed,credit_card,,6.95,2024-07,2024,7
101938,247,2024-07-06 12:18:15,completed,paypal,,0.0,2024-07,2024,7
101939,1068,2024-07-06 12:22:47,completed,paypal,,0.0,2024-07,2024,7
101940,602,2024-07-06 13:59:03,completed,credit_card,,0.0,2024-07,2024,7
101941,443,2024-07-06 15:51:56,completed,credit_card,,0.0,2024-07,2024,7
101942,519,2024-07-06 17:08:32,completed,credit_card,,0.0,2024-07,2024,7
101943,181,2024-07-06 17:57:27,completed,credit_card,welcome10,6.95,2024-07,2024,7
101944,2947,2024-07-06 20:32:03,completed,credit_card,,6.95,2024-07,2024,7
101945,540,2024-07-06 21:13:44,completed,credit_card,,6.95,2024-07,2024,7
101946,3291,2024-07-06 22:48:25,completed,apple_pay,,0.0,2024-07,2024,7
101947,1786,2024-07-07 08:33:05,completed,paypal,,0.0,2024-07,2024,7
101948,507,2024-07-07 08:46:38,completed,credit_card,,6.95,2024-07,2024,7
101949,2947,2024-07-07 10:47:09,completed,apple_pay,,0.0,2024-07,2024,7
101950,1763,2024-07-07 12:37:28,canceled,apple_pay,,0.0,2024-07,2024,7
101951,1106,2024-07-07 13:39:04,completed,apple_pay,welcome10,0.0,2024-07,2024,7
101952,2577,2024-07-07 15:36:27,completed,paypal,,6.95,2024-07,2024,7
101953,3198,2024-07-07 16:30:07,completed,credit_card,,0.0,2024-07,2024,7
101954,2281,2024-07-07 18:32:36,completed,credit_card,,0.0,2024-07,2024,7
101955,343,2024-07-07 19:46:26,completed,credit_card,welcome10,0.0,2024-07,2024,7
101956,2113,2024-07-07 20:38:24,completed,paypal,,0.0,2024-07,2024,7
101957,3069,2024-07-07 21:59:53,completed,credit_card,,0.0,2024-07,2024,7
101958,3531,2024-07-07 23:39:22,completed,credit_card,,0.0,2024-07,2024,7
101959,1110,2024-07-08 06:47:37,returned,apple_pay,,0.0,2024-07,2024,7
101960,1405,2024-07-08 09:24:53,completed,credit_card,,0.0,2024-07,2024,7
101961,3361,2024-07-08 11:47:04,completed,gift_card,,0.0,2024-07,2024,7
101962,1625,2024-07-08 15:14:21,canceled,credit_card,welcome10,0.0,2024-07,2024,7
101963,1552,2024-07-08 16:51:02,completed,credit_card,,0.0,2024-07,2024,7
101964,48,2024-07-08 16:56:05,completed,credit_card,,0.0,2024-07,2024,7
101965,343,2024-07-08 18:12:48,completed,apple_pay,,6.95,2024-07,2024,7
101966,519,2024-07-08 18:38:15,completed,credit_card,,6.95,2024-07,2024,7
101967,1552,2024-07-08 21:44:04,completed,credit_card,,0.0,2024-07,2024,7
101968,2092,2024-07-08 22:02:31,completed,paypal,,0.0,2024-07,2024,7
101969,2301,2024-07-08 22:44:19,completed,apple_pay,,0.0,2024-07,2024,7
101970,1443,2024-07-08 23:12:22,completed,credit_card,,0.0,2024-07,2024,7
101971,2169,2024-07-09 10:26:21,completed,credit_card,,0.0,2024-07,2024,7
101972,325,2024-07-09 10:32:30,completed,credit_card,,6.95,2024-07,2024,7
101973,3526,2024-07-09 13:11:27,completed,credit_card,,0.0,2024-07,2024,7
101974,181,2024-07-09 15:42:04,completed,credit_card,,6.95,2024-07,2024,7
101975,3552,2024-07-09 18:52:52,completed,gift_card,,0.0,2024-07,2024,7
101976,2125,2024-07-10 06:38:39,completed,paypal,,0.0,2024-07,2024,7
101977,3144,2024-07-10 06:41:00,completed,apple_pay,,6.95,2024-07,2024,7
101978,2244,2024-07-10 10:25:54,completed,credit_card,,6.95,2024-07,2024,7
101979,686,2024-07-10 10:40:55,completed,credit_card,,0.0,2024-07,2024,7
101980,1786,2024-07-10 14:31:16,completed,credit_card,,0.0,2024-07,2024,7
101981,2652,2024-07-10 15:23:39,completed,credit_card,,0.0,2024-07,2024,7
101982,1979,2024-07-10 17:18:31,completed,apple_pay,,0.0,2024-07,2024,7
101983,3332,2024-07-10 20:20:14,completed,credit_card,,6.95,2024-07,2024,7
101984,2839,2024-07-10 22:55:42,completed,paypal,,6.95,2024-07,2024,7
101985,3361,2024-07-11 07:33:18,completed,credit_card,,6.95,2024-07,2024,7
101986,9,2024-07-11 07:45:16,completed,credit_card,,0.0,2024-07,2024,7
101987,3291,2024-07-11 11:36:08,completed,credit_card,,0.0,2024-07,2024,7
101988,1135,2024-07-11 13:08:37,completed,credit_card,,0.0,2024-07,2024,7
101989,507,2024-07-11 16:28:40,completed,credit_card,,0.0,2024-07,2024,7
101990,274,2024-07-11 18:57:43,completed,apple_pay,welcome10,0.0,2024-07,2024,7
101991,2006,2024-07-11 20:52:09,completed,apple_pay,,0.0,2024-07,2024,7
101992,656,2024-07-11 21:15:30,completed,paypal,,0.0,2024-07,2024,7
101993,48,2024-07-11 21:18:49,completed,credit_card,,0.0,2024-07,2024,7
101994,885,2024-07-11 22:27:39,completed,credit_card,,0.0,2024-07,2024,7
101995,1134,2024-07-11 22:33:44,completed,credit_card,,0.0,2024-07,2024,7
101996,2821,2024-07-12 06:48:17,completed,credit_card,,0.0,2024-07,2024,7
101997,1939,2024-07-12 07:37:47,completed,credit_card,,6.95,2024-07,2024,7
101998,123,2024-07-12 08:08:26,completed,apple_pay,,0.0,2024-07,2024,7
101999,3114,2024-07-12 08:48:46,completed,paypal,,0.0,2024-07,2024,7
102000,840,2024-07-12 09:50:27,completed,credit_card,,0.0,2024-07,2024,7
102001,181,2024-07-12 09:57:18,returned,credit_card,,6.95,2024-07,2024,7
102002,1449,2024-07-12 12:06:41,completed,credit_card,,0.0,2024-07,2024,7
102003,737,2024-07-12 12:58:58,completed,credit_card,,0.0,2024-07,2024,7
102004,507,2024-07-12 13:51:12,completed,apple_pay,,6.95,2024-07,2024,7
102005,3375,2024-07-12 15:04:17,completed,paypal,,0.0,2024-07,2024,7
102006,1211,2024-07-12 15:17:50,completed,paypal,,6.95,2024-07,2024,7
102007,1229,2024-07-12 16:41:25,returned,gift_card,,0.0,2024-07,2024,7
102008,250,2024-07-12 19:11:19,completed,gift_card,,0.0,2024-07,2024,7
102009,1552,2024-07-12 21:49:51,completed,apple_pay,,0.0,2024-07,2024,7
102010,845,2024-07-12 21:53:58,completed,credit_card,,0.0,2024-07,2024,7
102011,1252,2024-07-12 22:09:04,returned,paypal,,0.0,2024-07,2024,7
102012,3216,2024-07-13 06:56:08,completed,credit_card,,0.0,2024-07,2024,7
102013,1329,2024-07-13 08:01:53,completed,credit_card,,0.0,2024-07,2024,7
102014,3431,2024-07-13 08:38:22,completed,apple_pay,,0.0,2024-07,2024,7
102015,737,2024-07-13 08:45:35,completed,apple_pay,,0.0,2024-07,2024,7
102016,3375,2024-07-13 11:02:05,completed,gift_card,,0.0,2024-07,2024,7
102017,2439,2024-07-13 17:13:59,completed,credit_card,,0.0,2024-07,2024,7
102018,3216,2024-07-13 22:51:05,completed,paypal,,0.0,2024-07,2024,7
102019,2678,2024-07-13 23:19:38,canceled,paypal,,0.0,2024-07,2024,7
102020,1759,2024-07-14 13:09:32,completed,credit_card,,0.0,2024-07,2024,7
102021,383,2024-07-14 18:40:13,completed,paypal,,0.0,2024-07,2024,7
102022,1137,2024-07-14 19:23:56,completed,credit_card,,6.95,2024-07,2024,7
102023,1976,2024-07-14 20:52:52,completed,apple_pay,,0.0,2024-07,2024,7
102024,107,2024-07-14 23:47:10,completed,credit_card,,6.95,2024-07,2024,7
102025,2202,2024-07-15 12:29:31,completed,gift_card,,0.0,2024-07,2024,7
102026,976,2024-07-15 14:59:48,completed,credit_card,,0.0,2024-07,2024,7
102027,2349,2024-07-15 17:46:41,completed,credit_card,,6.95,2024-07,2024,7
102028,239,2024-07-15 19:45:01,completed,credit_card,,6.95,2024-07,2024,7
102029,3338,2024-07-15 20:31:41,completed,paypal,,0.0,2024-07,2024,7
102030,1785,2024-07-15 21:03:08,returned,credit_card,,0.0,2024-07,2024,7
102031,445,2024-07-15 23:35:28,completed,credit_card,,0.0,2024-07,2024,7
102032,876,2024-07-16 06:22:11,completed,credit_card,,0.0,2024-07,2024,7
102033,1252,2024-07-16 06:47:03,completed,credit_card,,6.95,2024-07,2024,7
102034,1625,2024-07-16 07:31:47,completed,credit_card,,0.0,2024-07,2024,7
102035,2300,2024-07-16 13:28:21,completed,gift_card,,0.0,2024-07,2024,7
102036,3242,2024-07-16 14:15:03,completed,paypal,,0.0,2024-07,2024,7
102037,1355,2024-07-16 14:52:38,completed,credit_card,,0.0,2024-07,2024,7
102038,2799,2024-07-16 16:17:57,completed,credit_card,welcome10,0.0,2024-07,2024,7
102039,445,2024-07-16 16:36:54,completed,credit_card,,0.0,2024-07,2024,7
102040,3216,2024-07-16 16:51:13,completed,paypal,,0.0,2024-07,2024,7
102041,1955,2024-07-16 17:54:49,completed,credit_card,,0.0,2024-07,2024,7
102042,2118,2024-07-16 19:19:33,completed,credit_card,,0.0,2024-07,2024,7
102043,343,2024-07-16 19:36:51,completed,credit_card,welcome10,0.0,2024-07,2024,7
102044,3069,2024-07-16 20:57:24,completed,credit_card,,0.0,2024-07,2024,7
102045,519,2024-07-16 22:27:07,completed,credit_card,,0.0,2024-07,2024,7
102046,3380,2024-07-17 06:20:36,completed,credit_card,,6.95,2024-07,2024,7
102047,1891,2024-07-17 08:25:45,completed,apple_pay,,0.0,2024-07,2024,7
102048,1870,2024-07-17 09:39:09,completed,credit_card,,0.0,2024-07,2024,7
102049,885,2024-07-17 10:23:46,completed,paypal,,0.0,2024-07,2024,7
102050,1110,2024-07-17 11:36:46,completed,credit_card,,0.0,2024-07,2024,7
102051,79,2024-07-17 11:48:55,completed,paypal,,0.0,2024-07,2024,7
102052,2369,2024-07-17 14:10:07,completed,paypal,,0.0,2024-07,2024,7
102053,115,2024-07-17 15:12:32,completed,credit_card,,0.0,2024-07,2024,7
102054,1118,2024-07-17 15:21:59,completed,gift_card,welcome10,0.0,2024-07,2024,7
102055,391,2024-07-17 17:02:50,canceled,credit_card,,0.0,2024-07,2024,7
102056,2360,2024-07-17 20:16:17,completed,credit_card,,0.0,2024-07,2024,7
102057,424,2024-07-17 22:20:41,completed,credit_card,,0.0,2024-07,2024,7
102058,2270,2024-07-17 23:37:08,completed,credit_card,,0.0,2024-07,2024,7
102059,1552,2024-07-18 06:59:07,completed,credit_card,,0.0,2024-07,2024,7
102060,38,2024-07-18 08:43:44,completed,credit_card,,0.0,2024-07,2024,7
102061,1080,2024-07-18 10:42:39,completed,credit_card,,0.0,2024-07,2024,7
102062,2580,2024-07-18 12:50:59,completed,paypal,welcome10,6.95,2024-07,2024,7
102063,2412,2024-07-18 14:05:55,returned,apple_pay,,6.95,2024-07,2024,7
102064,507,2024-07-18 14:12:25,completed,paypal,,0.0,2024-07,2024,7
102065,38,2024-07-18 14:56:06,completed,paypal,,0.0,2024-07,2024,7
102066,1215,2024-07-18 17:49:36,completed,apple_pay,,0.0,2024-07,2024,7
102067,343,2024-07-18 18:05:45,completed,paypal,,0.0,2024-07,2024,7
102068,3348,2024-07-18 19:03:59,completed,gift_card,,0.0,2024-07,2024,7
102069,858,2024-07-18 19:22:06,completed,credit_card,,0.0,2024-07,2024,7
102070,2042,2024-07-18 19:29:21,completed,apple_pay,,6.95,2024-07,2024,7
102071,1195,2024-07-18 20:39:57,canceled,paypal,,0.0,2024-07,2024,7
102072,913,2024-07-18 21:33:54,completed,paypal,,6.95,2024-07,2024,7
102073,3509,2024-07-18 21:41:29,completed,apple_pay,,0.0,2024-07,2024,7
102074,3501,2024-07-19 06:02:50,completed,credit_card,,0.0,2024-07,2024,7
102075,1209,2024-07-19 08:34:41,completed,paypal,,0.0,2024-07,2024,7
102076,2127,2024-07-19 10:44:12,completed,paypal,,0.0,2024-07,2024,7
102077,1623,2024-07-19 11:02:47,completed,paypal,,0.0,2024-07,2024,7
102078,607,2024-07-19 12:59:37,completed,credit_card,,0.0,2024-07,2024,7
102079,123,2024-07-19 16:10:15,completed,credit_card,,0.0,2024-07,2024,7
102080,283,2024-07-19 18:40:19,completed,credit_card,,0.0,2024-07,2024,7
102081,115,2024-07-19 19:43:02,completed,credit_card,,0.0,2024-07,2024,7
102082,519,2024-07-19 20:09:24,completed,paypal,,0.0,2024-07,2024,7
102083,19,2024-07-19 20:24:17,completed,gift_card,,6.95,2024-07,2024,7
102084,1552,2024-07-19 21:51:57,completed,apple_pay,,6.95,2024-07,2024,7
102085,588,2024-07-19 22:03:39,completed,paypal,,0.0,2024-07,2024,7
102086,2559,2024-07-20 06:41:40,completed,paypal,,0.0,2024-07,2024,7
102087,443,2024-07-20 08:49:56,completed,paypal,,0.0,2024-07,2024,7
102088,2863,2024-07-20 09:06:11,completed,credit_card,,0.0,2024-07,2024,7
102089,2520,2024-07-20 15:16:21,returned,paypal,,6.95,2024-07,2024,7
102090,1443,2024-07-20 16:47:33,completed,credit_card,,0.0,2024-07,2024,7
102091,443,2024-07-20 18:56:54,completed,credit_card,,6.95,2024-07,2024,7
102092,2042,2024-07-20 20:02:56,completed,credit_card,,0.0,2024-07,2024,7
102093,424,2024-07-20 21:42:08,completed,paypal,,0.0,2024-07,2024,7
102094,3531,2024-07-20 22:24:38,completed,apple_pay,,0.0,2024-07,2024,7
102095,745,2024-07-20 22:57:26,completed,credit_card,,0.0,2024-07,2024,7
102096,725,2024-07-21 07:51:19,completed,credit_card,,6.95,2024-07,2024,7
102097,2301,2024-07-21 09:21:13,canceled,credit_card,,6.95,2024-07,2024,7
102098,3531,2024-07-21 09:59:14,completed,paypal,,0.0,2024-07,2024,7
102099,3526,2024-07-21 14:41:41,completed,credit_card,,0.0,2024-07,2024,7
102100,484,2024-07-21 15:24:38,returned,credit_card,,0.0,2024-07,2024,7
102101,1134,2024-07-21 16:01:04,completed,paypal,,0.0,2024-07,2024,7
102102,1552,2024-07-21 18:17:45,completed,credit_card,,6.95,2024-07,2024,7
102103,747,2024-07-21 21:57:43,canceled,credit_card,,0.0,2024-07,2024,7
102104,585,2024-07-21 22:31:08,completed,apple_pay,,0.0,2024-07,2024,7
102105,445,2024-07-22 06:32:09,completed,paypal,,6.95,2024-07,2024,7
102106,3559,2024-07-22 06:36:06,completed,paypal,,0.0,2024-07,2024,7
102107,2484,2024-07-22 09:00:52,completed,paypal,,0.0,2024-07,2024,7
102108,3007,2024-07-22 09:01:29,completed,credit_card,,6.95,2024-07,2024,7
102109,2049,2024-07-22 09:06:04,completed,credit_card,,0.0,2024-07,2024,7
102110,3069,2024-07-22 09:11:28,completed,paypal,,0.0,2024-07,2024,7
102111,391,2024-07-22 11:33:42,returned,credit_card,,0.0,2024-07,2024,7
102112,2801,2024-07-22 11:50:22,completed,paypal,welcome10,0.0,2024-07,2024,7
102113,3431,2024-07-22 13:15:52,returned,credit_card,,0.0,2024-07,2024,7
102114,96,2024-07-22 13:17:55,returned,credit_card,,0.0,2024-07,2024,7
102115,2181,2024-07-22 13:19:15,completed,credit_card,welcome10,0.0,2024-07,2024,7
102116,38,2024-07-22 15:43:44,completed,gift_card,,0.0,2024-07,2024,7
102117,3272,2024-07-22 15:51:23,completed,credit_card,,6.95,2024-07,2024,7
102118,1759,2024-07-22 16:02:12,completed,credit_card,,0.0,2024-07,2024,7
102119,3007,2024-07-22 16:05:56,completed,credit_card,,0.0,2024-07,2024,7
102120,2480,2024-07-22 19:47:30,completed,credit_card,,0.0,2024-07,2024,7
102121,2150,2024-07-22 22:50:29,completed,paypal,,0.0,2024-07,2024,7
102122,2863,2024-07-22 23:13:09,completed,credit_card,,0.0,2024-07,2024,7
102123,1552,2024-07-22 23:39:46,completed,credit_card,,0.0,2024-07,2024,7
102124,1460,2024-07-23 08:43:42,completed,credit_card,,0.0,2024-07,2024,7
102125,3099,2024-07-23 09:48:28,completed,credit_card,,6.95,2024-07,2024,7
102126,604,2024-07-23 10:32:16,completed,apple_pay,,0.0,2024-07,2024,7
102127,135,2024-07-23 11:39:43,completed,paypal,,0.0,2024-07,2024,7
102128,2753,2024-07-23 16:22:00,canceled,credit_card,,0.0,2024-07,2024,7
102129,604,2024-07-23 17:44:05,completed,paypal,,6.95,2024-07,2024,7
102130,2127,2024-07-23 17:55:21,completed,apple_pay,,6.95,2024-07,2024,7
102131,1939,2024-07-23 18:19:32,completed,credit_card,,0.0,2024-07,2024,7
102132,3348,2024-07-23 20:27:57,completed,credit_card,,0.0,2024-07,2024,7
102133,2796,2024-07-23 22:15:28,completed,credit_card,,0.0,2024-07,2024,7
102134,181,2024-07-23 22:24:37,completed,credit_card,,0.0,2024-07,2024,7
102135,1118,2024-07-24 07:20:59,completed,gift_card,,0.0,2024-07,2024,7
102136,3208,2024-07-24 11:36:13,completed,credit_card,,0.0,2024-07,2024,7
102137,686,2024-07-24 13:27:01,completed,credit_card,,0.0,2024-07,2024,7
102138,2579,2024-07-24 15:43:57,completed,paypal,welcome10,0.0,2024-07,2024,7
102139,1058,2024-07-24 16:04:11,completed,credit_card,,0.0,2024-07,2024,7
102140,2420,2024-07-24 17:26:29,completed,gift_card,,0.0,2024-07,2024,7
102141,3380,2024-07-24 17:50:30,returned,credit_card,welcome10,0.0,2024-07,2024,7
102142,96,2024-07-24 18:29:09,completed,gift_card,,0.0,2024-07,2024,7
102143,2244,2024-07-24 21:41:50,completed,credit_card,,0.0,2024-07,2024,7
102144,2799,2024-07-24 22:10:30,completed,paypal,,0.0,2024-07,2024,7
102145,759,2024-07-24 23:42:35,completed,apple_pay,,0.0,2024-07,2024,7
102146,3552,2024-07-24 23:44:08,completed,credit_card,,0.0,2024-07,2024,7
102147,431,2024-07-25 06:49:30,completed,credit_card,,0.0,2024-07,2024,7
102148,2821,2024-07-25 08:26:55,completed,apple_pay,,6.95,2024-07,2024,7
102149,1467,2024-07-25 09:08:36,completed,credit_card,,0.0,2024-07,2024,7
102150,2577,2024-07-25 09:48:22,completed,credit_card,,0.0,2024-07,2024,7
102151,2127,2024-07-25 11:58:46,completed,credit_card,,0.0,2024-07,2024,7
102152,1068,2024-07-25 12:54:51,completed,gift_card,,0.0,2024-07,2024,7
102153,107,2024-07-25 13:30:33,completed,credit_card,,0.0,2024-07,2024,7
102154,2728,2024-07-25 15:06:05,completed,credit_card,,0.0,2024-07,2024,7
102155,1951,2024-07-25 15:19:30,completed,credit_card,,0.0,2024-07,2024,7
102156,2307,2024-07-25 16:36:43,completed,credit_card,,0.0,2024-07,2024,7
102157,1625,2024-07-25 19:01:52,completed,apple_pay,,0.0,2024-07,2024,7
102158,2244,2024-07-25 20:11:21,completed,apple_pay,,6.95,2024-07,2024,7
102159,2360,2024-07-25 21:32:13,completed,credit_card,,0.0,2024-07,2024,7
102160,507,2024-07-26 07:21:56,completed,credit_card,,0.0,2024-07,2024,7
102161,307,2024-07-26 08:49:44,completed,paypal,,6.95,2024-07,2024,7
102162,1449,2024-07-26 09:17:10,completed,paypal,,6.95,2024-07,2024,7
102163,3027,2024-07-26 12:59:47,completed,credit_card,,0.0,2024-07,2024,7
102164,2772,2024-07-26 15:16:05,completed,credit_card,,6.95,2024-07,2024,7
102165,335,2024-07-26 16:24:37,completed,gift_card,,0.0,2024-07,2024,7
102166,1625,2024-07-26 18:20:22,completed,credit_card,,0.0,2024-07,2024,7
102167,1355,2024-07-26 23:25:20,completed,paypal,,6.95,2024-07,2024,7
102168,2300,2024-07-27 07:42:17,completed,gift_card,,0.0,2024-07,2024,7
102169,1110,2024-07-27 08:20:06,canceled,credit_card,,0.0,2024-07,2024,7
102170,3194,2024-07-27 08:29:14,completed,paypal,,0.0,2024-07,2024,7
102171,1908,2024-07-27 09:49:59,completed,credit_card,,0.0,2024-07,2024,7
102172,2267,2024-07-27 11:44:14,completed,credit_card,,0.0,2024-07,2024,7
102173,2270,2024-07-27 12:57:36,completed,credit_card,,0.0,2024-07,2024,7
102174,181,2024-07-27 13:26:22,completed,gift_card,,0.0,2024-07,2024,7
102175,2277,2024-07-27 13:53:58,canceled,credit_card,,0.0,2024-07,2024,7
102176,507,2024-07-27 13:57:25,completed,credit_card,,0.0,2024-07,2024,7
102177,2349,2024-07-27 14:06:20,completed,apple_pay,,0.0,2024-07,2024,7
102178,191,2024-07-27 15:10:23,completed,paypal,,0.0,2024-07,2024,7
102179,68,2024-07-27 16:15:21,completed,credit_card,,0.0,2024-07,2024,7
102180,1891,2024-07-27 16:41:15,completed,credit_card,,0.0,2024-07,2024,7
102181,399,2024-07-27 17:19:35,completed,apple_pay,,0.0,2024-07,2024,7
102182,1442,2024-07-27 17:45:41,completed,credit_card,,0.0,2024-07,2024,7
102183,424,2024-07-27 19:12:16,completed,credit_card,,0.0,2024-07,2024,7
102184,1246,2024-07-27 19:14:02,completed,credit_card,,0.0,2024-07,2024,7
102185,2629,2024-07-27 21:08:40,completed,credit_card,,0.0,2024-07,2024,7
102186,2475,2024-07-28 06:04:33,completed,paypal,,6.95,2024-07,2024,7
102187,2938,2024-07-28 08:19:47,completed,credit_card,,0.0,2024-07,2024,7
102188,3048,2024-07-28 09:13:34,completed,credit_card,,0.0,2024-07,2024,7
102189,3598,2024-07-28 11:19:30,canceled,paypal,welcome10,0.0,2024-07,2024,7
102190,181,2024-07-28 11:46:37,completed,credit_card,,0.0,2024-07,2024,7
102191,3475,2024-07-28 13:03:20,completed,credit_card,,0.0,2024-07,2024,7
102192,3242,2024-07-28 14:06:24,completed,paypal,,0.0,2024-07,2024,7
102193,1662,2024-07-28 15:07:09,returned,apple_pay,,0.0,2024-07,2024,7
102194,3598,2024-07-28 15:53:13,completed,credit_card,,0.0,2024-07,2024,7
102195,2174,2024-07-28 16:02:52,completed,apple_pay,,0.0,2024-07,2024,7
102196,263,2024-07-28 16:28:55,completed,credit_card,,6.95,2024-07,2024,7
102197,1330,2024-07-28 17:51:56,completed,credit_card,,0.0,2024-07,2024,7
102198,2270,2024-07-28 19:38:05,completed,credit_card,,0.0,2024-07,2024,7
102199,2480,2024-07-28 19:55:46,completed,credit_card,,0.0,2024-07,2024,7
102200,3262,2024-07-28 21:39:16,completed,credit_card,,0.0,2024-07,2024,7
102201,2072,2024-07-28 22:35:23,completed,apple_pay,,0.0,2024-07,2024,7
102202,443,2024-07-28 22:41:43,completed,credit_card,,0.0,2024-07,2024,7
102203,3250,2024-07-29 06:59:31,completed,credit_card,,0.0,2024-07,2024,7
102204,3348,2024-07-29 07:36:38,completed,credit_card,,0.0,2024-07,2024,7
102205,3442,2024-07-29 09:56:21,completed,apple_pay,,0.0,2024-07,2024,7
102206,1134,2024-07-29 10:16:32,completed,credit_card,,0.0,2024-07,2024,7
102207,343,2024-07-29 10:47:04,completed,credit_card,,0.0,2024-07,2024,7
102208,1443,2024-07-29 11:46:41,completed,credit_card,,0.0,2024-07,2024,7
102209,85,2024-07-29 13:41:10,completed,paypal,,0.0,2024-07,2024,7
102210,1759,2024-07-29 15:09:16,completed,credit_card,,0.0,2024-07,2024,7
102211,2569,2024-07-29 15:10:35,completed,credit_card,,0.0,2024-07,2024,7
102212,68,2024-07-29 15:58:58,completed,credit_card,,0.0,2024-07,2024,7
102213,2577,2024-07-29 16:11:32,completed,credit_card,,0.0,2024-07,2024,7
102214,1486,2024-07-29 18:32:21,completed,gift_card,,0.0,2024-07,2024,7
102215,2244,2024-07-29 18:56:17,completed,credit_card,,0.0,2024-07,2024,7
102216,2646,2024-07-29 19:44:18,completed,credit_card,,0.0,2024-07,2024,7
102217,858,2024-07-29 23:10:21,completed,credit_card,,6.95,2024-07,2024,7
102218,2753,2024-07-30 09:00:26,completed,credit_card,,0.0,2024-07,2024,7
102219,3144,2024-07-30 09:12:43,completed,paypal,,0.0,2024-07,2024,7
102220,2012,2024-07-30 10:36:33,completed,paypal,,0.0,2024-07,2024,7
102221,391,2024-07-30 11:50:01,completed,credit_card,,0.0,2024-07,2024,7
102222,2231,2024-07-30 12:05:27,completed,credit_card,,0.0,2024-07,2024,7
102223,1929,2024-07-30 17:36:37,completed,apple_pay,,0.0,2024-07,2024,7
102224,3320,2024-07-30 18:08:04,completed,credit_card,,0.0,2024-07,2024,7
102225,1137,2024-07-30 19:56:06,completed,credit_card,welcome10,6.95,2024-07,2024,7
102226,239,2024-07-30 20:19:52,completed,paypal,,0.0,2024-07,2024,7
102227,229,2024-07-30 20:46:52,returned,credit_card,,0.0,2024-07,2024,7
102228,443,2024-07-30 21:36:17,completed,credit_card,welcome10,0.0,2024-07,2024,7
102229,2622,2024-07-30 21:52:13,canceled,credit_card,,0.0,2024-07,2024,7
102230,2821,2024-07-31 09:20:37,completed,credit_card,,0.0,2024-07,2024,7
102231,1137,2024-07-31 11:21:50,completed,credit_card,,6.95,2024-07,2024,7
102232,1435,2024-07-31 12:49:40,completed,credit_card,welcome10,0.0,2024-07,2024,7
102233,1355,2024-07-31 13:09:40,completed,paypal,,0.0,2024-07,2024,7
102234,1064,2024-07-31 20:05:56,completed,credit_card,,0.0,2024-07,2024,7
102235,203,2024-07-31 20:11:18,completed,paypal,,0.0,2024-07,2024,7
102236,727,2024-07-31 23:18:11,completed,credit_card,,0.0,2024-07,2024,7
102237,2270,2024-08-01 06:48:50,completed,credit_card,,0.0,2024-08,2024,8
102238,2944,2024-08-01 07:37:22,completed,credit_card,,6.95,2024-08,2024,8
102239,2559,2024-08-01 09:24:37,completed,paypal,,0.0,2024-08,2024,8
102240,3348,2024-08-01 09:33:28,completed,paypal,welcome10,0.0,2024-08,2024,8
102241,274,2024-08-01 11:23:42,completed,paypal,,0.0,2024-08,2024,8
102242,214,2024-08-01 11:48:31,completed,credit_card,,6.95,2024-08,2024,8
102243,1047,2024-08-01 13:20:10,canceled,paypal,,0.0,2024-08,2024,8
102244,2748,2024-08-01 17:29:47,completed,gift_card,,6.95,2024-08,2024,8
102245,1110,2024-08-01 21:08:48,returned,credit_card,,0.0,2024-08,2024,8
102246,226,2024-08-01 21:40:59,completed,paypal,,6.95,2024-08,2024,8
102247,1911,2024-08-02 06:59:34,completed,credit_card,,0.0,2024-08,2024,8
102248,3356,2024-08-02 07:08:35,completed,apple_pay,welcome10,0.0,2024-08,2024,8
102249,1786,2024-08-02 07:14:01,completed,credit_card,,0.0,2024-08,2024,8
102250,1405,2024-08-02 08:21:27,completed,credit_card,,0.0,2024-08,2024,8
102251,3320,2024-08-02 08:51:11,completed,paypal,,0.0,2024-08,2024,8
102252,1752,2024-08-02 10:03:42,completed,apple_pay,,0.0,2024-08,2024,8
102253,307,2024-08-02 17:03:01,completed,paypal,,0.0,2024-08,2024,8
102254,3348,2024-08-02 17:30:39,canceled,paypal,,0.0,2024-08,2024,8
102255,2449,2024-08-02 18:20:30,completed,credit_card,,0.0,2024-08,2024,8
102256,3262,2024-08-02 20:03:29,completed,credit_card,,6.95,2024-08,2024,8
102257,2285,2024-08-02 20:15:45,completed,credit_card,,0.0,2024-08,2024,8
102258,3242,2024-08-02 20:31:08,completed,credit_card,,0.0,2024-08,2024,8
102259,57,2024-08-02 22:26:25,completed,credit_card,,6.95,2024-08,2024,8
102260,1763,2024-08-03 08:11:42,completed,paypal,,0.0,2024-08,2024,8
102261,3531,2024-08-03 08:54:14,returned,paypal,,6.95,2024-08,2024,8
102262,2839,2024-08-03 09:43:18,completed,paypal,,0.0,2024-08,2024,8
102263,2484,2024-08-03 09:56:47,completed,credit_card,,6.95,2024-08,2024,8
102264,2919,2024-08-03 12:29:23,completed,credit_card,,0.0,2024-08,2024,8
102265,2717,2024-08-03 14:37:08,completed,credit_card,,0.0,2024-08,2024,8
102266,876,2024-08-04 07:17:49,completed,credit_card,,6.95,2024-08,2024,8
102267,519,2024-08-04 13:09:35,completed,paypal,,0.0,2024-08,2024,8
102268,1107,2024-08-04 15:00:26,completed,credit_card,,0.0,2024-08,2024,8
102269,2728,2024-08-04 16:03:14,completed,credit_card,,0.0,2024-08,2024,8
102270,2577,2024-08-04 18:47:34,completed,credit_card,,0.0,2024-08,2024,8
102271,2821,2024-08-04 19:47:21,completed,apple_pay,,0.0,2024-08,2024,8
102272,1288,2024-08-05 06:56:20,completed,credit_card,,0.0,2024-08,2024,8
102273,1891,2024-08-05 07:39:19,completed,credit_card,,0.0,2024-08,2024,8
102274,396,2024-08-05 09:30:06,completed,credit_card,,0.0,2024-08,2024,8
102275,2772,2024-08-05 09:40:24,completed,credit_card,,6.95,2024-08,2024,8
102276,2752,2024-08-05 12:40:29,completed,paypal,,0.0,2024-08,2024,8
102277,1752,2024-08-05 13:48:03,completed,credit_card,,6.95,2024-08,2024,8
102278,1104,2024-08-05 14:06:45,completed,credit_card,,0.0,2024-08,2024,8
102279,1175,2024-08-05 22:16:09,completed,credit_card,,0.0,2024-08,2024,8
102280,840,2024-08-05 22:59:10,completed,paypal,,0.0,2024-08,2024,8
102281,1891,2024-08-06 07:48:36,completed,credit_card,,0.0,2024-08,2024,8
102282,2270,2024-08-06 08:09:26,completed,credit_card,,0.0,2024-08,2024,8
102283,285,2024-08-06 13:33:32,completed,credit_card,,0.0,2024-08,2024,8
102284,3356,2024-08-06 16:22:21,completed,credit_card,,0.0,2024-08,2024,8
102285,930,2024-08-06 20:06:08,completed,gift_card,,6.95,2024-08,2024,8
102286,519,2024-08-06 21:59:51,completed,paypal,,0.0,2024-08,2024,8
102287,2602,2024-08-06 22:01:13,completed,apple_pay,,0.0,2024-08,2024,8
102288,307,2024-08-07 09:36:59,completed,paypal,,0.0,2024-08,2024,8
102289,48,2024-08-07 09:58:42,completed,credit_card,,0.0,2024-08,2024,8
102290,2986,2024-08-07 13:00:38,completed,paypal,,0.0,2024-08,2024,8
102291,2580,2024-08-07 14:16:37,completed,paypal,,0.0,2024-08,2024,8
102292,2629,2024-08-07 16:27:22,completed,gift_card,,0.0,2024-08,2024,8
102293,3340,2024-08-07 18:33:07,returned,credit_card,,0.0,2024-08,2024,8
102294,3598,2024-08-07 18:40:03,completed,credit_card,,0.0,2024-08,2024,8
102295,2624,2024-08-07 19:25:06,completed,credit_card,,0.0,2024-08,2024,8
102296,3509,2024-08-08 07:41:08,completed,credit_card,,0.0,2024-08,2024,8
102297,1454,2024-08-08 09:08:46,completed,credit_card,,0.0,2024-08,2024,8
102298,2891,2024-08-08 17:31:05,completed,credit_card,,0.0,2024-08,2024,8
102299,48,2024-08-08 17:53:23,completed,paypal,,0.0,2024-08,2024,8
102300,1752,2024-08-08 20:29:41,completed,apple_pay,,0.0,2024-08,2024,8
102301,226,2024-08-08 21:21:12,completed,credit_card,,0.0,2024-08,2024,8
102302,2908,2024-08-08 23:42:25,completed,credit_card,,0.0,2024-08,2024,8
102303,2812,2024-08-09 06:57:03,completed,credit_card,,0.0,2024-08,2024,8
102304,1104,2024-08-09 07:24:58,completed,apple_pay,,0.0,2024-08,2024,8
102305,2958,2024-08-09 09:47:54,completed,credit_card,,6.95,2024-08,2024,8
102306,3419,2024-08-09 10:57:10,completed,credit_card,,0.0,2024-08,2024,8
102307,2349,2024-08-09 11:28:21,completed,paypal,,0.0,2024-08,2024,8
102308,2863,2024-08-09 11:31:27,completed,credit_card,,0.0,2024-08,2024,8
102309,3543,2024-08-09 12:37:54,returned,credit_card,,6.95,2024-08,2024,8
102310,1903,2024-08-09 13:25:40,completed,paypal,,0.0,2024-08,2024,8
102311,686,2024-08-09 14:29:06,completed,credit_card,,0.0,2024-08,2024,8
102312,424,2024-08-09 20:02:19,completed,credit_card,,0.0,2024-08,2024,8
102313,334,2024-08-09 21:44:53,completed,credit_card,,6.95,2024-08,2024,8
102314,507,2024-08-09 22:35:41,completed,apple_pay,,0.0,2024-08,2024,8
102315,2039,2024-08-10 06:52:04,completed,paypal,,0.0,2024-08,2024,8
102316,2821,2024-08-10 07:17:50,canceled,paypal,,6.95,2024-08,2024,8
102317,1288,2024-08-10 07:39:50,completed,credit_card,,0.0,2024-08,2024,8
102318,3348,2024-08-10 08:18:49,completed,credit_card,,0.0,2024-08,2024,8
102319,2118,2024-08-10 09:29:14,completed,paypal,,6.95,2024-08,2024,8
102320,3069,2024-08-10 10:10:21,completed,paypal,,0.0,2024-08,2024,8
102321,3340,2024-08-10 13:08:09,completed,credit_card,,6.95,2024-08,2024,8
102322,123,2024-08-10 13:52:20,completed,paypal,,0.0,2024-08,2024,8
102323,1435,2024-08-10 14:56:57,completed,apple_pay,,0.0,2024-08,2024,8
102324,391,2024-08-10 15:09:54,completed,paypal,,6.95,2024-08,2024,8
102325,2623,2024-08-10 17:51:17,completed,apple_pay,,0.0,2024-08,2024,8
102326,3329,2024-08-10 18:14:43,completed,credit_card,,0.0,2024-08,2024,8
102327,163,2024-08-10 19:05:46,completed,credit_card,,6.95,2024-08,2024,8
102328,3452,2024-08-10 19:50:10,completed,credit_card,,6.95,2024-08,2024,8
102329,876,2024-08-11 06:09:01,completed,credit_card,,0.0,2024-08,2024,8
102330,2944,2024-08-11 06:14:36,completed,credit_card,,0.0,2024-08,2024,8
102331,283,2024-08-11 07:06:55,completed,credit_card,,0.0,2024-08,2024,8
102332,1775,2024-08-11 07:24:27,completed,credit_card,,0.0,2024-08,2024,8
102333,3526,2024-08-11 08:47:31,completed,credit_card,,0.0,2024-08,2024,8
102334,2181,2024-08-11 10:00:44,completed,paypal,,6.95,2024-08,2024,8
102335,3044,2024-08-11 10:51:03,completed,credit_card,,0.0,2024-08,2024,8
102336,1870,2024-08-11 10:56:24,completed,credit_card,,0.0,2024-08,2024,8
102337,79,2024-08-11 13:11:03,completed,apple_pay,,0.0,2024-08,2024,8
102338,3526,2024-08-11 15:14:29,completed,paypal,,0.0,2024-08,2024,8
102339,1472,2024-08-11 18:58:42,completed,apple_pay,,0.0,2024-08,2024,8
102340,885,2024-08-11 23:13:37,completed,credit_card,,0.0,2024-08,2024,8
102341,48,2024-08-11 23:35:20,returned,apple_pay,,0.0,2024-08,2024,8
102342,710,2024-08-12 12:48:56,completed,paypal,,0.0,2024-08,2024,8
102343,68,2024-08-12 16:20:47,completed,credit_card,welcome10,0.0,2024-08,2024,8
102344,2127,2024-08-12 16:54:41,completed,paypal,,0.0,2024-08,2024,8
102345,68,2024-08-12 18:24:57,completed,credit_card,,0.0,2024-08,2024,8
102346,3250,2024-08-12 21:22:16,completed,apple_pay,welcome10,0.0,2024-08,2024,8
102347,2622,2024-08-13 06:13:21,completed,credit_card,,6.95,2024-08,2024,8
102348,3526,2024-08-13 09:08:45,completed,credit_card,,0.0,2024-08,2024,8
102349,585,2024-08-13 11:07:39,completed,paypal,,0.0,2024-08,2024,8
102350,163,2024-08-13 11:35:45,completed,credit_card,,0.0,2024-08,2024,8
102351,9,2024-08-13 13:50:59,completed,credit_card,,6.95,2024-08,2024,8
102352,123,2024-08-13 15:00:35,completed,credit_card,,0.0,2024-08,2024,8
102353,1574,2024-08-13 16:56:09,completed,credit_card,,0.0,2024-08,2024,8
102354,3532,2024-08-13 19:47:39,completed,apple_pay,,0.0,2024-08,2024,8
102355,3598,2024-08-13 20:24:44,completed,credit_card,,0.0,2024-08,2024,8
102356,2569,2024-08-13 20:40:06,completed,paypal,,6.95,2024-08,2024,8
102357,3127,2024-08-13 23:33:03,completed,credit_card,,6.95,2024-08,2024,8
102358,3348,2024-08-13 23:42:12,completed,credit_card,,6.95,2024-08,2024,8
102359,247,2024-08-14 06:03:54,returned,credit_card,welcome10,0.0,2024-08,2024,8
102360,2914,2024-08-14 06:40:21,completed,credit_card,welcome10,0.0,2024-08,2024,8
102361,1756,2024-08-14 07:10:34,completed,paypal,,0.0,2024-08,2024,8
102362,3144,2024-08-14 11:17:15,completed,apple_pay,,0.0,2024-08,2024,8
102363,16,2024-08-14 12:12:45,canceled,apple_pay,,6.95,2024-08,2024,8
102364,2887,2024-08-14 12:21:35,completed,credit_card,,0.0,2024-08,2024,8
102365,2979,2024-08-14 12:46:41,completed,credit_card,,0.0,2024-08,2024,8
102366,2487,2024-08-14 17:08:34,completed,credit_card,,6.95,2024-08,2024,8
102367,536,2024-08-15 06:19:31,completed,credit_card,,6.95,2024-08,2024,8
102368,1654,2024-08-15 10:33:14,completed,paypal,,0.0,2024-08,2024,8
102369,1876,2024-08-15 10:53:27,completed,paypal,,0.0,2024-08,2024,8
102370,3099,2024-08-15 11:27:13,completed,paypal,,0.0,2024-08,2024,8
102371,2127,2024-08-15 11:52:56,completed,credit_card,,0.0,2024-08,2024,8
102372,1351,2024-08-15 13:18:51,completed,gift_card,,0.0,2024-08,2024,8
102373,3235,2024-08-15 13:29:24,completed,credit_card,,0.0,2024-08,2024,8
102374,3146,2024-08-15 20:07:09,returned,credit_card,,6.95,2024-08,2024,8
102375,126,2024-08-15 23:35:44,completed,gift_card,,0.0,2024-08,2024,8
102376,135,2024-08-15 23:53:02,completed,credit_card,,6.95,2024-08,2024,8
102377,484,2024-08-16 06:01:03,completed,credit_card,,0.0,2024-08,2024,8
102378,1104,2024-08-16 07:19:53,completed,paypal,,0.0,2024-08,2024,8
102379,1552,2024-08-16 11:25:50,completed,paypal,,0.0,2024-08,2024,8
102380,1264,2024-08-16 14:16:38,completed,credit_card,welcome10,0.0,2024-08,2024,8
102381,1467,2024-08-16 14:33:57,completed,credit_card,,0.0,2024-08,2024,8
102382,3127,2024-08-16 14:37:02,completed,credit_card,,0.0,2024-08,2024,8
102383,2752,2024-08-16 15:30:35,completed,credit_card,,0.0,2024-08,2024,8
102384,2538,2024-08-16 16:33:50,completed,credit_card,,0.0,2024-08,2024,8
102385,3598,2024-08-16 18:04:10,completed,paypal,,0.0,2024-08,2024,8
102386,3127,2024-08-16 22:30:15,completed,credit_card,,0.0,2024-08,2024,8
102387,3531,2024-08-17 07:32:56,completed,gift_card,,0.0,2024-08,2024,8
102388,1229,2024-08-17 09:46:43,completed,credit_card,,6.95,2024-08,2024,8
102389,2158,2024-08-17 09:59:10,completed,gift_card,,0.0,2024-08,2024,8
102390,930,2024-08-17 12:13:10,completed,apple_pay,,0.0,2024-08,2024,8
102391,3531,2024-08-17 13:43:26,completed,apple_pay,,0.0,2024-08,2024,8
102392,1104,2024-08-17 16:19:43,completed,credit_card,,0.0,2024-08,2024,8
102393,1355,2024-08-17 16:44:31,completed,credit_card,,0.0,2024-08,2024,8
102394,2439,2024-08-17 19:02:04,completed,credit_card,welcome10,6.95,2024-08,2024,8
102395,2569,2024-08-17 21:48:04,completed,paypal,,0.0,2024-08,2024,8
102396,2957,2024-08-17 22:04:50,completed,apple_pay,,0.0,2024-08,2024,8
102397,1058,2024-08-17 23:08:05,completed,credit_card,,0.0,2024-08,2024,8
102398,100,2024-08-17 23:34:29,completed,apple_pay,,0.0,2024-08,2024,8
102399,1209,2024-08-18 07:00:34,completed,credit_card,,0.0,2024-08,2024,8
102400,181,2024-08-18 10:19:44,completed,credit_card,,0.0,2024-08,2024,8
102401,2646,2024-08-18 10:39:55,completed,credit_card,,0.0,2024-08,2024,8
102402,885,2024-08-18 11:03:34,completed,paypal,,0.0,2024-08,2024,8
102403,1192,2024-08-18 12:54:05,completed,credit_card,welcome10,0.0,2024-08,2024,8
102404,1470,2024-08-18 13:06:36,completed,credit_card,,6.95,2024-08,2024,8
102405,737,2024-08-18 13:36:29,completed,gift_card,,6.95,2024-08,2024,8
102406,1891,2024-08-18 14:45:14,completed,credit_card,,6.95,2024-08,2024,8
102407,3526,2024-08-18 15:03:51,completed,apple_pay,welcome10,0.0,2024-08,2024,8
102408,2796,2024-08-18 15:07:19,completed,apple_pay,,0.0,2024-08,2024,8
102409,2602,2024-08-18 16:44:13,completed,credit_card,,6.95,2024-08,2024,8
102410,2908,2024-08-18 18:27:12,completed,credit_card,,0.0,2024-08,2024,8
102411,1298,2024-08-18 18:45:44,completed,credit_card,,0.0,2024-08,2024,8
102412,885,2024-08-18 19:18:35,returned,credit_card,,0.0,2024-08,2024,8
102413,1298,2024-08-18 20:09:22,completed,credit_card,,0.0,2024-08,2024,8
102414,343,2024-08-18 22:33:05,completed,credit_card,,0.0,2024-08,2024,8
102415,3291,2024-08-18 22:52:56,completed,credit_card,,6.95,2024-08,2024,8
102416,2707,2024-08-19 06:33:43,completed,credit_card,,0.0,2024-08,2024,8
102417,2821,2024-08-19 06:43:14,completed,apple_pay,,0.0,2024-08,2024,8
102418,519,2024-08-19 08:36:48,completed,credit_card,,6.95,2024-08,2024,8
102419,2360,2024-08-19 08:51:40,completed,paypal,,0.0,2024-08,2024,8
102420,3069,2024-08-19 13:16:10,returned,credit_card,,0.0,2024-08,2024,8
102421,28,2024-08-19 13:26:41,returned,apple_pay,,0.0,2024-08,2024,8
102422,2162,2024-08-19 14:26:15,completed,paypal,,6.95,2024-08,2024,8
102423,2995,2024-08-19 14:36:02,canceled,paypal,,6.95,2024-08,2024,8
102424,1607,2024-08-19 16:01:01,completed,paypal,,0.0,2024-08,2024,8
102425,3514,2024-08-19 17:18:53,completed,credit_card,,6.95,2024-08,2024,8
102426,135,2024-08-19 17:34:13,returned,credit_card,,0.0,2024-08,2024,8
102427,2024,2024-08-19 18:23:32,completed,credit_card,,0.0,2024-08,2024,8
102428,1625,2024-08-19 20:19:06,completed,gift_card,,0.0,2024-08,2024,8
102429,443,2024-08-19 21:11:30,completed,credit_card,,0.0,2024-08,2024,8
102430,1047,2024-08-20 10:23:47,completed,apple_pay,,0.0,2024-08,2024,8
102431,2039,2024-08-20 13:23:43,completed,credit_card,,0.0,2024-08,2024,8
102432,2182,2024-08-20 14:11:08,completed,credit_card,,0.0,2024-08,2024,8
102433,170,2024-08-20 19:05:05,completed,credit_card,welcome10,0.0,2024-08,2024,8
102434,1298,2024-08-20 20:14:57,completed,credit_card,,6.95,2024-08,2024,8
102435,1288,2024-08-21 07:49:47,completed,paypal,,0.0,2024-08,2024,8
102436,725,2024-08-21 07:50:18,completed,apple_pay,welcome10,0.0,2024-08,2024,8
102437,1443,2024-08-21 10:11:01,completed,credit_card,,6.95,2024-08,2024,8
102438,780,2024-08-21 12:48:51,completed,credit_card,,0.0,2024-08,2024,8
102439,307,2024-08-21 15:34:46,completed,paypal,,6.95,2024-08,2024,8
102440,2941,2024-08-21 16:45:34,completed,credit_card,,0.0,2024-08,2024,8
102441,2270,2024-08-21 19:44:24,completed,credit_card,,6.95,2024-08,2024,8
102442,1104,2024-08-21 19:57:55,completed,credit_card,,0.0,2024-08,2024,8
102443,3348,2024-08-21 20:12:54,completed,apple_pay,,0.0,2024-08,2024,8
102444,1979,2024-08-21 21:23:15,completed,credit_card,,0.0,2024-08,2024,8
102445,1806,2024-08-21 22:12:15,completed,credit_card,,6.95,2024-08,2024,8
102446,258,2024-08-22 09:53:47,completed,credit_card,,0.0,2024-08,2024,8
102447,1132,2024-08-22 10:50:30,completed,credit_card,,0.0,2024-08,2024,8
102448,2270,2024-08-22 11:27:45,completed,paypal,,6.95,2024-08,2024,8
102449,1390,2024-08-22 11:31:33,completed,apple_pay,,0.0,2024-08,2024,8
102450,3270,2024-08-22 11:55:43,completed,apple_pay,welcome10,6.95,2024-08,2024,8
102451,651,2024-08-22 13:49:58,completed,apple_pay,,0.0,2024-08,2024,8
102452,2821,2024-08-22 14:50:51,completed,apple_pay,,0.0,2024-08,2024,8
102453,96,2024-08-22 15:54:22,completed,credit_card,,0.0,2024-08,2024,8
102454,307,2024-08-22 17:06:13,completed,paypal,,0.0,2024-08,2024,8
102455,2520,2024-08-22 17:10:07,completed,paypal,,0.0,2024-08,2024,8
102456,443,2024-08-22 22:36:12,returned,credit_card,,0.0,2024-08,2024,8
102457,2341,2024-08-22 23:09:51,completed,credit_card,,0.0,2024-08,2024,8
102458,401,2024-08-23 06:42:59,completed,credit_card,,0.0,2024-08,2024,8
102459,1752,2024-08-23 09:14:17,completed,credit_card,,0.0,2024-08,2024,8
102460,2160,2024-08-23 14:08:08,completed,paypal,,0.0,2024-08,2024,8
102461,115,2024-08-23 17:10:05,canceled,credit_card,,0.0,2024-08,2024,8
102462,274,2024-08-23 17:53:42,completed,credit_card,,0.0,2024-08,2024,8
102463,3127,2024-08-23 19:18:43,completed,apple_pay,,6.95,2024-08,2024,8
102464,3526,2024-08-23 22:00:38,completed,credit_card,,0.0,2024-08,2024,8
102465,2728,2024-08-23 22:11:55,completed,apple_pay,,0.0,2024-08,2024,8
102466,2755,2024-08-23 23:38:04,canceled,credit_card,,0.0,2024-08,2024,8
102467,2078,2024-08-24 08:03:50,completed,gift_card,,0.0,2024-08,2024,8
102468,1870,2024-08-24 08:40:01,completed,apple_pay,,0.0,2024-08,2024,8
102469,250,2024-08-24 13:09:52,completed,credit_card,,0.0,2024-08,2024,8
102470,1574,2024-08-24 14:13:12,canceled,paypal,,0.0,2024-08,2024,8
102471,2024,2024-08-24 14:35:50,canceled,apple_pay,,0.0,2024-08,2024,8
102472,662,2024-08-24 16:01:00,completed,credit_card,,0.0,2024-08,2024,8
102473,2012,2024-08-24 23:38:43,completed,credit_card,,0.0,2024-08,2024,8
102474,3208,2024-08-25 09:13:42,completed,credit_card,,0.0,2024-08,2024,8
102475,3249,2024-08-25 09:20:42,completed,credit_card,,6.95,2024-08,2024,8
102476,3014,2024-08-25 09:29:12,completed,paypal,,0.0,2024-08,2024,8
102477,656,2024-08-25 11:39:38,completed,credit_card,,6.95,2024-08,2024,8
102478,3238,2024-08-25 14:00:36,completed,credit_card,,0.0,2024-08,2024,8
102479,3261,2024-08-25 14:18:45,completed,paypal,,0.0,2024-08,2024,8
102480,2505,2024-08-25 19:04:05,completed,credit_card,,0.0,2024-08,2024,8
102481,1182,2024-08-25 19:34:06,completed,credit_card,,0.0,2024-08,2024,8
102482,443,2024-08-26 06:37:20,completed,paypal,,0.0,2024-08,2024,8
102483,1064,2024-08-26 07:27:37,canceled,paypal,,6.95,2024-08,2024,8
102484,1654,2024-08-26 07:33:11,returned,paypal,welcome10,0.0,2024-08,2024,8
102485,656,2024-08-26 10:35:03,completed,credit_card,,6.95,2024-08,2024,8
102486,2361,2024-08-26 12:16:28,completed,paypal,,0.0,2024-08,2024,8
102487,2753,2024-08-26 13:22:45,completed,credit_card,,0.0,2024-08,2024,8
102488,2024,2024-08-26 15:07:45,completed,credit_card,,0.0,2024-08,2024,8
102489,2914,2024-08-26 15:58:02,completed,paypal,,0.0,2024-08,2024,8
102490,3419,2024-08-26 20:32:51,completed,credit_card,,6.95,2024-08,2024,8
102491,3531,2024-08-26 23:14:38,completed,credit_card,,0.0,2024-08,2024,8
102492,2821,2024-08-26 23:15:06,completed,paypal,,6.95,2024-08,2024,8
102493,507,2024-08-26 23:15:37,completed,credit_card,,6.95,2024-08,2024,8
106886,3570,2025-08-03 19:42:27,completed,credit_card,,6.95,2025-08,2025,8
102494,1951,2024-08-26 23:28:19,completed,credit_card,,0.0,2024-08,2024,8
102495,3537,2024-08-26 23:50:19,completed,credit_card,,0.0,2024-08,2024,8
102496,304,2024-08-27 06:13:52,completed,credit_card,,0.0,2024-08,2024,8
102497,274,2024-08-27 06:15:20,completed,credit_card,,0.0,2024-08,2024,8
102498,1104,2024-08-27 07:01:46,completed,credit_card,,6.95,2024-08,2024,8
102499,2285,2024-08-27 09:01:28,returned,paypal,,6.95,2024-08,2024,8
102500,3127,2024-08-27 09:39:58,completed,credit_card,,6.95,2024-08,2024,8
102501,2449,2024-08-27 09:48:04,completed,paypal,,6.95,2024-08,2024,8
102502,1903,2024-08-27 10:04:32,completed,credit_card,,6.95,2024-08,2024,8
102503,159,2024-08-27 11:13:31,completed,apple_pay,,0.0,2024-08,2024,8
102504,2885,2024-08-27 11:51:21,completed,credit_card,,0.0,2024-08,2024,8
102505,1070,2024-08-27 13:00:02,canceled,gift_card,,0.0,2024-08,2024,8
102506,1302,2024-08-27 15:46:44,completed,credit_card,,0.0,2024-08,2024,8
102507,3531,2024-08-27 16:21:29,completed,paypal,,0.0,2024-08,2024,8
102508,3222,2024-08-27 16:49:40,completed,credit_card,,6.95,2024-08,2024,8
102509,3208,2024-08-27 19:29:03,returned,credit_card,,0.0,2024-08,2024,8
102510,334,2024-08-27 22:57:58,completed,credit_card,,0.0,2024-08,2024,8
102511,3452,2024-08-27 23:08:21,completed,credit_card,,0.0,2024-08,2024,8
102512,2589,2024-08-28 08:41:52,completed,apple_pay,,0.0,2024-08,2024,8
102513,1467,2024-08-28 10:27:16,completed,credit_card,,6.95,2024-08,2024,8
102514,1134,2024-08-28 10:29:42,completed,paypal,,0.0,2024-08,2024,8
102515,1756,2024-08-28 14:28:29,completed,credit_card,,6.95,2024-08,2024,8
102516,107,2024-08-28 17:17:13,completed,apple_pay,,0.0,2024-08,2024,8
102517,1254,2024-08-28 20:08:41,completed,paypal,,0.0,2024-08,2024,8
102518,1907,2024-08-28 20:24:40,completed,credit_card,,0.0,2024-08,2024,8
102519,2006,2024-08-28 21:56:46,completed,paypal,,0.0,2024-08,2024,8
102520,2505,2024-08-29 06:32:08,completed,credit_card,,0.0,2024-08,2024,8
102521,383,2024-08-29 08:34:35,completed,credit_card,,0.0,2024-08,2024,8
102522,1104,2024-08-29 09:41:49,completed,paypal,,0.0,2024-08,2024,8
102523,1625,2024-08-29 12:18:00,completed,gift_card,,0.0,2024-08,2024,8
102524,2363,2024-08-29 15:26:29,completed,paypal,,0.0,2024-08,2024,8
102525,2821,2024-08-29 20:25:30,completed,apple_pay,,0.0,2024-08,2024,8
102526,592,2024-08-29 20:55:15,completed,paypal,,0.0,2024-08,2024,8
102527,1153,2024-08-30 06:49:51,completed,credit_card,,6.95,2024-08,2024,8
102528,239,2024-08-30 07:37:04,completed,credit_card,,0.0,2024-08,2024,8
102529,135,2024-08-30 09:47:46,completed,credit_card,,0.0,2024-08,2024,8
102530,239,2024-08-30 09:59:16,completed,gift_card,,0.0,2024-08,2024,8
102531,1091,2024-08-30 15:49:06,completed,credit_card,,0.0,2024-08,2024,8
102532,1390,2024-08-30 16:02:22,completed,credit_card,,0.0,2024-08,2024,8
102533,885,2024-08-30 17:21:11,completed,credit_card,,0.0,2024-08,2024,8
102534,778,2024-08-30 17:32:24,completed,credit_card,,6.95,2024-08,2024,8
102535,1763,2024-08-30 18:05:01,completed,credit_card,,0.0,2024-08,2024,8
102536,1153,2024-08-30 18:49:14,completed,credit_card,,0.0,2024-08,2024,8
102537,2270,2024-08-30 19:03:54,completed,credit_card,,0.0,2024-08,2024,8
102538,3222,2024-08-30 21:32:08,canceled,credit_card,,0.0,2024-08,2024,8
102539,2192,2024-08-30 22:00:10,completed,paypal,,0.0,2024-08,2024,8
102540,3530,2024-08-31 07:21:30,completed,paypal,,0.0,2024-08,2024,8
102541,2480,2024-08-31 09:05:32,completed,credit_card,,0.0,2024-08,2024,8
102542,2863,2024-08-31 09:21:12,completed,credit_card,,6.95,2024-08,2024,8
102543,2192,2024-08-31 09:49:56,completed,credit_card,,6.95,2024-08,2024,8
102544,343,2024-08-31 10:41:43,completed,apple_pay,,0.0,2024-08,2024,8
102545,2946,2024-08-31 10:54:45,completed,credit_card,,6.95,2024-08,2024,8
102546,3208,2024-08-31 13:54:21,completed,credit_card,,6.95,2024-08,2024,8
102547,2292,2024-08-31 14:07:00,completed,gift_card,welcome10,0.0,2024-08,2024,8
102548,852,2024-08-31 14:58:16,completed,paypal,,6.95,2024-08,2024,8
102549,1759,2024-08-31 16:28:40,completed,credit_card,,0.0,2024-08,2024,8
102550,3041,2024-08-31 18:18:37,completed,credit_card,,0.0,2024-08,2024,8
102551,2718,2024-08-31 18:51:39,completed,paypal,,0.0,2024-08,2024,8
102552,2024,2024-08-31 19:44:14,completed,apple_pay,,0.0,2024-08,2024,8
102553,1775,2024-08-31 20:26:15,completed,credit_card,,0.0,2024-08,2024,8
102554,3198,2024-08-31 21:57:58,completed,credit_card,,6.95,2024-08,2024,8
102555,2118,2024-09-01 07:59:26,completed,credit_card,,0.0,2024-09,2024,9
102556,1443,2024-09-01 09:44:40,completed,credit_card,,0.0,2024-09,2024,9
102557,2796,2024-09-01 10:58:15,completed,credit_card,,0.0,2024-09,2024,9
102558,1574,2024-09-01 11:40:20,completed,apple_pay,,6.95,2024-09,2024,9
102559,2728,2024-09-01 11:58:19,canceled,apple_pay,,0.0,2024-09,2024,9
102560,2277,2024-09-01 13:07:17,completed,paypal,,0.0,2024-09,2024,9
102561,3146,2024-09-01 15:10:55,completed,credit_card,,0.0,2024-09,2024,9
102562,334,2024-09-01 15:16:48,completed,apple_pay,,0.0,2024-09,2024,9
102563,2465,2024-09-01 15:28:09,completed,credit_card,,0.0,2024-09,2024,9
102564,181,2024-09-01 17:39:29,returned,credit_card,,0.0,2024-09,2024,9
102565,2500,2024-09-01 19:28:48,completed,paypal,,0.0,2024-09,2024,9
102566,2127,2024-09-01 20:08:57,completed,credit_card,,0.0,2024-09,2024,9
102567,3419,2024-09-01 22:06:00,completed,credit_card,,0.0,2024-09,2024,9
102568,1454,2024-09-01 22:47:16,completed,credit_card,,0.0,2024-09,2024,9
102569,2270,2024-09-01 23:45:09,completed,credit_card,,0.0,2024-09,2024,9
102570,2475,2024-09-02 06:38:31,completed,credit_card,,0.0,2024-09,2024,9
102571,1625,2024-09-02 06:38:35,completed,apple_pay,,0.0,2024-09,2024,9
102572,1876,2024-09-02 08:39:35,completed,paypal,welcome10,6.95,2024-09,2024,9
102573,135,2024-09-02 08:42:19,completed,credit_card,,0.0,2024-09,2024,9
102574,3598,2024-09-02 10:48:00,completed,credit_card,,0.0,2024-09,2024,9
102575,2127,2024-09-02 10:51:06,completed,credit_card,,0.0,2024-09,2024,9
102576,737,2024-09-02 11:10:06,returned,credit_card,,0.0,2024-09,2024,9
102577,1870,2024-09-02 11:33:26,completed,credit_card,,0.0,2024-09,2024,9
102578,2164,2024-09-02 11:35:06,completed,credit_card,welcome10,0.0,2024-09,2024,9
102579,2127,2024-09-02 12:04:38,completed,credit_card,,0.0,2024-09,2024,9
102580,2439,2024-09-02 15:07:39,completed,paypal,welcome10,0.0,2024-09,2024,9
102581,2361,2024-09-02 15:29:21,canceled,paypal,,0.0,2024-09,2024,9
102582,1134,2024-09-02 20:46:28,completed,paypal,,6.95,2024-09,2024,9
102583,1625,2024-09-02 21:39:13,completed,paypal,,6.95,2024-09,2024,9
102584,2821,2024-09-03 08:24:14,completed,paypal,,0.0,2024-09,2024,9
102585,1104,2024-09-03 16:40:43,completed,credit_card,,6.95,2024-09,2024,9
102586,3265,2024-09-03 16:42:16,completed,credit_card,,0.0,2024-09,2024,9
102587,1752,2024-09-03 17:39:25,completed,credit_card,,0.0,2024-09,2024,9
102588,2579,2024-09-03 19:30:37,canceled,paypal,,0.0,2024-09,2024,9
102589,1798,2024-09-03 20:16:40,completed,paypal,,6.95,2024-09,2024,9
102590,2579,2024-09-03 22:29:29,completed,apple_pay,welcome10,0.0,2024-09,2024,9
102591,3348,2024-09-03 22:38:14,completed,credit_card,,0.0,2024-09,2024,9
102592,1175,2024-09-03 23:44:02,completed,credit_card,,0.0,2024-09,2024,9
102593,1907,2024-09-04 06:47:11,completed,apple_pay,,0.0,2024-09,2024,9
102594,1104,2024-09-04 07:43:39,completed,apple_pay,welcome10,6.95,2024-09,2024,9
102595,3007,2024-09-04 14:19:44,completed,apple_pay,,0.0,2024-09,2024,9
102596,1104,2024-09-04 15:41:48,completed,apple_pay,,6.95,2024-09,2024,9
102597,3265,2024-09-04 16:00:50,completed,credit_card,,6.95,2024-09,2024,9
102598,2642,2024-09-04 17:48:57,canceled,paypal,,0.0,2024-09,2024,9
102599,3208,2024-09-04 20:45:54,canceled,paypal,,0.0,2024-09,2024,9
102600,2127,2024-09-04 22:10:08,completed,apple_pay,,6.95,2024-09,2024,9
102601,1951,2024-09-05 08:49:40,completed,paypal,,0.0,2024-09,2024,9
102602,1870,2024-09-05 09:05:48,completed,paypal,,0.0,2024-09,2024,9
102603,1298,2024-09-05 09:48:04,completed,credit_card,,0.0,2024-09,2024,9
102604,2753,2024-09-05 11:30:17,completed,apple_pay,,6.95,2024-09,2024,9
102605,3337,2024-09-05 13:51:32,completed,paypal,welcome10,0.0,2024-09,2024,9
102606,930,2024-09-05 14:12:40,completed,credit_card,,0.0,2024-09,2024,9
102607,1256,2024-09-05 16:13:13,completed,credit_card,,0.0,2024-09,2024,9
102608,115,2024-09-05 17:57:50,completed,credit_card,,0.0,2024-09,2024,9
102609,3069,2024-09-05 17:59:55,returned,credit_card,,0.0,2024-09,2024,9
102610,1085,2024-09-06 08:14:29,completed,apple_pay,,6.95,2024-09,2024,9
102611,1516,2024-09-06 12:29:44,completed,paypal,,0.0,2024-09,2024,9
102612,2559,2024-09-06 14:01:51,completed,apple_pay,,0.0,2024-09,2024,9
102613,307,2024-09-06 19:57:27,completed,paypal,,0.0,2024-09,2024,9
102614,1435,2024-09-06 21:02:10,completed,apple_pay,,0.0,2024-09,2024,9
102615,143,2024-09-06 22:58:30,completed,credit_card,,0.0,2024-09,2024,9
102616,399,2024-09-06 23:16:44,returned,paypal,welcome10,6.95,2024-09,2024,9
102617,3452,2024-09-07 07:54:42,completed,credit_card,,0.0,2024-09,2024,9
102618,3069,2024-09-07 07:55:25,completed,gift_card,,0.0,2024-09,2024,9
102619,2821,2024-09-07 08:12:44,completed,credit_card,,0.0,2024-09,2024,9
102620,1058,2024-09-07 09:28:04,completed,credit_card,,0.0,2024-09,2024,9
102621,1911,2024-09-07 12:53:00,completed,paypal,,0.0,2024-09,2024,9
102622,2938,2024-09-07 14:41:15,completed,paypal,,0.0,2024-09,2024,9
102623,1064,2024-09-07 15:50:36,completed,paypal,,6.95,2024-09,2024,9
104855,1806,2025-02-27 11:35:01,completed,apple_pay,,0.0,2025-02,2025,2
102624,2796,2024-09-07 20:43:05,completed,credit_card,,0.0,2024-09,2024,9
102625,1153,2024-09-07 22:59:55,completed,gift_card,,0.0,2024-09,2024,9
102626,507,2024-09-08 07:54:33,completed,credit_card,,0.0,2024-09,2024,9
102627,3272,2024-09-08 08:18:14,returned,paypal,,0.0,2024-09,2024,9
102628,3419,2024-09-08 10:16:37,completed,gift_card,,0.0,2024-09,2024,9
102629,239,2024-09-08 13:46:36,completed,credit_card,,6.95,2024-09,2024,9
102630,3401,2024-09-08 15:23:44,completed,credit_card,,6.95,2024-09,2024,9
102631,1346,2024-09-08 15:30:28,completed,paypal,,0.0,2024-09,2024,9
102632,3044,2024-09-08 16:49:11,completed,credit_card,,0.0,2024-09,2024,9
102633,283,2024-09-08 17:29:11,completed,credit_card,,6.95,2024-09,2024,9
102634,2267,2024-09-08 18:45:17,completed,apple_pay,,0.0,2024-09,2024,9
102635,79,2024-09-08 19:00:47,completed,gift_card,,6.95,2024-09,2024,9
102636,2944,2024-09-08 19:36:48,canceled,apple_pay,,0.0,2024-09,2024,9
102637,1230,2024-09-08 20:39:28,completed,apple_pay,,6.95,2024-09,2024,9
102638,135,2024-09-08 21:01:11,completed,gift_card,,0.0,2024-09,2024,9
102639,2753,2024-09-09 07:40:39,completed,apple_pay,,0.0,2024-09,2024,9
102640,3102,2024-09-09 08:01:41,completed,gift_card,,0.0,2024-09,2024,9
102641,2821,2024-09-09 09:19:33,returned,credit_card,,0.0,2024-09,2024,9
102642,3380,2024-09-09 12:44:11,completed,credit_card,,0.0,2024-09,2024,9
102643,2343,2024-09-09 13:21:23,completed,gift_card,,0.0,2024-09,2024,9
102644,1876,2024-09-09 13:32:00,completed,apple_pay,,0.0,2024-09,2024,9
102645,3270,2024-09-09 16:51:13,completed,credit_card,,0.0,2024-09,2024,9
102646,2960,2024-09-09 17:40:40,completed,credit_card,,0.0,2024-09,2024,9
102647,3460,2024-09-09 20:47:08,completed,credit_card,,0.0,2024-09,2024,9
102648,3231,2024-09-09 21:54:57,returned,paypal,,0.0,2024-09,2024,9
102649,2192,2024-09-10 08:43:19,completed,apple_pay,,0.0,2024-09,2024,9
102650,780,2024-09-10 09:42:27,returned,paypal,,0.0,2024-09,2024,9
102651,3069,2024-09-10 10:36:35,completed,apple_pay,,0.0,2024-09,2024,9
102652,2580,2024-09-10 11:10:42,completed,paypal,,0.0,2024-09,2024,9
102653,1943,2024-09-10 12:39:28,completed,credit_card,,0.0,2024-09,2024,9
102654,3356,2024-09-10 13:44:08,completed,credit_card,,6.95,2024-09,2024,9
102655,2270,2024-09-10 16:05:40,completed,apple_pay,,0.0,2024-09,2024,9
102656,3356,2024-09-10 16:27:50,completed,credit_card,,0.0,2024-09,2024,9
102657,1047,2024-09-10 17:59:59,completed,paypal,,0.0,2024-09,2024,9
102658,2281,2024-09-10 19:30:51,completed,credit_card,,0.0,2024-09,2024,9
102659,249,2024-09-10 22:11:21,completed,apple_pay,,6.95,2024-09,2024,9
102660,3531,2024-09-10 23:09:03,completed,paypal,,0.0,2024-09,2024,9
102661,2755,2024-09-11 06:41:04,completed,credit_card,,0.0,2024-09,2024,9
102662,3109,2024-09-11 09:35:51,completed,paypal,,0.0,2024-09,2024,9
102663,2947,2024-09-11 09:56:19,completed,credit_card,,0.0,2024-09,2024,9
103209,875,2024-11-03 09:28:56,completed,paypal,welcome10,0.0,2024-11,2024,11
102664,3250,2024-09-11 13:22:30,canceled,apple_pay,,0.0,2024-09,2024,9
102665,3419,2024-09-11 13:48:20,completed,gift_card,,0.0,2024-09,2024,9
102666,48,2024-09-11 14:51:13,completed,gift_card,,0.0,2024-09,2024,9
102667,2577,2024-09-11 21:20:31,completed,apple_pay,,0.0,2024-09,2024,9
102668,307,2024-09-11 21:50:42,completed,credit_card,,6.95,2024-09,2024,9
102669,9,2024-09-11 23:03:24,completed,paypal,,0.0,2024-09,2024,9
102670,2127,2024-09-12 09:52:30,completed,credit_card,,0.0,2024-09,2024,9
102671,334,2024-09-12 15:23:02,returned,apple_pay,,0.0,2024-09,2024,9
102672,2317,2024-09-12 15:50:33,completed,credit_card,,0.0,2024-09,2024,9
102673,3249,2024-09-12 23:31:59,completed,paypal,,6.95,2024-09,2024,9
102674,1104,2024-09-13 06:00:57,completed,credit_card,,0.0,2024-09,2024,9
102675,2608,2024-09-13 07:50:03,completed,credit_card,,6.95,2024-09,2024,9
102676,135,2024-09-13 08:18:46,completed,credit_card,,0.0,2024-09,2024,9
102677,1064,2024-09-13 09:10:51,completed,credit_card,welcome10,0.0,2024-09,2024,9
102678,3493,2024-09-13 09:33:57,canceled,credit_card,,0.0,2024-09,2024,9
102679,126,2024-09-13 11:28:44,completed,credit_card,,0.0,2024-09,2024,9
102680,2821,2024-09-13 13:50:33,completed,paypal,,6.95,2024-09,2024,9
102681,710,2024-09-13 15:37:38,completed,credit_card,,0.0,2024-09,2024,9
102682,1104,2024-09-13 22:43:01,completed,credit_card,welcome10,0.0,2024-09,2024,9
102683,2197,2024-09-14 07:26:05,completed,paypal,,0.0,2024-09,2024,9
102684,3272,2024-09-14 08:39:01,completed,credit_card,,0.0,2024-09,2024,9
102685,274,2024-09-14 10:03:24,completed,credit_card,,0.0,2024-09,2024,9
102686,3272,2024-09-14 10:57:40,completed,paypal,,0.0,2024-09,2024,9
102687,3222,2024-09-14 12:20:29,completed,credit_card,,0.0,2024-09,2024,9
102688,2268,2024-09-14 14:47:36,completed,paypal,,0.0,2024-09,2024,9
102689,3526,2024-09-14 15:36:53,completed,credit_card,,0.0,2024-09,2024,9
102690,1264,2024-09-14 16:59:07,completed,apple_pay,,0.0,2024-09,2024,9
102691,1182,2024-09-14 17:50:15,completed,apple_pay,,6.95,2024-09,2024,9
102692,1104,2024-09-14 21:20:35,completed,apple_pay,,0.0,2024-09,2024,9
102693,2753,2024-09-14 21:40:42,completed,apple_pay,,0.0,2024-09,2024,9
102694,949,2024-09-14 21:55:31,completed,gift_card,welcome10,0.0,2024-09,2024,9
102695,1165,2024-09-15 06:05:44,completed,apple_pay,,0.0,2024-09,2024,9
102696,304,2024-09-15 07:17:48,completed,apple_pay,,0.0,2024-09,2024,9
102697,445,2024-09-15 07:24:50,canceled,credit_card,welcome10,0.0,2024-09,2024,9
102698,2118,2024-09-15 07:30:35,completed,apple_pay,,0.0,2024-09,2024,9
102699,2979,2024-09-15 10:01:12,completed,credit_card,,6.95,2024-09,2024,9
102700,3009,2024-09-15 10:39:11,completed,credit_card,,0.0,2024-09,2024,9
102701,885,2024-09-15 13:28:19,completed,apple_pay,welcome10,6.95,2024-09,2024,9
102702,1654,2024-09-15 14:41:26,completed,paypal,,6.95,2024-09,2024,9
102703,2278,2024-09-15 15:59:31,completed,gift_card,,0.0,2024-09,2024,9
102704,274,2024-09-15 18:30:17,completed,credit_card,,0.0,2024-09,2024,9
102705,3015,2024-09-15 20:48:18,canceled,credit_card,,0.0,2024-09,2024,9
102706,3505,2024-09-15 22:05:11,completed,gift_card,,0.0,2024-09,2024,9
102707,1943,2024-09-16 06:24:08,completed,credit_card,,6.95,2024-09,2024,9
102708,2539,2024-09-16 08:02:51,completed,credit_card,,0.0,2024-09,2024,9
102709,1876,2024-09-16 08:31:09,completed,paypal,,0.0,2024-09,2024,9
102710,2574,2024-09-16 12:35:12,returned,credit_card,,0.0,2024-09,2024,9
102711,1134,2024-09-16 13:54:55,completed,apple_pay,welcome10,0.0,2024-09,2024,9
102712,417,2024-09-16 14:39:07,completed,credit_card,welcome10,0.0,2024-09,2024,9
102713,540,2024-09-16 15:44:07,completed,credit_card,,0.0,2024-09,2024,9
102714,1104,2024-09-16 17:48:02,completed,credit_card,,0.0,2024-09,2024,9
102715,3531,2024-09-16 19:05:00,completed,apple_pay,,0.0,2024-09,2024,9
102716,2958,2024-09-16 19:12:21,completed,gift_card,,0.0,2024-09,2024,9
102717,3531,2024-09-16 19:37:31,completed,credit_card,,0.0,2024-09,2024,9
102718,3454,2024-09-16 21:00:37,completed,apple_pay,,6.95,2024-09,2024,9
102719,2160,2024-09-16 22:57:35,completed,credit_card,,6.95,2024-09,2024,9
102720,123,2024-09-17 06:43:21,completed,credit_card,,6.95,2024-09,2024,9
102721,2559,2024-09-17 10:35:40,completed,paypal,,0.0,2024-09,2024,9
102722,1064,2024-09-17 10:44:55,returned,credit_card,,0.0,2024-09,2024,9
102723,1104,2024-09-17 11:33:28,completed,credit_card,,6.95,2024-09,2024,9
102724,135,2024-09-17 15:56:20,completed,credit_card,,0.0,2024-09,2024,9
102725,2821,2024-09-17 17:05:48,completed,paypal,,6.95,2024-09,2024,9
102726,759,2024-09-17 17:10:03,completed,gift_card,,0.0,2024-09,2024,9
102727,2464,2024-09-17 17:32:59,completed,credit_card,,0.0,2024-09,2024,9
102728,96,2024-09-17 19:47:05,completed,apple_pay,,0.0,2024-09,2024,9
102729,2579,2024-09-17 20:17:16,completed,credit_card,,0.0,2024-09,2024,9
102730,1625,2024-09-18 09:04:22,returned,paypal,,6.95,2024-09,2024,9
102731,1891,2024-09-18 09:39:37,completed,credit_card,,0.0,2024-09,2024,9
102732,1153,2024-09-18 09:39:40,completed,apple_pay,,0.0,2024-09,2024,9
102733,3320,2024-09-18 14:05:46,completed,credit_card,,0.0,2024-09,2024,9
102734,1137,2024-09-18 15:02:46,completed,credit_card,,0.0,2024-09,2024,9
102735,3099,2024-09-18 16:33:01,completed,paypal,,0.0,2024-09,2024,9
102736,239,2024-09-18 18:24:35,completed,credit_card,,0.0,2024-09,2024,9
102737,1480,2024-09-18 22:26:39,completed,credit_card,,0.0,2024-09,2024,9
102738,1939,2024-09-19 07:00:48,completed,gift_card,,6.95,2024-09,2024,9
102739,1523,2024-09-19 07:22:06,completed,credit_card,,0.0,2024-09,2024,9
102740,78,2024-09-19 07:54:34,completed,apple_pay,,6.95,2024-09,2024,9
102741,840,2024-09-19 10:09:51,returned,credit_card,,6.95,2024-09,2024,9
102742,3531,2024-09-19 11:47:59,completed,paypal,,0.0,2024-09,2024,9
102743,100,2024-09-19 15:01:50,completed,gift_card,,0.0,2024-09,2024,9
102744,3533,2024-09-19 17:08:29,completed,paypal,,0.0,2024-09,2024,9
102745,1759,2024-09-19 18:35:58,completed,credit_card,,0.0,2024-09,2024,9
102746,3531,2024-09-19 18:40:08,completed,apple_pay,,0.0,2024-09,2024,9
102747,2743,2024-09-19 21:41:20,completed,credit_card,,0.0,2024-09,2024,9
102748,1047,2024-09-20 14:56:54,completed,credit_card,,6.95,2024-09,2024,9
102749,1104,2024-09-20 16:15:42,completed,credit_card,,0.0,2024-09,2024,9
102750,1717,2024-09-20 18:08:27,completed,gift_card,,0.0,2024-09,2024,9
102751,249,2024-09-20 19:54:18,completed,paypal,,0.0,2024-09,2024,9
102752,2821,2024-09-20 20:41:21,completed,credit_card,,0.0,2024-09,2024,9
102753,3452,2024-09-20 22:13:08,returned,paypal,,0.0,2024-09,2024,9
102754,2203,2024-09-20 22:55:39,completed,paypal,,0.0,2024-09,2024,9
102755,930,2024-09-21 07:23:44,completed,paypal,,6.95,2024-09,2024,9
102756,1375,2024-09-21 08:53:34,completed,credit_card,,0.0,2024-09,2024,9
102757,710,2024-09-21 09:32:53,completed,apple_pay,,0.0,2024-09,2024,9
102758,2856,2024-09-21 10:58:21,completed,credit_card,,0.0,2024-09,2024,9
102759,2808,2024-09-21 11:31:27,completed,gift_card,,0.0,2024-09,2024,9
102760,269,2024-09-21 12:14:06,completed,paypal,,0.0,2024-09,2024,9
102761,1480,2024-09-21 12:23:39,completed,credit_card,,0.0,2024-09,2024,9
102762,19,2024-09-21 13:26:29,completed,paypal,,0.0,2024-09,2024,9
102763,1080,2024-09-21 16:49:39,completed,gift_card,,6.95,2024-09,2024,9
102764,2593,2024-09-21 17:24:50,returned,gift_card,,0.0,2024-09,2024,9
102765,949,2024-09-21 21:39:43,completed,paypal,,0.0,2024-09,2024,9
102766,2642,2024-09-21 23:13:10,completed,credit_card,,0.0,2024-09,2024,9
102767,3152,2024-09-22 09:00:35,completed,apple_pay,,0.0,2024-09,2024,9
102768,3250,2024-09-22 09:06:12,canceled,paypal,,6.95,2024-09,2024,9
102769,2300,2024-09-22 12:07:21,completed,credit_card,,0.0,2024-09,2024,9
102770,2181,2024-09-22 13:58:56,completed,credit_card,,0.0,2024-09,2024,9
102771,206,2024-09-22 16:04:11,completed,paypal,,0.0,2024-09,2024,9
102772,3250,2024-09-22 19:03:50,completed,credit_card,,0.0,2024-09,2024,9
102773,2960,2024-09-22 19:14:18,completed,credit_card,,0.0,2024-09,2024,9
102774,3356,2024-09-22 19:25:05,completed,apple_pay,,0.0,2024-09,2024,9
102775,3099,2024-09-22 21:09:32,completed,credit_card,,0.0,2024-09,2024,9
102776,2118,2024-09-22 21:25:06,completed,credit_card,,6.95,2024-09,2024,9
102777,3543,2024-09-22 23:24:50,canceled,credit_card,,0.0,2024-09,2024,9
102778,2716,2024-09-23 09:51:23,completed,credit_card,,0.0,2024-09,2024,9
102779,1104,2024-09-23 13:27:57,returned,paypal,,0.0,2024-09,2024,9
102780,2471,2024-09-23 17:39:28,completed,credit_card,,0.0,2024-09,2024,9
102781,181,2024-09-23 17:54:58,returned,credit_card,,0.0,2024-09,2024,9
102782,2300,2024-09-23 21:13:36,completed,apple_pay,,0.0,2024-09,2024,9
102783,2944,2024-09-23 22:04:40,completed,apple_pay,,0.0,2024-09,2024,9
102784,1081,2024-09-23 22:46:35,completed,apple_pay,,0.0,2024-09,2024,9
102785,3356,2024-09-24 09:05:48,completed,apple_pay,,6.95,2024-09,2024,9
102786,2189,2024-09-24 09:56:25,completed,paypal,,0.0,2024-09,2024,9
102787,2511,2024-09-24 11:07:02,completed,gift_card,,0.0,2024-09,2024,9
102788,770,2024-09-24 13:06:42,completed,credit_card,welcome10,0.0,2024-09,2024,9
102789,920,2024-09-25 06:22:07,completed,paypal,,6.95,2024-09,2024,9
102790,424,2024-09-25 10:38:12,completed,credit_card,,0.0,2024-09,2024,9
102791,968,2024-09-25 11:38:34,completed,credit_card,,0.0,2024-09,2024,9
102792,2270,2024-09-25 16:00:23,completed,paypal,,6.95,2024-09,2024,9
102793,3531,2024-09-25 16:20:41,completed,credit_card,,0.0,2024-09,2024,9
102794,2577,2024-09-25 16:58:39,completed,credit_card,,6.95,2024-09,2024,9
102795,2192,2024-09-25 18:42:45,completed,paypal,,0.0,2024-09,2024,9
102796,2197,2024-09-25 19:17:32,completed,credit_card,,0.0,2024-09,2024,9
102797,710,2024-09-25 19:36:37,completed,apple_pay,,6.95,2024-09,2024,9
102798,2752,2024-09-26 07:17:37,returned,paypal,,0.0,2024-09,2024,9
102799,1179,2024-09-26 07:27:00,completed,credit_card,,0.0,2024-09,2024,9
102800,2439,2024-09-26 10:23:25,completed,paypal,,0.0,2024-09,2024,9
102801,3175,2024-09-26 13:23:15,completed,apple_pay,,6.95,2024-09,2024,9
102802,1197,2024-09-26 14:55:14,completed,credit_card,,6.95,2024-09,2024,9
102803,85,2024-09-26 16:17:37,completed,paypal,,0.0,2024-09,2024,9
102804,135,2024-09-26 18:16:11,returned,credit_card,,0.0,2024-09,2024,9
102805,2269,2024-09-27 06:16:19,completed,apple_pay,,0.0,2024-09,2024,9
102806,962,2024-09-27 09:29:43,completed,apple_pay,,6.95,2024-09,2024,9
102807,2624,2024-09-27 09:41:00,completed,apple_pay,,0.0,2024-09,2024,9
102808,115,2024-09-27 11:25:22,completed,credit_card,,0.0,2024-09,2024,9
102809,484,2024-09-27 11:35:07,completed,credit_card,,6.95,2024-09,2024,9
102810,3125,2024-09-27 13:33:08,completed,apple_pay,,6.95,2024-09,2024,9
102811,1625,2024-09-27 15:06:03,completed,credit_card,,0.0,2024-09,2024,9
102812,2449,2024-09-27 17:14:12,returned,paypal,,0.0,2024-09,2024,9
102813,1717,2024-09-27 17:57:39,completed,credit_card,,0.0,2024-09,2024,9
102814,2420,2024-09-27 20:17:41,completed,credit_card,,0.0,2024-09,2024,9
102815,334,2024-09-27 20:48:27,completed,credit_card,,6.95,2024-09,2024,9
102816,1736,2024-09-28 06:17:34,completed,credit_card,,0.0,2024-09,2024,9
102817,2235,2024-09-28 08:03:57,completed,paypal,,0.0,2024-09,2024,9
102818,48,2024-09-28 10:28:16,completed,paypal,,0.0,2024-09,2024,9
102819,2346,2024-09-28 15:28:28,completed,credit_card,,0.0,2024-09,2024,9
102820,1470,2024-09-28 20:22:30,completed,paypal,,0.0,2024-09,2024,9
102821,780,2024-09-28 20:33:20,completed,paypal,,0.0,2024-09,2024,9
102822,2371,2024-09-28 22:03:59,completed,credit_card,,6.95,2024-09,2024,9
102823,775,2024-09-28 23:39:09,completed,credit_card,,6.95,2024-09,2024,9
102824,3552,2024-09-29 09:34:58,completed,credit_card,,6.95,2024-09,2024,9
102825,1467,2024-09-29 11:11:52,completed,paypal,,6.95,2024-09,2024,9
102826,847,2024-09-29 12:41:11,completed,credit_card,,0.0,2024-09,2024,9
102827,3494,2024-09-29 15:59:58,completed,credit_card,,0.0,2024-09,2024,9
102828,3348,2024-09-29 16:52:00,completed,credit_card,,0.0,2024-09,2024,9
102829,2995,2024-09-29 17:20:55,completed,paypal,,0.0,2024-09,2024,9
102830,304,2024-09-29 22:05:36,completed,paypal,,0.0,2024-09,2024,9
102831,2122,2024-09-29 23:06:26,completed,credit_card,,0.0,2024-09,2024,9
102832,239,2024-09-29 23:13:43,completed,gift_card,,0.0,2024-09,2024,9
102833,3419,2024-09-29 23:31:26,completed,apple_pay,,6.95,2024-09,2024,9
102834,2371,2024-09-30 09:34:15,completed,paypal,,0.0,2024-09,2024,9
102835,2278,2024-09-30 11:24:52,completed,credit_card,,6.95,2024-09,2024,9
102836,3231,2024-09-30 13:16:41,completed,apple_pay,,0.0,2024-09,2024,9
102837,2407,2024-09-30 15:38:33,completed,credit_card,,0.0,2024-09,2024,9
102838,3348,2024-09-30 18:42:38,completed,credit_card,,0.0,2024-09,2024,9
102839,443,2024-09-30 19:32:05,completed,apple_pay,,0.0,2024-09,2024,9
102840,96,2024-09-30 20:01:20,completed,credit_card,,0.0,2024-09,2024,9
102841,2248,2024-09-30 20:14:45,returned,credit_card,,0.0,2024-09,2024,9
102842,2024,2024-09-30 22:23:40,completed,credit_card,,0.0,2024-09,2024,9
102843,123,2024-10-01 06:27:07,completed,paypal,,0.0,2024-10,2024,10
102844,2396,2024-10-01 08:23:18,completed,credit_card,,0.0,2024-10,2024,10
102845,519,2024-10-01 08:29:58,completed,credit_card,,6.95,2024-10,2024,10
102846,2640,2024-10-01 10:39:38,completed,paypal,welcome10,0.0,2024-10,2024,10
102847,3301,2024-10-01 21:29:20,completed,credit_card,,0.0,2024-10,2024,10
102848,1329,2024-10-01 22:36:51,completed,paypal,,6.95,2024-10,2024,10
102849,3419,2024-10-01 23:23:41,completed,apple_pay,,0.0,2024-10,2024,10
102850,2292,2024-10-02 13:04:08,completed,credit_card,,0.0,2024-10,2024,10
102851,3069,2024-10-02 13:38:09,completed,credit_card,,0.0,2024-10,2024,10
102852,1153,2024-10-02 14:41:54,completed,credit_card,,0.0,2024-10,2024,10
102853,2593,2024-10-02 15:55:29,completed,credit_card,,0.0,2024-10,2024,10
102854,1085,2024-10-02 21:07:29,completed,paypal,,0.0,2024-10,2024,10
102855,2278,2024-10-02 21:28:57,completed,credit_card,,0.0,2024-10,2024,10
102856,519,2024-10-02 23:22:02,completed,credit_card,,0.0,2024-10,2024,10
102857,1838,2024-10-03 09:38:37,completed,credit_card,,0.0,2024-10,2024,10
102858,2174,2024-10-03 09:44:31,completed,paypal,,6.95,2024-10,2024,10
102859,1298,2024-10-03 09:53:45,completed,credit_card,,0.0,2024-10,2024,10
102860,1264,2024-10-03 10:33:40,completed,gift_card,,6.95,2024-10,2024,10
102861,789,2024-10-03 10:49:28,completed,credit_card,,6.95,2024-10,2024,10
102862,1593,2024-10-03 13:40:31,completed,credit_card,welcome10,0.0,2024-10,2024,10
102863,1375,2024-10-03 13:51:43,completed,credit_card,,0.0,2024-10,2024,10
102864,3436,2024-10-03 14:09:08,completed,credit_card,,0.0,2024-10,2024,10
102865,664,2024-10-03 14:28:46,completed,apple_pay,,0.0,2024-10,2024,10
102866,1470,2024-10-03 14:37:35,completed,paypal,,0.0,2024-10,2024,10
102867,930,2024-10-03 22:09:02,completed,credit_card,,0.0,2024-10,2024,10
102868,2577,2024-10-03 22:29:16,completed,gift_card,,6.95,2024-10,2024,10
102869,1208,2024-10-03 23:03:12,completed,apple_pay,,0.0,2024-10,2024,10
102870,443,2024-10-03 23:09:46,completed,credit_card,,6.95,2024-10,2024,10
102871,3356,2024-10-03 23:35:39,completed,credit_card,,0.0,2024-10,2024,10
102872,1552,2024-10-03 23:51:27,completed,apple_pay,,6.95,2024-10,2024,10
102873,3194,2024-10-04 07:04:54,completed,credit_card,,0.0,2024-10,2024,10
102874,3452,2024-10-04 08:17:21,completed,credit_card,,0.0,2024-10,2024,10
102875,1939,2024-10-04 10:09:21,completed,paypal,,0.0,2024-10,2024,10
102876,1355,2024-10-04 11:14:47,completed,paypal,,6.95,2024-10,2024,10
102877,1264,2024-10-04 12:25:47,completed,apple_pay,,6.95,2024-10,2024,10
102878,2160,2024-10-04 12:35:59,completed,credit_card,,0.0,2024-10,2024,10
102879,3249,2024-10-04 15:13:34,completed,credit_card,,0.0,2024-10,2024,10
102880,526,2024-10-04 16:06:41,completed,credit_card,,0.0,2024-10,2024,10
102881,207,2024-10-04 17:38:37,completed,paypal,welcome10,6.95,2024-10,2024,10
102882,1939,2024-10-04 19:17:57,completed,paypal,,0.0,2024-10,2024,10
102883,181,2024-10-04 20:21:17,completed,credit_card,,0.0,2024-10,2024,10
102884,1625,2024-10-04 22:56:32,completed,paypal,,0.0,2024-10,2024,10
102885,3598,2024-10-04 23:51:22,completed,credit_card,,0.0,2024-10,2024,10
102886,2164,2024-10-05 06:10:45,completed,credit_card,,0.0,2024-10,2024,10
102887,1450,2024-10-05 07:35:17,completed,apple_pay,,6.95,2024-10,2024,10
102888,1929,2024-10-05 08:34:04,returned,credit_card,,0.0,2024-10,2024,10
102889,98,2024-10-05 09:34:41,completed,credit_card,,0.0,2024-10,2024,10
102890,3419,2024-10-05 10:50:00,completed,apple_pay,,0.0,2024-10,2024,10
102891,2346,2024-10-05 11:59:31,completed,credit_card,,6.95,2024-10,2024,10
102892,2436,2024-10-05 16:59:23,completed,credit_card,,0.0,2024-10,2024,10
102893,2407,2024-10-05 17:08:58,completed,credit_card,,0.0,2024-10,2024,10
102894,107,2024-10-05 20:48:42,completed,credit_card,,0.0,2024-10,2024,10
102895,199,2024-10-05 21:47:51,completed,paypal,,0.0,2024-10,2024,10
102896,3018,2024-10-06 14:38:39,completed,paypal,,0.0,2024-10,2024,10
102897,1104,2024-10-06 17:29:53,completed,paypal,,0.0,2024-10,2024,10
102898,371,2024-10-06 17:58:40,completed,apple_pay,,0.0,2024-10,2024,10
102899,1137,2024-10-06 18:07:11,completed,credit_card,,0.0,2024-10,2024,10
102900,737,2024-10-06 18:59:23,completed,credit_card,,0.0,2024-10,2024,10
102901,3261,2024-10-06 23:29:09,completed,credit_card,,6.95,2024-10,2024,10
102902,1295,2024-10-07 06:04:15,completed,gift_card,welcome10,6.95,2024-10,2024,10
102903,507,2024-10-07 06:49:57,completed,paypal,,0.0,2024-10,2024,10
102904,2872,2024-10-07 07:58:16,completed,apple_pay,welcome10,0.0,2024-10,2024,10
102905,1104,2024-10-07 08:40:04,completed,credit_card,,0.0,2024-10,2024,10
102906,2624,2024-10-07 12:56:45,canceled,credit_card,,0.0,2024-10,2024,10
102907,3144,2024-10-07 14:10:55,canceled,paypal,,6.95,2024-10,2024,10
102908,770,2024-10-07 15:11:04,completed,credit_card,,0.0,2024-10,2024,10
102909,519,2024-10-07 17:08:16,completed,credit_card,,0.0,2024-10,2024,10
102910,1264,2024-10-07 17:25:27,returned,gift_card,,0.0,2024-10,2024,10
102911,1876,2024-10-07 20:05:38,completed,apple_pay,,0.0,2024-10,2024,10
102912,1208,2024-10-08 09:54:20,completed,credit_card,,0.0,2024-10,2024,10
102913,3277,2024-10-08 10:41:50,completed,paypal,,0.0,2024-10,2024,10
102914,2743,2024-10-08 11:44:26,completed,credit_card,,0.0,2024-10,2024,10
102915,2004,2024-10-08 15:21:26,completed,paypal,,0.0,2024-10,2024,10
102916,2268,2024-10-08 22:19:05,completed,apple_pay,,0.0,2024-10,2024,10
102917,1179,2024-10-08 22:19:48,completed,credit_card,,6.95,2024-10,2024,10
102918,3320,2024-10-08 22:28:50,completed,gift_card,,0.0,2024-10,2024,10
102919,2826,2024-10-09 06:21:13,completed,credit_card,,0.0,2024-10,2024,10
102920,710,2024-10-09 06:58:41,completed,paypal,,0.0,2024-10,2024,10
102921,597,2024-10-09 10:40:01,completed,paypal,,0.0,2024-10,2024,10
102922,3208,2024-10-09 12:38:31,completed,credit_card,,6.95,2024-10,2024,10
102923,507,2024-10-09 12:50:17,completed,paypal,,6.95,2024-10,2024,10
102924,1134,2024-10-09 15:10:06,completed,credit_card,,0.0,2024-10,2024,10
102925,1255,2024-10-09 17:24:07,completed,credit_card,,0.0,2024-10,2024,10
102926,2004,2024-10-09 18:04:34,completed,credit_card,,6.95,2024-10,2024,10
102927,28,2024-10-09 20:08:21,completed,credit_card,,0.0,2024-10,2024,10
102928,391,2024-10-09 21:31:45,completed,apple_pay,,0.0,2024-10,2024,10
102929,3105,2024-10-09 22:09:58,completed,apple_pay,welcome10,0.0,2024-10,2024,10
102930,1389,2024-10-09 22:16:25,completed,apple_pay,,0.0,2024-10,2024,10
102931,1763,2024-10-10 12:06:47,completed,apple_pay,,0.0,2024-10,2024,10
102932,19,2024-10-10 12:33:43,completed,paypal,,0.0,2024-10,2024,10
102933,1911,2024-10-10 18:42:44,completed,credit_card,,0.0,2024-10,2024,10
102934,2355,2024-10-10 19:45:19,completed,paypal,,6.95,2024-10,2024,10
102935,2947,2024-10-10 20:56:31,completed,paypal,,0.0,2024-10,2024,10
102936,1662,2024-10-10 21:28:36,completed,apple_pay,,6.95,2024-10,2024,10
102937,458,2024-10-10 22:39:57,completed,credit_card,,0.0,2024-10,2024,10
102938,3348,2024-10-11 12:35:55,completed,credit_card,,0.0,2024-10,2024,10
102939,1967,2024-10-11 13:28:05,completed,credit_card,,0.0,2024-10,2024,10
102940,443,2024-10-11 15:26:09,completed,credit_card,,0.0,2024-10,2024,10
102941,382,2024-10-11 16:01:57,completed,credit_card,,0.0,2024-10,2024,10
102942,3532,2024-10-11 17:44:58,completed,paypal,,0.0,2024-10,2024,10
102943,1574,2024-10-11 17:51:01,completed,credit_card,,6.95,2024-10,2024,10
102944,2753,2024-10-11 17:52:50,completed,credit_card,,0.0,2024-10,2024,10
102945,3291,2024-10-11 19:55:44,canceled,paypal,,0.0,2024-10,2024,10
102946,3143,2024-10-11 20:01:34,completed,credit_card,,0.0,2024-10,2024,10
102947,1777,2024-10-12 06:15:33,completed,apple_pay,,0.0,2024-10,2024,10
102948,1654,2024-10-12 06:55:27,completed,credit_card,welcome10,0.0,2024-10,2024,10
102949,107,2024-10-12 10:00:28,completed,credit_card,,0.0,2024-10,2024,10
102950,1929,2024-10-12 15:15:36,completed,credit_card,,6.95,2024-10,2024,10
102951,2197,2024-10-12 18:39:28,completed,credit_card,,6.95,2024-10,2024,10
102952,597,2024-10-12 19:22:21,canceled,paypal,,0.0,2024-10,2024,10
102953,334,2024-10-12 19:33:03,returned,credit_card,,0.0,2024-10,2024,10
102954,725,2024-10-12 20:10:15,completed,apple_pay,,0.0,2024-10,2024,10
102955,123,2024-10-12 20:28:37,completed,credit_card,,0.0,2024-10,2024,10
102956,976,2024-10-12 21:00:59,completed,credit_card,,0.0,2024-10,2024,10
102957,1197,2024-10-12 21:06:58,completed,credit_card,,0.0,2024-10,2024,10
102958,307,2024-10-12 22:09:04,completed,paypal,,0.0,2024-10,2024,10
102959,526,2024-10-12 22:21:09,completed,credit_card,,0.0,2024-10,2024,10
102960,2963,2024-10-13 06:09:06,completed,paypal,,0.0,2024-10,2024,10
102961,3333,2024-10-13 07:27:51,completed,credit_card,,6.95,2024-10,2024,10
102962,2918,2024-10-13 08:04:18,completed,gift_card,,0.0,2024-10,2024,10
102963,900,2024-10-13 09:57:31,completed,paypal,,0.0,2024-10,2024,10
102964,2162,2024-10-13 10:01:23,completed,apple_pay,,0.0,2024-10,2024,10
102965,827,2024-10-13 11:37:30,completed,paypal,,0.0,2024-10,2024,10
102966,307,2024-10-13 13:54:25,completed,paypal,,0.0,2024-10,2024,10
102967,2752,2024-10-13 14:18:05,completed,paypal,,0.0,2024-10,2024,10
102968,28,2024-10-13 17:27:14,canceled,gift_card,,6.95,2024-10,2024,10
102969,1460,2024-10-13 18:21:39,completed,apple_pay,,0.0,2024-10,2024,10
102970,1754,2024-10-13 18:44:25,completed,paypal,,0.0,2024-10,2024,10
102971,840,2024-10-13 18:50:40,completed,credit_card,,0.0,2024-10,2024,10
102972,2821,2024-10-13 21:27:55,completed,credit_card,,6.95,2024-10,2024,10
102973,3198,2024-10-13 21:55:46,completed,apple_pay,,0.0,2024-10,2024,10
102974,2439,2024-10-14 07:21:42,completed,gift_card,,0.0,2024-10,2024,10
102975,175,2024-10-14 09:33:56,completed,gift_card,,0.0,2024-10,2024,10
102976,1137,2024-10-14 10:31:44,completed,paypal,welcome10,0.0,2024-10,2024,10
102977,401,2024-10-14 11:16:30,completed,credit_card,,6.95,2024-10,2024,10
102978,519,2024-10-14 11:30:56,completed,credit_card,,0.0,2024-10,2024,10
102979,1440,2024-10-14 12:36:29,completed,credit_card,,0.0,2024-10,2024,10
102980,1746,2024-10-14 13:04:45,completed,credit_card,,0.0,2024-10,2024,10
102981,139,2024-10-14 13:32:14,completed,credit_card,,0.0,2024-10,2024,10
102982,1911,2024-10-14 14:17:36,completed,credit_card,,0.0,2024-10,2024,10
102983,126,2024-10-14 14:56:23,completed,credit_card,,0.0,2024-10,2024,10
102984,3105,2024-10-14 16:16:24,completed,credit_card,,0.0,2024-10,2024,10
102985,3454,2024-10-14 17:07:07,completed,paypal,,0.0,2024-10,2024,10
102986,123,2024-10-14 18:52:42,completed,apple_pay,,0.0,2024-10,2024,10
102987,3014,2024-10-14 21:05:44,completed,credit_card,,6.95,2024-10,2024,10
102988,1124,2024-10-14 21:49:01,completed,apple_pay,welcome10,0.0,2024-10,2024,10
102989,479,2024-10-14 23:02:25,completed,paypal,,0.0,2024-10,2024,10
102990,3570,2024-10-15 07:59:19,completed,paypal,,0.0,2024-10,2024,10
102991,3146,2024-10-15 07:59:54,completed,credit_card,,0.0,2024-10,2024,10
102992,1033,2024-10-15 08:24:16,completed,paypal,,0.0,2024-10,2024,10
102993,3531,2024-10-15 10:02:43,completed,credit_card,,6.95,2024-10,2024,10
102994,1104,2024-10-15 14:35:17,completed,paypal,,0.0,2024-10,2024,10
102995,1829,2024-10-15 14:38:42,completed,credit_card,,6.95,2024-10,2024,10
102996,3419,2024-10-15 15:56:07,completed,credit_card,,6.95,2024-10,2024,10
102997,2355,2024-10-15 20:26:56,completed,credit_card,,0.0,2024-10,2024,10
102998,2004,2024-10-15 21:23:36,completed,credit_card,,0.0,2024-10,2024,10
102999,107,2024-10-16 08:11:02,completed,credit_card,,6.95,2024-10,2024,10
103000,2122,2024-10-16 12:34:11,completed,credit_card,,0.0,2024-10,2024,10
103001,977,2024-10-16 19:35:33,completed,paypal,,6.95,2024-10,2024,10
103002,2278,2024-10-16 20:42:34,completed,credit_card,,6.95,2024-10,2024,10
103003,3531,2024-10-16 23:14:26,completed,credit_card,welcome10,0.0,2024-10,2024,10
103004,3301,2024-10-17 06:13:32,completed,paypal,,0.0,2024-10,2024,10
103005,3531,2024-10-17 06:32:05,completed,gift_card,,0.0,2024-10,2024,10
103006,28,2024-10-17 09:13:20,completed,paypal,,0.0,2024-10,2024,10
103007,1454,2024-10-17 10:09:52,completed,paypal,,0.0,2024-10,2024,10
103008,2439,2024-10-17 10:30:02,completed,paypal,,0.0,2024-10,2024,10
103009,306,2024-10-17 11:52:31,completed,apple_pay,welcome10,0.0,2024-10,2024,10
103010,2496,2024-10-17 12:04:49,completed,credit_card,,6.95,2024-10,2024,10
103011,3099,2024-10-17 13:59:45,completed,credit_card,,0.0,2024-10,2024,10
103012,1964,2024-10-17 14:10:44,completed,credit_card,,0.0,2024-10,2024,10
103013,2505,2024-10-17 14:50:51,completed,credit_card,,0.0,2024-10,2024,10
103014,3231,2024-10-17 15:38:42,completed,paypal,,0.0,2024-10,2024,10
103015,2743,2024-10-17 17:17:26,completed,credit_card,,0.0,2024-10,2024,10
103016,249,2024-10-17 21:45:37,completed,credit_card,,0.0,2024-10,2024,10
103017,2523,2024-10-17 22:46:28,completed,paypal,,0.0,2024-10,2024,10
103018,1759,2024-10-17 23:08:21,completed,credit_card,,0.0,2024-10,2024,10
103019,3262,2024-10-18 06:47:03,completed,gift_card,,0.0,2024-10,2024,10
103020,2186,2024-10-18 12:01:47,completed,paypal,,0.0,2024-10,2024,10
103021,115,2024-10-18 14:28:21,completed,apple_pay,,0.0,2024-10,2024,10
103022,519,2024-10-18 16:23:18,completed,credit_card,,6.95,2024-10,2024,10
103023,2683,2024-10-18 21:33:48,completed,credit_card,,0.0,2024-10,2024,10
103024,1552,2024-10-18 23:03:04,completed,credit_card,,0.0,2024-10,2024,10
103025,135,2024-10-18 23:30:51,completed,credit_card,,6.95,2024-10,2024,10
103026,283,2024-10-19 07:19:34,completed,paypal,,0.0,2024-10,2024,10
103027,1470,2024-10-19 10:17:54,completed,credit_card,,0.0,2024-10,2024,10
103028,1786,2024-10-19 10:46:47,completed,credit_card,,0.0,2024-10,2024,10
103029,2743,2024-10-19 10:49:13,completed,credit_card,,6.95,2024-10,2024,10
103030,274,2024-10-19 12:33:36,completed,apple_pay,,0.0,2024-10,2024,10
103031,320,2024-10-19 12:53:05,completed,credit_card,,0.0,2024-10,2024,10
103032,2412,2024-10-19 13:40:48,completed,credit_card,,6.95,2024-10,2024,10
103033,1488,2024-10-19 17:26:18,completed,apple_pay,,6.95,2024-10,2024,10
103034,306,2024-10-19 19:54:16,completed,credit_card,,0.0,2024-10,2024,10
103035,3122,2024-10-19 21:36:20,completed,apple_pay,,0.0,2024-10,2024,10
103036,1526,2024-10-19 23:45:39,completed,credit_card,,0.0,2024-10,2024,10
103037,2669,2024-10-20 06:08:34,completed,credit_card,,0.0,2024-10,2024,10
103038,2160,2024-10-20 06:20:19,returned,credit_card,,0.0,2024-10,2024,10
103039,3419,2024-10-20 09:06:48,completed,credit_card,,6.95,2024-10,2024,10
103040,2453,2024-10-20 13:59:19,completed,credit_card,,0.0,2024-10,2024,10
103041,519,2024-10-20 14:02:06,completed,credit_card,,6.95,2024-10,2024,10
103042,2619,2024-10-20 14:22:33,completed,credit_card,,6.95,2024-10,2024,10
103043,3399,2024-10-20 14:36:57,completed,paypal,,0.0,2024-10,2024,10
103044,930,2024-10-20 14:49:38,completed,credit_card,,0.0,2024-10,2024,10
103045,251,2024-10-20 15:21:17,completed,credit_card,,0.0,2024-10,2024,10
103046,3208,2024-10-20 16:12:28,completed,paypal,,0.0,2024-10,2024,10
103047,259,2024-10-20 16:32:05,completed,paypal,,0.0,2024-10,2024,10
103048,2821,2024-10-20 16:59:55,returned,credit_card,welcome10,0.0,2024-10,2024,10
103049,1759,2024-10-20 18:26:12,completed,apple_pay,,0.0,2024-10,2024,10
103050,3314,2024-10-20 21:47:09,completed,apple_pay,,6.95,2024-10,2024,10
103051,838,2024-10-20 22:47:55,completed,credit_card,,0.0,2024-10,2024,10
103052,304,2024-10-20 22:52:08,completed,credit_card,welcome10,0.0,2024-10,2024,10
103053,2269,2024-10-21 09:27:03,completed,apple_pay,,0.0,2024-10,2024,10
103054,343,2024-10-21 10:14:00,completed,credit_card,,6.95,2024-10,2024,10
103055,135,2024-10-21 12:58:14,completed,credit_card,,0.0,2024-10,2024,10
103056,2270,2024-10-21 13:25:12,completed,gift_card,,0.0,2024-10,2024,10
103057,1654,2024-10-21 15:57:47,completed,apple_pay,,0.0,2024-10,2024,10
103058,2646,2024-10-21 16:34:18,completed,paypal,,0.0,2024-10,2024,10
103059,2743,2024-10-21 16:55:44,completed,apple_pay,,0.0,2024-10,2024,10
103060,1312,2024-10-21 21:25:43,completed,credit_card,,6.95,2024-10,2024,10
103061,2300,2024-10-21 23:34:11,completed,credit_card,,0.0,2024-10,2024,10
103062,33,2024-10-22 06:05:26,completed,credit_card,,0.0,2024-10,2024,10
103063,600,2024-10-22 06:25:58,completed,paypal,,6.95,2024-10,2024,10
103064,2511,2024-10-22 09:24:52,completed,paypal,,0.0,2024-10,2024,10
103065,2033,2024-10-22 09:48:07,completed,credit_card,,6.95,2024-10,2024,10
103066,3372,2024-10-22 10:17:55,returned,credit_card,,0.0,2024-10,2024,10
103067,1598,2024-10-22 11:46:30,completed,gift_card,,0.0,2024-10,2024,10
103068,951,2024-10-22 13:45:29,completed,credit_card,,6.95,2024-10,2024,10
103069,1715,2024-10-22 14:20:35,completed,paypal,welcome10,0.0,2024-10,2024,10
103070,1443,2024-10-22 14:24:41,completed,apple_pay,,6.95,2024-10,2024,10
103071,304,2024-10-22 15:46:00,completed,credit_card,welcome10,0.0,2024-10,2024,10
103072,3014,2024-10-22 16:30:18,completed,apple_pay,,0.0,2024-10,2024,10
103073,2608,2024-10-22 21:45:39,completed,apple_pay,,0.0,2024-10,2024,10
103074,1709,2024-10-22 23:34:15,completed,paypal,,0.0,2024-10,2024,10
103075,1967,2024-10-23 06:21:54,completed,credit_card,,0.0,2024-10,2024,10
103076,1153,2024-10-23 06:44:54,completed,paypal,,0.0,2024-10,2024,10
103077,2538,2024-10-23 07:00:37,completed,paypal,,0.0,2024-10,2024,10
103078,1552,2024-10-23 07:20:40,completed,credit_card,,0.0,2024-10,2024,10
103079,1122,2024-10-23 08:01:04,completed,credit_card,,0.0,2024-10,2024,10
103080,840,2024-10-23 09:47:54,completed,apple_pay,,0.0,2024-10,2024,10
103081,2511,2024-10-23 11:51:50,completed,gift_card,welcome10,0.0,2024-10,2024,10
103082,1104,2024-10-23 11:54:45,completed,credit_card,,0.0,2024-10,2024,10
103083,2017,2024-10-23 13:55:28,completed,credit_card,,0.0,2024-10,2024,10
103084,1786,2024-10-23 17:55:20,completed,credit_card,,6.95,2024-10,2024,10
103085,3012,2024-10-23 18:29:19,completed,apple_pay,,6.95,2024-10,2024,10
103086,1450,2024-10-23 18:43:33,completed,gift_card,,0.0,2024-10,2024,10
103087,484,2024-10-23 20:39:13,completed,credit_card,,6.95,2024-10,2024,10
103088,2942,2024-10-24 09:07:46,completed,paypal,,0.0,2024-10,2024,10
103089,3069,2024-10-24 11:32:54,completed,credit_card,,0.0,2024-10,2024,10
103090,659,2024-10-24 12:50:09,completed,credit_card,,6.95,2024-10,2024,10
103091,3348,2024-10-24 17:24:19,completed,credit_card,,0.0,2024-10,2024,10
109068,1981,2025-12-20 13:27:25,completed,credit_card,holiday20,6.95,2025-12,2025,12
103092,1552,2024-10-24 19:08:09,completed,credit_card,,0.0,2024-10,2024,10
103093,2796,2024-10-24 19:54:53,canceled,paypal,,0.0,2024-10,2024,10
103094,1866,2024-10-25 06:05:51,returned,credit_card,,6.95,2024-10,2024,10
103095,2821,2024-10-25 06:32:24,canceled,credit_card,,0.0,2024-10,2024,10
103096,3348,2024-10-25 06:36:12,returned,paypal,,6.95,2024-10,2024,10
103097,2821,2024-10-25 09:01:42,completed,credit_card,,0.0,2024-10,2024,10
103098,3007,2024-10-25 10:24:45,completed,credit_card,,0.0,2024-10,2024,10
103099,250,2024-10-25 10:43:52,completed,paypal,,6.95,2024-10,2024,10
103100,1352,2024-10-25 11:30:20,completed,gift_card,,0.0,2024-10,2024,10
103101,2439,2024-10-25 12:28:32,completed,credit_card,,0.0,2024-10,2024,10
103102,307,2024-10-25 14:47:41,completed,credit_card,,0.0,2024-10,2024,10
103103,1759,2024-10-25 20:30:52,completed,paypal,,0.0,2024-10,2024,10
103104,1531,2024-10-25 20:57:52,completed,credit_card,,0.0,2024-10,2024,10
103105,852,2024-10-25 21:04:51,completed,credit_card,,0.0,2024-10,2024,10
103106,2394,2024-10-25 21:24:04,completed,paypal,,0.0,2024-10,2024,10
103107,2268,2024-10-25 22:19:23,completed,apple_pay,,0.0,2024-10,2024,10
103108,48,2024-10-25 23:01:34,completed,paypal,welcome10,0.0,2024-10,2024,10
103109,135,2024-10-25 23:12:14,completed,paypal,,0.0,2024-10,2024,10
103110,2559,2024-10-26 06:57:54,completed,credit_card,,0.0,2024-10,2024,10
103111,2283,2024-10-26 09:16:04,completed,credit_card,,0.0,2024-10,2024,10
103112,2186,2024-10-26 10:15:01,completed,credit_card,,0.0,2024-10,2024,10
103113,2222,2024-10-26 15:24:07,canceled,credit_card,,0.0,2024-10,2024,10
103114,2182,2024-10-26 15:37:52,completed,credit_card,,0.0,2024-10,2024,10
103115,2162,2024-10-26 15:50:01,completed,credit_card,,0.0,2024-10,2024,10
103116,967,2024-10-26 19:55:16,completed,apple_pay,,6.95,2024-10,2024,10
103117,1104,2024-10-26 20:42:21,completed,credit_card,,6.95,2024-10,2024,10
103118,1759,2024-10-26 21:52:08,returned,credit_card,,0.0,2024-10,2024,10
103119,2061,2024-10-26 22:29:01,completed,paypal,,0.0,2024-10,2024,10
103120,1104,2024-10-26 23:05:42,canceled,credit_card,,6.95,2024-10,2024,10
103121,2439,2024-10-27 08:11:45,completed,credit_card,,6.95,2024-10,2024,10
103122,3340,2024-10-27 09:58:49,completed,credit_card,,0.0,2024-10,2024,10
103123,2361,2024-10-27 11:48:15,canceled,credit_card,,0.0,2024-10,2024,10
103124,48,2024-10-27 13:43:33,completed,credit_card,,0.0,2024-10,2024,10
103125,2360,2024-10-27 14:21:00,completed,credit_card,,0.0,2024-10,2024,10
103126,283,2024-10-27 14:44:37,completed,credit_card,,6.95,2024-10,2024,10
103127,519,2024-10-27 15:28:17,completed,credit_card,,6.95,2024-10,2024,10
103128,2436,2024-10-27 17:32:19,completed,gift_card,,0.0,2024-10,2024,10
103129,3127,2024-10-27 18:20:44,completed,apple_pay,,0.0,2024-10,2024,10
103130,1552,2024-10-27 21:04:42,completed,paypal,,0.0,2024-10,2024,10
103131,1838,2024-10-28 06:55:22,completed,credit_card,,6.95,2024-10,2024,10
103132,2012,2024-10-28 08:53:14,completed,apple_pay,,6.95,2024-10,2024,10
103133,1033,2024-10-28 10:50:37,returned,paypal,,0.0,2024-10,2024,10
103134,2580,2024-10-28 11:54:40,completed,paypal,,0.0,2024-10,2024,10
103135,1175,2024-10-28 12:11:48,completed,credit_card,,0.0,2024-10,2024,10
103136,1454,2024-10-28 12:20:12,completed,gift_card,,0.0,2024-10,2024,10
103137,395,2024-10-28 15:21:52,completed,apple_pay,,0.0,2024-10,2024,10
103138,2278,2024-10-28 17:04:47,completed,credit_card,,0.0,2024-10,2024,10
103139,89,2024-10-28 18:54:53,completed,credit_card,,0.0,2024-10,2024,10
103140,1488,2024-10-28 21:55:11,completed,credit_card,,6.95,2024-10,2024,10
103141,283,2024-10-28 22:02:45,completed,credit_card,,0.0,2024-10,2024,10
103142,3475,2024-10-29 06:15:38,completed,credit_card,,0.0,2024-10,2024,10
103143,852,2024-10-29 06:27:59,completed,credit_card,,6.95,2024-10,2024,10
103144,2237,2024-10-29 07:15:51,completed,apple_pay,,0.0,2024-10,2024,10
103145,229,2024-10-29 07:20:32,returned,credit_card,,0.0,2024-10,2024,10
103146,1443,2024-10-29 08:45:07,completed,credit_card,welcome10,0.0,2024-10,2024,10
103147,2285,2024-10-29 10:56:24,completed,credit_card,,0.0,2024-10,2024,10
103148,889,2024-10-29 11:20:44,completed,credit_card,,0.0,2024-10,2024,10
103149,1813,2024-10-29 14:11:42,completed,apple_pay,,0.0,2024-10,2024,10
103150,3416,2024-10-29 18:22:06,canceled,credit_card,,0.0,2024-10,2024,10
103151,2577,2024-10-29 20:38:38,completed,credit_card,,0.0,2024-10,2024,10
103152,2436,2024-10-29 21:49:50,completed,apple_pay,,0.0,2024-10,2024,10
103153,3147,2024-10-30 06:29:58,completed,paypal,,0.0,2024-10,2024,10
103154,1137,2024-10-30 12:04:21,completed,gift_card,,6.95,2024-10,2024,10
103155,2436,2024-10-30 12:16:47,completed,paypal,,0.0,2024-10,2024,10
103156,135,2024-10-30 13:00:05,completed,credit_card,,0.0,2024-10,2024,10
103157,1124,2024-10-30 14:10:10,completed,apple_pay,,0.0,2024-10,2024,10
103158,3270,2024-10-30 14:35:46,canceled,apple_pay,,6.95,2024-10,2024,10
103159,2160,2024-10-30 17:29:59,completed,credit_card,,6.95,2024-10,2024,10
103160,1443,2024-10-30 17:32:02,completed,credit_card,,0.0,2024-10,2024,10
103161,3018,2024-10-30 18:47:39,completed,credit_card,,0.0,2024-10,2024,10
103162,759,2024-10-30 19:07:36,completed,paypal,,0.0,2024-10,2024,10
103163,2962,2024-10-30 21:55:45,completed,credit_card,,0.0,2024-10,2024,10
103164,2755,2024-10-30 22:20:49,completed,credit_card,,0.0,2024-10,2024,10
103165,711,2024-10-30 22:22:54,canceled,credit_card,,6.95,2024-10,2024,10
103166,2267,2024-10-30 23:36:59,completed,credit_card,,6.95,2024-10,2024,10
103167,1664,2024-10-31 06:55:22,completed,credit_card,welcome10,0.0,2024-10,2024,10
103168,2118,2024-10-31 08:18:11,completed,credit_card,,0.0,2024-10,2024,10
103169,7,2024-10-31 11:04:33,completed,apple_pay,,0.0,2024-10,2024,10
103170,1552,2024-10-31 12:19:51,completed,apple_pay,,0.0,2024-10,2024,10
103171,3503,2024-10-31 15:17:15,completed,credit_card,welcome10,0.0,2024-10,2024,10
103172,3301,2024-10-31 15:18:03,completed,credit_card,,0.0,2024-10,2024,10
103173,1295,2024-10-31 17:41:28,completed,credit_card,welcome10,0.0,2024-10,2024,10
103174,1777,2024-10-31 20:49:35,completed,credit_card,,0.0,2024-10,2024,10
103175,1908,2024-11-01 06:08:15,completed,apple_pay,holiday20,0.0,2024-11,2024,11
103176,1292,2024-11-01 09:23:19,completed,credit_card,holiday20,0.0,2024-11,2024,11
103177,3320,2024-11-01 09:28:14,completed,paypal,,6.95,2024-11,2024,11
103178,2637,2024-11-01 09:52:13,completed,credit_card,,0.0,2024-11,2024,11
103179,1552,2024-11-01 10:03:04,completed,apple_pay,welcome10,0.0,2024-11,2024,11
103180,1098,2024-11-01 10:56:30,completed,credit_card,,0.0,2024-11,2024,11
103181,693,2024-11-01 12:45:45,completed,gift_card,,0.0,2024-11,2024,11
103182,2371,2024-11-01 16:06:08,completed,apple_pay,,6.95,2024-11,2024,11
103183,1466,2024-11-01 17:29:11,completed,paypal,,0.0,2024-11,2024,11
103184,1295,2024-11-01 20:09:51,completed,paypal,holiday20,0.0,2024-11,2024,11
103185,175,2024-11-01 21:15:01,completed,credit_card,holiday20,0.0,2024-11,2024,11
103186,3570,2024-11-01 22:10:54,completed,credit_card,holiday20,0.0,2024-11,2024,11
103187,115,2024-11-02 06:20:53,completed,paypal,holiday20,0.0,2024-11,2024,11
103188,3014,2024-11-02 06:44:29,completed,credit_card,holiday20,6.95,2024-11,2024,11
103189,2267,2024-11-02 07:49:00,completed,credit_card,,0.0,2024-11,2024,11
103190,1104,2024-11-02 08:11:14,completed,credit_card,,6.95,2024-11,2024,11
103191,2394,2024-11-02 08:33:04,completed,apple_pay,holiday20,0.0,2024-11,2024,11
103192,775,2024-11-02 08:52:25,completed,credit_card,holiday20,0.0,2024-11,2024,11
103193,1073,2024-11-02 09:35:45,completed,credit_card,holiday20,6.95,2024-11,2024,11
103194,1061,2024-11-02 09:43:31,completed,credit_card,,0.0,2024-11,2024,11
103195,2743,2024-11-02 11:03:54,completed,credit_card,,0.0,2024-11,2024,11
103196,1916,2024-11-02 11:14:20,completed,credit_card,,0.0,2024-11,2024,11
103197,1085,2024-11-02 11:33:36,completed,credit_card,,0.0,2024-11,2024,11
103198,3399,2024-11-02 13:56:36,completed,apple_pay,holiday20,0.0,2024-11,2024,11
103199,3124,2024-11-02 15:03:01,completed,credit_card,,0.0,2024-11,2024,11
103200,443,2024-11-02 15:47:31,completed,credit_card,,0.0,2024-11,2024,11
103201,2986,2024-11-02 15:56:06,completed,credit_card,,6.95,2024-11,2024,11
103202,734,2024-11-02 20:34:43,completed,paypal,,6.95,2024-11,2024,11
103203,1662,2024-11-02 21:38:52,completed,credit_card,holiday20,6.95,2024-11,2024,11
103204,3532,2024-11-02 22:44:58,completed,paypal,,0.0,2024-11,2024,11
103205,1870,2024-11-03 06:22:56,completed,credit_card,,0.0,2024-11,2024,11
103206,3015,2024-11-03 08:54:51,completed,credit_card,,0.0,2024-11,2024,11
103207,2887,2024-11-03 08:58:34,completed,apple_pay,,0.0,2024-11,2024,11
103208,2118,2024-11-03 09:16:52,completed,apple_pay,,0.0,2024-11,2024,11
103210,1870,2024-11-03 11:36:10,completed,apple_pay,,6.95,2024-11,2024,11
103211,3231,2024-11-03 12:44:00,completed,paypal,holiday20,0.0,2024-11,2024,11
103212,837,2024-11-03 12:45:23,completed,paypal,holiday20,6.95,2024-11,2024,11
103213,2906,2024-11-03 12:53:58,completed,credit_card,,0.0,2024-11,2024,11
103214,19,2024-11-03 13:33:00,completed,credit_card,,6.95,2024-11,2024,11
103215,915,2024-11-03 15:02:37,completed,credit_card,,6.95,2024-11,2024,11
103216,2995,2024-11-03 16:03:54,completed,credit_card,holiday20,0.0,2024-11,2024,11
103217,3531,2024-11-03 16:37:25,completed,gift_card,,0.0,2024-11,2024,11
103218,2821,2024-11-03 18:45:51,completed,credit_card,holiday20,0.0,2024-11,2024,11
103219,2763,2024-11-03 19:56:58,completed,credit_card,,6.95,2024-11,2024,11
103220,1654,2024-11-03 22:18:25,completed,credit_card,,0.0,2024-11,2024,11
103221,2887,2024-11-04 07:38:55,completed,credit_card,,0.0,2024-11,2024,11
103222,2436,2024-11-04 10:56:24,completed,credit_card,holiday20,0.0,2024-11,2024,11
103223,2101,2024-11-04 11:33:11,returned,credit_card,,0.0,2024-11,2024,11
103224,2355,2024-11-04 13:11:29,completed,credit_card,,0.0,2024-11,2024,11
103225,1225,2024-11-04 14:09:40,completed,credit_card,,6.95,2024-11,2024,11
103226,1308,2024-11-04 14:46:41,completed,credit_card,holiday20,0.0,2024-11,2024,11
103227,2995,2024-11-04 15:43:00,completed,credit_card,holiday20,0.0,2024-11,2024,11
103228,2436,2024-11-04 15:58:37,completed,credit_card,holiday20,6.95,2024-11,2024,11
103229,2387,2024-11-04 18:32:22,completed,credit_card,holiday20,6.95,2024-11,2024,11
103230,2951,2024-11-04 19:26:25,completed,credit_card,holiday20,0.0,2024-11,2024,11
103231,1229,2024-11-04 20:23:20,completed,credit_card,holiday20,0.0,2024-11,2024,11
103232,115,2024-11-04 22:40:22,completed,credit_card,holiday20,6.95,2024-11,2024,11
103233,2925,2024-11-04 22:47:31,completed,credit_card,holiday20,0.0,2024-11,2024,11
103234,3531,2024-11-05 07:29:29,completed,credit_card,,0.0,2024-11,2024,11
103235,1104,2024-11-05 08:59:47,completed,gift_card,holiday20,0.0,2024-11,2024,11
103236,1658,2024-11-05 11:00:46,completed,credit_card,,6.95,2024-11,2024,11
103237,1295,2024-11-05 12:15:54,completed,credit_card,,0.0,2024-11,2024,11
103238,3475,2024-11-05 12:17:41,completed,credit_card,,0.0,2024-11,2024,11
103239,1104,2024-11-05 14:06:03,completed,credit_card,,0.0,2024-11,2024,11
103240,1375,2024-11-05 14:27:24,completed,apple_pay,holiday20,0.0,2024-11,2024,11
103241,2914,2024-11-05 14:37:18,completed,apple_pay,,0.0,2024-11,2024,11
103242,775,2024-11-05 15:17:48,completed,credit_card,,0.0,2024-11,2024,11
103243,2439,2024-11-05 15:18:16,completed,credit_card,,0.0,2024-11,2024,11
103244,2520,2024-11-05 15:41:33,completed,credit_card,,0.0,2024-11,2024,11
103245,2821,2024-11-05 19:17:46,completed,credit_card,,0.0,2024-11,2024,11
103246,1273,2024-11-05 20:12:33,completed,credit_card,holiday20,0.0,2024-11,2024,11
103247,876,2024-11-05 23:13:12,completed,paypal,,0.0,2024-11,2024,11
103248,2947,2024-11-05 23:36:27,completed,paypal,holiday20,6.95,2024-11,2024,11
103249,3250,2024-11-06 06:04:36,completed,credit_card,,0.0,2024-11,2024,11
103250,1302,2024-11-06 08:03:28,completed,credit_card,,6.95,2024-11,2024,11
103251,3487,2024-11-06 08:04:53,completed,paypal,,0.0,2024-11,2024,11
103252,2778,2024-11-06 09:43:45,completed,paypal,holiday20,0.0,2024-11,2024,11
103253,2947,2024-11-06 10:42:12,completed,credit_card,,0.0,2024-11,2024,11
103254,3007,2024-11-06 11:31:50,returned,credit_card,welcome10,0.0,2024-11,2024,11
103255,2693,2024-11-06 12:16:56,returned,credit_card,,0.0,2024-11,2024,11
103256,780,2024-11-06 17:42:52,completed,gift_card,,0.0,2024-11,2024,11
103257,1658,2024-11-06 18:24:11,completed,paypal,holiday20,0.0,2024-11,2024,11
103258,592,2024-11-06 20:19:14,completed,credit_card,,0.0,2024-11,2024,11
103259,2118,2024-11-07 08:22:50,completed,gift_card,,6.95,2024-11,2024,11
103260,107,2024-11-07 08:56:40,completed,credit_card,,0.0,2024-11,2024,11
103261,3380,2024-11-07 10:14:20,completed,credit_card,holiday20,6.95,2024-11,2024,11
103262,588,2024-11-07 11:28:15,completed,credit_card,,6.95,2024-11,2024,11
103263,48,2024-11-07 15:42:02,completed,paypal,,6.95,2024-11,2024,11
103264,2743,2024-11-07 16:02:08,completed,credit_card,holiday20,0.0,2024-11,2024,11
103265,2651,2024-11-07 16:57:45,completed,credit_card,,0.0,2024-11,2024,11
103266,2169,2024-11-07 17:43:56,completed,paypal,holiday20,6.95,2024-11,2024,11
103268,2460,2024-11-07 22:37:50,completed,credit_card,,0.0,2024-11,2024,11
103269,683,2024-11-08 06:49:57,completed,credit_card,holiday20,0.0,2024-11,2024,11
103270,3418,2024-11-08 07:08:15,completed,credit_card,,0.0,2024-11,2024,11
103271,3147,2024-11-08 09:30:21,completed,credit_card,,6.95,2024-11,2024,11
103272,479,2024-11-08 14:38:56,completed,credit_card,,0.0,2024-11,2024,11
103273,2375,2024-11-08 15:43:44,completed,credit_card,holiday20,6.95,2024-11,2024,11
103274,1308,2024-11-08 15:56:01,completed,credit_card,,0.0,2024-11,2024,11
103275,2407,2024-11-08 18:09:47,completed,credit_card,,6.95,2024-11,2024,11
103276,1152,2024-11-08 20:20:05,canceled,credit_card,,6.95,2024-11,2024,11
103277,3419,2024-11-08 21:34:05,returned,credit_card,,0.0,2024-11,2024,11
103278,2197,2024-11-08 22:25:37,completed,credit_card,holiday20,0.0,2024-11,2024,11
103279,2602,2024-11-08 22:32:48,canceled,paypal,holiday20,0.0,2024-11,2024,11
103280,2189,2024-11-08 22:41:02,completed,credit_card,holiday20,0.0,2024-11,2024,11
103281,89,2024-11-08 22:44:01,completed,credit_card,holiday20,0.0,2024-11,2024,11
103282,3208,2024-11-09 06:36:19,completed,paypal,holiday20,0.0,2024-11,2024,11
103283,96,2024-11-09 07:01:40,completed,apple_pay,,0.0,2024-11,2024,11
103284,3291,2024-11-09 07:54:08,completed,credit_card,,0.0,2024-11,2024,11
103285,3401,2024-11-09 09:30:09,completed,credit_card,,0.0,2024-11,2024,11
103286,2577,2024-11-09 10:09:03,completed,credit_card,holiday20,0.0,2024-11,2024,11
103287,526,2024-11-09 10:24:16,completed,credit_card,,6.95,2024-11,2024,11
103288,1406,2024-11-09 10:53:06,completed,credit_card,,0.0,2024-11,2024,11
103289,803,2024-11-09 13:27:04,completed,credit_card,,0.0,2024-11,2024,11
103290,2164,2024-11-09 14:49:23,completed,apple_pay,holiday20,0.0,2024-11,2024,11
103291,1531,2024-11-09 17:30:15,completed,credit_card,,0.0,2024-11,2024,11
103292,3531,2024-11-09 17:49:52,completed,credit_card,holiday20,0.0,2024-11,2024,11
103293,1264,2024-11-09 18:00:42,completed,credit_card,holiday20,0.0,2024-11,2024,11
103294,2919,2024-11-09 18:09:19,completed,credit_card,holiday20,0.0,2024-11,2024,11
103295,247,2024-11-09 19:04:38,completed,credit_card,,0.0,2024-11,2024,11
103296,2577,2024-11-09 21:06:56,completed,paypal,,0.0,2024-11,2024,11
103297,2439,2024-11-10 06:27:51,completed,apple_pay,holiday20,0.0,2024-11,2024,11
103298,48,2024-11-10 07:11:10,completed,credit_card,holiday20,0.0,2024-11,2024,11
103299,607,2024-11-10 08:06:53,completed,apple_pay,holiday20,0.0,2024-11,2024,11
103300,107,2024-11-10 12:52:13,completed,paypal,,6.95,2024-11,2024,11
103301,3401,2024-11-10 15:25:57,completed,credit_card,,0.0,2024-11,2024,11
103302,1064,2024-11-10 17:10:48,canceled,credit_card,,0.0,2024-11,2024,11
103303,1224,2024-11-10 17:30:45,completed,credit_card,,0.0,2024-11,2024,11
103304,1229,2024-11-10 17:50:36,completed,credit_card,,0.0,2024-11,2024,11
103305,9,2024-11-10 18:25:48,completed,credit_card,,0.0,2024-11,2024,11
103306,3337,2024-11-10 18:34:59,completed,paypal,holiday20,0.0,2024-11,2024,11
103307,1763,2024-11-10 18:35:47,completed,credit_card,,0.0,2024-11,2024,11
103308,1153,2024-11-10 20:07:56,completed,paypal,holiday20,6.95,2024-11,2024,11
103309,2181,2024-11-10 21:11:41,completed,paypal,,0.0,2024-11,2024,11
103310,2460,2024-11-10 22:14:48,completed,paypal,welcome10,6.95,2024-11,2024,11
103311,307,2024-11-10 22:23:51,completed,credit_card,holiday20,0.0,2024-11,2024,11
103312,2958,2024-11-10 22:54:22,completed,apple_pay,welcome10,0.0,2024-11,2024,11
103313,758,2024-11-11 06:20:33,completed,credit_card,holiday20,0.0,2024-11,2024,11
103314,3222,2024-11-11 07:07:31,completed,credit_card,,0.0,2024-11,2024,11
103315,3262,2024-11-11 07:19:07,completed,credit_card,holiday20,0.0,2024-11,2024,11
103316,2341,2024-11-11 07:48:10,completed,credit_card,,0.0,2024-11,2024,11
103317,1244,2024-11-11 08:24:24,completed,paypal,,0.0,2024-11,2024,11
103318,2986,2024-11-11 08:55:09,completed,credit_card,,0.0,2024-11,2024,11
103319,2887,2024-11-11 10:42:43,completed,apple_pay,,0.0,2024-11,2024,11
103320,1256,2024-11-11 13:47:07,completed,credit_card,,0.0,2024-11,2024,11
103321,1777,2024-11-11 15:59:38,completed,credit_card,holiday20,0.0,2024-11,2024,11
103322,2099,2024-11-11 17:22:56,completed,credit_card,,6.95,2024-11,2024,11
103323,2049,2024-11-11 18:08:47,returned,paypal,,6.95,2024-11,2024,11
103324,600,2024-11-11 19:07:39,completed,paypal,,0.0,2024-11,2024,11
103325,3419,2024-11-11 20:35:46,completed,apple_pay,holiday20,6.95,2024-11,2024,11
103326,1777,2024-11-11 21:14:51,completed,credit_card,,0.0,2024-11,2024,11
103327,866,2024-11-11 21:29:52,completed,credit_card,,6.95,2024-11,2024,11
103328,3152,2024-11-11 21:51:16,returned,credit_card,,0.0,2024-11,2024,11
103329,519,2024-11-11 22:05:59,completed,paypal,,0.0,2024-11,2024,11
103330,1876,2024-11-11 22:50:32,completed,credit_card,,0.0,2024-11,2024,11
103331,3372,2024-11-12 06:17:52,completed,credit_card,,0.0,2024-11,2024,11
103332,89,2024-11-12 09:26:50,completed,apple_pay,holiday20,6.95,2024-11,2024,11
103333,2821,2024-11-12 11:10:50,completed,apple_pay,,0.0,2024-11,2024,11
103334,1759,2024-11-12 12:06:57,canceled,credit_card,welcome10,0.0,2024-11,2024,11
103335,1252,2024-11-12 14:17:08,completed,credit_card,,6.95,2024-11,2024,11
103336,2743,2024-11-12 16:34:24,completed,credit_card,,0.0,2024-11,2024,11
103337,2174,2024-11-12 17:31:56,completed,credit_card,,0.0,2024-11,2024,11
103338,1480,2024-11-12 17:34:24,completed,credit_card,,0.0,2024-11,2024,11
103339,2717,2024-11-12 18:49:41,completed,credit_card,,0.0,2024-11,2024,11
103340,2375,2024-11-12 19:01:58,completed,apple_pay,,6.95,2024-11,2024,11
103341,2743,2024-11-12 21:49:47,returned,credit_card,,0.0,2024-11,2024,11
103342,3416,2024-11-12 21:55:05,completed,credit_card,,0.0,2024-11,2024,11
103343,2577,2024-11-12 22:51:10,completed,credit_card,holiday20,6.95,2024-11,2024,11
103344,228,2024-11-12 22:58:05,canceled,credit_card,,0.0,2024-11,2024,11
103345,2821,2024-11-12 23:19:38,completed,credit_card,,0.0,2024-11,2024,11
103346,401,2024-11-13 06:43:24,completed,credit_card,holiday20,0.0,2024-11,2024,11
103347,1019,2024-11-13 06:54:34,completed,credit_card,welcome10,0.0,2024-11,2024,11
103348,1759,2024-11-13 09:28:46,completed,credit_card,,0.0,2024-11,2024,11
103349,3069,2024-11-13 13:28:05,completed,paypal,,0.0,2024-11,2024,11
103350,2919,2024-11-13 13:46:24,completed,apple_pay,,0.0,2024-11,2024,11
103351,830,2024-11-13 13:53:35,completed,paypal,,6.95,2024-11,2024,11
103352,2024,2024-11-13 15:56:19,completed,paypal,holiday20,0.0,2024-11,2024,11
103353,2589,2024-11-13 16:38:03,completed,paypal,,0.0,2024-11,2024,11
103354,659,2024-11-13 17:59:50,completed,paypal,holiday20,0.0,2024-11,2024,11
103355,2420,2024-11-13 18:03:53,completed,apple_pay,holiday20,6.95,2024-11,2024,11
103356,840,2024-11-13 20:04:11,completed,apple_pay,,0.0,2024-11,2024,11
103357,1728,2024-11-13 20:48:09,completed,credit_card,,0.0,2024-11,2024,11
103358,1786,2024-11-13 21:32:48,completed,credit_card,,0.0,2024-11,2024,11
103359,48,2024-11-13 23:04:43,completed,credit_card,,0.0,2024-11,2024,11
103360,79,2024-11-14 06:25:04,completed,apple_pay,welcome10,0.0,2024-11,2024,11
103361,482,2024-11-14 06:39:57,completed,paypal,welcome10,0.0,2024-11,2024,11
103362,85,2024-11-14 06:59:32,completed,credit_card,,6.95,2024-11,2024,11
103363,3426,2024-11-14 07:03:54,completed,apple_pay,holiday20,6.95,2024-11,2024,11
103364,2162,2024-11-14 08:07:29,completed,paypal,,0.0,2024-11,2024,11
103365,395,2024-11-14 08:08:11,completed,credit_card,holiday20,0.0,2024-11,2024,11
103366,1870,2024-11-14 08:36:07,returned,credit_card,holiday20,0.0,2024-11,2024,11
103367,2420,2024-11-14 11:41:39,completed,credit_card,holiday20,0.0,2024-11,2024,11
103368,2593,2024-11-14 14:19:30,completed,paypal,holiday20,6.95,2024-11,2024,11
103369,2925,2024-11-14 16:33:05,completed,paypal,,6.95,2024-11,2024,11
103370,2360,2024-11-14 17:20:48,completed,credit_card,holiday20,0.0,2024-11,2024,11
103371,721,2024-11-14 18:50:23,completed,credit_card,,0.0,2024-11,2024,11
103372,717,2024-11-14 20:30:29,completed,paypal,holiday20,0.0,2024-11,2024,11
103373,875,2024-11-14 20:40:21,completed,gift_card,,0.0,2024-11,2024,11
103374,2113,2024-11-14 21:05:51,completed,credit_card,holiday20,0.0,2024-11,2024,11
103375,1766,2024-11-14 21:06:36,completed,paypal,,0.0,2024-11,2024,11
103376,368,2024-11-14 21:42:01,completed,gift_card,,0.0,2024-11,2024,11
103377,1891,2024-11-14 22:03:14,completed,credit_card,,6.95,2024-11,2024,11
103378,830,2024-11-14 22:47:19,completed,credit_card,holiday20,0.0,2024-11,2024,11
103379,2113,2024-11-14 23:45:15,completed,credit_card,,6.95,2024-11,2024,11
103380,2976,2024-11-15 06:13:52,completed,credit_card,,0.0,2024-11,2024,11
103381,249,2024-11-15 06:22:13,completed,gift_card,,6.95,2024-11,2024,11
103382,926,2024-11-15 07:01:49,completed,apple_pay,,0.0,2024-11,2024,11
103383,170,2024-11-15 07:54:43,completed,credit_card,holiday20,6.95,2024-11,2024,11
103384,3127,2024-11-15 10:16:52,completed,credit_card,holiday20,0.0,2024-11,2024,11
103385,2925,2024-11-15 10:27:27,completed,credit_card,holiday20,0.0,2024-11,2024,11
103386,3434,2024-11-15 10:31:59,completed,paypal,holiday20,0.0,2024-11,2024,11
103387,2078,2024-11-15 14:49:15,completed,credit_card,,0.0,2024-11,2024,11
103388,2012,2024-11-15 15:24:13,completed,credit_card,,0.0,2024-11,2024,11
103389,1552,2024-11-15 17:12:46,completed,credit_card,,6.95,2024-11,2024,11
103390,3035,2024-11-15 18:00:40,completed,credit_card,,0.0,2024-11,2024,11
103391,1811,2024-11-15 18:06:00,completed,credit_card,,0.0,2024-11,2024,11
103392,693,2024-11-15 18:45:04,completed,paypal,,6.95,2024-11,2024,11
103393,48,2024-11-15 19:09:56,canceled,paypal,,0.0,2024-11,2024,11
103394,2593,2024-11-15 20:37:41,completed,paypal,,0.0,2024-11,2024,11
103395,1664,2024-11-16 07:25:43,completed,gift_card,,0.0,2024-11,2024,11
103396,2113,2024-11-16 09:35:24,completed,credit_card,,0.0,2024-11,2024,11
103397,1786,2024-11-16 10:15:06,completed,credit_card,,0.0,2024-11,2024,11
103398,1574,2024-11-16 12:05:49,completed,credit_card,holiday20,6.95,2024-11,2024,11
103399,3317,2024-11-16 13:36:26,completed,paypal,,6.95,2024-11,2024,11
103400,1466,2024-11-16 14:17:02,completed,paypal,,6.95,2024-11,2024,11
103401,3530,2024-11-16 16:10:35,returned,credit_card,,0.0,2024-11,2024,11
103402,380,2024-11-16 16:29:26,completed,credit_card,holiday20,0.0,2024-11,2024,11
103403,400,2024-11-16 18:16:52,completed,apple_pay,,6.95,2024-11,2024,11
103404,306,2024-11-16 19:04:28,completed,credit_card,holiday20,0.0,2024-11,2024,11
103405,3582,2024-11-16 19:46:11,completed,paypal,,0.0,2024-11,2024,11
103406,1746,2024-11-16 20:02:09,completed,credit_card,,0.0,2024-11,2024,11
103407,206,2024-11-16 20:38:02,completed,credit_card,,0.0,2024-11,2024,11
103408,2182,2024-11-16 21:43:31,completed,credit_card,,0.0,2024-11,2024,11
103409,298,2024-11-16 22:30:29,completed,credit_card,holiday20,0.0,2024-11,2024,11
103410,3526,2024-11-17 06:07:18,canceled,paypal,holiday20,6.95,2024-11,2024,11
103411,1104,2024-11-17 06:41:27,completed,paypal,,0.0,2024-11,2024,11
103412,2602,2024-11-17 07:19:52,completed,credit_card,holiday20,0.0,2024-11,2024,11
103413,2752,2024-11-17 08:46:45,completed,credit_card,,0.0,2024-11,2024,11
103414,2678,2024-11-17 10:27:11,completed,apple_pay,holiday20,0.0,2024-11,2024,11
103415,2752,2024-11-17 10:27:59,completed,credit_card,,0.0,2024-11,2024,11
103416,3356,2024-11-17 11:53:48,completed,apple_pay,,0.0,2024-11,2024,11
103417,2235,2024-11-17 12:08:45,completed,credit_card,holiday20,6.95,2024-11,2024,11
103418,2383,2024-11-17 13:33:55,completed,credit_card,holiday20,0.0,2024-11,2024,11
103419,2238,2024-11-17 16:49:46,completed,paypal,,0.0,2024-11,2024,11
103420,1593,2024-11-17 17:15:28,completed,credit_card,,6.95,2024-11,2024,11
103421,1830,2024-11-17 19:11:25,completed,credit_card,,0.0,2024-11,2024,11
103422,3014,2024-11-17 20:48:44,completed,paypal,,0.0,2024-11,2024,11
103423,3439,2024-11-17 21:48:12,canceled,apple_pay,,6.95,2024-11,2024,11
103424,2361,2024-11-17 22:04:54,returned,credit_card,,0.0,2024-11,2024,11
103425,3047,2024-11-17 22:11:52,completed,credit_card,,6.95,2024-11,2024,11
103426,133,2024-11-17 22:52:32,completed,credit_card,,0.0,2024-11,2024,11
103427,2183,2024-11-18 07:01:57,completed,gift_card,holiday20,0.0,2024-11,2024,11
103428,2906,2024-11-18 07:05:54,completed,apple_pay,,0.0,2024-11,2024,11
103429,3147,2024-11-18 07:07:26,completed,paypal,,0.0,2024-11,2024,11
103430,2856,2024-11-18 08:16:58,completed,paypal,,6.95,2024-11,2024,11
103431,48,2024-11-18 10:54:05,completed,credit_card,holiday20,0.0,2024-11,2024,11
103432,1153,2024-11-18 11:01:26,completed,paypal,,0.0,2024-11,2024,11
103433,2142,2024-11-18 11:10:12,completed,credit_card,,0.0,2024-11,2024,11
103434,1552,2024-11-18 12:44:18,completed,credit_card,holiday20,0.0,2024-11,2024,11
103435,3380,2024-11-18 14:51:29,completed,paypal,,6.95,2024-11,2024,11
103436,304,2024-11-18 17:14:21,completed,apple_pay,,0.0,2024-11,2024,11
103437,2033,2024-11-18 18:19:20,completed,credit_card,,0.0,2024-11,2024,11
103438,9,2024-11-18 18:34:29,completed,credit_card,,0.0,2024-11,2024,11
103439,3356,2024-11-18 19:30:47,completed,credit_card,,0.0,2024-11,2024,11
103440,2343,2024-11-18 20:43:44,completed,credit_card,holiday20,0.0,2024-11,2024,11
103441,443,2024-11-18 22:42:56,completed,credit_card,,0.0,2024-11,2024,11
103442,2925,2024-11-18 23:06:12,completed,credit_card,holiday20,0.0,2024-11,2024,11
103443,1785,2024-11-18 23:22:59,completed,credit_card,holiday20,0.0,2024-11,2024,11
103444,2333,2024-11-18 23:39:44,canceled,paypal,,0.0,2024-11,2024,11
103445,3255,2024-11-19 06:14:04,completed,credit_card,holiday20,6.95,2024-11,2024,11
103446,2580,2024-11-19 06:52:19,completed,credit_card,,6.95,2024-11,2024,11
103447,3317,2024-11-19 07:56:15,completed,paypal,,0.0,2024-11,2024,11
103448,2743,2024-11-19 10:13:21,completed,credit_card,,0.0,2024-11,2024,11
103449,48,2024-11-19 11:07:54,completed,credit_card,holiday20,0.0,2024-11,2024,11
103450,1612,2024-11-19 11:23:39,completed,gift_card,holiday20,6.95,2024-11,2024,11
103451,900,2024-11-19 14:11:55,completed,paypal,,0.0,2024-11,2024,11
103452,2354,2024-11-19 14:15:14,completed,credit_card,,6.95,2024-11,2024,11
103453,775,2024-11-19 14:27:45,completed,credit_card,,0.0,2024-11,2024,11
103454,1786,2024-11-19 15:39:46,completed,credit_card,holiday20,0.0,2024-11,2024,11
103455,2396,2024-11-19 16:06:09,completed,credit_card,,0.0,2024-11,2024,11
103456,2360,2024-11-19 16:28:01,completed,credit_card,,6.95,2024-11,2024,11
103457,2821,2024-11-19 17:09:52,completed,credit_card,,0.0,2024-11,2024,11
103458,727,2024-11-19 20:32:22,completed,apple_pay,holiday20,0.0,2024-11,2024,11
103459,1870,2024-11-19 21:19:09,completed,credit_card,,0.0,2024-11,2024,11
103460,3348,2024-11-19 21:41:43,completed,credit_card,holiday20,0.0,2024-11,2024,11
103461,3036,2024-11-19 22:23:12,completed,credit_card,holiday20,6.95,2024-11,2024,11
103462,1876,2024-11-19 22:37:27,completed,credit_card,,0.0,2024-11,2024,11
103463,1091,2024-11-19 22:41:14,completed,credit_card,holiday20,0.0,2024-11,2024,11
103464,737,2024-11-20 07:31:56,completed,apple_pay,welcome10,0.0,2024-11,2024,11
103465,445,2024-11-20 08:45:44,completed,credit_card,,0.0,2024-11,2024,11
103466,2278,2024-11-20 08:47:13,completed,credit_card,,0.0,2024-11,2024,11
103467,145,2024-11-20 12:25:28,completed,credit_card,holiday20,0.0,2024-11,2024,11
103468,3356,2024-11-20 12:31:05,completed,paypal,holiday20,0.0,2024-11,2024,11
103469,2460,2024-11-20 13:23:55,completed,apple_pay,,0.0,2024-11,2024,11
103470,1104,2024-11-20 16:07:49,completed,credit_card,,0.0,2024-11,2024,11
103471,3564,2024-11-20 17:33:05,completed,apple_pay,,0.0,2024-11,2024,11
103472,3147,2024-11-20 18:07:35,completed,paypal,holiday20,6.95,2024-11,2024,11
103473,3231,2024-11-20 19:35:06,completed,credit_card,,0.0,2024-11,2024,11
103474,3439,2024-11-20 20:10:35,completed,credit_card,,0.0,2024-11,2024,11
103475,3099,2024-11-20 22:54:26,completed,paypal,holiday20,6.95,2024-11,2024,11
103476,2278,2024-11-20 23:16:37,completed,credit_card,holiday20,0.0,2024-11,2024,11
103477,3416,2024-11-21 06:40:06,completed,apple_pay,,0.0,2024-11,2024,11
103478,1870,2024-11-21 06:41:13,completed,paypal,,0.0,2024-11,2024,11
103479,1964,2024-11-21 08:04:39,completed,credit_card,,0.0,2024-11,2024,11
103480,1375,2024-11-21 10:53:13,completed,credit_card,,0.0,2024-11,2024,11
103481,902,2024-11-21 11:54:26,completed,credit_card,holiday20,6.95,2024-11,2024,11
103482,1132,2024-11-21 15:15:57,completed,gift_card,welcome10,6.95,2024-11,2024,11
103483,2089,2024-11-21 17:15:54,completed,credit_card,holiday20,0.0,2024-11,2024,11
103484,2475,2024-11-21 17:51:19,completed,credit_card,,6.95,2024-11,2024,11
103485,1717,2024-11-21 21:32:54,completed,credit_card,holiday20,0.0,2024-11,2024,11
103486,3406,2024-11-21 23:43:56,completed,paypal,welcome10,0.0,2024-11,2024,11
103487,2033,2024-11-22 07:04:42,completed,credit_card,,0.0,2024-11,2024,11
103488,2169,2024-11-22 09:10:25,completed,apple_pay,holiday20,6.95,2024-11,2024,11
103489,1870,2024-11-22 10:29:54,canceled,credit_card,,0.0,2024-11,2024,11
103490,2274,2024-11-22 11:35:36,completed,credit_card,,6.95,2024-11,2024,11
103491,2716,2024-11-22 11:49:43,completed,credit_card,,0.0,2024-11,2024,11
103492,737,2024-11-22 12:47:59,completed,credit_card,holiday20,6.95,2024-11,2024,11
103493,1454,2024-11-22 13:25:58,completed,credit_card,,0.0,2024-11,2024,11
103494,1369,2024-11-22 15:05:06,completed,credit_card,,6.95,2024-11,2024,11
103495,2520,2024-11-22 15:54:59,returned,credit_card,,0.0,2024-11,2024,11
103496,2833,2024-11-22 17:08:37,completed,paypal,holiday20,0.0,2024-11,2024,11
103497,3079,2024-11-22 18:30:03,completed,credit_card,,6.95,2024-11,2024,11
103498,2541,2024-11-22 19:07:46,completed,credit_card,holiday20,6.95,2024-11,2024,11
103499,119,2024-11-22 20:08:23,completed,credit_card,,6.95,2024-11,2024,11
103500,3105,2024-11-22 22:24:14,completed,credit_card,,0.0,2024-11,2024,11
103501,1664,2024-11-22 22:37:31,returned,gift_card,,0.0,2024-11,2024,11
103502,3144,2024-11-23 07:10:53,completed,paypal,holiday20,6.95,2024-11,2024,11
103503,343,2024-11-23 08:01:40,completed,credit_card,holiday20,6.95,2024-11,2024,11
103504,231,2024-11-23 09:14:37,completed,paypal,,0.0,2024-11,2024,11
103505,1964,2024-11-23 09:47:52,completed,credit_card,,6.95,2024-11,2024,11
103506,3291,2024-11-23 10:22:56,completed,paypal,,0.0,2024-11,2024,11
103507,1964,2024-11-23 11:18:41,completed,credit_card,,0.0,2024-11,2024,11
103508,3144,2024-11-23 11:46:03,completed,credit_card,,0.0,2024-11,2024,11
103509,1911,2024-11-23 13:19:35,completed,credit_card,,0.0,2024-11,2024,11
103510,2278,2024-11-23 14:32:03,completed,credit_card,,0.0,2024-11,2024,11
103511,2738,2024-11-23 15:27:31,completed,credit_card,,0.0,2024-11,2024,11
103512,966,2024-11-23 16:49:51,completed,paypal,,0.0,2024-11,2024,11
103513,1375,2024-11-23 18:15:01,completed,paypal,,6.95,2024-11,2024,11
103514,3419,2024-11-23 20:17:10,completed,credit_card,holiday20,0.0,2024-11,2024,11
103515,1870,2024-11-23 20:51:09,completed,paypal,,0.0,2024-11,2024,11
103516,2274,2024-11-23 22:48:45,canceled,credit_card,,6.95,2024-11,2024,11
103517,19,2024-11-24 06:48:54,completed,paypal,,0.0,2024-11,2024,11
103518,2821,2024-11-24 06:53:46,completed,paypal,,0.0,2024-11,2024,11
103519,994,2024-11-24 07:26:28,completed,credit_card,holiday20,0.0,2024-11,2024,11
103520,1137,2024-11-24 07:29:20,completed,paypal,,6.95,2024-11,2024,11
103521,2914,2024-11-24 08:16:31,completed,credit_card,holiday20,0.0,2024-11,2024,11
103522,1285,2024-11-24 08:39:17,completed,paypal,,0.0,2024-11,2024,11
103523,3238,2024-11-24 10:12:20,returned,paypal,,0.0,2024-11,2024,11
103524,1405,2024-11-24 10:38:14,completed,credit_card,,0.0,2024-11,2024,11
103525,986,2024-11-24 11:01:44,completed,paypal,,0.0,2024-11,2024,11
103526,2436,2024-11-24 11:22:11,completed,credit_card,,0.0,2024-11,2024,11
103527,2116,2024-11-24 11:24:16,completed,credit_card,,6.95,2024-11,2024,11
103528,2651,2024-11-24 11:34:34,completed,credit_card,,6.95,2024-11,2024,11
103529,1153,2024-11-24 12:22:34,completed,credit_card,,0.0,2024-11,2024,11
103530,913,2024-11-24 12:23:06,completed,apple_pay,,0.0,2024-11,2024,11
103531,531,2024-11-24 12:23:32,completed,credit_card,,0.0,2024-11,2024,11
103532,3337,2024-11-24 12:56:47,completed,credit_card,,0.0,2024-11,2024,11
103533,1104,2024-11-24 13:14:30,completed,credit_card,welcome10,0.0,2024-11,2024,11
103534,2995,2024-11-24 13:39:15,completed,paypal,,6.95,2024-11,2024,11
103535,2197,2024-11-24 14:31:30,completed,paypal,holiday20,0.0,2024-11,2024,11
103536,3127,2024-11-24 15:03:34,completed,apple_pay,,0.0,2024-11,2024,11
103537,1107,2024-11-24 15:31:21,completed,paypal,holiday20,6.95,2024-11,2024,11
103538,2577,2024-11-24 15:38:23,completed,gift_card,holiday20,6.95,2024-11,2024,11
103539,3069,2024-11-24 16:10:00,completed,credit_card,,0.0,2024-11,2024,11
103540,283,2024-11-24 16:53:15,completed,credit_card,,0.0,2024-11,2024,11
103541,1192,2024-11-24 17:26:39,completed,credit_card,holiday20,0.0,2024-11,2024,11
103542,2484,2024-11-24 18:56:44,completed,credit_card,holiday20,0.0,2024-11,2024,11
103543,395,2024-11-24 19:19:08,completed,paypal,,0.0,2024-11,2024,11
103544,2887,2024-11-24 19:34:26,completed,paypal,,0.0,2024-11,2024,11
103545,1039,2024-11-24 20:12:58,completed,credit_card,,6.95,2024-11,2024,11
103546,1295,2024-11-24 20:32:59,completed,apple_pay,,6.95,2024-11,2024,11
103547,473,2024-11-24 21:16:39,completed,credit_card,,0.0,2024-11,2024,11
103548,659,2024-11-24 21:55:31,completed,credit_card,,6.95,2024-11,2024,11
103549,249,2024-11-24 22:10:14,completed,credit_card,,0.0,2024-11,2024,11
103550,2004,2024-11-24 22:28:18,completed,credit_card,holiday20,6.95,2024-11,2024,11
103551,519,2024-11-24 23:13:18,completed,credit_card,,0.0,2024-11,2024,11
103552,1952,2024-11-25 06:42:36,completed,paypal,,0.0,2024-11,2024,11
103553,1552,2024-11-25 08:33:03,completed,paypal,,6.95,2024-11,2024,11
103554,2717,2024-11-25 08:35:41,returned,credit_card,holiday20,6.95,2024-11,2024,11
103555,1198,2024-11-25 09:36:20,completed,credit_card,,0.0,2024-11,2024,11
103556,2026,2024-11-25 10:26:11,canceled,credit_card,,0.0,2024-11,2024,11
103557,2593,2024-11-25 11:02:49,completed,apple_pay,holiday20,0.0,2024-11,2024,11
103558,1933,2024-11-25 11:33:44,completed,credit_card,,0.0,2024-11,2024,11
103559,2919,2024-11-25 12:33:29,completed,apple_pay,holiday20,0.0,2024-11,2024,11
103560,3007,2024-11-25 12:58:17,completed,credit_card,,0.0,2024-11,2024,11
103561,780,2024-11-25 13:28:30,canceled,paypal,,0.0,2024-11,2024,11
103562,1443,2024-11-25 13:36:25,completed,apple_pay,holiday20,0.0,2024-11,2024,11
103563,3356,2024-11-25 14:05:12,completed,credit_card,,0.0,2024-11,2024,11
103564,2394,2024-11-25 15:22:42,completed,credit_card,,0.0,2024-11,2024,11
103565,2197,2024-11-25 16:58:02,completed,apple_pay,,0.0,2024-11,2024,11
103566,1104,2024-11-25 18:09:16,completed,credit_card,welcome10,0.0,2024-11,2024,11
103567,2960,2024-11-25 18:24:57,completed,credit_card,holiday20,6.95,2024-11,2024,11
103568,1104,2024-11-25 19:31:50,completed,paypal,holiday20,0.0,2024-11,2024,11
103569,2449,2024-11-25 19:47:27,completed,paypal,holiday20,0.0,2024-11,2024,11
103570,519,2024-11-25 19:50:21,completed,credit_card,,0.0,2024-11,2024,11
103571,847,2024-11-25 19:55:57,completed,credit_card,,0.0,2024-11,2024,11
103572,2581,2024-11-25 20:23:23,completed,gift_card,holiday20,6.95,2024-11,2024,11
103573,3419,2024-11-25 20:32:59,completed,paypal,welcome10,6.95,2024-11,2024,11
103574,2919,2024-11-25 20:51:54,completed,apple_pay,,0.0,2024-11,2024,11
103575,304,2024-11-25 21:05:56,completed,credit_card,,0.0,2024-11,2024,11
103576,594,2024-11-25 21:17:51,completed,apple_pay,holiday20,6.95,2024-11,2024,11
103577,2693,2024-11-25 23:12:56,completed,credit_card,,0.0,2024-11,2024,11
103578,1375,2024-11-25 23:47:01,completed,credit_card,holiday20,0.0,2024-11,2024,11
103579,3069,2024-11-26 06:17:55,completed,paypal,holiday20,0.0,2024-11,2024,11
103580,2197,2024-11-26 06:58:23,completed,credit_card,holiday20,0.0,2024-11,2024,11
103581,1104,2024-11-26 07:00:44,completed,paypal,,0.0,2024-11,2024,11
103582,3270,2024-11-26 07:10:03,completed,credit_card,,0.0,2024-11,2024,11
103583,2029,2024-11-26 08:17:21,completed,apple_pay,,0.0,2024-11,2024,11
103584,1137,2024-11-26 08:44:00,completed,credit_card,,0.0,2024-11,2024,11
103585,3320,2024-11-26 09:12:10,completed,apple_pay,holiday20,0.0,2024-11,2024,11
103586,1296,2024-11-26 09:16:22,completed,credit_card,,0.0,2024-11,2024,11
103587,1044,2024-11-26 09:42:16,completed,credit_card,,0.0,2024-11,2024,11
103588,84,2024-11-26 09:47:25,completed,paypal,holiday20,6.95,2024-11,2024,11
103589,2099,2024-11-26 10:03:23,completed,credit_card,,6.95,2024-11,2024,11
103590,2738,2024-11-26 10:18:53,completed,paypal,holiday20,0.0,2024-11,2024,11
103591,1440,2024-11-26 10:33:33,completed,credit_card,,0.0,2024-11,2024,11
103592,837,2024-11-26 11:47:54,canceled,credit_card,,0.0,2024-11,2024,11
103593,994,2024-11-26 11:50:13,canceled,paypal,holiday20,0.0,2024-11,2024,11
103594,2651,2024-11-26 12:06:40,completed,credit_card,,0.0,2024-11,2024,11
103595,962,2024-11-26 12:14:41,completed,credit_card,,0.0,2024-11,2024,11
103596,3015,2024-11-26 12:28:04,completed,paypal,,0.0,2024-11,2024,11
103597,3452,2024-11-26 12:48:05,completed,paypal,,6.95,2024-11,2024,11
103598,2580,2024-11-26 13:06:40,completed,credit_card,holiday20,6.95,2024-11,2024,11
103599,3439,2024-11-26 15:17:56,completed,apple_pay,,0.0,2024-11,2024,11
103600,206,2024-11-26 15:55:01,completed,apple_pay,holiday20,6.95,2024-11,2024,11
103601,885,2024-11-26 16:16:35,completed,credit_card,,0.0,2024-11,2024,11
103602,458,2024-11-26 16:28:33,completed,credit_card,,6.95,2024-11,2024,11
103603,2089,2024-11-26 17:46:53,completed,apple_pay,,0.0,2024-11,2024,11
103604,2343,2024-11-26 18:59:15,completed,apple_pay,holiday20,0.0,2024-11,2024,11
103605,2500,2024-11-26 19:15:13,completed,credit_card,holiday20,0.0,2024-11,2024,11
103606,1891,2024-11-26 20:02:12,completed,credit_card,holiday20,0.0,2024-11,2024,11
103607,1104,2024-11-26 20:15:04,completed,credit_card,,0.0,2024-11,2024,11
103608,2099,2024-11-26 20:15:23,completed,credit_card,holiday20,0.0,2024-11,2024,11
103609,143,2024-11-26 20:52:30,completed,credit_card,,6.95,2024-11,2024,11
103610,85,2024-11-26 21:13:57,completed,paypal,,0.0,2024-11,2024,11
103611,2753,2024-11-26 21:43:55,completed,credit_card,,6.95,2024-11,2024,11
103612,1058,2024-11-26 22:28:00,completed,credit_card,,0.0,2024-11,2024,11
103613,304,2024-11-26 22:30:59,completed,apple_pay,,6.95,2024-11,2024,11
103614,1104,2024-11-26 23:27:41,completed,credit_card,holiday20,0.0,2024-11,2024,11
103615,758,2024-11-26 23:50:37,completed,credit_card,,0.0,2024-11,2024,11
103616,920,2024-11-26 23:51:59,completed,gift_card,holiday20,0.0,2024-11,2024,11
103617,3144,2024-11-27 06:15:10,completed,credit_card,,6.95,2024-11,2024,11
103618,803,2024-11-27 09:04:15,completed,credit_card,,6.95,2024-11,2024,11
103619,343,2024-11-27 09:10:03,completed,credit_card,,0.0,2024-11,2024,11
103620,29,2024-11-27 10:08:01,completed,credit_card,,0.0,2024-11,2024,11
103621,2361,2024-11-27 10:22:12,completed,credit_card,holiday20,0.0,2024-11,2024,11
103622,1375,2024-11-27 10:28:53,completed,apple_pay,welcome10,0.0,2024-11,2024,11
103623,1980,2024-11-27 11:17:14,completed,paypal,,0.0,2024-11,2024,11
103624,2061,2024-11-27 11:40:57,completed,paypal,holiday20,6.95,2024-11,2024,11
104259,1725,2025-01-05 09:59:41,completed,credit_card,welcome10,0.0,2025-01,2025,1
103625,2577,2024-11-27 12:12:42,completed,credit_card,holiday20,6.95,2024-11,2024,11
103626,284,2024-11-27 12:22:24,completed,credit_card,,0.0,2024-11,2024,11
103627,334,2024-11-27 12:29:36,completed,credit_card,holiday20,6.95,2024-11,2024,11
103628,1870,2024-11-27 13:02:56,completed,credit_card,,0.0,2024-11,2024,11
103629,247,2024-11-27 13:12:33,completed,credit_card,,0.0,2024-11,2024,11
103630,1153,2024-11-27 13:33:52,completed,credit_card,holiday20,0.0,2024-11,2024,11
103631,1153,2024-11-27 13:56:23,completed,paypal,holiday20,0.0,2024-11,2024,11
103632,2745,2024-11-27 14:04:51,completed,credit_card,,0.0,2024-11,2024,11
103633,3208,2024-11-27 15:00:26,completed,credit_card,holiday20,0.0,2024-11,2024,11
103634,422,2024-11-27 15:41:11,completed,credit_card,,6.95,2024-11,2024,11
103635,2360,2024-11-27 16:25:42,completed,paypal,holiday20,0.0,2024-11,2024,11
103636,2693,2024-11-27 16:49:25,completed,credit_card,,0.0,2024-11,2024,11
103637,1766,2024-11-27 17:21:06,canceled,apple_pay,holiday20,0.0,2024-11,2024,11
103638,788,2024-11-27 17:23:56,completed,credit_card,,0.0,2024-11,2024,11
103639,1209,2024-11-27 22:25:54,completed,apple_pay,,0.0,2024-11,2024,11
103640,2745,2024-11-27 22:33:46,completed,apple_pay,holiday20,6.95,2024-11,2024,11
103641,1980,2024-11-27 22:41:13,completed,credit_card,holiday20,6.95,2024-11,2024,11
103642,2893,2024-11-27 23:33:58,completed,credit_card,welcome10,6.95,2024-11,2024,11
103643,2640,2024-11-28 06:04:24,completed,credit_card,,6.95,2024-11,2024,11
103644,2407,2024-11-28 06:25:59,completed,credit_card,holiday20,6.95,2024-11,2024,11
103645,3014,2024-11-28 07:10:35,completed,paypal,,0.0,2024-11,2024,11
103646,1658,2024-11-28 08:00:13,completed,gift_card,welcome10,0.0,2024-11,2024,11
103647,3416,2024-11-28 08:07:10,completed,credit_card,,0.0,2024-11,2024,11
103648,3327,2024-11-28 08:48:50,completed,credit_card,holiday20,0.0,2024-11,2024,11
103649,3127,2024-11-28 09:43:02,completed,apple_pay,,0.0,2024-11,2024,11
103650,827,2024-11-28 10:40:50,completed,credit_card,,0.0,2024-11,2024,11
103651,1229,2024-11-28 12:06:00,completed,credit_card,,0.0,2024-11,2024,11
103652,1982,2024-11-28 12:15:00,completed,credit_card,welcome10,0.0,2024-11,2024,11
103653,3105,2024-11-28 12:44:23,completed,credit_card,,0.0,2024-11,2024,11
103654,576,2024-11-28 12:50:40,completed,credit_card,welcome10,6.95,2024-11,2024,11
103655,3035,2024-11-28 13:30:51,completed,credit_card,,0.0,2024-11,2024,11
103656,3394,2024-11-28 13:35:51,completed,gift_card,,0.0,2024-11,2024,11
103657,3108,2024-11-28 15:07:39,completed,credit_card,,0.0,2024-11,2024,11
103658,1104,2024-11-28 15:12:11,completed,credit_card,,0.0,2024-11,2024,11
103659,3035,2024-11-28 15:35:03,completed,paypal,holiday20,6.95,2024-11,2024,11
103660,1104,2024-11-28 15:43:42,completed,credit_card,holiday20,0.0,2024-11,2024,11
103661,1467,2024-11-28 15:50:24,completed,credit_card,,6.95,2024-11,2024,11
103662,1110,2024-11-28 16:02:09,completed,apple_pay,holiday20,6.95,2024-11,2024,11
103663,2039,2024-11-28 16:22:14,completed,credit_card,holiday20,0.0,2024-11,2024,11
103664,2003,2024-11-28 17:50:57,completed,credit_card,,0.0,2024-11,2024,11
103665,930,2024-11-28 18:19:35,completed,gift_card,,0.0,2024-11,2024,11
103666,1752,2024-11-28 19:48:46,completed,credit_card,holiday20,6.95,2024-11,2024,11
103667,2742,2024-11-28 23:37:59,completed,credit_card,,0.0,2024-11,2024,11
103668,1480,2024-11-28 23:38:04,completed,apple_pay,holiday20,0.0,2024-11,2024,11
103669,71,2024-11-29 06:05:31,completed,credit_card,,0.0,2024-11,2024,11
103670,3564,2024-11-29 06:33:49,completed,credit_card,holiday20,0.0,2024-11,2024,11
103671,1024,2024-11-29 06:56:50,completed,paypal,,0.0,2024-11,2024,11
103672,1229,2024-11-29 07:07:33,completed,apple_pay,,6.95,2024-11,2024,11
103673,1756,2024-11-29 07:23:33,completed,credit_card,,0.0,2024-11,2024,11
103674,275,2024-11-29 08:01:53,completed,credit_card,,0.0,2024-11,2024,11
103675,2640,2024-11-29 08:21:59,canceled,paypal,,0.0,2024-11,2024,11
103676,1813,2024-11-29 08:27:55,completed,credit_card,holiday20,0.0,2024-11,2024,11
103677,3146,2024-11-29 09:11:59,completed,apple_pay,,6.95,2024-11,2024,11
103678,2763,2024-11-29 10:23:51,completed,paypal,holiday20,0.0,2024-11,2024,11
103679,1461,2024-11-29 10:50:18,completed,paypal,holiday20,0.0,2024-11,2024,11
103680,2538,2024-11-29 10:59:04,canceled,credit_card,holiday20,6.95,2024-11,2024,11
103681,1104,2024-11-29 11:27:12,completed,paypal,,0.0,2024-11,2024,11
103682,3127,2024-11-29 11:37:12,completed,credit_card,holiday20,6.95,2024-11,2024,11
103683,3270,2024-11-29 12:49:32,returned,credit_card,,6.95,2024-11,2024,11
103684,2778,2024-11-29 13:17:37,returned,paypal,,0.0,2024-11,2024,11
103685,1964,2024-11-29 13:46:01,completed,credit_card,,0.0,2024-11,2024,11
103686,3027,2024-11-29 14:57:17,completed,credit_card,holiday20,0.0,2024-11,2024,11
103687,3552,2024-11-29 14:58:42,completed,credit_card,,0.0,2024-11,2024,11
103688,235,2024-11-29 15:31:15,completed,credit_card,,0.0,2024-11,2024,11
103689,1876,2024-11-29 16:31:43,completed,credit_card,,0.0,2024-11,2024,11
103690,2004,2024-11-29 17:05:30,completed,credit_card,,0.0,2024-11,2024,11
103691,1480,2024-11-29 17:28:49,completed,credit_card,holiday20,0.0,2024-11,2024,11
103692,330,2024-11-29 17:40:02,completed,paypal,holiday20,6.95,2024-11,2024,11
103693,2577,2024-11-29 18:12:50,completed,credit_card,holiday20,6.95,2024-11,2024,11
103694,1552,2024-11-29 18:47:53,completed,gift_card,holiday20,6.95,2024-11,2024,11
103695,682,2024-11-29 19:36:18,completed,credit_card,,6.95,2024-11,2024,11
103696,1479,2024-11-29 19:52:24,completed,credit_card,,0.0,2024-11,2024,11
103697,3399,2024-11-29 19:52:43,completed,credit_card,,0.0,2024-11,2024,11
103698,90,2024-11-29 20:04:52,completed,apple_pay,holiday20,0.0,2024-11,2024,11
103699,379,2024-11-29 20:09:40,completed,apple_pay,,6.95,2024-11,2024,11
103700,775,2024-11-29 20:35:02,completed,apple_pay,,6.95,2024-11,2024,11
103701,1552,2024-11-29 22:19:38,completed,paypal,,0.0,2024-11,2024,11
103702,2072,2024-11-29 22:23:11,completed,paypal,holiday20,6.95,2024-11,2024,11
103703,2426,2024-11-29 22:41:03,completed,paypal,holiday20,0.0,2024-11,2024,11
103704,576,2024-11-29 23:39:38,completed,credit_card,holiday20,6.95,2024-11,2024,11
103705,29,2024-11-30 06:24:25,completed,paypal,holiday20,0.0,2024-11,2024,11
103706,1375,2024-11-30 07:14:42,completed,credit_card,holiday20,0.0,2024-11,2024,11
103707,482,2024-11-30 07:18:43,completed,credit_card,,0.0,2024-11,2024,11
103708,3348,2024-11-30 08:00:20,completed,apple_pay,holiday20,0.0,2024-11,2024,11
103709,28,2024-11-30 08:54:53,completed,apple_pay,holiday20,0.0,2024-11,2024,11
103710,2683,2024-11-30 09:13:02,completed,credit_card,,0.0,2024-11,2024,11
103711,3348,2024-11-30 10:41:17,completed,paypal,holiday20,0.0,2024-11,2024,11
103712,1618,2024-11-30 11:22:48,completed,credit_card,,0.0,2024-11,2024,11
103713,1295,2024-11-30 11:39:34,completed,apple_pay,holiday20,0.0,2024-11,2024,11
103714,2181,2024-11-30 11:57:19,completed,credit_card,,0.0,2024-11,2024,11
103715,3532,2024-11-30 12:00:37,completed,paypal,,0.0,2024-11,2024,11
103716,1870,2024-11-30 12:55:44,completed,credit_card,holiday20,0.0,2024-11,2024,11
103717,866,2024-11-30 13:38:01,completed,apple_pay,,6.95,2024-11,2024,11
103718,1980,2024-11-30 13:46:42,completed,credit_card,,0.0,2024-11,2024,11
103719,2099,2024-11-30 13:48:12,canceled,credit_card,,6.95,2024-11,2024,11
103720,2743,2024-11-30 14:28:32,completed,gift_card,holiday20,6.95,2024-11,2024,11
103721,549,2024-11-30 15:37:54,completed,apple_pay,holiday20,0.0,2024-11,2024,11
103722,2248,2024-11-30 15:58:45,completed,credit_card,,0.0,2024-11,2024,11
103723,1234,2024-11-30 16:08:05,completed,credit_card,,0.0,2024-11,2024,11
103724,2535,2024-11-30 16:28:08,completed,credit_card,,0.0,2024-11,2024,11
103725,54,2024-11-30 16:41:32,completed,credit_card,,0.0,2024-11,2024,11
103726,79,2024-11-30 16:49:47,completed,credit_card,,0.0,2024-11,2024,11
103727,2277,2024-11-30 17:39:44,completed,paypal,holiday20,0.0,2024-11,2024,11
103728,2743,2024-11-30 18:22:48,completed,credit_card,holiday20,6.95,2024-11,2024,11
103729,1654,2024-11-30 19:57:00,completed,credit_card,,0.0,2024-11,2024,11
103730,3069,2024-11-30 21:32:14,completed,credit_card,,6.95,2024-11,2024,11
103731,175,2024-11-30 22:52:49,completed,credit_card,,6.95,2024-11,2024,11
103732,3208,2024-11-30 23:07:05,completed,credit_card,,0.0,2024-11,2024,11
103733,1104,2024-12-01 07:58:03,completed,credit_card,,6.95,2024-12,2024,12
103734,1137,2024-12-01 07:59:00,completed,credit_card,,0.0,2024-12,2024,12
103735,1256,2024-12-01 08:04:58,completed,apple_pay,holiday20,6.95,2024-12,2024,12
103736,1891,2024-12-01 09:07:33,completed,credit_card,,6.95,2024-12,2024,12
103737,1264,2024-12-01 10:16:01,completed,gift_card,,6.95,2024-12,2024,12
103738,1607,2024-12-01 11:40:57,completed,credit_card,holiday20,6.95,2024-12,2024,12
103739,3564,2024-12-01 11:44:31,completed,apple_pay,,0.0,2024-12,2024,12
103740,838,2024-12-01 11:49:37,completed,credit_card,holiday20,6.95,2024-12,2024,12
103741,135,2024-12-01 12:12:28,completed,credit_card,,0.0,2024-12,2024,12
103742,2449,2024-12-01 12:56:11,completed,gift_card,holiday20,6.95,2024-12,2024,12
103743,1470,2024-12-01 16:07:47,completed,credit_card,,0.0,2024-12,2024,12
103744,2426,2024-12-01 16:19:34,completed,credit_card,,0.0,2024-12,2024,12
103745,443,2024-12-01 16:50:27,canceled,credit_card,,0.0,2024-12,2024,12
103746,2283,2024-12-01 17:03:23,completed,apple_pay,,6.95,2024-12,2024,12
103747,48,2024-12-01 18:09:17,completed,credit_card,holiday20,0.0,2024-12,2024,12
103748,951,2024-12-01 20:33:53,completed,paypal,holiday20,6.95,2024-12,2024,12
103749,84,2024-12-01 20:59:41,completed,credit_card,,0.0,2024-12,2024,12
103750,2464,2024-12-01 21:17:12,completed,paypal,,6.95,2024-12,2024,12
103751,1829,2024-12-01 21:37:22,completed,paypal,holiday20,6.95,2024-12,2024,12
103752,3250,2024-12-01 22:35:06,completed,credit_card,,0.0,2024-12,2024,12
103753,747,2024-12-01 22:42:26,completed,paypal,,0.0,2024-12,2024,12
103754,747,2024-12-01 23:15:01,completed,credit_card,holiday20,0.0,2024-12,2024,12
103755,1982,2024-12-02 06:25:04,completed,credit_card,holiday20,6.95,2024-12,2024,12
103756,1980,2024-12-02 07:41:45,completed,credit_card,,0.0,2024-12,2024,12
103757,2449,2024-12-02 08:05:23,returned,paypal,,0.0,2024-12,2024,12
103758,443,2024-12-02 09:45:32,canceled,credit_card,holiday20,0.0,2024-12,2024,12
103759,3262,2024-12-02 10:02:27,completed,credit_card,,0.0,2024-12,2024,12
103760,2500,2024-12-02 11:18:27,returned,credit_card,,0.0,2024-12,2024,12
103761,1466,2024-12-02 11:33:18,completed,credit_card,,0.0,2024-12,2024,12
103762,2765,2024-12-02 15:43:22,completed,apple_pay,holiday20,0.0,2024-12,2024,12
103763,803,2024-12-02 17:27:06,returned,credit_card,,0.0,2024-12,2024,12
103764,2752,2024-12-02 17:45:11,completed,credit_card,holiday20,6.95,2024-12,2024,12
103765,594,2024-12-02 18:59:10,completed,credit_card,holiday20,6.95,2024-12,2024,12
103766,378,2024-12-02 19:48:04,completed,apple_pay,holiday20,0.0,2024-12,2024,12
103767,2038,2024-12-02 20:20:59,completed,gift_card,holiday20,6.95,2024-12,2024,12
103768,554,2024-12-02 20:49:56,completed,credit_card,,6.95,2024-12,2024,12
103769,1980,2024-12-02 21:51:21,completed,credit_card,,0.0,2024-12,2024,12
103770,2821,2024-12-02 21:56:39,completed,credit_card,,0.0,2024-12,2024,12
103771,1763,2024-12-02 23:15:47,completed,credit_card,holiday20,6.95,2024-12,2024,12
103772,3069,2024-12-02 23:26:52,completed,credit_card,holiday20,0.0,2024-12,2024,12
103773,1488,2024-12-02 23:38:40,completed,apple_pay,,0.0,2024-12,2024,12
103774,1980,2024-12-03 08:33:52,canceled,credit_card,holiday20,0.0,2024-12,2024,12
103775,399,2024-12-03 10:18:22,completed,paypal,holiday20,0.0,2024-12,2024,12
103776,1104,2024-12-03 10:49:37,completed,credit_card,,0.0,2024-12,2024,12
103777,3324,2024-12-03 11:56:36,returned,credit_card,,6.95,2024-12,2024,12
103778,3108,2024-12-03 12:06:23,returned,credit_card,,0.0,2024-12,2024,12
103779,1552,2024-12-03 13:55:29,completed,gift_card,,0.0,2024-12,2024,12
103780,235,2024-12-03 14:02:05,completed,paypal,,0.0,2024-12,2024,12
103781,307,2024-12-03 14:22:02,completed,paypal,holiday20,6.95,2024-12,2024,12
103782,2078,2024-12-03 14:55:27,completed,apple_pay,holiday20,0.0,2024-12,2024,12
103783,2743,2024-12-03 15:05:24,completed,credit_card,,6.95,2024-12,2024,12
103784,473,2024-12-03 15:59:40,completed,credit_card,,0.0,2024-12,2024,12
103785,2050,2024-12-03 17:25:25,completed,apple_pay,holiday20,0.0,2024-12,2024,12
103786,2893,2024-12-03 19:32:58,completed,paypal,holiday20,0.0,2024-12,2024,12
103787,1813,2024-12-03 22:53:51,completed,credit_card,holiday20,0.0,2024-12,2024,12
103788,59,2024-12-04 07:52:12,completed,paypal,,0.0,2024-12,2024,12
103789,1019,2024-12-04 08:24:26,completed,apple_pay,,0.0,2024-12,2024,12
103790,2577,2024-12-04 08:28:22,completed,credit_card,,0.0,2024-12,2024,12
103791,235,2024-12-04 08:33:55,completed,apple_pay,,0.0,2024-12,2024,12
103792,2195,2024-12-04 11:22:46,completed,paypal,holiday20,0.0,2024-12,2024,12
103793,2026,2024-12-04 12:14:34,completed,gift_card,,0.0,2024-12,2024,12
103794,2976,2024-12-04 12:24:54,completed,apple_pay,holiday20,0.0,2024-12,2024,12
103795,780,2024-12-04 13:12:10,completed,apple_pay,,0.0,2024-12,2024,12
103796,1876,2024-12-04 14:27:40,completed,credit_card,,6.95,2024-12,2024,12
103797,2426,2024-12-04 16:31:03,completed,credit_card,holiday20,0.0,2024-12,2024,12
103798,1443,2024-12-04 17:27:42,completed,paypal,,0.0,2024-12,2024,12
103799,2160,2024-12-04 19:28:17,completed,paypal,,0.0,2024-12,2024,12
103800,1220,2024-12-04 19:42:09,completed,credit_card,,0.0,2024-12,2024,12
103801,1552,2024-12-04 19:52:08,completed,credit_card,,0.0,2024-12,2024,12
103802,443,2024-12-04 20:03:29,completed,credit_card,,0.0,2024-12,2024,12
103803,3208,2024-12-04 21:25:44,completed,apple_pay,,6.95,2024-12,2024,12
103804,1155,2024-12-04 21:40:20,completed,apple_pay,holiday20,0.0,2024-12,2024,12
103805,2580,2024-12-04 21:48:34,completed,paypal,holiday20,6.95,2024-12,2024,12
103806,1153,2024-12-04 23:06:19,completed,credit_card,,0.0,2024-12,2024,12
103807,3041,2024-12-04 23:34:27,completed,gift_card,,0.0,2024-12,2024,12
103808,1209,2024-12-05 06:02:47,completed,credit_card,holiday20,0.0,2024-12,2024,12
103809,2541,2024-12-05 06:15:10,completed,credit_card,,0.0,2024-12,2024,12
103810,89,2024-12-05 08:26:35,completed,credit_card,holiday20,0.0,2024-12,2024,12
103811,3009,2024-12-05 08:47:48,completed,apple_pay,,0.0,2024-12,2024,12
103812,1292,2024-12-05 10:39:38,returned,apple_pay,holiday20,6.95,2024-12,2024,12
103813,2487,2024-12-05 12:43:04,completed,gift_card,,6.95,2024-12,2024,12
103814,734,2024-12-05 15:54:48,completed,credit_card,holiday20,0.0,2024-12,2024,12
103815,2550,2024-12-05 19:11:15,completed,credit_card,holiday20,6.95,2024-12,2024,12
103816,1980,2024-12-05 19:24:24,completed,apple_pay,holiday20,0.0,2024-12,2024,12
103817,443,2024-12-05 23:14:57,completed,credit_card,,0.0,2024-12,2024,12
103818,3531,2024-12-05 23:31:35,returned,credit_card,holiday20,0.0,2024-12,2024,12
103819,48,2024-12-06 07:38:40,completed,credit_card,,0.0,2024-12,2024,12
103820,1039,2024-12-06 08:06:34,completed,credit_card,,0.0,2024-12,2024,12
103821,2893,2024-12-06 09:04:19,completed,paypal,holiday20,0.0,2024-12,2024,12
103822,2181,2024-12-06 09:22:33,completed,apple_pay,,6.95,2024-12,2024,12
103823,549,2024-12-06 11:14:26,returned,credit_card,holiday20,6.95,2024-12,2024,12
103824,1282,2024-12-06 12:33:09,completed,credit_card,,0.0,2024-12,2024,12
103825,1134,2024-12-06 14:13:14,completed,credit_card,,0.0,2024-12,2024,12
103826,443,2024-12-06 14:32:54,completed,apple_pay,,0.0,2024-12,2024,12
103827,391,2024-12-06 14:37:42,completed,apple_pay,,0.0,2024-12,2024,12
103828,1766,2024-12-06 17:31:42,completed,gift_card,,0.0,2024-12,2024,12
103829,2951,2024-12-06 17:50:44,completed,credit_card,,0.0,2024-12,2024,12
103830,1151,2024-12-06 18:54:45,completed,apple_pay,,0.0,2024-12,2024,12
103831,3294,2024-12-06 18:55:05,completed,paypal,,6.95,2024-12,2024,12
103832,2003,2024-12-06 19:51:40,canceled,credit_card,,6.95,2024-12,2024,12
103833,3450,2024-12-06 19:52:42,completed,paypal,,0.0,2024-12,2024,12
103834,135,2024-12-06 20:38:33,completed,credit_card,,0.0,2024-12,2024,12
103835,1566,2024-12-06 22:38:22,completed,credit_card,holiday20,0.0,2024-12,2024,12
103836,2739,2024-12-06 23:35:32,completed,credit_card,holiday20,6.95,2024-12,2024,12
103837,2593,2024-12-07 06:48:24,completed,credit_card,holiday20,6.95,2024-12,2024,12
103838,379,2024-12-07 06:54:47,completed,credit_card,,0.0,2024-12,2024,12
103839,2593,2024-12-07 07:44:52,completed,credit_card,holiday20,0.0,2024-12,2024,12
103840,2821,2024-12-07 07:47:42,completed,paypal,holiday20,6.95,2024-12,2024,12
103841,1552,2024-12-07 08:28:16,completed,apple_pay,holiday20,6.95,2024-12,2024,12
103842,3348,2024-12-07 09:15:01,completed,apple_pay,holiday20,0.0,2024-12,2024,12
103843,731,2024-12-07 09:35:33,completed,paypal,holiday20,0.0,2024-12,2024,12
103844,1064,2024-12-07 10:00:40,completed,apple_pay,,0.0,2024-12,2024,12
103845,3277,2024-12-07 10:18:15,completed,apple_pay,welcome10,0.0,2024-12,2024,12
103846,846,2024-12-07 12:22:56,completed,paypal,,0.0,2024-12,2024,12
103847,3419,2024-12-07 13:06:37,completed,paypal,holiday20,0.0,2024-12,2024,12
103848,2407,2024-12-07 13:41:41,completed,credit_card,holiday20,0.0,2024-12,2024,12
103849,507,2024-12-07 13:53:28,completed,credit_card,holiday20,0.0,2024-12,2024,12
103850,2004,2024-12-07 14:23:12,completed,paypal,,0.0,2024-12,2024,12
103851,283,2024-12-07 15:10:49,returned,credit_card,holiday20,0.0,2024-12,2024,12
103852,967,2024-12-07 15:12:09,completed,credit_card,holiday20,6.95,2024-12,2024,12
103853,3531,2024-12-07 16:05:05,returned,credit_card,,0.0,2024-12,2024,12
103854,963,2024-12-07 17:20:45,completed,credit_card,holiday20,0.0,2024-12,2024,12
103855,526,2024-12-07 18:25:31,completed,paypal,,6.95,2024-12,2024,12
103856,135,2024-12-07 19:32:45,completed,apple_pay,,0.0,2024-12,2024,12
103857,3198,2024-12-07 19:47:07,returned,gift_card,,0.0,2024-12,2024,12
103858,3021,2024-12-07 23:01:52,completed,credit_card,,0.0,2024-12,2024,12
103859,85,2024-12-07 23:19:18,completed,gift_card,holiday20,6.95,2024-12,2024,12
103860,840,2024-12-08 06:04:56,completed,apple_pay,holiday20,6.95,2024-12,2024,12
103861,2181,2024-12-08 06:32:00,completed,credit_card,,0.0,2024-12,2024,12
103862,2054,2024-12-08 07:29:56,completed,apple_pay,holiday20,0.0,2024-12,2024,12
103863,2181,2024-12-08 07:30:07,completed,credit_card,holiday20,0.0,2024-12,2024,12
103864,1360,2024-12-08 07:31:17,completed,credit_card,,0.0,2024-12,2024,12
103865,1717,2024-12-08 07:46:33,completed,credit_card,holiday20,6.95,2024-12,2024,12
103866,747,2024-12-08 08:18:42,completed,credit_card,,0.0,2024-12,2024,12
103867,3348,2024-12-08 08:22:14,returned,credit_card,,0.0,2024-12,2024,12
103868,1104,2024-12-08 09:14:44,completed,paypal,holiday20,0.0,2024-12,2024,12
103869,1255,2024-12-08 12:33:04,completed,paypal,,0.0,2024-12,2024,12
103870,1454,2024-12-08 12:34:46,canceled,paypal,holiday20,6.95,2024-12,2024,12
103871,1454,2024-12-08 13:27:27,completed,apple_pay,,0.0,2024-12,2024,12
103872,3356,2024-12-08 13:31:29,completed,credit_card,holiday20,0.0,2024-12,2024,12
103873,693,2024-12-08 13:49:36,completed,credit_card,,6.95,2024-12,2024,12
103874,778,2024-12-08 15:15:46,completed,credit_card,,0.0,2024-12,2024,12
103875,1234,2024-12-08 16:50:32,completed,paypal,welcome10,6.95,2024-12,2024,12
103876,1044,2024-12-08 16:57:18,completed,credit_card,holiday20,0.0,2024-12,2024,12
103877,3146,2024-12-08 17:24:57,completed,credit_card,holiday20,0.0,2024-12,2024,12
103878,2569,2024-12-08 17:44:23,completed,credit_card,holiday20,0.0,2024-12,2024,12
103879,966,2024-12-08 19:00:50,completed,credit_card,,0.0,2024-12,2024,12
103880,2639,2024-12-08 19:04:42,completed,credit_card,,6.95,2024-12,2024,12
103881,3250,2024-12-08 19:14:36,completed,paypal,holiday20,0.0,2024-12,2024,12
103882,2300,2024-12-08 20:21:59,completed,apple_pay,holiday20,0.0,2024-12,2024,12
103883,3216,2024-12-08 21:42:04,completed,credit_card,,0.0,2024-12,2024,12
103884,2547,2024-12-08 21:59:39,completed,paypal,,6.95,2024-12,2024,12
103885,2183,2024-12-09 06:20:32,completed,credit_card,welcome10,0.0,2024-12,2024,12
103886,2821,2024-12-09 06:49:43,completed,credit_card,,6.95,2024-12,2024,12
103887,3505,2024-12-09 08:29:29,completed,credit_card,,0.0,2024-12,2024,12
103888,2343,2024-12-09 08:30:46,completed,credit_card,holiday20,0.0,2024-12,2024,12
103889,2086,2024-12-09 08:32:52,completed,apple_pay,holiday20,0.0,2024-12,2024,12
103890,1907,2024-12-09 08:48:34,completed,apple_pay,,0.0,2024-12,2024,12
103891,1752,2024-12-09 13:18:24,completed,credit_card,welcome10,0.0,2024-12,2024,12
103892,3368,2024-12-09 21:52:50,completed,credit_card,,0.0,2024-12,2024,12
103893,599,2024-12-09 22:31:28,completed,credit_card,,6.95,2024-12,2024,12
103894,2160,2024-12-10 06:10:20,completed,apple_pay,,0.0,2024-12,2024,12
103895,2693,2024-12-10 08:01:05,completed,apple_pay,,0.0,2024-12,2024,12
103896,3203,2024-12-10 08:20:34,completed,apple_pay,holiday20,6.95,2024-12,2024,12
103897,2300,2024-12-10 10:09:28,completed,credit_card,holiday20,0.0,2024-12,2024,12
103898,1312,2024-12-10 11:03:34,completed,credit_card,,0.0,2024-12,2024,12
103899,659,2024-12-10 12:21:34,completed,paypal,,0.0,2024-12,2024,12
103900,1480,2024-12-10 13:28:18,completed,credit_card,,0.0,2024-12,2024,12
103901,123,2024-12-10 16:14:23,returned,apple_pay,,0.0,2024-12,2024,12
103902,135,2024-12-10 18:18:29,completed,paypal,holiday20,0.0,2024-12,2024,12
103903,2892,2024-12-10 19:45:31,completed,credit_card,holiday20,0.0,2024-12,2024,12
103904,2821,2024-12-10 21:06:54,completed,apple_pay,holiday20,0.0,2024-12,2024,12
103905,1104,2024-12-10 21:31:51,completed,credit_card,,0.0,2024-12,2024,12
103906,1282,2024-12-10 21:41:32,completed,credit_card,,0.0,2024-12,2024,12
103907,2821,2024-12-11 06:24:17,completed,gift_card,,0.0,2024-12,2024,12
103908,2950,2024-12-11 06:29:18,completed,credit_card,holiday20,0.0,2024-12,2024,12
103909,2004,2024-12-11 07:09:14,completed,credit_card,holiday20,0.0,2024-12,2024,12
103910,758,2024-12-11 10:22:25,canceled,apple_pay,,0.0,2024-12,2024,12
103911,1849,2024-12-11 13:59:50,completed,paypal,,6.95,2024-12,2024,12
103912,2520,2024-12-11 17:29:18,completed,paypal,holiday20,0.0,2024-12,2024,12
103913,443,2024-12-11 17:31:20,completed,credit_card,holiday20,0.0,2024-12,2024,12
103914,2092,2024-12-11 17:34:39,completed,credit_card,,0.0,2024-12,2024,12
103915,1728,2024-12-11 17:38:51,returned,credit_card,holiday20,0.0,2024-12,2024,12
103916,1104,2024-12-11 17:47:03,completed,gift_card,holiday20,0.0,2024-12,2024,12
103917,2371,2024-12-11 17:54:21,completed,credit_card,holiday20,0.0,2024-12,2024,12
103918,3570,2024-12-11 19:24:22,completed,credit_card,,0.0,2024-12,2024,12
103919,1870,2024-12-11 19:58:33,canceled,credit_card,,0.0,2024-12,2024,12
103920,3262,2024-12-11 20:13:17,completed,credit_card,,6.95,2024-12,2024,12
103921,627,2024-12-11 20:38:28,completed,credit_card,,0.0,2024-12,2024,12
103922,3432,2024-12-11 21:58:55,completed,apple_pay,,0.0,2024-12,2024,12
103923,1450,2024-12-11 22:32:26,completed,credit_card,,0.0,2024-12,2024,12
103924,3526,2024-12-12 06:30:18,completed,credit_card,,0.0,2024-12,2024,12
103925,1037,2024-12-12 07:03:35,completed,credit_card,holiday20,0.0,2024-12,2024,12
103926,951,2024-12-12 07:54:28,completed,apple_pay,holiday20,0.0,2024-12,2024,12
103927,2742,2024-12-12 08:14:31,completed,credit_card,holiday20,6.95,2024-12,2024,12
103928,1073,2024-12-12 09:32:04,returned,credit_card,,0.0,2024-12,2024,12
103929,2099,2024-12-12 10:18:36,completed,apple_pay,,0.0,2024-12,2024,12
103930,3069,2024-12-12 10:56:24,completed,credit_card,,0.0,2024-12,2024,12
103931,186,2024-12-12 13:41:37,completed,credit_card,,0.0,2024-12,2024,12
103932,3027,2024-12-12 16:52:08,completed,credit_card,,0.0,2024-12,2024,12
103933,3208,2024-12-12 17:50:40,completed,credit_card,,0.0,2024-12,2024,12
103934,594,2024-12-12 18:21:41,completed,credit_card,holiday20,6.95,2024-12,2024,12
103935,2151,2024-12-12 18:24:32,completed,credit_card,holiday20,6.95,2024-12,2024,12
103936,1107,2024-12-12 18:59:02,completed,paypal,,0.0,2024-12,2024,12
103937,3356,2024-12-12 19:11:14,completed,paypal,,0.0,2024-12,2024,12
103938,2283,2024-12-12 19:47:31,completed,paypal,,0.0,2024-12,2024,12
103939,3419,2024-12-12 20:20:45,completed,apple_pay,,0.0,2024-12,2024,12
103940,307,2024-12-12 22:21:25,completed,paypal,,6.95,2024-12,2024,12
103941,48,2024-12-12 22:46:21,completed,credit_card,,6.95,2024-12,2024,12
103942,2181,2024-12-12 22:54:29,completed,credit_card,,0.0,2024-12,2024,12
103943,2579,2024-12-13 06:23:07,completed,credit_card,,0.0,2024-12,2024,12
103944,2269,2024-12-13 06:26:20,completed,credit_card,holiday20,0.0,2024-12,2024,12
103945,2278,2024-12-13 07:53:24,returned,credit_card,,6.95,2024-12,2024,12
103946,3208,2024-12-13 09:27:07,completed,credit_card,,0.0,2024-12,2024,12
103947,1153,2024-12-13 09:58:46,completed,apple_pay,,0.0,2024-12,2024,12
103948,3372,2024-12-13 10:04:17,completed,paypal,,0.0,2024-12,2024,12
103949,2383,2024-12-13 10:22:56,completed,credit_card,,0.0,2024-12,2024,12
103950,2087,2024-12-13 11:20:19,completed,credit_card,holiday20,0.0,2024-12,2024,12
103951,2300,2024-12-13 12:42:14,completed,apple_pay,,0.0,2024-12,2024,12
103952,2763,2024-12-13 13:30:39,canceled,paypal,holiday20,0.0,2024-12,2024,12
103953,1234,2024-12-13 13:34:11,completed,paypal,,6.95,2024-12,2024,12
103954,1192,2024-12-13 14:13:41,completed,credit_card,holiday20,0.0,2024-12,2024,12
103955,3419,2024-12-13 14:31:13,completed,apple_pay,,0.0,2024-12,2024,12
103956,885,2024-12-13 14:51:44,completed,credit_card,,0.0,2024-12,2024,12
103957,3069,2024-12-13 15:07:41,completed,gift_card,,0.0,2024-12,2024,12
103958,2951,2024-12-13 15:44:58,completed,paypal,,0.0,2024-12,2024,12
103959,3270,2024-12-13 16:24:25,returned,credit_card,holiday20,0.0,2024-12,2024,12
103960,54,2024-12-13 20:29:32,completed,credit_card,welcome10,0.0,2024-12,2024,12
103961,3532,2024-12-13 23:24:02,completed,credit_card,,0.0,2024-12,2024,12
103962,484,2024-12-14 06:10:23,completed,paypal,holiday20,0.0,2024-12,2024,12
103963,1182,2024-12-14 06:41:00,completed,paypal,holiday20,6.95,2024-12,2024,12
103964,2962,2024-12-14 07:37:32,completed,gift_card,,6.95,2024-12,2024,12
103965,3348,2024-12-14 08:42:22,completed,credit_card,,6.95,2024-12,2024,12
103966,2277,2024-12-14 08:47:23,completed,paypal,,0.0,2024-12,2024,12
103967,1552,2024-12-14 09:55:58,completed,credit_card,,6.95,2024-12,2024,12
103968,2738,2024-12-14 12:39:37,completed,credit_card,,0.0,2024-12,2024,12
103969,2375,2024-12-14 13:13:14,completed,credit_card,,6.95,2024-12,2024,12
103970,3208,2024-12-14 13:59:37,completed,credit_card,holiday20,0.0,2024-12,2024,12
103971,930,2024-12-14 16:38:01,completed,gift_card,,0.0,2024-12,2024,12
103972,1980,2024-12-14 17:12:10,completed,gift_card,,0.0,2024-12,2024,12
103973,3065,2024-12-14 17:25:17,completed,credit_card,holiday20,0.0,2024-12,2024,12
103974,526,2024-12-14 18:44:05,completed,paypal,holiday20,0.0,2024-12,2024,12
103975,3466,2024-12-14 19:12:05,completed,credit_card,,0.0,2024-12,2024,12
103976,443,2024-12-14 21:32:42,completed,credit_card,holiday20,0.0,2024-12,2024,12
103977,876,2024-12-14 22:34:05,completed,credit_card,holiday20,0.0,2024-12,2024,12
103978,2979,2024-12-14 22:40:22,completed,credit_card,,0.0,2024-12,2024,12
103979,283,2024-12-14 23:20:28,completed,gift_card,,0.0,2024-12,2024,12
103980,379,2024-12-14 23:27:26,completed,credit_card,,6.95,2024-12,2024,12
103981,2023,2024-12-15 07:49:03,completed,credit_card,,0.0,2024-12,2024,12
103982,2341,2024-12-15 08:51:12,completed,credit_card,,0.0,2024-12,2024,12
103983,2950,2024-12-15 09:54:17,completed,paypal,,0.0,2024-12,2024,12
103984,2125,2024-12-15 10:29:35,completed,credit_card,,0.0,2024-12,2024,12
103985,2197,2024-12-15 10:39:43,canceled,paypal,holiday20,0.0,2024-12,2024,12
103986,2436,2024-12-15 16:32:50,completed,paypal,holiday20,0.0,2024-12,2024,12
103987,2821,2024-12-15 18:38:33,completed,credit_card,,6.95,2024-12,2024,12
103988,1830,2024-12-15 18:42:31,completed,apple_pay,,0.0,2024-12,2024,12
103989,2995,2024-12-15 19:08:18,completed,credit_card,,0.0,2024-12,2024,12
103990,1488,2024-12-15 19:58:25,completed,credit_card,,0.0,2024-12,2024,12
103991,2420,2024-12-15 22:47:23,completed,credit_card,,0.0,2024-12,2024,12
103992,2292,2024-12-15 23:28:11,completed,credit_card,,0.0,2024-12,2024,12
103993,441,2024-12-16 07:07:30,completed,paypal,,6.95,2024-12,2024,12
103994,1552,2024-12-16 08:02:06,completed,credit_card,,0.0,2024-12,2024,12
103995,1104,2024-12-16 09:03:02,completed,paypal,,0.0,2024-12,2024,12
103996,607,2024-12-16 09:22:31,completed,credit_card,holiday20,0.0,2024-12,2024,12
103997,3041,2024-12-16 11:30:09,completed,paypal,,0.0,2024-12,2024,12
103998,445,2024-12-16 11:59:12,completed,paypal,holiday20,0.0,2024-12,2024,12
103999,2407,2024-12-16 12:42:34,completed,credit_card,,6.95,2024-12,2024,12
104000,2274,2024-12-16 15:21:32,completed,credit_card,,6.95,2024-12,2024,12
104001,1221,2024-12-16 16:00:07,completed,credit_card,holiday20,0.0,2024-12,2024,12
104002,443,2024-12-16 16:14:31,completed,credit_card,,0.0,2024-12,2024,12
104003,2958,2024-12-16 16:25:57,completed,paypal,holiday20,6.95,2024-12,2024,12
104004,3014,2024-12-16 17:12:11,canceled,credit_card,,0.0,2024-12,2024,12
104005,89,2024-12-16 17:30:26,completed,paypal,holiday20,6.95,2024-12,2024,12
104006,2238,2024-12-16 17:40:27,completed,credit_card,,0.0,2024-12,2024,12
104007,1170,2024-12-16 20:33:10,completed,credit_card,,0.0,2024-12,2024,12
104008,1329,2024-12-16 20:37:47,returned,paypal,,0.0,2024-12,2024,12
104009,2743,2024-12-16 21:46:19,completed,credit_card,,0.0,2024-12,2024,12
104010,1783,2024-12-16 22:43:01,completed,credit_card,,0.0,2024-12,2024,12
104011,772,2024-12-16 22:46:50,completed,paypal,,6.95,2024-12,2024,12
104012,1552,2024-12-17 06:14:29,completed,paypal,holiday20,6.95,2024-12,2024,12
104013,3069,2024-12-17 06:22:23,completed,credit_card,,0.0,2024-12,2024,12
104014,3356,2024-12-17 06:34:56,completed,credit_card,,0.0,2024-12,2024,12
104015,237,2024-12-17 10:07:15,completed,credit_card,,6.95,2024-12,2024,12
104016,424,2024-12-17 11:13:20,completed,apple_pay,holiday20,0.0,2024-12,2024,12
104017,3503,2024-12-17 11:51:15,canceled,gift_card,,0.0,2024-12,2024,12
104018,3014,2024-12-17 13:11:16,canceled,credit_card,,0.0,2024-12,2024,12
104019,443,2024-12-17 14:17:12,completed,paypal,,0.0,2024-12,2024,12
104020,2024,2024-12-17 17:12:21,completed,gift_card,holiday20,0.0,2024-12,2024,12
104021,2151,2024-12-17 18:52:36,completed,credit_card,holiday20,0.0,2024-12,2024,12
104022,2268,2024-12-17 21:33:08,completed,credit_card,,6.95,2024-12,2024,12
104023,3208,2024-12-17 22:44:13,completed,credit_card,holiday20,0.0,2024-12,2024,12
104024,3122,2024-12-17 22:51:54,completed,credit_card,,6.95,2024-12,2024,12
104025,712,2024-12-18 09:38:52,completed,credit_card,,6.95,2024-12,2024,12
104026,788,2024-12-18 10:54:27,completed,credit_card,,0.0,2024-12,2024,12
104027,1375,2024-12-18 11:05:39,completed,apple_pay,,0.0,2024-12,2024,12
104028,712,2024-12-18 13:06:46,completed,apple_pay,holiday20,6.95,2024-12,2024,12
104029,271,2024-12-18 13:47:41,completed,credit_card,holiday20,6.95,2024-12,2024,12
104030,424,2024-12-18 14:07:55,completed,credit_card,holiday20,0.0,2024-12,2024,12
104031,2480,2024-12-18 14:10:45,completed,credit_card,,0.0,2024-12,2024,12
104032,1460,2024-12-18 15:26:53,completed,credit_card,,6.95,2024-12,2024,12
104033,1470,2024-12-18 17:33:05,completed,paypal,holiday20,0.0,2024-12,2024,12
104034,2407,2024-12-18 17:51:13,completed,apple_pay,,0.0,2024-12,2024,12
104035,2764,2024-12-18 19:35:40,completed,credit_card,,0.0,2024-12,2024,12
104036,3216,2024-12-18 19:45:33,completed,credit_card,holiday20,0.0,2024-12,2024,12
104037,199,2024-12-18 19:54:24,completed,credit_card,holiday20,0.0,2024-12,2024,12
104038,1197,2024-12-18 22:40:09,completed,credit_card,,6.95,2024-12,2024,12
104039,1001,2024-12-18 22:41:24,completed,paypal,,0.0,2024-12,2024,12
104040,2004,2024-12-18 23:03:04,completed,credit_card,,0.0,2024-12,2024,12
104041,1162,2024-12-19 07:22:01,completed,credit_card,holiday20,6.95,2024-12,2024,12
104042,3124,2024-12-19 07:48:59,completed,credit_card,holiday20,6.95,2024-12,2024,12
104043,395,2024-12-19 08:47:42,completed,credit_card,,0.0,2024-12,2024,12
104044,3127,2024-12-19 09:13:20,completed,credit_card,holiday20,0.0,2024-12,2024,12
104045,1153,2024-12-19 10:59:04,completed,credit_card,,0.0,2024-12,2024,12
104046,1329,2024-12-19 14:44:16,completed,credit_card,holiday20,6.95,2024-12,2024,12
104047,3025,2024-12-19 15:25:39,completed,credit_card,,6.95,2024-12,2024,12
104048,3069,2024-12-19 16:26:09,completed,paypal,,0.0,2024-12,2024,12
104049,334,2024-12-19 18:12:40,completed,credit_card,,0.0,2024-12,2024,12
104050,271,2024-12-19 18:21:39,completed,credit_card,,0.0,2024-12,2024,12
104051,1988,2024-12-19 18:26:39,completed,apple_pay,,6.95,2024-12,2024,12
104052,3375,2024-12-19 18:37:55,returned,credit_card,,0.0,2024-12,2024,12
104053,2738,2024-12-19 18:41:37,completed,apple_pay,,0.0,2024-12,2024,12
104054,1552,2024-12-19 18:44:08,completed,credit_card,holiday20,0.0,2024-12,2024,12
104055,3361,2024-12-19 19:29:03,completed,apple_pay,holiday20,0.0,2024-12,2024,12
104056,1605,2024-12-19 19:55:32,completed,apple_pay,,0.0,2024-12,2024,12
104057,1428,2024-12-19 20:06:22,completed,credit_card,,6.95,2024-12,2024,12
104058,1454,2024-12-19 20:41:32,canceled,apple_pay,,0.0,2024-12,2024,12
104059,1273,2024-12-19 21:20:19,completed,paypal,holiday20,0.0,2024-12,2024,12
104060,1151,2024-12-19 21:33:26,returned,credit_card,holiday20,0.0,2024-12,2024,12
104061,2278,2024-12-20 06:01:47,canceled,credit_card,,0.0,2024-12,2024,12
104062,1870,2024-12-20 06:57:44,completed,paypal,,6.95,2024-12,2024,12
104063,3324,2024-12-20 07:17:52,completed,paypal,,6.95,2024-12,2024,12
104064,283,2024-12-20 07:19:22,completed,apple_pay,,0.0,2024-12,2024,12
104065,1104,2024-12-20 07:36:17,completed,credit_card,holiday20,0.0,2024-12,2024,12
104066,2919,2024-12-20 08:43:59,completed,credit_card,,0.0,2024-12,2024,12
104067,727,2024-12-20 14:23:57,completed,credit_card,,6.95,2024-12,2024,12
104068,3014,2024-12-20 14:46:21,completed,apple_pay,,6.95,2024-12,2024,12
104069,2183,2024-12-20 15:00:34,completed,apple_pay,,0.0,2024-12,2024,12
104070,2361,2024-12-20 15:23:52,completed,credit_card,,6.95,2024-12,2024,12
104071,199,2024-12-20 15:52:53,completed,apple_pay,holiday20,0.0,2024-12,2024,12
104072,1058,2024-12-20 16:34:05,completed,credit_card,holiday20,0.0,2024-12,2024,12
104073,3324,2024-12-20 16:48:59,completed,apple_pay,,6.95,2024-12,2024,12
104074,1264,2024-12-20 17:55:21,completed,paypal,,0.0,2024-12,2024,12
104075,727,2024-12-20 18:18:28,completed,credit_card,holiday20,0.0,2024-12,2024,12
104076,3450,2024-12-20 18:26:55,completed,apple_pay,holiday20,0.0,2024-12,2024,12
104077,2580,2024-12-20 19:38:28,completed,credit_card,welcome10,0.0,2024-12,2024,12
104078,2796,2024-12-20 19:47:32,completed,credit_card,holiday20,0.0,2024-12,2024,12
104079,2469,2024-12-20 20:50:06,completed,paypal,,0.0,2024-12,2024,12
104080,2862,2024-12-20 22:30:02,completed,apple_pay,holiday20,6.95,2024-12,2024,12
104081,2979,2024-12-20 23:35:46,completed,credit_card,welcome10,0.0,2024-12,2024,12
104082,3368,2024-12-21 06:00:45,returned,paypal,,0.0,2024-12,2024,12
104083,885,2024-12-21 06:15:09,completed,credit_card,holiday20,0.0,2024-12,2024,12
104084,336,2024-12-21 07:06:56,completed,paypal,,0.0,2024-12,2024,12
104085,885,2024-12-21 07:25:42,completed,apple_pay,,0.0,2024-12,2024,12
104086,1408,2024-12-21 08:24:23,completed,credit_card,,0.0,2024-12,2024,12
104087,3432,2024-12-21 09:26:50,completed,credit_card,,0.0,2024-12,2024,12
104088,2333,2024-12-21 09:37:03,completed,credit_card,holiday20,0.0,2024-12,2024,12
104089,508,2024-12-21 09:43:34,completed,credit_card,holiday20,6.95,2024-12,2024,12
104090,964,2024-12-21 11:13:32,returned,paypal,,0.0,2024-12,2024,12
104091,2893,2024-12-21 11:49:06,completed,credit_card,,0.0,2024-12,2024,12
104092,2012,2024-12-21 12:32:28,completed,credit_card,,0.0,2024-12,2024,12
104093,2745,2024-12-21 14:10:48,completed,credit_card,,6.95,2024-12,2024,12
104094,2579,2024-12-21 14:43:30,completed,credit_card,,0.0,2024-12,2024,12
104095,803,2024-12-21 15:14:58,completed,paypal,,0.0,2024-12,2024,12
104096,3525,2024-12-21 16:35:11,completed,paypal,,0.0,2024-12,2024,12
104097,594,2024-12-21 17:16:20,completed,apple_pay,,0.0,2024-12,2024,12
104098,1467,2024-12-21 18:36:48,completed,credit_card,,0.0,2024-12,2024,12
104099,1870,2024-12-21 19:12:15,completed,credit_card,,6.95,2024-12,2024,12
104100,2821,2024-12-21 20:42:27,completed,apple_pay,,6.95,2024-12,2024,12
104101,379,2024-12-21 22:18:05,completed,apple_pay,,0.0,2024-12,2024,12
104102,3304,2024-12-21 22:27:11,completed,credit_card,,6.95,2024-12,2024,12
104103,2274,2024-12-21 22:45:31,completed,credit_card,,0.0,2024-12,2024,12
104104,79,2024-12-21 23:04:10,canceled,apple_pay,,6.95,2024-12,2024,12
104105,3531,2024-12-21 23:33:50,completed,credit_card,,6.95,2024-12,2024,12
104106,788,2024-12-22 08:05:40,returned,credit_card,,0.0,2024-12,2024,12
104107,977,2024-12-22 08:05:43,returned,paypal,,0.0,2024-12,2024,12
104108,2101,2024-12-22 08:06:37,completed,credit_card,holiday20,6.95,2024-12,2024,12
104109,11,2024-12-22 11:16:56,completed,credit_card,,6.95,2024-12,2024,12
104110,761,2024-12-22 12:00:45,completed,apple_pay,,6.95,2024-12,2024,12
104111,2901,2024-12-22 13:14:25,completed,credit_card,,0.0,2024-12,2024,12
104112,500,2024-12-22 13:51:33,completed,apple_pay,holiday20,6.95,2024-12,2024,12
104113,1073,2024-12-22 15:03:49,completed,credit_card,holiday20,0.0,2024-12,2024,12
104114,2480,2024-12-22 16:58:25,completed,paypal,,6.95,2024-12,2024,12
104115,2580,2024-12-22 17:26:39,completed,paypal,,0.0,2024-12,2024,12
104116,3249,2024-12-22 19:05:07,completed,credit_card,,6.95,2024-12,2024,12
104117,3361,2024-12-22 20:45:29,completed,apple_pay,,0.0,2024-12,2024,12
104118,803,2024-12-22 21:11:45,completed,apple_pay,,0.0,2024-12,2024,12
104119,3582,2024-12-22 22:30:29,completed,gift_card,holiday20,0.0,2024-12,2024,12
104120,535,2024-12-23 10:20:08,completed,credit_card,,0.0,2024-12,2024,12
104121,2094,2024-12-23 15:04:49,completed,credit_card,holiday20,6.95,2024-12,2024,12
104122,560,2024-12-23 15:12:57,completed,credit_card,holiday20,0.0,2024-12,2024,12
104123,1091,2024-12-23 16:56:49,completed,credit_card,,0.0,2024-12,2024,12
104124,264,2024-12-23 17:08:01,completed,credit_card,holiday20,0.0,2024-12,2024,12
104125,2261,2024-12-23 19:05:01,completed,credit_card,holiday20,6.95,2024-12,2024,12
104126,551,2024-12-23 22:06:14,completed,paypal,,0.0,2024-12,2024,12
104127,3531,2024-12-23 23:33:11,completed,credit_card,,6.95,2024-12,2024,12
104128,1708,2024-12-24 06:59:39,completed,credit_card,,0.0,2024-12,2024,12
104129,1208,2024-12-24 08:51:42,completed,paypal,holiday20,6.95,2024-12,2024,12
104130,1990,2024-12-24 10:24:19,completed,credit_card,holiday20,0.0,2024-12,2024,12
104131,79,2024-12-24 11:07:30,canceled,apple_pay,holiday20,0.0,2024-12,2024,12
104132,831,2024-12-24 11:18:09,completed,apple_pay,holiday20,0.0,2024-12,2024,12
104133,1104,2024-12-24 15:58:55,completed,credit_card,holiday20,0.0,2024-12,2024,12
104134,1911,2024-12-24 22:18:43,completed,paypal,holiday20,6.95,2024-12,2024,12
104135,1552,2024-12-24 22:22:25,completed,credit_card,welcome10,6.95,2024-12,2024,12
104136,721,2024-12-25 06:30:49,completed,credit_card,,6.95,2024-12,2024,12
104137,3032,2024-12-25 08:50:53,completed,credit_card,,0.0,2024-12,2024,12
104138,1104,2024-12-25 09:28:21,completed,credit_card,welcome10,0.0,2024-12,2024,12
104139,3582,2024-12-25 10:31:31,completed,apple_pay,,6.95,2024-12,2024,12
104140,758,2024-12-25 12:55:07,completed,gift_card,,6.95,2024-12,2024,12
104141,519,2024-12-25 16:50:05,completed,credit_card,,6.95,2024-12,2024,12
104142,386,2024-12-25 18:47:10,completed,apple_pay,welcome10,0.0,2024-12,2024,12
104143,2821,2024-12-25 20:46:33,returned,credit_card,,0.0,2024-12,2024,12
104144,1851,2024-12-26 08:25:25,completed,paypal,holiday20,0.0,2024-12,2024,12
104145,1073,2024-12-26 15:04:10,completed,credit_card,holiday20,6.95,2024-12,2024,12
104146,3134,2024-12-26 15:35:55,completed,apple_pay,,0.0,2024-12,2024,12
104147,1256,2024-12-26 16:16:10,canceled,gift_card,,0.0,2024-12,2024,12
104148,2778,2024-12-26 17:52:17,completed,credit_card,,0.0,2024-12,2024,12
104149,1475,2024-12-26 17:57:24,completed,paypal,holiday20,6.95,2024-12,2024,12
104150,1365,2024-12-26 21:11:42,completed,credit_card,,0.0,2024-12,2024,12
104151,3161,2024-12-27 06:32:49,completed,apple_pay,,0.0,2024-12,2024,12
104152,1736,2024-12-27 08:27:44,completed,paypal,,0.0,2024-12,2024,12
104153,1230,2024-12-27 15:33:47,completed,credit_card,holiday20,6.95,2024-12,2024,12
104154,3216,2024-12-27 16:28:49,completed,paypal,,0.0,2024-12,2024,12
104155,2946,2024-12-27 17:26:11,completed,credit_card,holiday20,0.0,2024-12,2024,12
104156,1980,2024-12-27 17:28:50,completed,credit_card,holiday20,0.0,2024-12,2024,12
104157,2511,2024-12-27 19:50:20,completed,paypal,holiday20,0.0,2024-12,2024,12
104158,391,2024-12-27 23:45:37,completed,paypal,,6.95,2024-12,2024,12
104159,2110,2024-12-28 08:32:04,completed,paypal,holiday20,0.0,2024-12,2024,12
104160,1527,2024-12-28 09:59:25,completed,credit_card,,6.95,2024-12,2024,12
104161,1033,2024-12-28 11:14:35,completed,apple_pay,holiday20,0.0,2024-12,2024,12
104162,368,2024-12-28 11:36:42,completed,apple_pay,,6.95,2024-12,2024,12
104163,138,2024-12-28 12:42:24,returned,apple_pay,,0.0,2024-12,2024,12
104164,2633,2024-12-28 12:42:46,completed,paypal,,0.0,2024-12,2024,12
104165,2745,2024-12-28 13:39:06,completed,credit_card,holiday20,6.95,2024-12,2024,12
104166,913,2024-12-28 14:13:52,completed,credit_card,,0.0,2024-12,2024,12
104167,549,2024-12-28 14:16:27,completed,credit_card,welcome10,0.0,2024-12,2024,12
104168,734,2024-12-28 16:18:37,completed,credit_card,,0.0,2024-12,2024,12
104169,122,2024-12-28 18:08:20,completed,paypal,,0.0,2024-12,2024,12
104170,1876,2024-12-28 20:55:42,completed,credit_card,,0.0,2024-12,2024,12
104171,1220,2024-12-28 22:00:23,completed,credit_card,holiday20,6.95,2024-12,2024,12
104172,401,2024-12-28 22:09:24,completed,paypal,holiday20,6.95,2024-12,2024,12
104173,3526,2024-12-28 22:45:32,completed,credit_card,,6.95,2024-12,2024,12
104174,1623,2024-12-28 23:52:38,completed,paypal,holiday20,6.95,2024-12,2024,12
104175,463,2024-12-29 10:17:09,completed,paypal,holiday20,0.0,2024-12,2024,12
104176,2181,2024-12-29 11:50:59,completed,credit_card,,0.0,2024-12,2024,12
104177,2054,2024-12-29 12:14:40,completed,credit_card,,0.0,2024-12,2024,12
104178,1073,2024-12-29 12:49:05,completed,credit_card,,0.0,2024-12,2024,12
104179,2751,2024-12-29 13:52:14,completed,credit_card,holiday20,6.95,2024-12,2024,12
104180,1440,2024-12-29 14:09:33,completed,gift_card,holiday20,0.0,2024-12,2024,12
104181,1980,2024-12-29 15:16:56,completed,credit_card,,0.0,2024-12,2024,12
104182,208,2024-12-29 17:46:36,completed,credit_card,holiday20,0.0,2024-12,2024,12
104183,2629,2024-12-29 19:43:05,completed,apple_pay,,0.0,2024-12,2024,12
104184,2541,2024-12-29 22:05:10,completed,paypal,,0.0,2024-12,2024,12
104185,2439,2024-12-29 22:21:13,completed,credit_card,,6.95,2024-12,2024,12
104186,1763,2024-12-29 23:12:35,returned,credit_card,holiday20,0.0,2024-12,2024,12
104187,2484,2024-12-30 08:16:22,completed,apple_pay,,6.95,2024-12,2024,12
104188,1756,2024-12-30 08:18:08,completed,paypal,,0.0,2024-12,2024,12
104189,1104,2024-12-30 12:25:57,completed,credit_card,,0.0,2024-12,2024,12
104190,2024,2024-12-30 13:19:56,completed,credit_card,holiday20,0.0,2024-12,2024,12
104191,79,2024-12-30 14:08:37,completed,apple_pay,holiday20,6.95,2024-12,2024,12
104192,2906,2024-12-30 15:55:15,completed,credit_card,holiday20,0.0,2024-12,2024,12
104193,2407,2024-12-30 16:07:17,completed,paypal,,0.0,2024-12,2024,12
104194,2118,2024-12-30 19:21:06,completed,credit_card,welcome10,6.95,2024-12,2024,12
104195,2738,2024-12-30 20:20:23,completed,credit_card,,0.0,2024-12,2024,12
104196,2130,2024-12-30 20:38:23,completed,credit_card,,0.0,2024-12,2024,12
104197,2925,2024-12-30 21:01:05,completed,credit_card,,0.0,2024-12,2024,12
109087,3358,2025-12-22 08:35:44,completed,credit_card,holiday20,0.0,2025-12,2025,12
104198,2995,2024-12-30 22:33:11,completed,credit_card,,0.0,2024-12,2024,12
104199,3007,2024-12-30 23:27:28,completed,paypal,,0.0,2024-12,2024,12
104200,3526,2024-12-30 23:41:58,returned,credit_card,,6.95,2024-12,2024,12
104201,424,2024-12-30 23:44:05,returned,credit_card,,0.0,2024-12,2024,12
104202,1545,2024-12-31 07:24:27,completed,apple_pay,,6.95,2024-12,2024,12
104203,3526,2024-12-31 08:55:11,completed,credit_card,,0.0,2024-12,2024,12
104204,3347,2024-12-31 09:19:36,completed,apple_pay,,0.0,2024-12,2024,12
104205,3249,2024-12-31 11:30:37,completed,paypal,,0.0,2024-12,2024,12
104206,1454,2024-12-31 11:58:57,completed,credit_card,holiday20,0.0,2024-12,2024,12
104207,1044,2024-12-31 12:03:07,completed,gift_card,holiday20,6.95,2024-12,2024,12
104208,2369,2024-12-31 12:53:57,completed,gift_card,holiday20,0.0,2024-12,2024,12
104209,1783,2024-12-31 13:10:20,completed,credit_card,,0.0,2024-12,2024,12
104210,1786,2024-12-31 16:33:01,completed,apple_pay,holiday20,0.0,2024-12,2024,12
104211,2186,2024-12-31 18:19:25,completed,paypal,holiday20,0.0,2024-12,2024,12
104212,3394,2024-12-31 21:26:45,canceled,paypal,holiday20,0.0,2024-12,2024,12
104213,143,2025-01-01 08:12:51,canceled,apple_pay,,0.0,2025-01,2025,1
104214,1234,2025-01-01 09:00:17,completed,paypal,,0.0,2025-01,2025,1
104215,1708,2025-01-01 11:53:10,completed,credit_card,,6.95,2025-01,2025,1
104216,3531,2025-01-01 12:17:45,completed,credit_card,,6.95,2025-01,2025,1
104217,1970,2025-01-01 14:41:51,completed,apple_pay,,0.0,2025-01,2025,1
104218,307,2025-01-01 16:17:06,completed,credit_card,,0.0,2025-01,2025,1
104219,2741,2025-01-01 19:17:07,completed,credit_card,,0.0,2025-01,2025,1
104220,219,2025-01-01 19:41:23,completed,credit_card,,0.0,2025-01,2025,1
104221,1575,2025-01-01 19:42:54,completed,credit_card,,0.0,2025-01,2025,1
104222,304,2025-01-01 19:53:24,completed,credit_card,,0.0,2025-01,2025,1
104223,274,2025-01-01 23:43:09,completed,credit_card,,0.0,2025-01,2025,1
104224,2267,2025-01-02 08:23:32,completed,credit_card,welcome10,0.0,2025-01,2025,1
104225,576,2025-01-02 09:50:05,completed,credit_card,,0.0,2025-01,2025,1
104226,727,2025-01-02 09:58:49,completed,paypal,,0.0,2025-01,2025,1
104227,1153,2025-01-02 10:21:13,completed,gift_card,,0.0,2025-01,2025,1
104228,2132,2025-01-02 11:35:17,completed,paypal,,6.95,2025-01,2025,1
104229,1085,2025-01-02 12:37:19,completed,credit_card,,6.95,2025-01,2025,1
104230,85,2025-01-02 13:21:10,returned,apple_pay,,0.0,2025-01,2025,1
104231,1256,2025-01-02 13:22:40,completed,credit_card,,0.0,2025-01,2025,1
104232,967,2025-01-02 15:02:33,completed,credit_card,,0.0,2025-01,2025,1
104233,1414,2025-01-02 16:42:39,completed,credit_card,,6.95,2025-01,2025,1
104234,3249,2025-01-02 18:28:08,completed,paypal,,0.0,2025-01,2025,1
104235,330,2025-01-02 22:12:19,completed,credit_card,,0.0,2025-01,2025,1
104236,885,2025-01-03 10:31:57,completed,gift_card,,0.0,2025-01,2025,1
104237,1203,2025-01-03 14:15:46,completed,credit_card,,0.0,2025-01,2025,1
104238,2363,2025-01-03 15:28:00,completed,credit_card,,0.0,2025-01,2025,1
104240,1104,2025-01-03 18:07:30,completed,paypal,,0.0,2025-01,2025,1
104241,3582,2025-01-03 18:40:11,completed,paypal,,6.95,2025-01,2025,1
104242,1891,2025-01-03 21:11:02,completed,paypal,,6.95,2025-01,2025,1
104243,3531,2025-01-03 22:10:34,completed,paypal,,0.0,2025-01,2025,1
104244,1192,2025-01-04 07:49:24,completed,credit_card,,6.95,2025-01,2025,1
104245,560,2025-01-04 08:50:17,completed,apple_pay,,0.0,2025-01,2025,1
104246,3459,2025-01-04 10:22:22,completed,paypal,,0.0,2025-01,2025,1
104247,1221,2025-01-04 12:41:28,completed,credit_card,,0.0,2025-01,2025,1
104248,1104,2025-01-04 14:45:35,completed,credit_card,,0.0,2025-01,2025,1
104249,2950,2025-01-04 15:26:35,completed,credit_card,,0.0,2025-01,2025,1
104250,1064,2025-01-04 15:32:12,completed,credit_card,,0.0,2025-01,2025,1
104251,1537,2025-01-04 19:55:35,completed,credit_card,welcome10,0.0,2025-01,2025,1
104252,199,2025-01-04 22:33:29,completed,credit_card,,0.0,2025-01,2025,1
104253,1450,2025-01-04 23:25:30,completed,credit_card,,6.95,2025-01,2025,1
104254,2110,2025-01-05 06:32:13,completed,paypal,,0.0,2025-01,2025,1
104255,2110,2025-01-05 08:10:07,completed,paypal,,0.0,2025-01,2025,1
104256,788,2025-01-05 08:24:30,completed,credit_card,,0.0,2025-01,2025,1
104257,1375,2025-01-05 08:43:55,returned,paypal,welcome10,6.95,2025-01,2025,1
104258,3526,2025-01-05 08:57:14,completed,paypal,,0.0,2025-01,2025,1
104260,2906,2025-01-05 10:45:46,completed,credit_card,,0.0,2025-01,2025,1
104261,2523,2025-01-05 12:19:09,completed,credit_card,,0.0,2025-01,2025,1
104262,2743,2025-01-05 13:54:40,completed,gift_card,,0.0,2025-01,2025,1
104263,208,2025-01-05 14:31:43,completed,paypal,,0.0,2025-01,2025,1
104264,336,2025-01-05 14:48:24,completed,credit_card,,0.0,2025-01,2025,1
104265,2796,2025-01-05 16:39:23,completed,paypal,,0.0,2025-01,2025,1
104266,371,2025-01-05 18:21:08,completed,credit_card,,0.0,2025-01,2025,1
104267,1980,2025-01-05 19:56:35,completed,credit_card,,0.0,2025-01,2025,1
104268,2960,2025-01-05 20:05:06,completed,credit_card,,0.0,2025-01,2025,1
104269,206,2025-01-06 08:00:45,completed,apple_pay,,0.0,2025-01,2025,1
104270,1293,2025-01-06 08:01:39,completed,credit_card,,0.0,2025-01,2025,1
104271,1717,2025-01-06 11:55:43,completed,paypal,,0.0,2025-01,2025,1
104272,2300,2025-01-06 13:04:22,completed,credit_card,,0.0,2025-01,2025,1
104273,3273,2025-01-06 14:55:50,completed,credit_card,welcome10,0.0,2025-01,2025,1
104274,725,2025-01-06 16:15:14,completed,credit_card,,0.0,2025-01,2025,1
104275,11,2025-01-06 17:53:46,completed,credit_card,,0.0,2025-01,2025,1
104276,1073,2025-01-06 19:48:55,completed,apple_pay,welcome10,0.0,2025-01,2025,1
104277,2500,2025-01-06 21:42:38,completed,credit_card,,0.0,2025-01,2025,1
104278,1104,2025-01-06 23:23:01,completed,credit_card,,0.0,2025-01,2025,1
104279,1220,2025-01-07 06:24:59,completed,paypal,,0.0,2025-01,2025,1
104280,1478,2025-01-07 07:44:53,completed,apple_pay,,0.0,2025-01,2025,1
104281,912,2025-01-07 16:47:00,completed,credit_card,welcome10,0.0,2025-01,2025,1
104282,3262,2025-01-07 18:17:54,returned,apple_pay,,0.0,2025-01,2025,1
104283,3069,2025-01-07 18:27:46,completed,paypal,,0.0,2025-01,2025,1
104284,745,2025-01-07 19:05:23,completed,gift_card,,0.0,2025-01,2025,1
104285,505,2025-01-07 22:24:28,completed,credit_card,,0.0,2025-01,2025,1
104286,3401,2025-01-07 22:57:58,completed,apple_pay,,0.0,2025-01,2025,1
104287,2160,2025-01-08 06:25:56,completed,credit_card,,0.0,2025-01,2025,1
104288,2407,2025-01-08 09:23:45,completed,credit_card,,0.0,2025-01,2025,1
104289,830,2025-01-08 09:24:09,completed,credit_card,,6.95,2025-01,2025,1
104290,1708,2025-01-08 11:29:53,completed,credit_card,,0.0,2025-01,2025,1
104291,1552,2025-01-08 15:15:05,completed,credit_card,,0.0,2025-01,2025,1
104292,1234,2025-01-08 16:30:15,completed,credit_card,,0.0,2025-01,2025,1
104293,2460,2025-01-08 16:53:46,completed,credit_card,,0.0,2025-01,2025,1
104294,3032,2025-01-08 19:35:30,completed,gift_card,,0.0,2025-01,2025,1
104295,747,2025-01-08 21:48:28,completed,credit_card,,0.0,2025-01,2025,1
104296,2394,2025-01-09 06:11:53,completed,credit_card,,0.0,2025-01,2025,1
104297,235,2025-01-09 09:44:00,completed,credit_card,,0.0,2025-01,2025,1
104298,1418,2025-01-09 14:08:22,completed,credit_card,,0.0,2025-01,2025,1
104299,382,2025-01-09 17:57:47,completed,paypal,,0.0,2025-01,2025,1
104300,2962,2025-01-09 18:50:21,completed,paypal,,6.95,2025-01,2025,1
104301,3105,2025-01-09 19:30:23,completed,paypal,,0.0,2025-01,2025,1
104302,1469,2025-01-09 21:10:46,completed,credit_card,,0.0,2025-01,2025,1
104303,399,2025-01-09 21:24:08,completed,paypal,,0.0,2025-01,2025,1
104304,256,2025-01-09 21:57:28,completed,paypal,,0.0,2025-01,2025,1
104305,3487,2025-01-10 07:14:45,completed,gift_card,,0.0,2025-01,2025,1
104306,1583,2025-01-10 12:00:04,completed,credit_card,,0.0,2025-01,2025,1
104307,2995,2025-01-10 14:32:24,returned,credit_card,,0.0,2025-01,2025,1
104308,2693,2025-01-10 16:03:14,completed,paypal,,0.0,2025-01,2025,1
104309,2574,2025-01-10 17:53:00,completed,paypal,,0.0,2025-01,2025,1
104310,2426,2025-01-10 18:20:59,completed,apple_pay,,0.0,2025-01,2025,1
104311,502,2025-01-10 18:34:43,completed,credit_card,,0.0,2025-01,2025,1
104312,840,2025-01-10 21:27:41,completed,credit_card,,0.0,2025-01,2025,1
104313,3127,2025-01-11 09:01:03,canceled,credit_card,,6.95,2025-01,2025,1
104314,3147,2025-01-11 13:01:42,returned,credit_card,,6.95,2025-01,2025,1
104315,2856,2025-01-11 15:46:54,completed,credit_card,,0.0,2025-01,2025,1
104316,473,2025-01-11 16:11:16,completed,gift_card,,0.0,2025-01,2025,1
104317,967,2025-01-11 16:14:59,completed,credit_card,,0.0,2025-01,2025,1
104318,590,2025-01-11 16:22:48,completed,credit_card,,0.0,2025-01,2025,1
104319,1240,2025-01-11 17:01:38,completed,paypal,,0.0,2025-01,2025,1
104320,1813,2025-01-11 17:50:16,completed,credit_card,,0.0,2025-01,2025,1
104321,1153,2025-01-11 18:21:30,completed,credit_card,,0.0,2025-01,2025,1
104322,1607,2025-01-11 18:38:58,completed,credit_card,,0.0,2025-01,2025,1
104323,3208,2025-01-11 18:52:04,completed,credit_card,,0.0,2025-01,2025,1
104324,1104,2025-01-11 19:49:24,completed,paypal,,0.0,2025-01,2025,1
104325,186,2025-01-11 22:16:51,returned,credit_card,,0.0,2025-01,2025,1
104326,840,2025-01-11 22:53:43,completed,paypal,,0.0,2025-01,2025,1
104327,838,2025-01-11 23:07:08,completed,apple_pay,,0.0,2025-01,2025,1
104328,2796,2025-01-11 23:53:40,completed,credit_card,,6.95,2025-01,2025,1
104329,2711,2025-01-12 08:54:30,completed,credit_card,,0.0,2025-01,2025,1
104330,2449,2025-01-12 09:07:50,completed,gift_card,,0.0,2025-01,2025,1
104331,2278,2025-01-12 10:13:54,canceled,paypal,welcome10,6.95,2025-01,2025,1
104332,3035,2025-01-12 12:04:42,completed,credit_card,,0.0,2025-01,2025,1
104333,175,2025-01-12 13:44:48,completed,apple_pay,,6.95,2025-01,2025,1
104334,2520,2025-01-12 17:39:32,returned,gift_card,,0.0,2025-01,2025,1
104335,1382,2025-01-12 21:31:07,completed,credit_card,,0.0,2025-01,2025,1
104336,379,2025-01-12 22:01:57,completed,credit_card,,6.95,2025-01,2025,1
104337,3127,2025-01-13 06:17:32,completed,credit_card,,6.95,2025-01,2025,1
104338,3127,2025-01-13 07:46:50,completed,credit_card,welcome10,0.0,2025-01,2025,1
104339,1137,2025-01-13 09:25:04,completed,paypal,,0.0,2025-01,2025,1
104340,2197,2025-01-13 13:42:17,completed,credit_card,,6.95,2025-01,2025,1
104341,2181,2025-01-13 14:31:38,canceled,credit_card,,6.95,2025-01,2025,1
104342,1170,2025-01-13 14:37:53,returned,gift_card,,0.0,2025-01,2025,1
104343,107,2025-01-13 20:46:16,completed,credit_card,,6.95,2025-01,2025,1
104344,2110,2025-01-13 20:51:37,returned,credit_card,,0.0,2025-01,2025,1
104345,2151,2025-01-14 08:03:27,returned,credit_card,,0.0,2025-01,2025,1
104346,2743,2025-01-14 09:01:53,completed,apple_pay,,0.0,2025-01,2025,1
104347,3127,2025-01-14 09:25:18,completed,credit_card,,0.0,2025-01,2025,1
104348,3032,2025-01-14 09:46:08,completed,paypal,,0.0,2025-01,2025,1
104349,2160,2025-01-14 11:45:31,completed,apple_pay,,6.95,2025-01,2025,1
104350,3015,2025-01-14 13:03:43,completed,credit_card,,0.0,2025-01,2025,1
104351,1891,2025-01-14 14:17:12,completed,credit_card,,0.0,2025-01,2025,1
104352,115,2025-01-14 20:12:03,completed,credit_card,,6.95,2025-01,2025,1
104353,384,2025-01-14 20:18:58,completed,credit_card,,0.0,2025-01,2025,1
104354,1257,2025-01-14 20:53:48,completed,credit_card,,0.0,2025-01,2025,1
104355,1618,2025-01-14 21:22:44,completed,credit_card,,0.0,2025-01,2025,1
104356,1435,2025-01-14 23:04:24,completed,paypal,,0.0,2025-01,2025,1
104357,519,2025-01-15 07:16:38,completed,apple_pay,,6.95,2025-01,2025,1
104358,3345,2025-01-15 07:47:58,completed,credit_card,,6.95,2025-01,2025,1
104359,3208,2025-01-15 07:52:30,completed,credit_card,,0.0,2025-01,2025,1
104360,3014,2025-01-15 09:40:55,completed,credit_card,welcome10,6.95,2025-01,2025,1
104361,966,2025-01-15 13:05:02,completed,credit_card,,0.0,2025-01,2025,1
104362,3488,2025-01-15 15:40:31,completed,credit_card,,6.95,2025-01,2025,1
104363,2893,2025-01-15 18:34:23,completed,credit_card,,0.0,2025-01,2025,1
104364,2361,2025-01-15 19:44:55,completed,credit_card,,0.0,2025-01,2025,1
104365,3035,2025-01-15 23:36:02,completed,apple_pay,,0.0,2025-01,2025,1
104366,138,2025-01-16 06:22:12,completed,credit_card,welcome10,0.0,2025-01,2025,1
104367,2942,2025-01-16 13:39:09,completed,credit_card,,6.95,2025-01,2025,1
104368,1954,2025-01-16 14:12:12,completed,credit_card,,0.0,2025-01,2025,1
104369,2664,2025-01-16 14:28:40,completed,credit_card,,0.0,2025-01,2025,1
104370,1336,2025-01-16 15:25:48,completed,paypal,,0.0,2025-01,2025,1
104371,2460,2025-01-16 18:11:08,completed,gift_card,,6.95,2025-01,2025,1
104372,100,2025-01-16 18:19:19,completed,credit_card,,0.0,2025-01,2025,1
104373,1064,2025-01-16 18:36:18,completed,credit_card,,0.0,2025-01,2025,1
104374,1217,2025-01-16 19:00:18,completed,credit_card,,6.95,2025-01,2025,1
104375,1220,2025-01-16 19:29:33,returned,credit_card,,0.0,2025-01,2025,1
104376,2355,2025-01-16 21:18:00,completed,apple_pay,,0.0,2025-01,2025,1
104377,1271,2025-01-16 22:48:38,completed,credit_card,,0.0,2025-01,2025,1
104378,3600,2025-01-16 22:53:18,completed,apple_pay,,6.95,2025-01,2025,1
104379,2450,2025-01-17 07:44:27,completed,credit_card,,0.0,2025-01,2025,1
104380,2743,2025-01-17 10:33:19,completed,credit_card,,0.0,2025-01,2025,1
104381,915,2025-01-17 10:43:29,completed,paypal,,0.0,2025-01,2025,1
104382,962,2025-01-17 11:38:34,completed,paypal,,0.0,2025-01,2025,1
104383,3110,2025-01-17 12:14:44,completed,credit_card,,0.0,2025-01,2025,1
104384,551,2025-01-17 12:38:13,completed,apple_pay,,0.0,2025-01,2025,1
104385,384,2025-01-17 12:59:34,completed,credit_card,,0.0,2025-01,2025,1
104386,2353,2025-01-17 14:19:46,completed,apple_pay,welcome10,0.0,2025-01,2025,1
104387,519,2025-01-17 15:08:19,canceled,credit_card,,6.95,2025-01,2025,1
104388,3337,2025-01-17 16:54:24,completed,credit_card,,6.95,2025-01,2025,1
104389,268,2025-01-17 21:54:13,completed,credit_card,,6.95,2025-01,2025,1
104390,3466,2025-01-17 22:10:04,completed,paypal,,0.0,2025-01,2025,1
104391,3466,2025-01-17 23:18:47,completed,credit_card,,0.0,2025-01,2025,1
104392,48,2025-01-18 06:20:05,returned,credit_card,,0.0,2025-01,2025,1
104393,3356,2025-01-18 08:50:51,completed,paypal,,6.95,2025-01,2025,1
104394,1658,2025-01-18 09:57:53,completed,paypal,,6.95,2025-01,2025,1
104395,2412,2025-01-18 10:05:29,completed,credit_card,,6.95,2025-01,2025,1
104396,482,2025-01-18 12:12:41,completed,paypal,,0.0,2025-01,2025,1
104397,1552,2025-01-18 12:26:48,canceled,credit_card,,0.0,2025-01,2025,1
104398,1566,2025-01-18 12:36:09,completed,credit_card,,0.0,2025-01,2025,1
104399,2164,2025-01-18 14:28:26,completed,credit_card,,0.0,2025-01,2025,1
104400,923,2025-01-18 16:41:15,completed,credit_card,,0.0,2025-01,2025,1
104401,1586,2025-01-18 19:18:16,completed,gift_card,,0.0,2025-01,2025,1
104402,3600,2025-01-18 20:08:14,completed,paypal,,6.95,2025-01,2025,1
104403,2480,2025-01-18 20:12:19,completed,gift_card,,0.0,2025-01,2025,1
104404,600,2025-01-19 06:35:39,completed,credit_card,,0.0,2025-01,2025,1
104405,3329,2025-01-19 07:09:11,completed,credit_card,,6.95,2025-01,2025,1
104406,133,2025-01-19 10:12:29,completed,credit_card,,0.0,2025-01,2025,1
104407,1454,2025-01-19 10:21:05,completed,apple_pay,,0.0,2025-01,2025,1
104408,1813,2025-01-19 13:04:19,completed,paypal,,0.0,2025-01,2025,1
104409,2925,2025-01-19 13:40:53,completed,credit_card,,6.95,2025-01,2025,1
104410,3356,2025-01-19 13:54:03,completed,credit_card,,0.0,2025-01,2025,1
104411,502,2025-01-19 14:27:09,completed,credit_card,welcome10,0.0,2025-01,2025,1
104412,2441,2025-01-19 14:34:59,completed,credit_card,,0.0,2025-01,2025,1
104413,2160,2025-01-19 15:25:42,completed,paypal,,6.95,2025-01,2025,1
104414,336,2025-01-19 16:04:26,completed,apple_pay,,0.0,2025-01,2025,1
104415,727,2025-01-19 16:35:41,completed,paypal,,6.95,2025-01,2025,1
104416,2355,2025-01-19 17:23:20,completed,credit_card,,0.0,2025-01,2025,1
104417,3505,2025-01-19 18:26:26,completed,credit_card,welcome10,6.95,2025-01,2025,1
105094,2278,2025-03-18 20:01:54,completed,credit_card,,0.0,2025-03,2025,3
104418,3032,2025-01-19 18:33:47,canceled,apple_pay,,6.95,2025-01,2025,1
104419,2278,2025-01-19 18:49:41,completed,credit_card,,0.0,2025-01,2025,1
104420,1293,2025-01-20 11:37:51,completed,gift_card,,0.0,2025-01,2025,1
104421,1618,2025-01-20 11:38:35,completed,gift_card,,0.0,2025-01,2025,1
104422,3069,2025-01-20 12:34:29,completed,credit_card,,0.0,2025-01,2025,1
104423,1137,2025-01-20 14:35:33,completed,apple_pay,welcome10,6.95,2025-01,2025,1
104424,1107,2025-01-20 18:27:01,completed,credit_card,,0.0,2025-01,2025,1
104425,3543,2025-01-20 20:35:16,completed,credit_card,,6.95,2025-01,2025,1
104426,2960,2025-01-20 22:17:22,completed,credit_card,,0.0,2025-01,2025,1
104427,1552,2025-01-21 06:49:47,completed,gift_card,,0.0,2025-01,2025,1
104428,405,2025-01-21 08:28:52,completed,credit_card,,6.95,2025-01,2025,1
104429,235,2025-01-21 10:14:38,completed,apple_pay,,0.0,2025-01,2025,1
104430,1980,2025-01-21 11:48:40,completed,credit_card,,0.0,2025-01,2025,1
104431,3543,2025-01-21 12:28:44,completed,paypal,,0.0,2025-01,2025,1
104432,59,2025-01-21 18:10:46,completed,apple_pay,welcome10,0.0,2025-01,2025,1
104433,2241,2025-01-21 21:37:15,completed,credit_card,,0.0,2025-01,2025,1
104434,2101,2025-01-22 11:07:07,completed,credit_card,,0.0,2025-01,2025,1
104435,2360,2025-01-22 11:17:24,completed,credit_card,welcome10,0.0,2025-01,2025,1
104436,1230,2025-01-22 11:37:23,completed,credit_card,,0.0,2025-01,2025,1
104437,686,2025-01-22 12:10:03,completed,credit_card,,0.0,2025-01,2025,1
104438,494,2025-01-22 13:51:57,completed,credit_card,,0.0,2025-01,2025,1
104439,336,2025-01-22 15:36:45,completed,credit_card,,6.95,2025-01,2025,1
104440,2846,2025-01-22 16:16:40,completed,apple_pay,,0.0,2025-01,2025,1
104441,1330,2025-01-22 17:34:34,completed,paypal,,6.95,2025-01,2025,1
104442,2593,2025-01-22 19:24:06,completed,apple_pay,,0.0,2025-01,2025,1
104443,949,2025-01-22 20:53:14,completed,credit_card,,6.95,2025-01,2025,1
104444,2087,2025-01-22 21:47:22,completed,credit_card,,0.0,2025-01,2025,1
104445,2778,2025-01-22 22:00:25,completed,gift_card,,0.0,2025-01,2025,1
104446,2711,2025-01-23 06:20:13,completed,paypal,,0.0,2025-01,2025,1
104447,519,2025-01-23 07:34:09,completed,paypal,,0.0,2025-01,2025,1
104448,441,2025-01-23 10:55:12,completed,credit_card,,0.0,2025-01,2025,1
104449,3270,2025-01-23 11:34:28,completed,gift_card,,0.0,2025-01,2025,1
104450,3564,2025-01-23 13:02:55,completed,credit_card,,6.95,2025-01,2025,1
104451,2162,2025-01-23 15:01:45,returned,credit_card,,0.0,2025-01,2025,1
104452,2577,2025-01-23 16:50:25,completed,credit_card,,0.0,2025-01,2025,1
104453,3564,2025-01-23 20:04:28,completed,credit_card,,6.95,2025-01,2025,1
104454,2577,2025-01-24 08:06:19,completed,credit_card,,0.0,2025-01,2025,1
104456,1980,2025-01-24 09:49:52,completed,credit_card,,0.0,2025-01,2025,1
104457,1270,2025-01-24 10:11:14,completed,credit_card,,0.0,2025-01,2025,1
104458,1918,2025-01-24 10:57:34,completed,credit_card,,6.95,2025-01,2025,1
104459,115,2025-01-24 11:54:11,completed,credit_card,,6.95,2025-01,2025,1
104460,2160,2025-01-24 16:22:18,completed,paypal,,6.95,2025-01,2025,1
104461,1071,2025-01-24 16:26:47,completed,paypal,,0.0,2025-01,2025,1
104462,1470,2025-01-24 16:35:17,completed,gift_card,,0.0,2025-01,2025,1
104463,443,2025-01-24 17:11:31,completed,credit_card,,0.0,2025-01,2025,1
104464,2480,2025-01-24 17:47:32,completed,credit_card,,0.0,2025-01,2025,1
104465,135,2025-01-24 18:19:55,completed,apple_pay,,0.0,2025-01,2025,1
104466,1360,2025-01-24 20:10:03,completed,credit_card,,0.0,2025-01,2025,1
104467,2745,2025-01-25 07:11:08,completed,credit_card,,0.0,2025-01,2025,1
104468,964,2025-01-25 08:19:50,completed,credit_card,,6.95,2025-01,2025,1
104469,401,2025-01-25 10:26:32,returned,credit_card,,0.0,2025-01,2025,1
104470,2436,2025-01-25 10:51:58,canceled,credit_card,,6.95,2025-01,2025,1
104471,203,2025-01-25 12:25:55,completed,credit_card,,0.0,2025-01,2025,1
104472,1933,2025-01-25 15:29:52,completed,credit_card,,0.0,2025-01,2025,1
104473,2799,2025-01-25 17:06:18,completed,paypal,,0.0,2025-01,2025,1
104474,1375,2025-01-25 17:13:57,completed,credit_card,,0.0,2025-01,2025,1
104475,3262,2025-01-25 18:20:44,completed,paypal,,6.95,2025-01,2025,1
104476,481,2025-01-25 19:17:43,completed,apple_pay,,6.95,2025-01,2025,1
104477,3466,2025-01-25 20:49:53,canceled,credit_card,,0.0,2025-01,2025,1
104478,343,2025-01-25 22:04:38,completed,paypal,,0.0,2025-01,2025,1
104479,1152,2025-01-25 22:05:31,canceled,credit_card,,0.0,2025-01,2025,1
104480,1876,2025-01-25 22:10:01,completed,credit_card,welcome10,0.0,2025-01,2025,1
104481,294,2025-01-25 23:19:24,completed,credit_card,,0.0,2025-01,2025,1
104482,2619,2025-01-26 06:41:53,completed,apple_pay,,6.95,2025-01,2025,1
104483,54,2025-01-26 06:48:14,completed,credit_card,,0.0,2025-01,2025,1
104484,2559,2025-01-26 07:26:03,completed,credit_card,,0.0,2025-01,2025,1
104485,2464,2025-01-26 07:38:18,completed,credit_card,,0.0,2025-01,2025,1
104486,1752,2025-01-26 10:26:39,completed,credit_card,,6.95,2025-01,2025,1
104487,1725,2025-01-26 16:52:03,completed,paypal,,0.0,2025-01,2025,1
104488,3372,2025-01-26 20:13:59,completed,paypal,,0.0,2025-01,2025,1
104489,1124,2025-01-26 21:48:23,completed,credit_card,welcome10,0.0,2025-01,2025,1
104490,3014,2025-01-26 22:01:57,completed,credit_card,welcome10,0.0,2025-01,2025,1
104491,2902,2025-01-26 23:22:09,completed,credit_card,welcome10,0.0,2025-01,2025,1
104492,222,2025-01-26 23:48:27,completed,credit_card,,0.0,2025-01,2025,1
104493,1418,2025-01-27 07:29:55,completed,credit_card,,0.0,2025-01,2025,1
104494,2450,2025-01-27 08:21:30,completed,credit_card,welcome10,6.95,2025-01,2025,1
104495,1708,2025-01-27 10:02:21,completed,paypal,,0.0,2025-01,2025,1
104496,1004,2025-01-27 10:13:54,completed,credit_card,,0.0,2025-01,2025,1
104497,1104,2025-01-27 14:06:57,completed,credit_card,,0.0,2025-01,2025,1
104498,1903,2025-01-27 14:14:00,completed,paypal,,0.0,2025-01,2025,1
104499,1901,2025-01-27 16:55:05,completed,credit_card,,0.0,2025-01,2025,1
104500,3208,2025-01-27 18:10:09,completed,apple_pay,,0.0,2025-01,2025,1
104501,2743,2025-01-27 18:41:33,completed,credit_card,,0.0,2025-01,2025,1
104502,48,2025-01-27 21:30:04,completed,apple_pay,,6.95,2025-01,2025,1
104503,2950,2025-01-28 07:47:51,completed,credit_card,,0.0,2025-01,2025,1
104504,2901,2025-01-28 08:09:52,completed,paypal,,0.0,2025-01,2025,1
104505,3486,2025-01-28 09:12:09,completed,credit_card,,0.0,2025-01,2025,1
104506,758,2025-01-28 09:44:33,completed,gift_card,,6.95,2025-01,2025,1
104507,3035,2025-01-28 13:18:19,completed,paypal,,0.0,2025-01,2025,1
104508,1480,2025-01-28 16:56:13,completed,credit_card,,0.0,2025-01,2025,1
104509,2577,2025-01-28 17:45:19,canceled,credit_card,,0.0,2025-01,2025,1
104510,549,2025-01-28 17:56:21,completed,credit_card,,0.0,2025-01,2025,1
104511,2832,2025-01-28 22:05:46,completed,credit_card,,0.0,2025-01,2025,1
104512,1318,2025-01-28 22:07:28,completed,credit_card,,0.0,2025-01,2025,1
104513,3561,2025-01-28 22:31:02,completed,paypal,,6.95,2025-01,2025,1
104514,89,2025-01-28 23:35:40,completed,paypal,,0.0,2025-01,2025,1
104515,1104,2025-01-29 06:59:40,completed,apple_pay,,0.0,2025-01,2025,1
104516,1891,2025-01-29 12:10:56,completed,paypal,,0.0,2025-01,2025,1
104517,3273,2025-01-29 14:52:13,completed,credit_card,,6.95,2025-01,2025,1
104518,327,2025-01-29 16:43:22,completed,credit_card,,0.0,2025-01,2025,1
104519,697,2025-01-29 20:45:12,returned,gift_card,,0.0,2025-01,2025,1
104520,2986,2025-01-29 21:42:39,completed,credit_card,,0.0,2025-01,2025,1
104521,379,2025-01-29 22:40:45,completed,paypal,,0.0,2025-01,2025,1
104522,2049,2025-01-29 23:21:53,completed,apple_pay,,0.0,2025-01,2025,1
104523,2132,2025-01-30 06:10:55,completed,credit_card,,0.0,2025-01,2025,1
104524,1137,2025-01-30 06:12:49,completed,paypal,,6.95,2025-01,2025,1
104525,443,2025-01-30 08:07:43,completed,credit_card,,0.0,2025-01,2025,1
104526,2821,2025-01-30 10:22:24,completed,paypal,,0.0,2025-01,2025,1
104527,1618,2025-01-30 10:59:59,completed,credit_card,,6.95,2025-01,2025,1
104528,524,2025-01-30 11:22:26,completed,credit_card,,0.0,2025-01,2025,1
104529,2436,2025-01-30 12:05:55,completed,credit_card,,0.0,2025-01,2025,1
104530,2111,2025-01-30 13:55:36,completed,paypal,,0.0,2025-01,2025,1
104531,1104,2025-01-30 14:22:05,completed,credit_card,,0.0,2025-01,2025,1
104532,2426,2025-01-30 14:59:25,completed,credit_card,,0.0,2025-01,2025,1
104533,977,2025-01-30 18:51:43,completed,credit_card,,0.0,2025-01,2025,1
104534,3122,2025-01-30 19:41:51,completed,credit_card,,0.0,2025-01,2025,1
104535,1891,2025-01-30 20:30:56,completed,paypal,,0.0,2025-01,2025,1
104536,2113,2025-01-30 22:03:27,returned,paypal,,6.95,2025-01,2025,1
104537,1552,2025-01-31 06:36:21,completed,credit_card,,0.0,2025-01,2025,1
104538,780,2025-01-31 11:38:53,completed,paypal,,0.0,2025-01,2025,1
104539,18,2025-01-31 13:08:12,completed,apple_pay,,0.0,2025-01,2025,1
104540,2724,2025-01-31 16:41:10,completed,credit_card,,6.95,2025-01,2025,1
104541,1425,2025-01-31 16:48:40,completed,credit_card,,0.0,2025-01,2025,1
104542,2950,2025-01-31 18:17:11,completed,apple_pay,,0.0,2025-01,2025,1
104543,1783,2025-02-01 07:25:27,completed,paypal,,6.95,2025-02,2025,2
104544,3250,2025-02-01 08:24:30,completed,credit_card,,0.0,2025-02,2025,2
104545,1064,2025-02-01 09:19:27,completed,credit_card,,0.0,2025-02,2025,2
104546,605,2025-02-01 14:31:55,completed,credit_card,,6.95,2025-02,2025,2
104547,2451,2025-02-01 16:24:42,completed,credit_card,,0.0,2025-02,2025,2
104548,1552,2025-02-01 17:36:44,returned,credit_card,,0.0,2025-02,2025,2
104549,2511,2025-02-01 17:51:06,completed,credit_card,,0.0,2025-02,2025,2
104550,1903,2025-02-01 23:20:02,completed,gift_card,,0.0,2025-02,2025,2
104551,138,2025-02-01 23:23:46,completed,credit_card,,6.95,2025-02,2025,2
104552,2639,2025-02-01 23:42:59,completed,paypal,,0.0,2025-02,2025,2
104553,1980,2025-02-02 07:24:07,completed,paypal,,0.0,2025-02,2025,2
104554,3432,2025-02-02 09:02:24,completed,credit_card,,6.95,2025-02,2025,2
104555,1460,2025-02-02 09:48:19,completed,credit_card,,0.0,2025-02,2025,2
104556,1359,2025-02-02 10:12:55,completed,credit_card,,0.0,2025-02,2025,2
104557,2502,2025-02-02 11:25:07,completed,credit_card,,0.0,2025-02,2025,2
104558,2778,2025-02-02 19:15:16,completed,apple_pay,,0.0,2025-02,2025,2
104559,2394,2025-02-02 20:31:45,completed,paypal,,6.95,2025-02,2025,2
104560,2569,2025-02-03 10:10:59,completed,credit_card,,0.0,2025-02,2025,2
104561,19,2025-02-03 10:20:33,completed,credit_card,,0.0,2025-02,2025,2
104562,320,2025-02-03 11:15:38,completed,paypal,,6.95,2025-02,2025,2
104563,2580,2025-02-03 13:28:21,completed,apple_pay,,0.0,2025-02,2025,2
104564,2361,2025-02-03 13:46:38,completed,credit_card,,0.0,2025-02,2025,2
104565,135,2025-02-03 14:23:20,completed,credit_card,,0.0,2025-02,2025,2
104566,1001,2025-02-03 14:24:16,completed,credit_card,,0.0,2025-02,2025,2
104567,2190,2025-02-03 22:44:29,completed,credit_card,,6.95,2025-02,2025,2
104568,48,2025-02-04 07:34:55,completed,credit_card,,6.95,2025-02,2025,2
104569,3069,2025-02-04 07:41:49,completed,credit_card,,0.0,2025-02,2025,2
104570,2778,2025-02-04 08:25:49,completed,credit_card,,6.95,2025-02,2025,2
104571,2796,2025-02-04 09:50:05,completed,credit_card,,0.0,2025-02,2025,2
104572,1618,2025-02-04 12:05:22,completed,credit_card,,0.0,2025-02,2025,2
104573,2602,2025-02-04 15:38:32,completed,apple_pay,welcome10,6.95,2025-02,2025,2
104574,3531,2025-02-04 16:12:37,completed,paypal,,0.0,2025-02,2025,2
104575,1021,2025-02-04 17:07:22,completed,paypal,,6.95,2025-02,2025,2
104576,3018,2025-02-04 23:14:59,completed,gift_card,,6.95,2025-02,2025,2
104577,2151,2025-02-04 23:25:38,completed,credit_card,,0.0,2025-02,2025,2
104578,1104,2025-02-04 23:52:34,completed,credit_card,welcome10,6.95,2025-02,2025,2
104579,976,2025-02-05 06:19:29,completed,credit_card,,0.0,2025-02,2025,2
104580,2821,2025-02-05 09:08:48,completed,paypal,,0.0,2025-02,2025,2
104581,3032,2025-02-05 09:13:11,completed,gift_card,,0.0,2025-02,2025,2
104582,2867,2025-02-05 09:39:37,completed,credit_card,,0.0,2025-02,2025,2
104583,3439,2025-02-05 10:22:24,completed,credit_card,,0.0,2025-02,2025,2
104584,1671,2025-02-05 10:41:01,completed,credit_card,,0.0,2025-02,2025,2
104585,2012,2025-02-05 10:57:08,completed,paypal,,6.95,2025-02,2025,2
104586,776,2025-02-05 11:08:36,completed,gift_card,,0.0,2025-02,2025,2
104587,2515,2025-02-05 20:05:38,completed,paypal,,0.0,2025-02,2025,2
104588,9,2025-02-05 20:39:39,completed,credit_card,,0.0,2025-02,2025,2
104589,2887,2025-02-05 22:15:16,completed,credit_card,,0.0,2025-02,2025,2
104590,2238,2025-02-05 22:17:44,completed,credit_card,welcome10,0.0,2025-02,2025,2
104591,1244,2025-02-05 22:23:38,completed,credit_card,,0.0,2025-02,2025,2
104592,2383,2025-02-05 23:48:41,completed,credit_card,,0.0,2025-02,2025,2
104593,2460,2025-02-05 23:50:27,completed,credit_card,,0.0,2025-02,2025,2
104594,2821,2025-02-06 06:08:09,completed,paypal,,6.95,2025-02,2025,2
104595,519,2025-02-06 07:58:32,completed,paypal,,0.0,2025-02,2025,2
104596,135,2025-02-06 08:51:41,completed,paypal,,0.0,2025-02,2025,2
104597,371,2025-02-06 10:02:52,completed,credit_card,,0.0,2025-02,2025,2
104598,2360,2025-02-06 10:35:47,completed,credit_card,,0.0,2025-02,2025,2
104599,3329,2025-02-06 11:59:21,completed,apple_pay,,0.0,2025-02,2025,2
104600,2086,2025-02-06 13:06:29,completed,credit_card,,0.0,2025-02,2025,2
104601,2436,2025-02-06 14:51:07,completed,paypal,,0.0,2025-02,2025,2
104602,1654,2025-02-06 16:49:29,completed,credit_card,,0.0,2025-02,2025,2
104603,1496,2025-02-06 18:16:54,completed,paypal,,0.0,2025-02,2025,2
104604,3311,2025-02-06 21:00:41,completed,credit_card,welcome10,0.0,2025-02,2025,2
104605,3452,2025-02-07 09:02:28,completed,gift_card,,0.0,2025-02,2025,2
104606,526,2025-02-07 10:32:55,completed,credit_card,,0.0,2025-02,2025,2
104608,384,2025-02-07 19:21:40,completed,credit_card,,0.0,2025-02,2025,2
104609,3110,2025-02-07 19:41:40,completed,credit_card,,0.0,2025-02,2025,2
104610,2033,2025-02-07 20:20:21,completed,paypal,,0.0,2025-02,2025,2
104611,2086,2025-02-07 20:33:25,completed,credit_card,,0.0,2025-02,2025,2
104612,2581,2025-02-07 21:23:22,completed,credit_card,,0.0,2025-02,2025,2
104613,2577,2025-02-07 21:44:25,completed,paypal,,0.0,2025-02,2025,2
104614,2500,2025-02-07 22:37:08,completed,paypal,,0.0,2025-02,2025,2
104615,776,2025-02-07 23:02:48,completed,credit_card,welcome10,0.0,2025-02,2025,2
104616,1979,2025-02-07 23:45:20,completed,credit_card,,6.95,2025-02,2025,2
104617,384,2025-02-08 06:07:53,completed,credit_card,,0.0,2025-02,2025,2
104618,2529,2025-02-08 07:02:07,completed,credit_card,,0.0,2025-02,2025,2
104619,803,2025-02-08 07:55:58,completed,gift_card,,6.95,2025-02,2025,2
104620,1654,2025-02-08 08:07:43,completed,credit_card,,0.0,2025-02,2025,2
104621,1943,2025-02-08 09:19:21,completed,credit_card,,0.0,2025-02,2025,2
104622,597,2025-02-08 16:04:09,completed,credit_card,,0.0,2025-02,2025,2
104623,2174,2025-02-08 16:41:25,completed,paypal,,0.0,2025-02,2025,2
104624,1450,2025-02-08 17:59:57,completed,credit_card,,6.95,2025-02,2025,2
104625,2618,2025-02-08 18:54:43,completed,apple_pay,welcome10,0.0,2025-02,2025,2
104626,1217,2025-02-08 19:53:08,canceled,apple_pay,,0.0,2025-02,2025,2
104627,3483,2025-02-08 20:04:11,completed,credit_card,,0.0,2025-02,2025,2
104628,137,2025-02-08 21:02:37,completed,apple_pay,,6.95,2025-02,2025,2
104629,1717,2025-02-08 21:03:05,completed,apple_pay,,0.0,2025-02,2025,2
104630,1209,2025-02-09 07:43:00,completed,credit_card,,6.95,2025-02,2025,2
104631,1318,2025-02-09 09:07:48,completed,credit_card,,0.0,2025-02,2025,2
104632,115,2025-02-09 13:32:12,completed,apple_pay,,6.95,2025-02,2025,2
104633,838,2025-02-09 14:05:53,completed,credit_card,,0.0,2025-02,2025,2
104634,1270,2025-02-09 14:24:36,returned,paypal,,0.0,2025-02,2025,2
104635,3249,2025-02-09 14:57:27,completed,apple_pay,,0.0,2025-02,2025,2
104636,1238,2025-02-09 15:48:43,completed,credit_card,,6.95,2025-02,2025,2
104637,1630,2025-02-09 16:13:48,completed,paypal,,0.0,2025-02,2025,2
104638,560,2025-02-09 17:49:50,completed,credit_card,,0.0,2025-02,2025,2
104639,1208,2025-02-09 20:54:26,completed,credit_card,,0.0,2025-02,2025,2
104640,1545,2025-02-09 21:04:23,completed,gift_card,welcome10,6.95,2025-02,2025,2
104641,3483,2025-02-09 21:41:26,completed,paypal,,0.0,2025-02,2025,2
104642,3443,2025-02-09 22:33:33,completed,credit_card,,0.0,2025-02,2025,2
104643,336,2025-02-10 08:38:52,completed,apple_pay,,0.0,2025-02,2025,2
104644,2995,2025-02-10 08:46:02,completed,credit_card,,6.95,2025-02,2025,2
104645,3249,2025-02-10 11:47:14,completed,credit_card,,0.0,2025-02,2025,2
104646,2821,2025-02-10 12:32:39,completed,paypal,,0.0,2025-02,2025,2
104647,1182,2025-02-10 15:34:55,completed,paypal,,0.0,2025-02,2025,2
104648,115,2025-02-10 16:29:56,completed,paypal,,0.0,2025-02,2025,2
104649,2743,2025-02-10 16:46:36,completed,paypal,,0.0,2025-02,2025,2
104650,1192,2025-02-10 17:03:30,completed,credit_card,,0.0,2025-02,2025,2
104651,2436,2025-02-10 19:26:29,completed,paypal,,0.0,2025-02,2025,2
104652,1857,2025-02-10 20:05:44,completed,apple_pay,,0.0,2025-02,2025,2
104653,2821,2025-02-10 22:10:11,completed,credit_card,,0.0,2025-02,2025,2
104654,1375,2025-02-10 22:26:50,completed,credit_card,,0.0,2025-02,2025,2
104655,2278,2025-02-10 22:50:34,completed,credit_card,,0.0,2025-02,2025,2
104656,2724,2025-02-11 06:25:53,completed,paypal,,0.0,2025-02,2025,2
104657,1104,2025-02-11 07:55:15,completed,credit_card,,0.0,2025-02,2025,2
104658,3110,2025-02-11 09:48:01,completed,credit_card,,6.95,2025-02,2025,2
104659,1552,2025-02-11 12:30:58,completed,paypal,,6.95,2025-02,2025,2
104660,734,2025-02-11 13:09:46,completed,credit_card,,0.0,2025-02,2025,2
104661,942,2025-02-11 13:23:13,completed,credit_card,,0.0,2025-02,2025,2
104662,399,2025-02-11 14:10:52,completed,apple_pay,,0.0,2025-02,2025,2
104663,2343,2025-02-11 16:57:16,completed,paypal,,6.95,2025-02,2025,2
104664,1252,2025-02-11 17:03:06,completed,apple_pay,,6.95,2025-02,2025,2
104665,1955,2025-02-11 18:37:54,completed,gift_card,,0.0,2025-02,2025,2
104666,274,2025-02-11 19:24:57,canceled,paypal,,0.0,2025-02,2025,2
104667,3125,2025-02-11 19:29:22,completed,credit_card,,0.0,2025-02,2025,2
104668,846,2025-02-11 19:35:26,completed,paypal,,6.95,2025-02,2025,2
104669,89,2025-02-11 21:39:05,completed,credit_card,,0.0,2025-02,2025,2
104670,1786,2025-02-11 21:51:06,completed,credit_card,welcome10,0.0,2025-02,2025,2
104671,307,2025-02-11 21:55:42,completed,paypal,,0.0,2025-02,2025,2
104672,2361,2025-02-11 22:13:44,completed,credit_card,,0.0,2025-02,2025,2
104673,302,2025-02-12 09:12:59,returned,paypal,,0.0,2025-02,2025,2
104674,2620,2025-02-12 10:30:30,returned,credit_card,,0.0,2025-02,2025,2
104675,2160,2025-02-12 10:33:48,completed,credit_card,,6.95,2025-02,2025,2
104676,2963,2025-02-12 11:11:39,completed,credit_card,,0.0,2025-02,2025,2
104677,1428,2025-02-12 11:19:43,canceled,paypal,,0.0,2025-02,2025,2
104678,776,2025-02-12 13:35:23,completed,paypal,,0.0,2025-02,2025,2
104679,3217,2025-02-12 14:03:51,completed,credit_card,,0.0,2025-02,2025,2
104680,1763,2025-02-12 14:20:47,completed,credit_card,,0.0,2025-02,2025,2
104681,1246,2025-02-12 15:18:45,completed,credit_card,,6.95,2025-02,2025,2
104682,1768,2025-02-12 15:57:33,completed,paypal,,6.95,2025-02,2025,2
104683,1021,2025-02-12 18:23:39,completed,credit_card,,0.0,2025-02,2025,2
104684,2787,2025-02-12 19:44:22,completed,apple_pay,,0.0,2025-02,2025,2
104685,445,2025-02-12 20:40:13,completed,credit_card,welcome10,6.95,2025-02,2025,2
104686,2186,2025-02-12 22:55:50,completed,apple_pay,,0.0,2025-02,2025,2
104687,1545,2025-02-13 07:35:16,completed,credit_card,,0.0,2025-02,2025,2
104688,1664,2025-02-13 08:38:07,completed,credit_card,,0.0,2025-02,2025,2
104689,2842,2025-02-13 10:59:45,completed,paypal,,0.0,2025-02,2025,2
104690,473,2025-02-13 13:57:59,completed,paypal,,0.0,2025-02,2025,2
104691,531,2025-02-13 18:41:27,completed,paypal,,0.0,2025-02,2025,2
104692,577,2025-02-13 20:12:59,completed,credit_card,,0.0,2025-02,2025,2
104693,439,2025-02-14 06:28:06,completed,paypal,,0.0,2025-02,2025,2
104694,1221,2025-02-14 08:12:25,completed,credit_card,,0.0,2025-02,2025,2
104696,804,2025-02-14 13:07:01,completed,paypal,,0.0,2025-02,2025,2
104697,29,2025-02-14 15:16:59,completed,apple_pay,,0.0,2025-02,2025,2
104698,171,2025-02-14 15:19:52,completed,credit_card,welcome10,0.0,2025-02,2025,2
104699,59,2025-02-14 16:10:37,completed,paypal,,0.0,2025-02,2025,2
104700,2984,2025-02-14 19:37:39,completed,credit_card,,0.0,2025-02,2025,2
104701,2981,2025-02-14 19:55:37,completed,paypal,,6.95,2025-02,2025,2
104702,3122,2025-02-14 20:43:46,completed,apple_pay,,0.0,2025-02,2025,2
104703,1091,2025-02-14 21:52:27,completed,credit_card,,6.95,2025-02,2025,2
104704,2460,2025-02-14 22:48:27,completed,paypal,,6.95,2025-02,2025,2
104705,3452,2025-02-15 07:45:23,completed,credit_card,,0.0,2025-02,2025,2
104706,2492,2025-02-15 08:39:06,completed,apple_pay,,0.0,2025-02,2025,2
104707,237,2025-02-15 09:38:23,completed,paypal,,0.0,2025-02,2025,2
104708,3589,2025-02-15 10:00:28,completed,apple_pay,,6.95,2025-02,2025,2
104709,594,2025-02-15 10:16:52,returned,credit_card,,0.0,2025-02,2025,2
104710,2798,2025-02-15 10:17:01,completed,credit_card,,0.0,2025-02,2025,2
104711,2752,2025-02-15 11:28:50,completed,credit_card,,0.0,2025-02,2025,2
104712,3564,2025-02-15 12:54:31,completed,credit_card,,6.95,2025-02,2025,2
104713,721,2025-02-15 13:14:32,canceled,apple_pay,,0.0,2025-02,2025,2
104714,1480,2025-02-15 17:04:01,completed,paypal,,0.0,2025-02,2025,2
104715,2821,2025-02-15 17:10:31,completed,credit_card,,0.0,2025-02,2025,2
104716,2743,2025-02-15 20:03:24,completed,apple_pay,,0.0,2025-02,2025,2
104717,1928,2025-02-15 21:11:23,completed,credit_card,,0.0,2025-02,2025,2
104718,597,2025-02-15 21:14:52,completed,paypal,,0.0,2025-02,2025,2
104719,1104,2025-02-15 21:16:06,completed,credit_card,,0.0,2025-02,2025,2
104720,207,2025-02-15 21:29:59,completed,credit_card,welcome10,6.95,2025-02,2025,2
104721,264,2025-02-15 21:33:19,completed,credit_card,,0.0,2025-02,2025,2
104722,2343,2025-02-15 21:41:30,completed,apple_pay,,0.0,2025-02,2025,2
104723,2391,2025-02-16 08:46:02,completed,credit_card,,6.95,2025-02,2025,2
104724,2755,2025-02-16 09:57:02,completed,credit_card,,0.0,2025-02,2025,2
104725,2110,2025-02-16 10:21:26,completed,credit_card,,0.0,2025-02,2025,2
104726,339,2025-02-16 11:51:02,canceled,credit_card,welcome10,0.0,2025-02,2025,2
104727,2477,2025-02-16 12:07:31,completed,credit_card,,0.0,2025-02,2025,2
104728,494,2025-02-16 12:27:20,completed,credit_card,,0.0,2025-02,2025,2
104729,382,2025-02-16 12:45:56,canceled,apple_pay,,0.0,2025-02,2025,2
104730,1220,2025-02-16 14:18:05,completed,apple_pay,,0.0,2025-02,2025,2
104731,942,2025-02-16 16:26:04,completed,credit_card,,0.0,2025-02,2025,2
104732,778,2025-02-16 17:32:45,completed,paypal,,0.0,2025-02,2025,2
104733,966,2025-02-16 18:27:02,completed,credit_card,,0.0,2025-02,2025,2
104734,3172,2025-02-16 19:04:53,returned,apple_pay,,0.0,2025-02,2025,2
104735,307,2025-02-16 19:05:10,completed,credit_card,,0.0,2025-02,2025,2
104736,343,2025-02-17 07:12:37,completed,credit_card,,0.0,2025-02,2025,2
104737,2867,2025-02-17 08:16:38,completed,credit_card,,0.0,2025-02,2025,2
104738,3428,2025-02-17 12:05:12,completed,gift_card,,0.0,2025-02,2025,2
104739,1080,2025-02-17 13:00:46,completed,credit_card,,0.0,2025-02,2025,2
104740,2577,2025-02-17 13:07:08,completed,credit_card,,0.0,2025-02,2025,2
104741,3486,2025-02-17 13:20:36,completed,credit_card,,0.0,2025-02,2025,2
104742,1480,2025-02-17 14:28:19,completed,credit_card,,0.0,2025-02,2025,2
104743,1552,2025-02-18 06:57:12,completed,apple_pay,,0.0,2025-02,2025,2
104744,1960,2025-02-18 08:48:52,completed,apple_pay,,0.0,2025-02,2025,2
104745,3471,2025-02-18 09:45:09,completed,apple_pay,,6.95,2025-02,2025,2
104746,3279,2025-02-18 09:56:28,canceled,apple_pay,welcome10,0.0,2025-02,2025,2
104747,3041,2025-02-18 11:00:52,completed,paypal,,0.0,2025-02,2025,2
104748,1011,2025-02-18 11:44:26,completed,paypal,,0.0,2025-02,2025,2
104749,380,2025-02-18 12:26:44,completed,credit_card,,6.95,2025-02,2025,2
104750,1229,2025-02-18 14:04:20,completed,credit_card,,0.0,2025-02,2025,2
104751,144,2025-02-18 18:14:43,completed,paypal,,0.0,2025-02,2025,2
104752,248,2025-02-18 23:33:47,completed,gift_card,,0.0,2025-02,2025,2
104753,551,2025-02-19 06:23:41,completed,apple_pay,,0.0,2025-02,2025,2
104754,490,2025-02-19 06:34:55,completed,paypal,,0.0,2025-02,2025,2
104755,1813,2025-02-19 08:42:40,completed,credit_card,,0.0,2025-02,2025,2
104756,339,2025-02-19 09:32:59,completed,credit_card,,0.0,2025-02,2025,2
104757,1104,2025-02-19 09:37:26,completed,apple_pay,,0.0,2025-02,2025,2
104758,2743,2025-02-19 10:51:48,completed,credit_card,,6.95,2025-02,2025,2
104759,2739,2025-02-19 13:21:14,completed,apple_pay,welcome10,0.0,2025-02,2025,2
104760,2241,2025-02-19 14:08:51,completed,credit_card,,0.0,2025-02,2025,2
104761,2460,2025-02-19 14:45:49,completed,credit_card,,0.0,2025-02,2025,2
104762,3388,2025-02-19 16:30:29,completed,credit_card,,6.95,2025-02,2025,2
104763,2339,2025-02-19 16:48:48,completed,credit_card,,0.0,2025-02,2025,2
104764,54,2025-02-19 17:16:56,completed,credit_card,,0.0,2025-02,2025,2
104765,1552,2025-02-19 22:11:50,completed,credit_card,,0.0,2025-02,2025,2
104766,2033,2025-02-19 23:17:30,completed,credit_card,,0.0,2025-02,2025,2
104767,3110,2025-02-20 06:41:01,completed,credit_card,,0.0,2025-02,2025,2
104768,3217,2025-02-20 06:54:32,completed,paypal,,0.0,2025-02,2025,2
104769,2297,2025-02-20 08:42:54,completed,paypal,,0.0,2025-02,2025,2
104770,1058,2025-02-20 08:49:48,completed,credit_card,,0.0,2025-02,2025,2
104771,3171,2025-02-20 11:56:40,completed,credit_card,,0.0,2025-02,2025,2
104772,1153,2025-02-20 13:45:58,completed,paypal,,0.0,2025-02,2025,2
104773,334,2025-02-20 13:50:43,completed,credit_card,,0.0,2025-02,2025,2
104774,1630,2025-02-20 14:09:49,completed,credit_card,,0.0,2025-02,2025,2
104775,384,2025-02-20 16:26:08,completed,paypal,,0.0,2025-02,2025,2
104776,285,2025-02-20 16:33:34,completed,credit_card,,0.0,2025-02,2025,2
104777,2118,2025-02-20 16:56:51,completed,apple_pay,,0.0,2025-02,2025,2
104778,607,2025-02-20 17:43:20,canceled,paypal,,0.0,2025-02,2025,2
104779,3591,2025-02-20 18:44:43,completed,paypal,,0.0,2025-02,2025,2
104780,1155,2025-02-20 19:06:48,completed,credit_card,,0.0,2025-02,2025,2
104781,2569,2025-02-20 20:33:41,returned,credit_card,,0.0,2025-02,2025,2
104782,2752,2025-02-20 20:45:11,completed,credit_card,,0.0,2025-02,2025,2
104783,803,2025-02-20 20:58:00,completed,credit_card,,0.0,2025-02,2025,2
104784,591,2025-02-21 07:41:40,completed,credit_card,,0.0,2025-02,2025,2
104785,1061,2025-02-21 07:57:00,completed,credit_card,,0.0,2025-02,2025,2
104786,48,2025-02-21 11:38:48,completed,credit_card,,0.0,2025-02,2025,2
104787,350,2025-02-21 11:49:20,completed,credit_card,,0.0,2025-02,2025,2
104788,1831,2025-02-21 12:31:39,completed,paypal,,0.0,2025-02,2025,2
104789,502,2025-02-21 12:31:42,completed,apple_pay,,0.0,2025-02,2025,2
104790,3570,2025-02-21 13:14:20,completed,paypal,,0.0,2025-02,2025,2
104791,2743,2025-02-21 13:17:02,completed,apple_pay,,6.95,2025-02,2025,2
104792,3279,2025-02-21 15:07:39,completed,apple_pay,,0.0,2025-02,2025,2
104793,1660,2025-02-21 16:59:16,completed,credit_card,,6.95,2025-02,2025,2
104794,2111,2025-02-21 17:05:29,completed,apple_pay,,0.0,2025-02,2025,2
104795,2113,2025-02-21 17:47:27,completed,credit_card,,0.0,2025-02,2025,2
104796,2174,2025-02-21 20:55:06,completed,apple_pay,,0.0,2025-02,2025,2
104797,682,2025-02-22 08:24:48,completed,credit_card,,0.0,2025-02,2025,2
104798,3530,2025-02-22 11:34:54,canceled,gift_card,,6.95,2025-02,2025,2
104799,1933,2025-02-22 13:26:10,completed,credit_card,,0.0,2025-02,2025,2
104800,3452,2025-02-22 15:53:07,completed,credit_card,,0.0,2025-02,2025,2
104801,2602,2025-02-22 16:52:14,completed,credit_card,,0.0,2025-02,2025,2
104802,2745,2025-02-22 19:53:45,completed,credit_card,,0.0,2025-02,2025,2
104803,2541,2025-02-22 20:30:38,completed,credit_card,,0.0,2025-02,2025,2
104804,3394,2025-02-22 23:03:49,completed,credit_card,welcome10,0.0,2025-02,2025,2
104805,2919,2025-02-23 06:40:08,completed,apple_pay,,6.95,2025-02,2025,2
104806,711,2025-02-23 08:16:43,completed,gift_card,,0.0,2025-02,2025,2
104807,1244,2025-02-23 08:59:30,completed,credit_card,,0.0,2025-02,2025,2
104808,1080,2025-02-23 09:14:43,completed,credit_card,,0.0,2025-02,2025,2
104809,1552,2025-02-23 09:54:44,returned,credit_card,,0.0,2025-02,2025,2
104810,1473,2025-02-23 11:07:17,returned,apple_pay,,0.0,2025-02,2025,2
104811,3388,2025-02-23 11:41:29,completed,paypal,,0.0,2025-02,2025,2
104812,2264,2025-02-23 12:28:20,completed,apple_pay,,6.95,2025-02,2025,2
104813,57,2025-02-23 13:43:15,completed,credit_card,,6.95,2025-02,2025,2
104814,3035,2025-02-23 13:52:31,completed,credit_card,,0.0,2025-02,2025,2
104815,1767,2025-02-23 14:13:34,completed,credit_card,,0.0,2025-02,2025,2
104816,2361,2025-02-23 14:51:11,canceled,credit_card,,6.95,2025-02,2025,2
104817,435,2025-02-23 18:47:56,completed,paypal,,0.0,2025-02,2025,2
104818,3069,2025-02-23 18:56:54,completed,credit_card,,6.95,2025-02,2025,2
104819,343,2025-02-23 18:58:50,completed,credit_card,,6.95,2025-02,2025,2
104820,440,2025-02-23 19:49:54,completed,credit_card,,0.0,2025-02,2025,2
104821,624,2025-02-24 06:31:02,completed,credit_card,,6.95,2025-02,2025,2
104822,1391,2025-02-24 09:38:54,completed,apple_pay,,0.0,2025-02,2025,2
104823,2181,2025-02-24 09:44:24,completed,credit_card,,0.0,2025-02,2025,2
104824,3227,2025-02-24 15:52:19,completed,apple_pay,,0.0,2025-02,2025,2
104825,207,2025-02-24 16:43:48,completed,credit_card,,0.0,2025-02,2025,2
104826,3348,2025-02-24 18:42:43,completed,credit_card,,0.0,2025-02,2025,2
104827,2339,2025-02-24 20:07:16,completed,gift_card,,0.0,2025-02,2025,2
104828,2783,2025-02-24 20:09:34,returned,credit_card,,0.0,2025-02,2025,2
104829,1996,2025-02-24 20:15:51,completed,credit_card,,6.95,2025-02,2025,2
104830,3250,2025-02-25 06:06:06,completed,credit_card,,0.0,2025-02,2025,2
104831,1153,2025-02-25 06:24:55,completed,paypal,,0.0,2025-02,2025,2
104832,2187,2025-02-25 09:35:27,completed,credit_card,,0.0,2025-02,2025,2
104833,2950,2025-02-25 10:22:28,completed,paypal,,6.95,2025-02,2025,2
104834,78,2025-02-25 12:09:10,completed,credit_card,,0.0,2025-02,2025,2
104835,988,2025-02-25 14:19:05,completed,paypal,,0.0,2025-02,2025,2
104836,3110,2025-02-25 16:00:19,completed,credit_card,,0.0,2025-02,2025,2
104837,1593,2025-02-25 16:09:21,completed,paypal,,6.95,2025-02,2025,2
104838,2951,2025-02-25 17:35:36,completed,apple_pay,,0.0,2025-02,2025,2
104839,2539,2025-02-25 19:52:41,completed,credit_card,,0.0,2025-02,2025,2
104840,2569,2025-02-25 21:26:58,completed,gift_card,,0.0,2025-02,2025,2
104841,384,2025-02-25 22:14:08,completed,credit_card,,0.0,2025-02,2025,2
104842,2579,2025-02-25 22:53:56,completed,credit_card,,0.0,2025-02,2025,2
104843,3014,2025-02-26 07:28:21,completed,credit_card,,0.0,2025-02,2025,2
104844,2363,2025-02-26 08:21:41,completed,paypal,,0.0,2025-02,2025,2
104845,1295,2025-02-26 08:36:07,completed,credit_card,,0.0,2025-02,2025,2
104846,2743,2025-02-26 08:46:29,completed,credit_card,,0.0,2025-02,2025,2
104847,1903,2025-02-26 11:04:30,completed,paypal,,0.0,2025-02,2025,2
104848,2760,2025-02-26 11:09:23,completed,apple_pay,,0.0,2025-02,2025,2
104849,803,2025-02-26 13:52:38,completed,paypal,,0.0,2025-02,2025,2
104850,840,2025-02-26 14:42:15,returned,paypal,,0.0,2025-02,2025,2
104851,3122,2025-02-26 18:39:23,completed,apple_pay,,6.95,2025-02,2025,2
104852,801,2025-02-26 19:02:44,completed,paypal,,0.0,2025-02,2025,2
104853,1073,2025-02-26 22:39:30,completed,credit_card,,0.0,2025-02,2025,2
104854,3124,2025-02-27 07:55:17,completed,credit_card,,0.0,2025-02,2025,2
104856,3032,2025-02-27 16:24:43,completed,credit_card,,6.95,2025-02,2025,2
104857,2893,2025-02-27 17:30:02,completed,credit_card,,0.0,2025-02,2025,2
104858,3589,2025-02-27 17:39:10,completed,credit_card,,0.0,2025-02,2025,2
104859,115,2025-02-27 18:37:45,completed,paypal,,0.0,2025-02,2025,2
104860,3182,2025-02-28 06:04:54,completed,credit_card,,0.0,2025-02,2025,2
104861,3561,2025-02-28 08:46:29,completed,apple_pay,,0.0,2025-02,2025,2
104862,2617,2025-02-28 11:27:39,completed,apple_pay,,0.0,2025-02,2025,2
104863,1443,2025-02-28 12:23:09,completed,credit_card,,0.0,2025-02,2025,2
104864,1375,2025-02-28 14:18:23,returned,credit_card,,0.0,2025-02,2025,2
104865,339,2025-02-28 15:05:02,completed,apple_pay,,0.0,2025-02,2025,2
104866,3032,2025-02-28 15:26:27,completed,credit_card,,0.0,2025-02,2025,2
104867,1183,2025-02-28 22:25:34,completed,paypal,,0.0,2025-02,2025,2
104868,1014,2025-02-28 22:44:55,completed,paypal,,0.0,2025-02,2025,2
104869,1375,2025-02-28 22:57:41,completed,credit_card,,6.95,2025-02,2025,2
104870,554,2025-03-01 06:34:13,returned,credit_card,spring15,0.0,2025-03,2025,3
104871,391,2025-03-01 07:02:29,completed,credit_card,,0.0,2025-03,2025,3
104872,1725,2025-03-01 07:03:03,completed,credit_card,,0.0,2025-03,2025,3
104873,3419,2025-03-01 11:22:48,completed,gift_card,,6.95,2025-03,2025,3
104874,1552,2025-03-01 11:26:03,completed,credit_card,spring15,6.95,2025-03,2025,3
104875,3062,2025-03-01 14:59:13,completed,credit_card,,0.0,2025-03,2025,3
104876,2984,2025-03-01 16:11:31,completed,paypal,,0.0,2025-03,2025,3
104877,1193,2025-03-01 16:40:26,canceled,credit_card,,0.0,2025-03,2025,3
104878,2431,2025-03-01 17:38:33,completed,paypal,,0.0,2025-03,2025,3
104879,1329,2025-03-01 17:40:00,completed,apple_pay,,0.0,2025-03,2025,3
104880,1777,2025-03-01 18:24:07,completed,apple_pay,spring15,6.95,2025-03,2025,3
104881,2089,2025-03-01 18:59:18,completed,credit_card,,0.0,2025-03,2025,3
104882,1533,2025-03-01 21:05:46,completed,credit_card,,0.0,2025-03,2025,3
104883,3503,2025-03-01 21:26:47,completed,paypal,,0.0,2025-03,2025,3
104884,1643,2025-03-01 21:35:58,completed,gift_card,,0.0,2025-03,2025,3
104885,1220,2025-03-01 23:53:05,completed,credit_card,spring15,0.0,2025-03,2025,3
104886,858,2025-03-02 08:05:12,completed,credit_card,,0.0,2025-03,2025,3
104887,2300,2025-03-02 09:31:59,completed,apple_pay,,0.0,2025-03,2025,3
104888,186,2025-03-02 12:45:32,completed,gift_card,,0.0,2025-03,2025,3
104889,2086,2025-03-02 15:06:01,completed,credit_card,,6.95,2025-03,2025,3
104890,1982,2025-03-02 15:24:13,completed,apple_pay,,0.0,2025-03,2025,3
104891,1220,2025-03-02 16:32:11,completed,paypal,spring15,0.0,2025-03,2025,3
104892,3347,2025-03-02 19:45:46,completed,paypal,,0.0,2025-03,2025,3
104893,1674,2025-03-02 20:20:11,completed,credit_card,,0.0,2025-03,2025,3
104894,1165,2025-03-02 21:01:42,completed,credit_card,,0.0,2025-03,2025,3
104895,1919,2025-03-03 07:41:14,completed,credit_card,,0.0,2025-03,2025,3
104896,79,2025-03-03 08:06:55,completed,paypal,,6.95,2025-03,2025,3
104897,1759,2025-03-03 08:55:54,completed,credit_card,spring15,0.0,2025-03,2025,3
104898,371,2025-03-03 09:21:08,completed,credit_card,,6.95,2025-03,2025,3
104899,54,2025-03-03 12:36:00,completed,paypal,,0.0,2025-03,2025,3
104900,1737,2025-03-03 14:15:51,completed,credit_card,,0.0,2025-03,2025,3
104901,856,2025-03-03 15:20:53,completed,credit_card,,0.0,2025-03,2025,3
104902,1104,2025-03-03 18:25:48,returned,credit_card,,0.0,2025-03,2025,3
104903,2776,2025-03-03 19:03:57,completed,paypal,,0.0,2025-03,2025,3
104904,2644,2025-03-03 23:19:34,completed,paypal,,0.0,2025-03,2025,3
104905,2846,2025-03-04 06:02:34,completed,gift_card,,0.0,2025-03,2025,3
104906,1313,2025-03-04 07:13:03,completed,paypal,spring15,0.0,2025-03,2025,3
104907,3270,2025-03-04 11:03:37,completed,credit_card,,0.0,2025-03,2025,3
104908,2182,2025-03-04 12:16:50,completed,credit_card,,0.0,2025-03,2025,3
104909,2822,2025-03-04 12:45:44,completed,credit_card,spring15,6.95,2025-03,2025,3
104910,1160,2025-03-04 13:43:26,completed,credit_card,,0.0,2025-03,2025,3
104911,3471,2025-03-04 13:54:23,completed,paypal,,0.0,2025-03,2025,3
104912,1295,2025-03-04 15:24:35,completed,credit_card,spring15,0.0,2025-03,2025,3
104913,962,2025-03-04 16:30:20,completed,credit_card,,0.0,2025-03,2025,3
104914,594,2025-03-04 16:33:19,completed,apple_pay,spring15,0.0,2025-03,2025,3
104915,2368,2025-03-04 21:02:22,completed,credit_card,spring15,6.95,2025-03,2025,3
104916,2741,2025-03-04 22:38:28,completed,paypal,,0.0,2025-03,2025,3
104917,594,2025-03-05 07:42:33,completed,credit_card,,0.0,2025-03,2025,3
104918,2200,2025-03-05 08:10:38,completed,credit_card,,0.0,2025-03,2025,3
104919,18,2025-03-05 09:36:29,completed,credit_card,,0.0,2025-03,2025,3
104920,1831,2025-03-05 12:02:57,completed,apple_pay,,0.0,2025-03,2025,3
104921,967,2025-03-05 12:50:54,completed,credit_card,,6.95,2025-03,2025,3
104922,549,2025-03-05 13:07:19,completed,apple_pay,spring15,0.0,2025-03,2025,3
104923,2460,2025-03-05 14:01:20,completed,paypal,,0.0,2025-03,2025,3
104924,1379,2025-03-05 16:16:38,completed,paypal,,0.0,2025-03,2025,3
104925,3439,2025-03-05 17:11:28,completed,credit_card,,0.0,2025-03,2025,3
104926,1210,2025-03-05 18:06:48,canceled,credit_card,,0.0,2025-03,2025,3
104927,1391,2025-03-05 18:25:07,completed,credit_card,,0.0,2025-03,2025,3
104928,3564,2025-03-05 19:39:08,completed,paypal,,6.95,2025-03,2025,3
104929,2445,2025-03-05 20:28:21,completed,credit_card,,6.95,2025-03,2025,3
104930,78,2025-03-05 21:20:35,completed,paypal,,6.95,2025-03,2025,3
104931,3505,2025-03-05 22:24:19,completed,credit_card,,0.0,2025-03,2025,3
104932,2449,2025-03-06 06:30:01,completed,credit_card,,0.0,2025-03,2025,3
104933,2821,2025-03-06 07:01:00,completed,credit_card,,0.0,2025-03,2025,3
104934,2724,2025-03-06 07:09:45,completed,credit_card,spring15,6.95,2025-03,2025,3
104935,2174,2025-03-06 08:22:54,completed,paypal,,0.0,2025-03,2025,3
104936,3600,2025-03-06 12:46:02,completed,apple_pay,,0.0,2025-03,2025,3
104937,498,2025-03-06 15:30:22,completed,paypal,,0.0,2025-03,2025,3
104938,494,2025-03-06 16:06:41,completed,credit_card,,6.95,2025-03,2025,3
104939,803,2025-03-06 19:25:10,completed,credit_card,,0.0,2025-03,2025,3
104940,2383,2025-03-06 19:51:41,completed,credit_card,,0.0,2025-03,2025,3
104941,1060,2025-03-06 20:13:27,completed,apple_pay,welcome10,0.0,2025-03,2025,3
104942,3076,2025-03-06 22:04:48,canceled,paypal,welcome10,6.95,2025-03,2025,3
104943,3147,2025-03-07 08:35:21,completed,apple_pay,,0.0,2025-03,2025,3
104944,686,2025-03-07 10:45:24,canceled,credit_card,,0.0,2025-03,2025,3
104945,1044,2025-03-07 11:35:27,completed,credit_card,,6.95,2025-03,2025,3
104946,3227,2025-03-07 15:52:59,completed,apple_pay,,6.95,2025-03,2025,3
104947,2451,2025-03-07 15:55:23,canceled,paypal,,0.0,2025-03,2025,3
104948,307,2025-03-07 18:32:23,completed,apple_pay,,0.0,2025-03,2025,3
104949,2197,2025-03-07 18:39:46,completed,credit_card,,0.0,2025-03,2025,3
104950,1996,2025-03-07 19:26:37,completed,credit_card,,6.95,2025-03,2025,3
104951,3592,2025-03-07 20:59:50,completed,paypal,welcome10,0.0,2025-03,2025,3
104952,1700,2025-03-07 21:17:44,completed,credit_card,,0.0,2025-03,2025,3
104953,951,2025-03-07 23:35:23,returned,credit_card,spring15,6.95,2025-03,2025,3
104954,3416,2025-03-08 07:52:57,canceled,credit_card,,0.0,2025-03,2025,3
104955,2446,2025-03-08 08:25:39,completed,credit_card,,0.0,2025-03,2025,3
104956,3555,2025-03-08 08:57:56,completed,paypal,,0.0,2025-03,2025,3
104957,1767,2025-03-08 09:04:26,completed,credit_card,,6.95,2025-03,2025,3
104958,2745,2025-03-08 11:39:41,completed,credit_card,spring15,0.0,2025-03,2025,3
104959,519,2025-03-08 12:07:49,completed,credit_card,spring15,0.0,2025-03,2025,3
104960,115,2025-03-08 14:31:23,completed,credit_card,,0.0,2025-03,2025,3
104961,144,2025-03-08 14:48:12,completed,gift_card,,0.0,2025-03,2025,3
104962,1469,2025-03-08 16:09:06,returned,gift_card,,0.0,2025-03,2025,3
104963,2813,2025-03-08 17:07:06,completed,credit_card,,0.0,2025-03,2025,3
104964,2838,2025-03-08 18:51:31,completed,credit_card,spring15,0.0,2025-03,2025,3
104965,507,2025-03-08 20:38:16,completed,credit_card,,0.0,2025-03,2025,3
104966,307,2025-03-09 06:04:03,completed,apple_pay,spring15,0.0,2025-03,2025,3
104967,2887,2025-03-09 06:44:12,completed,gift_card,,0.0,2025-03,2025,3
104968,1664,2025-03-09 08:57:26,completed,credit_card,,0.0,2025-03,2025,3
104969,1654,2025-03-09 09:43:04,completed,credit_card,,0.0,2025-03,2025,3
104970,1706,2025-03-09 10:51:01,completed,credit_card,,0.0,2025-03,2025,3
104971,115,2025-03-09 14:10:15,returned,credit_card,spring15,0.0,2025-03,2025,3
104972,1014,2025-03-09 14:28:27,completed,credit_card,,0.0,2025-03,2025,3
104973,2299,2025-03-09 14:43:34,returned,credit_card,,0.0,2025-03,2025,3
104974,235,2025-03-09 17:50:19,completed,credit_card,,0.0,2025-03,2025,3
104975,1255,2025-03-09 18:52:18,completed,paypal,,0.0,2025-03,2025,3
104976,2511,2025-03-09 19:15:24,completed,credit_card,,0.0,2025-03,2025,3
104977,1183,2025-03-09 20:00:31,completed,credit_card,,0.0,2025-03,2025,3
104978,3570,2025-03-09 22:42:15,completed,credit_card,,0.0,2025-03,2025,3
104979,3400,2025-03-10 06:09:00,completed,apple_pay,,0.0,2025-03,2025,3
104980,135,2025-03-10 06:29:20,returned,credit_card,,0.0,2025-03,2025,3
104981,535,2025-03-10 07:22:21,canceled,credit_card,,0.0,2025-03,2025,3
105481,2995,2025-04-19 22:04:00,completed,credit_card,,0.0,2025-04,2025,4
104982,2867,2025-03-10 08:46:19,completed,credit_card,,6.95,2025-03,2025,3
104983,3275,2025-03-10 10:40:09,completed,credit_card,spring15,0.0,2025-03,2025,3
104984,2734,2025-03-10 11:55:58,completed,credit_card,,0.0,2025-03,2025,3
104985,320,2025-03-10 12:39:00,completed,credit_card,spring15,6.95,2025-03,2025,3
104986,805,2025-03-10 13:21:13,completed,credit_card,,0.0,2025-03,2025,3
104987,11,2025-03-10 17:46:23,completed,credit_card,,0.0,2025-03,2025,3
104988,347,2025-03-10 18:34:55,completed,credit_card,spring15,0.0,2025-03,2025,3
104989,2914,2025-03-10 20:32:01,completed,credit_card,,0.0,2025-03,2025,3
104990,1488,2025-03-10 21:39:48,completed,apple_pay,,0.0,2025-03,2025,3
104991,2339,2025-03-10 22:07:06,completed,paypal,spring15,0.0,2025-03,2025,3
104992,1658,2025-03-11 06:11:25,completed,gift_card,,0.0,2025-03,2025,3
104993,1335,2025-03-11 07:59:37,completed,credit_card,,0.0,2025-03,2025,3
104994,1292,2025-03-11 09:23:22,completed,credit_card,welcome10,0.0,2025-03,2025,3
104995,2307,2025-03-11 11:29:01,completed,credit_card,,6.95,2025-03,2025,3
104996,2361,2025-03-11 11:34:28,completed,credit_card,,6.95,2025-03,2025,3
104997,3069,2025-03-11 12:04:15,completed,credit_card,,6.95,2025-03,2025,3
104998,3171,2025-03-11 12:30:29,completed,credit_card,,0.0,2025-03,2025,3
104999,1552,2025-03-11 13:25:33,completed,paypal,,0.0,2025-03,2025,3
105000,1004,2025-03-11 14:34:17,completed,apple_pay,,0.0,2025-03,2025,3
105001,1245,2025-03-11 15:10:02,completed,apple_pay,,6.95,2025-03,2025,3
105002,2302,2025-03-11 16:56:45,completed,credit_card,,0.0,2025-03,2025,3
105003,367,2025-03-11 19:27:15,completed,credit_card,,0.0,2025-03,2025,3
105004,2021,2025-03-11 20:13:46,completed,credit_card,,0.0,2025-03,2025,3
105005,483,2025-03-11 21:56:31,completed,credit_card,,0.0,2025-03,2025,3
105006,384,2025-03-11 22:13:20,completed,credit_card,,0.0,2025-03,2025,3
105007,2743,2025-03-11 22:29:04,completed,credit_card,,0.0,2025-03,2025,3
105008,1552,2025-03-11 22:58:34,completed,gift_card,,0.0,2025-03,2025,3
105009,1752,2025-03-11 23:21:07,completed,paypal,spring15,6.95,2025-03,2025,3
105010,3146,2025-03-12 09:42:44,completed,credit_card,spring15,0.0,2025-03,2025,3
105011,923,2025-03-12 10:11:31,completed,credit_card,,0.0,2025-03,2025,3
105012,2838,2025-03-12 10:53:48,completed,credit_card,,0.0,2025-03,2025,3
105013,1466,2025-03-12 11:13:46,completed,credit_card,,0.0,2025-03,2025,3
105014,2164,2025-03-12 12:27:57,completed,gift_card,,0.0,2025-03,2025,3
105015,3419,2025-03-12 12:37:53,completed,apple_pay,,0.0,2025-03,2025,3
105016,3587,2025-03-12 13:22:43,returned,credit_card,,6.95,2025-03,2025,3
105017,3432,2025-03-12 15:10:31,completed,credit_card,spring15,0.0,2025-03,2025,3
105018,1104,2025-03-12 15:49:47,completed,apple_pay,,0.0,2025-03,2025,3
105019,3079,2025-03-12 15:52:20,completed,apple_pay,,0.0,2025-03,2025,3
105020,2579,2025-03-12 20:31:04,completed,apple_pay,,6.95,2025-03,2025,3
105021,391,2025-03-12 21:48:56,completed,apple_pay,,0.0,2025-03,2025,3
105022,1418,2025-03-12 23:44:50,completed,credit_card,,6.95,2025-03,2025,3
105023,3450,2025-03-12 23:50:19,completed,credit_card,,6.95,2025-03,2025,3
105024,1832,2025-03-13 08:00:50,completed,paypal,,0.0,2025-03,2025,3
105025,1466,2025-03-13 10:33:55,completed,gift_card,,0.0,2025-03,2025,3
105026,1996,2025-03-13 11:27:20,completed,paypal,,0.0,2025-03,2025,3
105027,3032,2025-03-13 13:12:47,completed,credit_card,,0.0,2025-03,2025,3
105028,1182,2025-03-13 13:38:57,completed,apple_pay,,0.0,2025-03,2025,3
105029,2821,2025-03-13 14:35:50,completed,paypal,,0.0,2025-03,2025,3
105030,2734,2025-03-13 15:30:52,completed,paypal,,0.0,2025-03,2025,3
105031,208,2025-03-13 16:20:47,completed,apple_pay,,0.0,2025-03,2025,3
105032,2033,2025-03-13 16:43:13,completed,paypal,,0.0,2025-03,2025,3
105033,1230,2025-03-13 17:18:31,returned,credit_card,,0.0,2025-03,2025,3
105034,669,2025-03-13 17:45:36,completed,paypal,,6.95,2025-03,2025,3
105035,1667,2025-03-13 18:17:08,canceled,credit_card,,0.0,2025-03,2025,3
105036,2562,2025-03-13 21:36:17,completed,paypal,,0.0,2025-03,2025,3
105037,2946,2025-03-13 23:23:58,completed,paypal,,0.0,2025-03,2025,3
105038,1660,2025-03-14 06:24:54,completed,credit_card,,0.0,2025-03,2025,3
105039,1630,2025-03-14 07:02:52,completed,credit_card,,0.0,2025-03,2025,3
105040,1244,2025-03-14 07:46:53,completed,apple_pay,,0.0,2025-03,2025,3
105041,1295,2025-03-14 08:27:51,completed,credit_card,,0.0,2025-03,2025,3
105042,269,2025-03-14 09:35:18,completed,paypal,,0.0,2025-03,2025,3
105043,2492,2025-03-14 09:48:47,completed,credit_card,,0.0,2025-03,2025,3
105044,3466,2025-03-14 16:41:39,completed,credit_card,,0.0,2025-03,2025,3
105045,3532,2025-03-14 17:59:11,completed,credit_card,,0.0,2025-03,2025,3
105046,482,2025-03-14 19:04:31,completed,paypal,,0.0,2025-03,2025,3
105047,737,2025-03-14 23:19:38,returned,credit_card,,0.0,2025-03,2025,3
105048,456,2025-03-14 23:39:52,completed,credit_card,,0.0,2025-03,2025,3
105049,3019,2025-03-15 09:10:06,completed,apple_pay,,6.95,2025-03,2025,3
105050,1884,2025-03-15 14:27:00,completed,credit_card,,0.0,2025-03,2025,3
105051,289,2025-03-15 15:39:17,completed,paypal,,0.0,2025-03,2025,3
105052,778,2025-03-15 18:48:19,completed,credit_card,,0.0,2025-03,2025,3
105053,2884,2025-03-15 19:53:42,completed,credit_card,,0.0,2025-03,2025,3
105054,2743,2025-03-15 20:13:47,completed,apple_pay,,0.0,2025-03,2025,3
105055,3032,2025-03-15 21:31:13,completed,credit_card,,0.0,2025-03,2025,3
105056,294,2025-03-15 22:28:22,completed,credit_card,,6.95,2025-03,2025,3
105057,1552,2025-03-15 23:14:01,completed,credit_card,,0.0,2025-03,2025,3
105058,2371,2025-03-15 23:19:28,completed,credit_card,welcome10,0.0,2025-03,2025,3
105059,605,2025-03-16 08:02:39,completed,credit_card,,0.0,2025-03,2025,3
105060,1552,2025-03-16 09:59:02,completed,credit_card,,0.0,2025-03,2025,3
105061,1314,2025-03-16 11:10:55,completed,paypal,,0.0,2025-03,2025,3
105062,334,2025-03-16 16:00:20,completed,credit_card,,0.0,2025-03,2025,3
105063,1549,2025-03-16 18:46:50,completed,credit_card,,0.0,2025-03,2025,3
105064,636,2025-03-16 18:47:42,completed,credit_card,,0.0,2025-03,2025,3
105065,2252,2025-03-16 19:55:14,completed,gift_card,,0.0,2025-03,2025,3
105066,486,2025-03-16 20:51:07,completed,gift_card,,0.0,2025-03,2025,3
105067,249,2025-03-16 22:08:06,completed,credit_card,spring15,0.0,2025-03,2025,3
105068,405,2025-03-16 22:36:43,completed,credit_card,,0.0,2025-03,2025,3
105069,1011,2025-03-16 23:29:36,completed,credit_card,,0.0,2025-03,2025,3
105070,269,2025-03-17 06:28:03,completed,credit_card,,0.0,2025-03,2025,3
105071,1341,2025-03-17 06:38:39,completed,credit_card,,0.0,2025-03,2025,3
105072,1058,2025-03-17 08:46:51,completed,apple_pay,,0.0,2025-03,2025,3
105073,2905,2025-03-17 09:14:13,completed,credit_card,,0.0,2025-03,2025,3
105074,54,2025-03-17 10:29:52,completed,credit_card,,0.0,2025-03,2025,3
105075,721,2025-03-17 12:11:58,completed,credit_card,,0.0,2025-03,2025,3
105076,2798,2025-03-17 14:58:34,completed,credit_card,,0.0,2025-03,2025,3
105077,3372,2025-03-17 15:00:01,completed,credit_card,spring15,6.95,2025-03,2025,3
105078,2252,2025-03-17 16:56:35,completed,credit_card,,6.95,2025-03,2025,3
105079,1245,2025-03-17 17:18:28,completed,credit_card,,0.0,2025-03,2025,3
105080,2387,2025-03-17 17:48:09,completed,credit_card,welcome10,0.0,2025-03,2025,3
105081,3102,2025-03-17 17:59:28,completed,paypal,,0.0,2025-03,2025,3
105082,594,2025-03-17 20:34:29,completed,credit_card,,0.0,2025-03,2025,3
105083,2039,2025-03-18 06:44:34,completed,credit_card,,0.0,2025-03,2025,3
105084,1375,2025-03-18 08:56:50,completed,paypal,spring15,6.95,2025-03,2025,3
105085,1329,2025-03-18 09:26:47,completed,apple_pay,,0.0,2025-03,2025,3
105086,1044,2025-03-18 11:49:42,completed,credit_card,,6.95,2025-03,2025,3
105087,1044,2025-03-18 12:02:28,completed,credit_card,,0.0,2025-03,2025,3
105088,1682,2025-03-18 15:36:52,completed,paypal,,0.0,2025-03,2025,3
105089,279,2025-03-18 15:39:18,completed,apple_pay,,0.0,2025-03,2025,3
105090,1104,2025-03-18 17:28:45,completed,credit_card,,0.0,2025-03,2025,3
105091,2446,2025-03-18 19:14:38,completed,apple_pay,,0.0,2025-03,2025,3
105092,3279,2025-03-18 19:20:50,completed,credit_card,welcome10,0.0,2025-03,2025,3
105093,2492,2025-03-18 20:00:46,completed,credit_card,,6.95,2025-03,2025,3
105095,721,2025-03-18 21:10:28,completed,paypal,,0.0,2025-03,2025,3
105096,443,2025-03-19 06:21:39,completed,credit_card,,0.0,2025-03,2025,3
105097,1474,2025-03-19 08:20:12,completed,credit_card,spring15,0.0,2025-03,2025,3
105098,384,2025-03-19 09:09:11,completed,paypal,,0.0,2025-03,2025,3
105099,3035,2025-03-19 09:55:12,canceled,credit_card,,6.95,2025-03,2025,3
105100,3278,2025-03-19 13:02:35,completed,paypal,spring15,0.0,2025-03,2025,3
105101,1572,2025-03-19 14:43:10,completed,paypal,,6.95,2025-03,2025,3
105102,2181,2025-03-19 20:28:10,completed,apple_pay,,0.0,2025-03,2025,3
105103,2709,2025-03-19 22:52:50,completed,paypal,,0.0,2025-03,2025,3
105104,2383,2025-03-20 06:01:48,completed,paypal,,0.0,2025-03,2025,3
105105,803,2025-03-20 08:13:37,completed,apple_pay,,6.95,2025-03,2025,3
105106,967,2025-03-20 08:19:37,completed,apple_pay,,6.95,2025-03,2025,3
105107,1841,2025-03-20 10:05:12,completed,credit_card,,0.0,2025-03,2025,3
105108,2241,2025-03-20 10:31:49,completed,credit_card,,0.0,2025-03,2025,3
105109,3505,2025-03-20 11:20:39,completed,credit_card,,0.0,2025-03,2025,3
105110,2151,2025-03-20 13:16:37,completed,credit_card,,0.0,2025-03,2025,3
105111,1830,2025-03-20 13:22:37,completed,credit_card,,0.0,2025-03,2025,3
105112,294,2025-03-20 14:51:27,completed,paypal,spring15,0.0,2025-03,2025,3
105113,2838,2025-03-20 15:08:24,completed,apple_pay,,0.0,2025-03,2025,3
105114,706,2025-03-20 18:53:18,completed,credit_card,spring15,0.0,2025-03,2025,3
105115,2484,2025-03-20 21:56:58,completed,credit_card,,0.0,2025-03,2025,3
105116,2923,2025-03-20 22:47:38,completed,credit_card,,0.0,2025-03,2025,3
105117,3452,2025-03-21 09:30:32,completed,credit_card,,0.0,2025-03,2025,3
105118,2511,2025-03-21 09:52:39,canceled,credit_card,,0.0,2025-03,2025,3
105119,3147,2025-03-21 10:25:56,completed,credit_card,,0.0,2025-03,2025,3
105120,2741,2025-03-21 15:47:39,completed,credit_card,spring15,6.95,2025-03,2025,3
105121,3015,2025-03-21 17:18:29,completed,gift_card,,0.0,2025-03,2025,3
105122,1329,2025-03-21 17:51:28,completed,credit_card,,6.95,2025-03,2025,3
106254,3503,2025-06-14 18:33:35,canceled,apple_pay,,6.95,2025-06,2025,6
105123,269,2025-03-21 21:10:52,completed,credit_card,,6.95,2025-03,2025,3
105124,826,2025-03-21 22:34:54,completed,paypal,,0.0,2025-03,2025,3
105125,2487,2025-03-22 06:22:43,completed,credit_card,welcome10,6.95,2025-03,2025,3
105126,2958,2025-03-22 06:24:17,completed,paypal,spring15,0.0,2025-03,2025,3
105127,2711,2025-03-22 09:34:30,completed,credit_card,,0.0,2025-03,2025,3
105128,1153,2025-03-22 10:38:55,completed,credit_card,,0.0,2025-03,2025,3
105129,1443,2025-03-22 12:53:42,completed,paypal,,0.0,2025-03,2025,3
105130,657,2025-03-22 13:17:40,completed,gift_card,,0.0,2025-03,2025,3
105131,2776,2025-03-22 15:29:17,completed,credit_card,,0.0,2025-03,2025,3
105132,1752,2025-03-22 18:11:52,completed,apple_pay,,6.95,2025-03,2025,3
105133,3419,2025-03-22 18:46:43,completed,apple_pay,,0.0,2025-03,2025,3
105134,840,2025-03-22 19:50:18,completed,credit_card,,0.0,2025-03,2025,3
105135,1153,2025-03-22 22:04:56,completed,paypal,,6.95,2025-03,2025,3
105136,3117,2025-03-23 13:20:26,completed,credit_card,spring15,0.0,2025-03,2025,3
105137,2020,2025-03-23 16:22:53,completed,credit_card,,0.0,2025-03,2025,3
105138,2589,2025-03-23 17:49:10,canceled,credit_card,,0.0,2025-03,2025,3
105139,2893,2025-03-23 22:01:22,completed,gift_card,,0.0,2025-03,2025,3
105140,881,2025-03-23 22:31:33,completed,paypal,,0.0,2025-03,2025,3
105141,138,2025-03-24 06:05:27,completed,paypal,,0.0,2025-03,2025,3
105142,48,2025-03-24 06:26:25,returned,credit_card,,0.0,2025-03,2025,3
105143,3452,2025-03-24 06:26:46,returned,credit_card,,0.0,2025-03,2025,3
105144,175,2025-03-24 07:22:50,returned,gift_card,welcome10,0.0,2025-03,2025,3
105145,1688,2025-03-24 08:40:59,completed,credit_card,,0.0,2025-03,2025,3
105146,3069,2025-03-24 08:49:09,completed,credit_card,,6.95,2025-03,2025,3
105147,3483,2025-03-24 09:33:36,completed,apple_pay,,0.0,2025-03,2025,3
105148,2701,2025-03-24 09:48:39,completed,paypal,welcome10,0.0,2025-03,2025,3
105149,2110,2025-03-24 10:21:54,completed,credit_card,,0.0,2025-03,2025,3
105150,2086,2025-03-24 13:25:27,completed,credit_card,,0.0,2025-03,2025,3
105151,443,2025-03-24 14:01:53,completed,paypal,spring15,6.95,2025-03,2025,3
105152,2233,2025-03-24 14:07:11,completed,credit_card,,6.95,2025-03,2025,3
105153,1375,2025-03-24 14:28:23,completed,credit_card,spring15,0.0,2025-03,2025,3
105154,1832,2025-03-24 17:33:57,completed,credit_card,welcome10,0.0,2025-03,2025,3
105155,1618,2025-03-24 17:44:49,completed,credit_card,,0.0,2025-03,2025,3
105156,382,2025-03-24 19:43:50,completed,paypal,,0.0,2025-03,2025,3
105157,1104,2025-03-24 20:44:09,completed,credit_card,,6.95,2025-03,2025,3
105158,2577,2025-03-24 22:11:56,canceled,paypal,,0.0,2025-03,2025,3
105159,336,2025-03-25 06:09:38,completed,apple_pay,,0.0,2025-03,2025,3
105160,1295,2025-03-25 06:15:54,completed,paypal,,0.0,2025-03,2025,3
105161,1870,2025-03-25 08:05:04,completed,credit_card,,0.0,2025-03,2025,3
105162,712,2025-03-25 10:45:42,completed,paypal,,6.95,2025-03,2025,3
105163,274,2025-03-25 11:16:40,completed,paypal,,0.0,2025-03,2025,3
105164,3526,2025-03-25 12:30:07,canceled,credit_card,,0.0,2025-03,2025,3
105165,1636,2025-03-25 12:44:36,completed,paypal,,0.0,2025-03,2025,3
105166,3032,2025-03-25 12:52:43,completed,credit_card,,0.0,2025-03,2025,3
105167,48,2025-03-25 13:14:17,completed,credit_card,,6.95,2025-03,2025,3
105168,826,2025-03-25 14:45:40,completed,credit_card,,6.95,2025-03,2025,3
105169,2759,2025-03-25 14:46:26,completed,credit_card,,0.0,2025-03,2025,3
105170,2391,2025-03-25 16:55:09,returned,paypal,welcome10,0.0,2025-03,2025,3
105171,405,2025-03-25 19:00:06,returned,paypal,,6.95,2025-03,2025,3
105172,2278,2025-03-25 19:15:11,completed,apple_pay,,0.0,2025-03,2025,3
105173,2004,2025-03-25 20:54:48,completed,credit_card,,0.0,2025-03,2025,3
105174,1480,2025-03-25 21:09:09,completed,credit_card,,0.0,2025-03,2025,3
105175,85,2025-03-25 22:04:58,completed,credit_card,,0.0,2025-03,2025,3
105176,3007,2025-03-25 22:59:51,completed,credit_card,,0.0,2025-03,2025,3
105177,3062,2025-03-25 23:31:44,completed,apple_pay,,0.0,2025-03,2025,3
105178,1928,2025-03-26 08:22:01,completed,paypal,,0.0,2025-03,2025,3
105179,1643,2025-03-26 10:09:11,completed,paypal,,0.0,2025-03,2025,3
105180,2439,2025-03-26 10:19:32,returned,paypal,,0.0,2025-03,2025,3
105181,780,2025-03-26 11:09:21,completed,paypal,,6.95,2025-03,2025,3
105182,930,2025-03-26 11:20:44,completed,credit_card,,0.0,2025-03,2025,3
105183,3147,2025-03-26 11:39:18,completed,apple_pay,,6.95,2025-03,2025,3
105184,1126,2025-03-26 11:55:53,completed,credit_card,,0.0,2025-03,2025,3
105185,2822,2025-03-26 12:24:43,completed,credit_card,,0.0,2025-03,2025,3
105186,2086,2025-03-26 16:05:11,completed,apple_pay,,0.0,2025-03,2025,3
105187,2887,2025-03-26 21:52:28,completed,credit_card,,6.95,2025-03,2025,3
105188,2371,2025-03-26 23:28:43,canceled,credit_card,,0.0,2025-03,2025,3
105189,525,2025-03-27 07:52:49,completed,paypal,,0.0,2025-03,2025,3
105190,2394,2025-03-27 08:01:04,completed,paypal,,0.0,2025-03,2025,3
105191,2842,2025-03-27 08:22:15,completed,gift_card,,0.0,2025-03,2025,3
105192,747,2025-03-27 09:27:17,completed,credit_card,,0.0,2025-03,2025,3
105193,607,2025-03-27 09:45:38,completed,credit_card,,0.0,2025-03,2025,3
105194,2770,2025-03-27 12:13:55,completed,paypal,,6.95,2025-03,2025,3
105195,1682,2025-03-27 12:57:16,returned,gift_card,,0.0,2025-03,2025,3
105196,1700,2025-03-27 13:38:55,completed,apple_pay,spring15,0.0,2025-03,2025,3
105197,1671,2025-03-27 14:11:47,completed,credit_card,,0.0,2025-03,2025,3
105198,405,2025-03-27 14:40:05,completed,credit_card,,0.0,2025-03,2025,3
105199,262,2025-03-27 16:57:04,completed,paypal,,0.0,2025-03,2025,3
105200,526,2025-03-27 19:55:39,completed,credit_card,,0.0,2025-03,2025,3
105201,2528,2025-03-27 20:14:48,completed,gift_card,spring15,6.95,2025-03,2025,3
105202,135,2025-03-27 23:30:00,completed,credit_card,welcome10,6.95,2025-03,2025,3
105203,628,2025-03-28 06:14:40,completed,credit_card,,0.0,2025-03,2025,3
105204,2743,2025-03-28 08:22:56,completed,paypal,,0.0,2025-03,2025,3
105205,2569,2025-03-28 08:59:47,completed,apple_pay,,0.0,2025-03,2025,3
105206,2620,2025-03-28 09:05:36,completed,apple_pay,,0.0,2025-03,2025,3
105207,2562,2025-03-28 09:32:46,completed,credit_card,,0.0,2025-03,2025,3
105208,302,2025-03-28 11:10:16,completed,credit_card,,6.95,2025-03,2025,3
105209,1549,2025-03-28 11:18:23,completed,credit_card,,0.0,2025-03,2025,3
105210,2425,2025-03-28 11:53:56,completed,gift_card,,0.0,2025-03,2025,3
105211,2821,2025-03-28 13:51:35,completed,credit_card,,0.0,2025-03,2025,3
105212,1229,2025-03-28 15:24:59,returned,credit_card,,0.0,2025-03,2025,3
105213,1569,2025-03-28 17:00:42,completed,paypal,,6.95,2025-03,2025,3
105214,1421,2025-03-28 18:20:26,completed,paypal,spring15,0.0,2025-03,2025,3
105215,294,2025-03-28 18:55:37,completed,credit_card,welcome10,0.0,2025-03,2025,3
105216,1014,2025-03-28 20:11:58,completed,paypal,,6.95,2025-03,2025,3
105217,2528,2025-03-28 20:53:25,completed,apple_pay,,6.95,2025-03,2025,3
105218,3562,2025-03-28 22:01:02,completed,credit_card,,0.0,2025-03,2025,3
105219,2962,2025-03-28 22:05:37,completed,credit_card,,0.0,2025-03,2025,3
105220,2113,2025-03-28 22:28:40,returned,credit_card,,0.0,2025-03,2025,3
105221,171,2025-03-28 23:48:03,completed,apple_pay,,0.0,2025-03,2025,3
105222,2825,2025-03-29 07:48:34,completed,credit_card,welcome10,6.95,2025-03,2025,3
105223,2460,2025-03-29 11:02:43,completed,apple_pay,,0.0,2025-03,2025,3
105224,195,2025-03-29 11:50:01,completed,credit_card,,0.0,2025-03,2025,3
105225,48,2025-03-29 13:04:57,completed,credit_card,,0.0,2025-03,2025,3
105226,231,2025-03-29 13:16:13,completed,credit_card,,0.0,2025-03,2025,3
105227,3506,2025-03-29 15:31:18,completed,credit_card,,0.0,2025-03,2025,3
105228,519,2025-03-29 17:04:24,completed,paypal,,0.0,2025-03,2025,3
105229,1126,2025-03-29 18:53:37,completed,paypal,,0.0,2025-03,2025,3
105230,3505,2025-03-29 21:33:25,completed,credit_card,spring15,0.0,2025-03,2025,3
105231,1664,2025-03-29 22:47:25,completed,credit_card,,0.0,2025-03,2025,3
105232,236,2025-03-29 23:51:10,completed,apple_pay,,0.0,2025-03,2025,3
105233,236,2025-03-30 07:09:46,completed,credit_card,,0.0,2025-03,2025,3
105234,2151,2025-03-30 12:20:20,completed,credit_card,,0.0,2025-03,2025,3
105235,2303,2025-03-30 18:00:47,completed,credit_card,,6.95,2025-03,2025,3
105236,2946,2025-03-30 18:27:39,completed,credit_card,spring15,0.0,2025-03,2025,3
105237,856,2025-03-30 20:52:58,completed,credit_card,,0.0,2025-03,2025,3
105238,3600,2025-03-30 22:45:45,completed,credit_card,,0.0,2025-03,2025,3
105239,549,2025-03-31 06:44:44,completed,gift_card,spring15,0.0,2025-03,2025,3
105240,1918,2025-03-31 07:02:24,completed,apple_pay,,0.0,2025-03,2025,3
105241,3262,2025-03-31 07:15:27,completed,paypal,,0.0,2025-03,2025,3
105242,2658,2025-03-31 07:29:20,completed,paypal,,0.0,2025-03,2025,3
105243,2371,2025-03-31 07:40:09,completed,credit_card,,0.0,2025-03,2025,3
105244,3069,2025-03-31 08:51:35,completed,gift_card,spring15,0.0,2025-03,2025,3
105245,2786,2025-03-31 08:55:06,completed,credit_card,,0.0,2025-03,2025,3
105246,3506,2025-03-31 11:12:19,completed,apple_pay,spring15,6.95,2025-03,2025,3
105247,2278,2025-03-31 13:24:32,completed,paypal,,0.0,2025-03,2025,3
105248,115,2025-03-31 15:23:22,completed,credit_card,,0.0,2025-03,2025,3
105249,1768,2025-03-31 18:08:02,completed,credit_card,,0.0,2025-03,2025,3
105250,2033,2025-03-31 19:24:55,completed,apple_pay,,0.0,2025-03,2025,3
105251,499,2025-03-31 19:33:04,completed,paypal,,6.95,2025-03,2025,3
105252,2986,2025-03-31 22:16:26,completed,credit_card,spring15,0.0,2025-03,2025,3
105253,3582,2025-03-31 22:33:02,completed,credit_card,welcome10,6.95,2025-03,2025,3
105254,2787,2025-03-31 23:47:24,completed,apple_pay,,0.0,2025-03,2025,3
105255,2156,2025-04-01 09:10:31,completed,paypal,,0.0,2025-04,2025,4
105256,1708,2025-04-01 09:45:23,completed,paypal,,0.0,2025-04,2025,4
105257,1729,2025-04-01 10:06:58,completed,credit_card,spring15,0.0,2025-04,2025,4
105258,1091,2025-04-01 12:11:16,canceled,paypal,,0.0,2025-04,2025,4
105259,3416,2025-04-01 12:46:38,completed,credit_card,welcome10,0.0,2025-04,2025,4
105260,1946,2025-04-01 13:10:04,completed,paypal,,0.0,2025-04,2025,4
105261,710,2025-04-01 13:23:27,completed,credit_card,,6.95,2025-04,2025,4
105262,3207,2025-04-01 14:42:53,completed,apple_pay,,0.0,2025-04,2025,4
105263,3411,2025-04-01 16:04:09,returned,credit_card,,0.0,2025-04,2025,4
105264,2915,2025-04-01 17:35:46,completed,apple_pay,,6.95,2025-04,2025,4
105265,3147,2025-04-01 18:08:13,completed,credit_card,,0.0,2025-04,2025,4
105266,3425,2025-04-01 22:53:55,completed,gift_card,,0.0,2025-04,2025,4
105267,323,2025-04-02 07:19:17,completed,paypal,,6.95,2025-04,2025,4
105268,1466,2025-04-02 08:00:23,completed,credit_card,spring15,0.0,2025-04,2025,4
105269,856,2025-04-02 08:39:53,returned,credit_card,,0.0,2025-04,2025,4
105270,1104,2025-04-02 08:41:38,completed,credit_card,welcome10,0.0,2025-04,2025,4
105271,3526,2025-04-02 10:30:14,completed,paypal,,6.95,2025-04,2025,4
105272,1552,2025-04-02 10:34:34,completed,credit_card,,0.0,2025-04,2025,4
105273,2741,2025-04-02 11:46:04,completed,apple_pay,,0.0,2025-04,2025,4
105274,803,2025-04-02 12:10:21,completed,credit_card,welcome10,0.0,2025-04,2025,4
105275,336,2025-04-02 12:11:29,completed,credit_card,,0.0,2025-04,2025,4
105276,302,2025-04-02 13:49:00,completed,apple_pay,,0.0,2025-04,2025,4
105277,1946,2025-04-02 15:01:32,completed,credit_card,,0.0,2025-04,2025,4
105278,2602,2025-04-02 16:26:38,completed,paypal,,0.0,2025-04,2025,4
105279,3450,2025-04-02 17:05:43,completed,paypal,,0.0,2025-04,2025,4
105280,942,2025-04-02 18:41:33,completed,credit_card,,0.0,2025-04,2025,4
105281,2492,2025-04-02 20:03:48,completed,credit_card,,0.0,2025-04,2025,4
105282,2515,2025-04-03 06:13:25,completed,credit_card,,0.0,2025-04,2025,4
105283,3249,2025-04-03 10:56:18,completed,paypal,,6.95,2025-04,2025,4
105284,2755,2025-04-03 16:41:21,completed,credit_card,,0.0,2025-04,2025,4
105285,1389,2025-04-03 17:22:17,completed,paypal,,6.95,2025-04,2025,4
105286,3564,2025-04-03 18:22:50,canceled,credit_card,,0.0,2025-04,2025,4
105287,486,2025-04-04 07:32:32,completed,paypal,,0.0,2025-04,2025,4
105288,1312,2025-04-04 08:04:12,completed,credit_card,spring15,0.0,2025-04,2025,4
105289,1474,2025-04-04 08:06:41,completed,credit_card,,0.0,2025-04,2025,4
105290,2745,2025-04-04 08:23:22,completed,credit_card,,0.0,2025-04,2025,4
105291,9,2025-04-04 12:12:14,completed,paypal,,6.95,2025-04,2025,4
105292,3483,2025-04-04 13:07:44,completed,credit_card,,0.0,2025-04,2025,4
105293,1708,2025-04-04 13:15:51,completed,paypal,,0.0,2025-04,2025,4
105294,1329,2025-04-04 15:08:35,completed,credit_card,,0.0,2025-04,2025,4
105295,379,2025-04-04 15:12:32,completed,paypal,,0.0,2025-04,2025,4
105296,302,2025-04-04 16:22:19,completed,credit_card,,0.0,2025-04,2025,4
105297,3323,2025-04-04 17:15:35,completed,credit_card,spring15,6.95,2025-04,2025,4
105298,269,2025-04-04 19:00:00,canceled,paypal,,6.95,2025-04,2025,4
105299,1137,2025-04-04 22:33:49,completed,apple_pay,,0.0,2025-04,2025,4
105300,2947,2025-04-05 07:07:14,completed,credit_card,,0.0,2025-04,2025,4
105301,1391,2025-04-05 07:20:39,completed,credit_card,,0.0,2025-04,2025,4
105302,1722,2025-04-05 09:29:55,completed,credit_card,,0.0,2025-04,2025,4
105303,2743,2025-04-05 09:48:39,completed,credit_card,,6.95,2025-04,2025,4
105304,2302,2025-04-06 07:31:24,completed,credit_card,,0.0,2025-04,2025,4
105305,1230,2025-04-06 08:38:47,completed,apple_pay,spring15,6.95,2025-04,2025,4
105306,1073,2025-04-06 09:23:02,completed,credit_card,,0.0,2025-04,2025,4
105307,1881,2025-04-06 10:22:10,completed,credit_card,,0.0,2025-04,2025,4
105308,1921,2025-04-06 10:30:10,completed,apple_pay,,0.0,2025-04,2025,4
105309,145,2025-04-06 11:12:16,completed,paypal,,6.95,2025-04,2025,4
105310,1244,2025-04-06 13:34:54,returned,apple_pay,,0.0,2025-04,2025,4
105311,1110,2025-04-06 13:50:39,completed,paypal,,0.0,2025-04,2025,4
105312,1153,2025-04-06 16:49:26,completed,apple_pay,,0.0,2025-04,2025,4
105313,2821,2025-04-06 17:48:35,completed,credit_card,,6.95,2025-04,2025,4
105314,1786,2025-04-06 20:29:40,completed,credit_card,spring15,0.0,2025-04,2025,4
105315,2162,2025-04-06 20:30:46,completed,credit_card,spring15,0.0,2025-04,2025,4
105316,1776,2025-04-07 08:23:15,completed,credit_card,,0.0,2025-04,2025,4
105317,2932,2025-04-07 09:13:44,returned,credit_card,,0.0,2025-04,2025,4
105318,1127,2025-04-07 10:20:03,completed,credit_card,,0.0,2025-04,2025,4
105319,2787,2025-04-07 11:37:27,completed,credit_card,,0.0,2025-04,2025,4
105320,1928,2025-04-07 12:25:31,completed,credit_card,,6.95,2025-04,2025,4
105321,237,2025-04-07 13:07:46,completed,credit_card,,0.0,2025-04,2025,4
105322,384,2025-04-07 15:37:44,completed,credit_card,,6.95,2025-04,2025,4
105323,2644,2025-04-07 16:42:11,completed,paypal,,0.0,2025-04,2025,4
105324,2027,2025-04-07 17:51:24,completed,credit_card,spring15,0.0,2025-04,2025,4
105325,838,2025-04-07 18:21:08,completed,credit_card,,6.95,2025-04,2025,4
105326,3234,2025-04-07 19:39:33,completed,credit_card,,0.0,2025-04,2025,4
105327,1634,2025-04-07 20:20:52,completed,apple_pay,,0.0,2025-04,2025,4
105328,2375,2025-04-07 21:02:54,returned,credit_card,,0.0,2025-04,2025,4
105329,1454,2025-04-07 23:25:22,completed,credit_card,,0.0,2025-04,2025,4
105330,2110,2025-04-08 07:56:54,completed,credit_card,,0.0,2025-04,2025,4
105331,1851,2025-04-08 08:32:53,completed,credit_card,,0.0,2025-04,2025,4
105332,2449,2025-04-08 08:47:17,completed,paypal,,0.0,2025-04,2025,4
105333,1712,2025-04-08 10:38:20,completed,credit_card,,0.0,2025-04,2025,4
105334,48,2025-04-08 10:54:24,completed,apple_pay,,0.0,2025-04,2025,4
105335,2445,2025-04-08 13:04:11,completed,credit_card,,0.0,2025-04,2025,4
105336,135,2025-04-08 13:19:37,completed,credit_card,,0.0,2025-04,2025,4
105337,3015,2025-04-08 14:20:07,completed,paypal,,0.0,2025-04,2025,4
105338,551,2025-04-08 15:49:31,completed,credit_card,,0.0,2025-04,2025,4
105339,2752,2025-04-08 16:07:45,completed,credit_card,,0.0,2025-04,2025,4
105340,2460,2025-04-08 16:23:45,completed,paypal,,0.0,2025-04,2025,4
105341,3320,2025-04-08 16:32:42,completed,credit_card,,0.0,2025-04,2025,4
105342,3249,2025-04-08 16:47:36,completed,credit_card,,6.95,2025-04,2025,4
105343,2248,2025-04-08 18:10:50,completed,credit_card,,0.0,2025-04,2025,4
105344,732,2025-04-08 20:20:49,completed,credit_card,,0.0,2025-04,2025,4
105345,2436,2025-04-08 21:53:26,completed,paypal,,0.0,2025-04,2025,4
105346,803,2025-04-09 06:39:33,returned,paypal,spring15,0.0,2025-04,2025,4
105347,2867,2025-04-09 07:50:28,completed,credit_card,,0.0,2025-04,2025,4
105348,3249,2025-04-09 08:27:05,completed,credit_card,,0.0,2025-04,2025,4
105349,2913,2025-04-09 10:43:58,completed,credit_card,,6.95,2025-04,2025,4
105350,89,2025-04-09 14:13:48,completed,credit_card,,0.0,2025-04,2025,4
105351,2383,2025-04-09 15:00:48,completed,apple_pay,,0.0,2025-04,2025,4
105352,1806,2025-04-09 15:42:03,completed,credit_card,,6.95,2025-04,2025,4
105353,2497,2025-04-09 16:05:57,completed,credit_card,,0.0,2025-04,2025,4
105354,1759,2025-04-09 16:53:20,completed,paypal,,0.0,2025-04,2025,4
105355,3312,2025-04-09 17:07:35,completed,credit_card,welcome10,0.0,2025-04,2025,4
105356,2673,2025-04-09 17:45:16,completed,credit_card,,0.0,2025-04,2025,4
105357,11,2025-04-09 18:09:37,completed,credit_card,,0.0,2025-04,2025,4
105358,411,2025-04-09 18:30:16,completed,credit_card,,0.0,2025-04,2025,4
105359,2832,2025-04-09 18:33:40,canceled,apple_pay,,6.95,2025-04,2025,4
105360,3567,2025-04-09 20:33:02,completed,credit_card,,0.0,2025-04,2025,4
105361,2197,2025-04-09 21:12:23,completed,credit_card,welcome10,0.0,2025-04,2025,4
105362,48,2025-04-09 21:36:30,completed,credit_card,,0.0,2025-04,2025,4
105363,942,2025-04-09 22:31:55,completed,credit_card,,0.0,2025-04,2025,4
105364,1044,2025-04-09 23:21:30,completed,credit_card,spring15,6.95,2025-04,2025,4
105365,1104,2025-04-10 08:24:58,completed,credit_card,,0.0,2025-04,2025,4
105366,3110,2025-04-10 09:52:22,completed,paypal,,0.0,2025-04,2025,4
105367,2252,2025-04-10 10:09:25,completed,credit_card,spring15,0.0,2025-04,2025,4
105368,2813,2025-04-10 11:29:49,completed,credit_card,,0.0,2025-04,2025,4
105369,405,2025-04-10 18:44:56,completed,apple_pay,,0.0,2025-04,2025,4
105370,3249,2025-04-10 19:54:47,completed,credit_card,,0.0,2025-04,2025,4
105371,1590,2025-04-10 21:12:58,completed,credit_card,welcome10,0.0,2025-04,2025,4
105372,1391,2025-04-11 06:33:49,completed,credit_card,,0.0,2025-04,2025,4
105373,2722,2025-04-11 08:53:13,completed,credit_card,,0.0,2025-04,2025,4
105374,2786,2025-04-11 09:52:32,completed,paypal,,0.0,2025-04,2025,4
105375,713,2025-04-11 09:55:19,completed,credit_card,spring15,0.0,2025-04,2025,4
105376,3291,2025-04-11 10:43:29,completed,credit_card,,0.0,2025-04,2025,4
105377,3250,2025-04-11 12:26:14,completed,paypal,,0.0,2025-04,2025,4
105378,605,2025-04-11 15:26:21,completed,credit_card,,0.0,2025-04,2025,4
105379,435,2025-04-11 20:01:51,completed,credit_card,spring15,0.0,2025-04,2025,4
105380,1393,2025-04-11 20:13:40,completed,apple_pay,,0.0,2025-04,2025,4
105381,1712,2025-04-11 20:59:04,completed,paypal,,0.0,2025-04,2025,4
105382,2541,2025-04-11 23:38:00,completed,credit_card,spring15,6.95,2025-04,2025,4
105383,376,2025-04-12 06:57:12,completed,credit_card,,0.0,2025-04,2025,4
105384,2577,2025-04-12 09:37:06,completed,paypal,,6.95,2025-04,2025,4
105385,3471,2025-04-12 14:18:08,completed,paypal,,6.95,2025-04,2025,4
105386,371,2025-04-12 14:51:02,completed,paypal,,0.0,2025-04,2025,4
105387,1986,2025-04-12 15:29:35,completed,paypal,,0.0,2025-04,2025,4
105388,3564,2025-04-12 18:26:33,returned,credit_card,,0.0,2025-04,2025,4
105389,3411,2025-04-12 20:21:43,completed,credit_card,,6.95,2025-04,2025,4
105390,2026,2025-04-12 20:42:58,completed,credit_card,,6.95,2025-04,2025,4
105391,1700,2025-04-12 20:57:52,completed,credit_card,,0.0,2025-04,2025,4
105392,1216,2025-04-12 21:20:18,completed,credit_card,,0.0,2025-04,2025,4
105393,249,2025-04-12 23:05:26,completed,credit_card,,0.0,2025-04,2025,4
105394,294,2025-04-13 07:21:59,completed,credit_card,,0.0,2025-04,2025,4
105395,2283,2025-04-13 08:27:13,completed,paypal,,0.0,2025-04,2025,4
105396,384,2025-04-13 09:32:22,completed,credit_card,welcome10,0.0,2025-04,2025,4
105397,907,2025-04-13 09:57:38,completed,credit_card,welcome10,0.0,2025-04,2025,4
105398,2629,2025-04-13 10:16:00,completed,credit_card,,6.95,2025-04,2025,4
105399,837,2025-04-13 11:58:31,completed,credit_card,,0.0,2025-04,2025,4
105400,2745,2025-04-13 12:18:10,canceled,paypal,,6.95,2025-04,2025,4
105401,2162,2025-04-13 13:07:43,completed,credit_card,,0.0,2025-04,2025,4
105402,1628,2025-04-13 15:33:55,completed,credit_card,,6.95,2025-04,2025,4
105403,1062,2025-04-13 18:47:36,completed,credit_card,,0.0,2025-04,2025,4
105404,1397,2025-04-13 19:39:08,completed,gift_card,,6.95,2025-04,2025,4
105405,3159,2025-04-13 20:28:05,completed,credit_card,,0.0,2025-04,2025,4
105406,2460,2025-04-13 20:48:39,completed,paypal,,0.0,2025-04,2025,4
105407,3270,2025-04-13 21:08:14,completed,credit_card,,6.95,2025-04,2025,4
105408,399,2025-04-13 21:22:03,completed,credit_card,,0.0,2025-04,2025,4
105409,1012,2025-04-13 21:55:28,completed,credit_card,welcome10,0.0,2025-04,2025,4
105410,721,2025-04-13 22:58:16,completed,gift_card,,0.0,2025-04,2025,4
105411,1825,2025-04-13 23:36:41,completed,gift_card,welcome10,0.0,2025-04,2025,4
105412,115,2025-04-13 23:46:38,completed,apple_pay,,6.95,2025-04,2025,4
105413,2822,2025-04-14 06:03:44,completed,gift_card,,0.0,2025-04,2025,4
105414,618,2025-04-14 12:41:30,completed,credit_card,spring15,0.0,2025-04,2025,4
105415,1921,2025-04-14 13:08:06,completed,credit_card,,0.0,2025-04,2025,4
105416,3069,2025-04-14 14:52:13,completed,credit_card,,6.95,2025-04,2025,4
105417,3007,2025-04-14 15:19:29,completed,credit_card,,0.0,2025-04,2025,4
105418,2741,2025-04-14 18:46:53,completed,paypal,,0.0,2025-04,2025,4
105419,2506,2025-04-14 20:03:54,completed,credit_card,,6.95,2025-04,2025,4
105420,232,2025-04-14 20:16:00,completed,credit_card,,0.0,2025-04,2025,4
105421,2770,2025-04-14 20:19:33,completed,credit_card,welcome10,0.0,2025-04,2025,4
105422,1959,2025-04-15 06:16:57,completed,paypal,,0.0,2025-04,2025,4
105423,99,2025-04-15 06:35:55,completed,credit_card,,6.95,2025-04,2025,4
105424,3062,2025-04-15 06:49:14,completed,paypal,,0.0,2025-04,2025,4
105425,2361,2025-04-15 08:52:25,completed,credit_card,,0.0,2025-04,2025,4
105426,1182,2025-04-15 12:55:22,completed,apple_pay,,6.95,2025-04,2025,4
105427,1200,2025-04-15 14:44:25,completed,credit_card,,6.95,2025-04,2025,4
105428,1142,2025-04-15 16:02:56,completed,credit_card,,0.0,2025-04,2025,4
105429,2734,2025-04-15 17:01:19,completed,paypal,,0.0,2025-04,2025,4
105430,1813,2025-04-15 17:12:21,completed,credit_card,spring15,6.95,2025-04,2025,4
105431,2821,2025-04-15 21:36:17,completed,apple_pay,,0.0,2025-04,2025,4
105432,2399,2025-04-15 21:42:13,completed,paypal,,0.0,2025-04,2025,4
105433,1628,2025-04-15 23:37:13,completed,credit_card,,0.0,2025-04,2025,4
105434,1851,2025-04-16 06:46:42,completed,credit_card,,0.0,2025-04,2025,4
105435,2658,2025-04-16 07:07:32,completed,credit_card,,0.0,2025-04,2025,4
105436,644,2025-04-16 11:52:35,completed,credit_card,,6.95,2025-04,2025,4
105437,307,2025-04-16 13:14:34,returned,credit_card,,0.0,2025-04,2025,4
105438,1480,2025-04-16 13:58:33,completed,credit_card,,0.0,2025-04,2025,4
105439,1752,2025-04-16 14:34:28,completed,credit_card,,0.0,2025-04,2025,4
105440,115,2025-04-16 15:37:01,canceled,credit_card,,0.0,2025-04,2025,4
105441,1108,2025-04-16 17:43:38,canceled,gift_card,,0.0,2025-04,2025,4
105442,2948,2025-04-16 20:50:19,returned,apple_pay,,0.0,2025-04,2025,4
105443,539,2025-04-16 22:30:10,completed,credit_card,,0.0,2025-04,2025,4
105444,1644,2025-04-16 23:41:52,completed,credit_card,spring15,6.95,2025-04,2025,4
105445,94,2025-04-17 09:04:27,completed,gift_card,,6.95,2025-04,2025,4
105446,3159,2025-04-17 11:27:19,completed,gift_card,,0.0,2025-04,2025,4
105447,3569,2025-04-17 12:02:06,returned,credit_card,,0.0,2025-04,2025,4
105448,382,2025-04-17 13:01:45,completed,credit_card,,0.0,2025-04,2025,4
105449,1428,2025-04-17 13:41:01,completed,credit_card,,0.0,2025-04,2025,4
105450,1184,2025-04-17 14:22:20,completed,credit_card,spring15,0.0,2025-04,2025,4
105451,2451,2025-04-17 15:21:34,completed,credit_card,,0.0,2025-04,2025,4
105452,3032,2025-04-17 16:15:46,completed,apple_pay,,0.0,2025-04,2025,4
105453,3014,2025-04-17 16:25:15,completed,credit_card,,0.0,2025-04,2025,4
105454,2164,2025-04-17 20:14:54,completed,credit_card,,0.0,2025-04,2025,4
105455,1064,2025-04-17 21:20:37,completed,credit_card,,0.0,2025-04,2025,4
105456,942,2025-04-18 06:02:48,completed,credit_card,,0.0,2025-04,2025,4
105457,1397,2025-04-18 07:36:01,completed,credit_card,welcome10,0.0,2025-04,2025,4
105458,2188,2025-04-18 08:08:31,completed,credit_card,,0.0,2025-04,2025,4
105459,1375,2025-04-18 10:16:53,completed,credit_card,,0.0,2025-04,2025,4
105460,3227,2025-04-18 12:03:09,completed,apple_pay,,0.0,2025-04,2025,4
105461,3032,2025-04-18 13:49:33,completed,credit_card,,0.0,2025-04,2025,4
105462,3019,2025-04-18 14:45:42,completed,apple_pay,,0.0,2025-04,2025,4
105463,2821,2025-04-18 18:54:18,completed,apple_pay,,0.0,2025-04,2025,4
105464,1635,2025-04-18 19:02:01,completed,paypal,,6.95,2025-04,2025,4
105465,2812,2025-04-19 07:20:53,completed,credit_card,,0.0,2025-04,2025,4
105466,3358,2025-04-19 07:38:30,completed,credit_card,,0.0,2025-04,2025,4
105467,2528,2025-04-19 07:58:07,canceled,gift_card,,0.0,2025-04,2025,4
105468,3271,2025-04-19 09:33:36,completed,credit_card,,0.0,2025-04,2025,4
105469,306,2025-04-19 09:58:23,completed,credit_card,,0.0,2025-04,2025,4
105470,2821,2025-04-19 10:37:30,completed,credit_card,,0.0,2025-04,2025,4
105471,1104,2025-04-19 10:37:31,completed,credit_card,,0.0,2025-04,2025,4
105472,2222,2025-04-19 12:10:52,returned,paypal,,0.0,2025-04,2025,4
105473,711,2025-04-19 13:19:55,completed,credit_card,,0.0,2025-04,2025,4
105474,3462,2025-04-19 13:20:36,completed,credit_card,,0.0,2025-04,2025,4
105475,2298,2025-04-19 15:27:32,completed,gift_card,,0.0,2025-04,2025,4
105476,441,2025-04-19 16:21:32,completed,credit_card,spring15,0.0,2025-04,2025,4
105477,1391,2025-04-19 16:36:33,completed,credit_card,spring15,0.0,2025-04,2025,4
105478,1104,2025-04-19 19:36:42,completed,apple_pay,spring15,0.0,2025-04,2025,4
105479,3401,2025-04-19 19:53:20,completed,paypal,,0.0,2025-04,2025,4
105480,2086,2025-04-19 21:18:10,completed,credit_card,,0.0,2025-04,2025,4
105482,2738,2025-04-20 06:03:26,completed,credit_card,,0.0,2025-04,2025,4
105483,1671,2025-04-20 07:13:45,completed,credit_card,,0.0,2025-04,2025,4
105484,1366,2025-04-20 09:06:08,completed,credit_card,,0.0,2025-04,2025,4
105485,1450,2025-04-20 09:52:57,completed,apple_pay,,0.0,2025-04,2025,4
105486,2884,2025-04-20 09:57:04,completed,credit_card,,6.95,2025-04,2025,4
105487,3207,2025-04-20 10:32:57,completed,apple_pay,,0.0,2025-04,2025,4
105488,2060,2025-04-20 12:08:48,completed,gift_card,,0.0,2025-04,2025,4
105489,1911,2025-04-20 12:19:44,completed,credit_card,,0.0,2025-04,2025,4
105490,3147,2025-04-20 13:31:54,completed,gift_card,,0.0,2025-04,2025,4
105491,1149,2025-04-20 14:33:49,canceled,credit_card,,0.0,2025-04,2025,4
105492,1264,2025-04-20 16:49:23,completed,credit_card,,6.95,2025-04,2025,4
105493,2901,2025-04-20 16:50:14,returned,credit_card,,0.0,2025-04,2025,4
105494,2151,2025-04-20 18:08:11,completed,credit_card,spring15,0.0,2025-04,2025,4
105495,3014,2025-04-20 22:29:38,completed,credit_card,,0.0,2025-04,2025,4
105496,48,2025-04-21 06:49:32,completed,paypal,,0.0,2025-04,2025,4
105497,237,2025-04-21 14:11:26,completed,credit_card,,0.0,2025-04,2025,4
105498,1722,2025-04-21 16:12:20,completed,credit_card,,0.0,2025-04,2025,4
105499,405,2025-04-21 16:24:20,completed,credit_card,,0.0,2025-04,2025,4
105500,2962,2025-04-21 19:53:44,completed,credit_card,,0.0,2025-04,2025,4
105501,949,2025-04-21 20:04:09,completed,apple_pay,spring15,6.95,2025-04,2025,4
105502,2741,2025-04-21 21:24:58,completed,apple_pay,,0.0,2025-04,2025,4
105503,1104,2025-04-22 06:49:28,completed,apple_pay,spring15,0.0,2025-04,2025,4
105504,3584,2025-04-22 08:01:30,completed,credit_card,spring15,0.0,2025-04,2025,4
105505,2278,2025-04-22 08:47:55,completed,credit_card,,6.95,2025-04,2025,4
105506,236,2025-04-22 08:58:48,completed,credit_card,,0.0,2025-04,2025,4
105507,2004,2025-04-22 09:22:32,completed,credit_card,welcome10,6.95,2025-04,2025,4
105508,3249,2025-04-22 10:15:11,completed,apple_pay,spring15,0.0,2025-04,2025,4
105509,2905,2025-04-22 10:30:02,canceled,paypal,,6.95,2025-04,2025,4
105510,3249,2025-04-22 12:34:23,completed,credit_card,,0.0,2025-04,2025,4
105511,2197,2025-04-22 12:52:30,completed,credit_card,,0.0,2025-04,2025,4
105512,3344,2025-04-22 12:54:46,completed,credit_card,,0.0,2025-04,2025,4
105513,115,2025-04-22 13:09:48,completed,credit_card,,0.0,2025-04,2025,4
105514,3592,2025-04-22 16:28:26,completed,credit_card,,0.0,2025-04,2025,4
105515,803,2025-04-22 16:33:41,completed,credit_card,,0.0,2025-04,2025,4
105516,1446,2025-04-22 16:55:31,completed,apple_pay,,6.95,2025-04,2025,4
105517,1125,2025-04-22 17:48:30,completed,credit_card,,6.95,2025-04,2025,4
105518,1786,2025-04-22 17:54:13,completed,credit_card,,0.0,2025-04,2025,4
105519,499,2025-04-22 20:16:11,completed,credit_card,spring15,6.95,2025-04,2025,4
105520,519,2025-04-22 21:18:11,completed,paypal,welcome10,0.0,2025-04,2025,4
105521,3219,2025-04-22 21:55:16,completed,paypal,spring15,6.95,2025-04,2025,4
105522,3425,2025-04-23 07:24:47,completed,paypal,spring15,0.0,2025-04,2025,4
105523,3032,2025-04-23 07:29:53,completed,apple_pay,,0.0,2025-04,2025,4
105524,2581,2025-04-23 08:25:30,completed,credit_card,,6.95,2025-04,2025,4
105525,1143,2025-04-23 09:06:51,completed,apple_pay,spring15,6.95,2025-04,2025,4
105526,2693,2025-04-23 13:36:38,completed,credit_card,welcome10,0.0,2025-04,2025,4
105527,2441,2025-04-23 15:30:36,completed,gift_card,,0.0,2025-04,2025,4
105528,838,2025-04-23 15:34:29,completed,credit_card,,0.0,2025-04,2025,4
105529,284,2025-04-23 16:46:06,completed,paypal,,0.0,2025-04,2025,4
105530,1184,2025-04-23 17:44:49,completed,gift_card,spring15,0.0,2025-04,2025,4
105531,11,2025-04-23 17:44:57,completed,gift_card,,0.0,2025-04,2025,4
105532,405,2025-04-23 18:10:43,completed,apple_pay,,0.0,2025-04,2025,4
105533,3589,2025-04-23 18:27:08,completed,credit_card,welcome10,6.95,2025-04,2025,4
105534,399,2025-04-23 22:40:57,completed,credit_card,,6.95,2025-04,2025,4
105535,1914,2025-04-23 23:22:56,completed,credit_card,,0.0,2025-04,2025,4
105536,2834,2025-04-23 23:28:12,completed,credit_card,spring15,6.95,2025-04,2025,4
105537,1149,2025-04-24 07:11:50,canceled,gift_card,,0.0,2025-04,2025,4
105538,1391,2025-04-24 07:44:15,completed,paypal,spring15,0.0,2025-04,2025,4
105539,3558,2025-04-24 14:26:18,completed,credit_card,,0.0,2025-04,2025,4
105540,2739,2025-04-24 15:05:27,completed,credit_card,,0.0,2025-04,2025,4
105541,1514,2025-04-24 15:46:56,returned,credit_card,,0.0,2025-04,2025,4
105542,1104,2025-04-24 16:48:24,completed,credit_card,spring15,6.95,2025-04,2025,4
105543,1593,2025-04-24 17:48:29,returned,paypal,,0.0,2025-04,2025,4
105544,2319,2025-04-24 19:03:45,completed,paypal,spring15,0.0,2025-04,2025,4
105545,1073,2025-04-24 19:19:19,completed,gift_card,,0.0,2025-04,2025,4
105546,2162,2025-04-24 19:20:25,completed,paypal,,0.0,2025-04,2025,4
105547,2332,2025-04-24 20:15:06,completed,credit_card,,6.95,2025-04,2025,4
105548,1763,2025-04-24 21:41:18,completed,paypal,spring15,6.95,2025-04,2025,4
105549,1073,2025-04-24 23:31:55,completed,credit_card,,0.0,2025-04,2025,4
105550,2821,2025-04-25 08:07:51,completed,apple_pay,,6.95,2025-04,2025,4
105551,405,2025-04-25 08:47:10,completed,apple_pay,,0.0,2025-04,2025,4
105552,2918,2025-04-25 11:00:32,completed,credit_card,,6.95,2025-04,2025,4
105553,2162,2025-04-25 11:20:18,completed,credit_card,,0.0,2025-04,2025,4
105554,2085,2025-04-25 11:25:04,completed,gift_card,,6.95,2025-04,2025,4
105555,1469,2025-04-25 11:34:07,completed,credit_card,,6.95,2025-04,2025,4
105556,3079,2025-04-25 12:21:40,completed,paypal,,0.0,2025-04,2025,4
105557,2351,2025-04-25 13:48:05,completed,paypal,,0.0,2025-04,2025,4
105558,237,2025-04-25 14:10:16,completed,credit_card,welcome10,0.0,2025-04,2025,4
105559,53,2025-04-25 15:52:17,completed,credit_card,,6.95,2025-04,2025,4
105560,2460,2025-04-25 16:36:59,completed,credit_card,spring15,0.0,2025-04,2025,4
105561,2906,2025-04-25 16:41:46,completed,credit_card,,0.0,2025-04,2025,4
105562,2434,2025-04-25 17:07:33,completed,credit_card,,0.0,2025-04,2025,4
105563,2505,2025-04-25 20:47:31,completed,paypal,,0.0,2025-04,2025,4
105564,371,2025-04-25 21:22:21,completed,credit_card,,0.0,2025-04,2025,4
105565,3348,2025-04-26 06:04:20,completed,paypal,spring15,0.0,2025-04,2025,4
105566,3270,2025-04-26 06:15:31,completed,credit_card,,0.0,2025-04,2025,4
105567,1295,2025-04-26 06:39:44,completed,credit_card,,0.0,2025-04,2025,4
105568,1759,2025-04-26 08:46:44,completed,gift_card,,0.0,2025-04,2025,4
105569,443,2025-04-26 09:41:21,completed,credit_card,,0.0,2025-04,2025,4
105570,3069,2025-04-26 09:41:39,completed,credit_card,,0.0,2025-04,2025,4
105571,2743,2025-04-26 09:58:14,completed,credit_card,,6.95,2025-04,2025,4
105572,578,2025-04-26 10:06:18,completed,apple_pay,spring15,0.0,2025-04,2025,4
105573,1708,2025-04-26 11:20:25,completed,paypal,,0.0,2025-04,2025,4
105574,1104,2025-04-26 12:20:29,completed,credit_card,,0.0,2025-04,2025,4
105575,2888,2025-04-26 12:33:57,completed,credit_card,,6.95,2025-04,2025,4
105576,2506,2025-04-26 15:28:46,completed,apple_pay,,0.0,2025-04,2025,4
105577,263,2025-04-26 16:48:53,completed,credit_card,,0.0,2025-04,2025,4
105578,2480,2025-04-26 18:54:59,completed,credit_card,,0.0,2025-04,2025,4
105579,1628,2025-04-26 19:03:11,completed,credit_card,,6.95,2025-04,2025,4
105580,2844,2025-04-26 19:39:52,completed,gift_card,,6.95,2025-04,2025,4
105581,2233,2025-04-26 21:02:20,completed,credit_card,,0.0,2025-04,2025,4
105582,1825,2025-04-26 21:20:24,completed,credit_card,,0.0,2025-04,2025,4
105583,1708,2025-04-26 22:12:11,completed,apple_pay,spring15,6.95,2025-04,2025,4
105584,3372,2025-04-26 22:20:41,completed,gift_card,,0.0,2025-04,2025,4
105585,379,2025-04-26 22:38:28,completed,paypal,,0.0,2025-04,2025,4
105586,256,2025-04-26 23:35:05,completed,credit_card,spring15,0.0,2025-04,2025,4
105587,2513,2025-04-27 07:12:25,completed,paypal,,0.0,2025-04,2025,4
105588,3416,2025-04-27 09:12:45,completed,credit_card,,0.0,2025-04,2025,4
105589,3007,2025-04-27 10:55:45,completed,paypal,spring15,6.95,2025-04,2025,4
105590,1466,2025-04-27 11:44:15,completed,credit_card,,0.0,2025-04,2025,4
105591,618,2025-04-27 13:02:32,completed,credit_card,,6.95,2025-04,2025,4
105592,3466,2025-04-27 13:33:52,completed,credit_card,,0.0,2025-04,2025,4
105593,2383,2025-04-27 14:08:27,completed,apple_pay,,0.0,2025-04,2025,4
105594,2608,2025-04-27 14:32:39,completed,apple_pay,,0.0,2025-04,2025,4
105595,1629,2025-04-27 15:24:51,completed,credit_card,,0.0,2025-04,2025,4
105596,1884,2025-04-27 15:56:57,completed,credit_card,welcome10,0.0,2025-04,2025,4
105597,256,2025-04-27 16:13:32,completed,paypal,,0.0,2025-04,2025,4
105598,70,2025-04-27 16:30:36,completed,paypal,,0.0,2025-04,2025,4
105599,350,2025-04-27 16:49:18,completed,credit_card,,0.0,2025-04,2025,4
105600,858,2025-04-27 17:42:58,completed,credit_card,,0.0,2025-04,2025,4
105601,2821,2025-04-27 18:35:41,completed,credit_card,,0.0,2025-04,2025,4
105602,686,2025-04-27 20:46:57,completed,credit_card,welcome10,0.0,2025-04,2025,4
105603,2252,2025-04-27 22:02:24,completed,paypal,,6.95,2025-04,2025,4
105604,930,2025-04-27 22:35:40,completed,credit_card,,0.0,2025-04,2025,4
105605,135,2025-04-28 07:11:07,completed,credit_card,spring15,0.0,2025-04,2025,4
105606,2361,2025-04-28 09:43:00,completed,apple_pay,spring15,6.95,2025-04,2025,4
105607,41,2025-04-28 10:07:52,completed,credit_card,,0.0,2025-04,2025,4
105608,507,2025-04-28 10:21:27,completed,credit_card,,0.0,2025-04,2025,4
105609,2258,2025-04-28 11:29:57,completed,apple_pay,,0.0,2025-04,2025,4
105610,90,2025-04-28 12:47:27,completed,credit_card,spring15,0.0,2025-04,2025,4
105611,107,2025-04-28 13:00:34,completed,gift_card,spring15,0.0,2025-04,2025,4
105612,2651,2025-04-28 13:35:19,completed,credit_card,,6.95,2025-04,2025,4
105613,942,2025-04-28 15:59:00,completed,credit_card,,6.95,2025-04,2025,4
105614,3380,2025-04-28 17:33:59,completed,apple_pay,,0.0,2025-04,2025,4
105615,885,2025-04-28 17:35:13,completed,paypal,,0.0,2025-04,2025,4
105616,1096,2025-04-28 18:01:52,completed,credit_card,spring15,0.0,2025-04,2025,4
105617,3526,2025-04-28 18:34:18,completed,apple_pay,,0.0,2025-04,2025,4
105618,780,2025-04-28 19:10:15,completed,credit_card,,0.0,2025-04,2025,4
105619,3032,2025-04-28 21:36:05,completed,apple_pay,,6.95,2025-04,2025,4
105620,170,2025-04-28 21:38:40,completed,apple_pay,,0.0,2025-04,2025,4
105621,3015,2025-04-28 22:52:38,completed,credit_card,,0.0,2025-04,2025,4
105622,334,2025-04-28 23:40:56,completed,credit_card,,0.0,2025-04,2025,4
105623,3029,2025-04-28 23:44:04,completed,credit_card,,6.95,2025-04,2025,4
105624,1155,2025-04-29 06:20:30,completed,credit_card,,6.95,2025-04,2025,4
105625,285,2025-04-29 06:22:56,completed,credit_card,,6.95,2025-04,2025,4
105626,856,2025-04-29 06:54:26,completed,apple_pay,,0.0,2025-04,2025,4
105627,2539,2025-04-29 07:20:11,completed,credit_card,,0.0,2025-04,2025,4
105628,1220,2025-04-29 07:53:27,completed,paypal,,0.0,2025-04,2025,4
105629,1763,2025-04-29 09:05:25,completed,credit_card,welcome10,0.0,2025-04,2025,4
105630,2743,2025-04-29 10:06:25,completed,paypal,,0.0,2025-04,2025,4
105631,1759,2025-04-29 12:28:56,completed,credit_card,,0.0,2025-04,2025,4
105632,399,2025-04-29 12:35:47,completed,credit_card,spring15,0.0,2025-04,2025,4
105633,1775,2025-04-29 13:44:54,completed,credit_card,,0.0,2025-04,2025,4
105634,831,2025-04-29 14:13:30,completed,credit_card,,0.0,2025-04,2025,4
105635,3207,2025-04-29 14:15:19,completed,apple_pay,,0.0,2025-04,2025,4
105636,2914,2025-04-29 14:54:30,completed,apple_pay,,6.95,2025-04,2025,4
105637,3098,2025-04-29 15:33:38,completed,paypal,,0.0,2025-04,2025,4
105638,1330,2025-04-29 17:23:52,completed,paypal,,0.0,2025-04,2025,4
105639,526,2025-04-29 19:35:08,canceled,paypal,,0.0,2025-04,2025,4
105640,858,2025-04-29 19:49:09,completed,paypal,,0.0,2025-04,2025,4
105641,48,2025-04-29 19:53:51,completed,credit_card,,0.0,2025-04,2025,4
105642,1104,2025-04-29 20:39:56,completed,paypal,spring15,0.0,2025-04,2025,4
105643,2451,2025-04-29 21:03:39,completed,credit_card,,0.0,2025-04,2025,4
105644,954,2025-04-30 06:26:24,completed,apple_pay,,0.0,2025-04,2025,4
105645,2560,2025-04-30 08:13:41,completed,paypal,,0.0,2025-04,2025,4
105646,1480,2025-04-30 13:48:08,completed,paypal,,0.0,2025-04,2025,4
105647,1729,2025-04-30 14:26:45,completed,paypal,,0.0,2025-04,2025,4
105648,3311,2025-04-30 15:31:42,completed,paypal,,0.0,2025-04,2025,4
105649,1257,2025-04-30 19:59:28,completed,apple_pay,,6.95,2025-04,2025,4
105650,189,2025-04-30 21:14:45,completed,credit_card,,6.95,2025-04,2025,4
105651,803,2025-04-30 21:19:52,completed,credit_card,spring15,0.0,2025-04,2025,4
105652,1768,2025-04-30 23:28:47,completed,credit_card,,0.0,2025-04,2025,4
105653,1522,2025-05-01 07:07:06,completed,credit_card,,6.95,2025-05,2025,5
105654,1039,2025-05-01 09:02:31,completed,credit_card,spring15,6.95,2025-05,2025,5
105655,3134,2025-05-01 09:38:00,completed,credit_card,,0.0,2025-05,2025,5
105656,382,2025-05-01 10:38:01,completed,credit_card,,0.0,2025-05,2025,5
105657,85,2025-05-01 14:15:03,completed,credit_card,,6.95,2025-05,2025,5
105658,2990,2025-05-01 15:21:06,completed,credit_card,,0.0,2025-05,2025,5
105659,1142,2025-05-01 16:20:01,completed,credit_card,spring15,6.95,2025-05,2025,5
105660,1229,2025-05-01 19:05:39,completed,credit_card,,0.0,2025-05,2025,5
105661,1188,2025-05-01 19:57:16,completed,credit_card,,6.95,2025-05,2025,5
105662,3249,2025-05-01 20:41:18,completed,credit_card,,6.95,2025-05,2025,5
105663,443,2025-05-01 22:11:24,completed,credit_card,spring15,0.0,2025-05,2025,5
105664,682,2025-05-02 08:39:12,completed,credit_card,,0.0,2025-05,2025,5
105665,1489,2025-05-02 09:14:58,completed,paypal,,0.0,2025-05,2025,5
105666,994,2025-05-02 09:17:09,completed,apple_pay,,0.0,2025-05,2025,5
105667,2258,2025-05-02 13:13:02,completed,credit_card,,6.95,2025-05,2025,5
105668,3564,2025-05-02 15:33:29,completed,apple_pay,,0.0,2025-05,2025,5
105669,2887,2025-05-02 17:03:44,completed,credit_card,,0.0,2025-05,2025,5
105670,3533,2025-05-02 17:48:58,completed,paypal,,0.0,2025-05,2025,5
105671,1061,2025-05-02 18:38:47,completed,apple_pay,,0.0,2025-05,2025,5
105672,48,2025-05-02 19:07:56,completed,credit_card,,0.0,2025-05,2025,5
105673,307,2025-05-02 19:59:48,completed,credit_card,,0.0,2025-05,2025,5
105674,2743,2025-05-02 20:14:02,completed,credit_card,,0.0,2025-05,2025,5
105675,3507,2025-05-02 22:29:09,returned,credit_card,,0.0,2025-05,2025,5
105676,2156,2025-05-02 23:13:50,completed,credit_card,,0.0,2025-05,2025,5
105677,3308,2025-05-02 23:21:50,completed,credit_card,,0.0,2025-05,2025,5
105678,1085,2025-05-02 23:35:15,completed,credit_card,welcome10,0.0,2025-05,2025,5
105679,2749,2025-05-03 06:07:17,completed,credit_card,,0.0,2025-05,2025,5
105680,3372,2025-05-03 06:25:32,completed,paypal,,6.95,2025-05,2025,5
105681,133,2025-05-03 11:44:57,completed,apple_pay,,0.0,2025-05,2025,5
105682,1891,2025-05-03 13:11:27,completed,credit_card,,6.95,2025-05,2025,5
105683,3272,2025-05-03 13:31:27,completed,credit_card,,0.0,2025-05,2025,5
105684,2821,2025-05-03 14:31:40,completed,gift_card,,6.95,2025-05,2025,5
105685,1583,2025-05-03 15:24:56,completed,credit_card,welcome10,0.0,2025-05,2025,5
105686,2821,2025-05-03 15:36:17,completed,apple_pay,,0.0,2025-05,2025,5
105687,2297,2025-05-03 16:08:04,completed,credit_card,spring15,0.0,2025-05,2025,5
105688,2932,2025-05-03 19:21:51,completed,credit_card,spring15,6.95,2025-05,2025,5
105689,2995,2025-05-03 20:42:43,completed,paypal,,0.0,2025-05,2025,5
105690,2104,2025-05-03 21:52:50,completed,credit_card,,0.0,2025-05,2025,5
105691,2033,2025-05-04 06:02:41,completed,paypal,,0.0,2025-05,2025,5
105692,1012,2025-05-04 06:34:15,returned,apple_pay,,6.95,2025-05,2025,5
105693,2011,2025-05-04 07:53:20,completed,paypal,,0.0,2025-05,2025,5
105694,3249,2025-05-04 08:04:55,completed,credit_card,,0.0,2025-05,2025,5
105695,2011,2025-05-04 08:52:21,completed,apple_pay,,0.0,2025-05,2025,5
105696,3466,2025-05-04 10:28:15,completed,apple_pay,,6.95,2025-05,2025,5
105697,1764,2025-05-04 12:11:33,completed,apple_pay,,0.0,2025-05,2025,5
105698,1722,2025-05-04 13:09:58,completed,credit_card,,6.95,2025-05,2025,5
105699,3564,2025-05-04 16:54:09,completed,paypal,,0.0,2025-05,2025,5
105700,443,2025-05-04 17:58:34,completed,credit_card,,0.0,2025-05,2025,5
105701,3107,2025-05-04 18:10:46,completed,credit_card,,0.0,2025-05,2025,5
105702,133,2025-05-04 23:18:53,completed,credit_card,,0.0,2025-05,2025,5
105703,954,2025-05-05 08:11:14,returned,credit_card,,0.0,2025-05,2025,5
105704,2505,2025-05-05 10:26:35,canceled,credit_card,,6.95,2025-05,2025,5
105705,2004,2025-05-05 12:18:22,completed,credit_card,,6.95,2025-05,2025,5
105706,1552,2025-05-05 13:12:19,completed,credit_card,,0.0,2025-05,2025,5
105707,159,2025-05-05 15:11:54,completed,credit_card,,0.0,2025-05,2025,5
105708,2821,2025-05-05 16:56:25,completed,credit_card,,0.0,2025-05,2025,5
105709,1443,2025-05-05 17:12:02,completed,credit_card,,0.0,2025-05,2025,5
105710,3497,2025-05-05 17:14:36,completed,credit_card,,6.95,2025-05,2025,5
105711,1955,2025-05-05 20:16:25,completed,credit_card,,0.0,2025-05,2025,5
105712,48,2025-05-05 22:25:28,completed,credit_card,spring15,6.95,2025-05,2025,5
105713,1664,2025-05-05 23:02:23,completed,credit_card,,6.95,2025-05,2025,5
105714,300,2025-05-06 06:44:22,completed,credit_card,,0.0,2025-05,2025,5
105715,1184,2025-05-06 08:29:32,completed,credit_card,,0.0,2025-05,2025,5
105716,244,2025-05-06 09:33:57,completed,gift_card,,0.0,2025-05,2025,5
105717,3552,2025-05-06 11:17:33,completed,apple_pay,,0.0,2025-05,2025,5
105718,2821,2025-05-06 12:00:28,completed,credit_card,,0.0,2025-05,2025,5
105719,3219,2025-05-06 15:06:20,completed,paypal,,0.0,2025-05,2025,5
105720,2500,2025-05-06 19:11:51,completed,credit_card,,0.0,2025-05,2025,5
105721,838,2025-05-06 19:15:49,completed,credit_card,,0.0,2025-05,2025,5
105722,1763,2025-05-06 21:55:57,completed,paypal,,0.0,2025-05,2025,5
105723,3397,2025-05-06 21:56:58,completed,paypal,,0.0,2025-05,2025,5
105724,2136,2025-05-06 23:08:43,completed,paypal,,0.0,2025-05,2025,5
105725,228,2025-05-07 08:50:05,completed,credit_card,,6.95,2025-05,2025,5
105726,3213,2025-05-07 11:17:35,completed,credit_card,spring15,0.0,2025-05,2025,5
105727,725,2025-05-07 11:21:19,completed,apple_pay,,6.95,2025-05,2025,5
105728,1171,2025-05-07 11:46:42,canceled,credit_card,,6.95,2025-05,2025,5
105729,1768,2025-05-07 13:32:05,completed,paypal,,0.0,2025-05,2025,5
105730,2906,2025-05-07 13:35:49,completed,paypal,,0.0,2025-05,2025,5
105731,1292,2025-05-07 14:23:28,completed,credit_card,,0.0,2025-05,2025,5
105732,1873,2025-05-07 14:27:38,returned,credit_card,,0.0,2025-05,2025,5
105733,780,2025-05-07 15:21:12,completed,paypal,,6.95,2025-05,2025,5
105734,384,2025-05-07 15:47:46,completed,credit_card,,0.0,2025-05,2025,5
105735,1264,2025-05-07 16:28:23,completed,apple_pay,,0.0,2025-05,2025,5
105736,1454,2025-05-07 16:29:34,completed,credit_card,,0.0,2025-05,2025,5
105737,1480,2025-05-07 17:05:46,completed,credit_card,,6.95,2025-05,2025,5
105738,231,2025-05-07 21:39:38,completed,paypal,,0.0,2025-05,2025,5
105739,2884,2025-05-07 22:30:45,completed,credit_card,,6.95,2025-05,2025,5
105740,501,2025-05-08 06:37:57,completed,credit_card,,6.95,2025-05,2025,5
105741,214,2025-05-08 09:44:43,completed,apple_pay,,0.0,2025-05,2025,5
105742,1157,2025-05-08 09:45:12,completed,credit_card,,0.0,2025-05,2025,5
105743,2515,2025-05-08 11:57:43,completed,paypal,,0.0,2025-05,2025,5
105744,1489,2025-05-08 17:08:03,completed,credit_card,,0.0,2025-05,2025,5
105745,2867,2025-05-08 17:50:45,completed,credit_card,,0.0,2025-05,2025,5
105746,5,2025-05-08 18:38:32,completed,credit_card,,0.0,2025-05,2025,5
105747,1946,2025-05-08 20:08:00,canceled,apple_pay,,6.95,2025-05,2025,5
105748,2551,2025-05-08 20:17:02,completed,paypal,,6.95,2025-05,2025,5
105749,1108,2025-05-08 22:23:55,completed,apple_pay,,0.0,2025-05,2025,5
105750,295,2025-05-08 22:50:35,completed,paypal,spring15,6.95,2025-05,2025,5
105751,3582,2025-05-09 06:24:13,completed,credit_card,,0.0,2025-05,2025,5
105752,1708,2025-05-09 08:40:24,completed,credit_card,,0.0,2025-05,2025,5
105753,3208,2025-05-09 08:49:15,canceled,credit_card,,6.95,2025-05,2025,5
105754,1104,2025-05-09 09:40:07,completed,credit_card,,0.0,2025-05,2025,5
105755,678,2025-05-09 10:24:08,completed,apple_pay,,0.0,2025-05,2025,5
105756,271,2025-05-09 11:28:18,completed,credit_card,,0.0,2025-05,2025,5
105757,1304,2025-05-09 16:57:40,completed,gift_card,,0.0,2025-05,2025,5
105758,334,2025-05-09 20:25:21,completed,paypal,welcome10,0.0,2025-05,2025,5
105759,3459,2025-05-09 21:33:57,completed,paypal,,0.0,2025-05,2025,5
105760,3222,2025-05-09 23:10:19,completed,credit_card,,0.0,2025-05,2025,5
105761,3032,2025-05-10 06:19:31,completed,paypal,,0.0,2025-05,2025,5
105762,3298,2025-05-10 07:39:54,canceled,credit_card,,6.95,2025-05,2025,5
105763,817,2025-05-10 07:53:07,completed,credit_card,,0.0,2025-05,2025,5
105764,1712,2025-05-10 13:13:49,completed,apple_pay,welcome10,0.0,2025-05,2025,5
105765,2278,2025-05-10 18:41:26,completed,credit_card,spring15,0.0,2025-05,2025,5
105766,2671,2025-05-10 19:15:23,completed,credit_card,,0.0,2025-05,2025,5
105767,2708,2025-05-10 19:37:26,completed,credit_card,spring15,0.0,2025-05,2025,5
105768,1552,2025-05-10 21:08:18,completed,apple_pay,,0.0,2025-05,2025,5
105769,1489,2025-05-10 21:40:31,completed,apple_pay,,6.95,2025-05,2025,5
105770,2222,2025-05-10 21:59:20,returned,apple_pay,,0.0,2025-05,2025,5
105771,1073,2025-05-10 22:05:15,completed,credit_card,spring15,6.95,2025-05,2025,5
105772,1851,2025-05-10 23:22:52,completed,credit_card,spring15,0.0,2025-05,2025,5
105773,1332,2025-05-11 06:05:50,canceled,credit_card,spring15,6.95,2025-05,2025,5
105774,2958,2025-05-11 08:52:05,completed,credit_card,,0.0,2025-05,2025,5
105775,3380,2025-05-11 09:56:03,completed,apple_pay,spring15,0.0,2025-05,2025,5
105776,1593,2025-05-11 10:42:24,completed,credit_card,,6.95,2025-05,2025,5
105777,311,2025-05-11 11:30:12,completed,apple_pay,,6.95,2025-05,2025,5
105778,384,2025-05-11 12:24:26,completed,apple_pay,,0.0,2025-05,2025,5
105779,1133,2025-05-11 14:49:14,completed,paypal,,0.0,2025-05,2025,5
105780,807,2025-05-11 14:53:02,completed,apple_pay,,0.0,2025-05,2025,5
105781,1545,2025-05-11 16:43:44,completed,credit_card,,0.0,2025-05,2025,5
105782,659,2025-05-11 17:56:47,completed,credit_card,,0.0,2025-05,2025,5
105783,473,2025-05-11 23:05:23,completed,apple_pay,,0.0,2025-05,2025,5
105784,2577,2025-05-12 07:53:23,canceled,paypal,,0.0,2025-05,2025,5
105785,2263,2025-05-12 10:11:52,completed,apple_pay,,0.0,2025-05,2025,5
105786,106,2025-05-12 16:39:57,completed,apple_pay,spring15,0.0,2025-05,2025,5
105787,307,2025-05-12 16:41:23,completed,credit_card,,0.0,2025-05,2025,5
105788,838,2025-05-12 17:00:36,completed,apple_pay,,6.95,2025-05,2025,5
105789,2579,2025-05-12 19:32:42,returned,credit_card,,0.0,2025-05,2025,5
105790,2391,2025-05-12 22:14:30,completed,credit_card,,0.0,2025-05,2025,5
105791,3526,2025-05-13 06:46:58,completed,credit_card,,0.0,2025-05,2025,5
105792,2004,2025-05-13 07:17:34,completed,paypal,,0.0,2025-05,2025,5
105793,2515,2025-05-13 08:16:31,completed,credit_card,,6.95,2025-05,2025,5
105794,604,2025-05-13 12:11:45,completed,credit_card,,0.0,2025-05,2025,5
105795,2110,2025-05-13 12:18:59,completed,credit_card,,0.0,2025-05,2025,5
105796,3146,2025-05-13 14:41:00,completed,credit_card,spring15,0.0,2025-05,2025,5
105797,1200,2025-05-13 16:45:10,completed,apple_pay,,0.0,2025-05,2025,5
105798,1786,2025-05-13 17:39:48,completed,credit_card,,0.0,2025-05,2025,5
105799,54,2025-05-13 18:44:39,completed,credit_card,,0.0,2025-05,2025,5
105800,1314,2025-05-13 19:27:00,completed,credit_card,,0.0,2025-05,2025,5
105801,1489,2025-05-14 07:51:29,completed,paypal,,0.0,2025-05,2025,5
105802,2893,2025-05-14 08:12:07,completed,credit_card,,0.0,2025-05,2025,5
105803,3250,2025-05-14 09:10:26,completed,credit_card,,0.0,2025-05,2025,5
105804,2919,2025-05-14 10:43:51,completed,paypal,,0.0,2025-05,2025,5
105805,1813,2025-05-14 12:53:28,completed,paypal,,0.0,2025-05,2025,5
105806,962,2025-05-14 14:05:23,canceled,credit_card,,0.0,2025-05,2025,5
105807,1282,2025-05-14 14:13:31,completed,credit_card,,0.0,2025-05,2025,5
105808,1264,2025-05-14 18:20:10,completed,paypal,,6.95,2025-05,2025,5
105809,481,2025-05-14 19:50:51,completed,paypal,welcome10,0.0,2025-05,2025,5
105810,945,2025-05-15 09:15:07,completed,credit_card,,0.0,2025-05,2025,5
105811,1916,2025-05-15 11:38:52,canceled,credit_card,,0.0,2025-05,2025,5
105812,3014,2025-05-15 12:20:44,canceled,apple_pay,,6.95,2025-05,2025,5
105813,3271,2025-05-15 12:26:03,completed,credit_card,,0.0,2025-05,2025,5
105814,1473,2025-05-15 13:29:13,completed,credit_card,,0.0,2025-05,2025,5
105815,520,2025-05-15 13:33:51,completed,paypal,,0.0,2025-05,2025,5
105816,3320,2025-05-15 14:12:30,completed,credit_card,,0.0,2025-05,2025,5
105817,245,2025-05-15 16:46:53,completed,credit_card,,0.0,2025-05,2025,5
105818,1391,2025-05-15 17:52:45,completed,credit_card,,0.0,2025-05,2025,5
105819,878,2025-05-15 21:17:08,completed,credit_card,,0.0,2025-05,2025,5
105820,78,2025-05-15 23:07:24,completed,credit_card,,0.0,2025-05,2025,5
105821,383,2025-05-15 23:28:53,completed,credit_card,,0.0,2025-05,2025,5
105822,1209,2025-05-16 07:37:33,completed,paypal,,0.0,2025-05,2025,5
105823,135,2025-05-16 07:55:36,canceled,credit_card,,6.95,2025-05,2025,5
105824,2492,2025-05-16 10:41:51,completed,credit_card,,6.95,2025-05,2025,5
105825,564,2025-05-16 12:38:48,completed,credit_card,,0.0,2025-05,2025,5
105826,2164,2025-05-16 14:46:05,completed,paypal,,6.95,2025-05,2025,5
105827,3030,2025-05-16 15:24:42,canceled,paypal,,0.0,2025-05,2025,5
105828,608,2025-05-16 18:34:54,completed,paypal,,6.95,2025-05,2025,5
105829,1654,2025-05-17 06:57:15,canceled,credit_card,,6.95,2025-05,2025,5
105830,1984,2025-05-17 08:14:47,completed,credit_card,,0.0,2025-05,2025,5
105831,1892,2025-05-17 11:29:18,completed,paypal,,0.0,2025-05,2025,5
105832,443,2025-05-17 14:50:20,completed,apple_pay,,6.95,2025-05,2025,5
105833,202,2025-05-17 14:55:09,completed,credit_card,,0.0,2025-05,2025,5
105834,3087,2025-05-17 16:19:50,completed,paypal,,0.0,2025-05,2025,5
105835,3250,2025-05-17 17:46:34,completed,paypal,spring15,6.95,2025-05,2025,5
105836,1871,2025-05-17 19:20:15,completed,apple_pay,,0.0,2025-05,2025,5
105837,1884,2025-05-17 19:21:43,completed,credit_card,spring15,0.0,2025-05,2025,5
105838,2013,2025-05-17 21:51:38,completed,credit_card,,0.0,2025-05,2025,5
105839,1596,2025-05-17 23:05:13,completed,credit_card,spring15,0.0,2025-05,2025,5
105840,235,2025-05-17 23:31:08,completed,gift_card,welcome10,0.0,2025-05,2025,5
105841,3548,2025-05-17 23:40:27,completed,paypal,,6.95,2025-05,2025,5
105842,2673,2025-05-18 07:07:01,completed,credit_card,,0.0,2025-05,2025,5
105843,171,2025-05-18 07:20:23,completed,paypal,welcome10,6.95,2025-05,2025,5
105844,41,2025-05-18 08:11:54,completed,credit_card,,0.0,2025-05,2025,5
105845,1011,2025-05-18 08:26:28,completed,credit_card,,0.0,2025-05,2025,5
105846,535,2025-05-18 09:08:40,completed,gift_card,,0.0,2025-05,2025,5
105847,3556,2025-05-18 11:57:37,completed,paypal,spring15,0.0,2025-05,2025,5
105848,2197,2025-05-18 12:29:52,completed,credit_card,,0.0,2025-05,2025,5
105849,3032,2025-05-18 12:47:14,completed,credit_card,,0.0,2025-05,2025,5
105850,443,2025-05-18 13:52:51,completed,credit_card,,6.95,2025-05,2025,5
105851,9,2025-05-18 15:44:06,completed,credit_card,,0.0,2025-05,2025,5
105852,594,2025-05-18 16:57:17,completed,credit_card,,0.0,2025-05,2025,5
105853,750,2025-05-18 18:21:00,completed,paypal,,0.0,2025-05,2025,5
105854,1454,2025-05-18 19:12:42,completed,paypal,,0.0,2025-05,2025,5
105855,381,2025-05-18 19:47:31,canceled,credit_card,,0.0,2025-05,2025,5
105856,452,2025-05-18 20:07:20,returned,credit_card,,0.0,2025-05,2025,5
105857,2995,2025-05-18 20:48:46,completed,credit_card,,0.0,2025-05,2025,5
105858,528,2025-05-19 07:39:59,completed,credit_card,welcome10,0.0,2025-05,2025,5
105859,2264,2025-05-19 08:05:27,completed,credit_card,,0.0,2025-05,2025,5
105860,667,2025-05-19 10:08:10,completed,gift_card,spring15,0.0,2025-05,2025,5
105861,838,2025-05-19 10:12:43,completed,credit_card,,0.0,2025-05,2025,5
105862,2712,2025-05-19 10:50:58,completed,credit_card,,6.95,2025-05,2025,5
105863,890,2025-05-19 11:13:11,completed,credit_card,,0.0,2025-05,2025,5
105864,2635,2025-05-19 11:36:04,completed,credit_card,,0.0,2025-05,2025,5
105865,37,2025-05-19 12:16:46,completed,credit_card,,6.95,2025-05,2025,5
105866,1919,2025-05-19 15:12:25,completed,paypal,,6.95,2025-05,2025,5
105867,382,2025-05-19 15:28:10,completed,credit_card,,0.0,2025-05,2025,5
105868,795,2025-05-19 15:51:26,completed,credit_card,,0.0,2025-05,2025,5
105869,780,2025-05-19 18:37:35,canceled,paypal,,0.0,2025-05,2025,5
105870,269,2025-05-19 20:57:19,completed,apple_pay,,0.0,2025-05,2025,5
105871,3337,2025-05-19 22:31:48,completed,apple_pay,,0.0,2025-05,2025,5
105872,2025,2025-05-19 22:36:19,completed,credit_card,,0.0,2025-05,2025,5
105873,1514,2025-05-19 23:51:42,completed,credit_card,,0.0,2025-05,2025,5
105874,2391,2025-05-20 08:24:53,completed,paypal,,0.0,2025-05,2025,5
105875,9,2025-05-20 09:08:34,completed,apple_pay,,0.0,2025-05,2025,5
105876,3582,2025-05-20 11:43:58,completed,credit_card,,0.0,2025-05,2025,5
105877,1262,2025-05-20 11:45:57,completed,credit_card,,0.0,2025-05,2025,5
105878,2834,2025-05-20 12:34:50,completed,apple_pay,,0.0,2025-05,2025,5
105879,2954,2025-05-20 17:04:39,completed,apple_pay,,0.0,2025-05,2025,5
105880,2233,2025-05-20 18:17:23,completed,paypal,,0.0,2025-05,2025,5
105881,577,2025-05-20 21:44:44,completed,credit_card,,0.0,2025-05,2025,5
105882,302,2025-05-20 23:03:30,completed,credit_card,,6.95,2025-05,2025,5
105883,2460,2025-05-20 23:06:03,completed,gift_card,,0.0,2025-05,2025,5
105884,2770,2025-05-21 07:59:24,completed,apple_pay,,0.0,2025-05,2025,5
105885,311,2025-05-21 09:35:10,completed,paypal,,0.0,2025-05,2025,5
105886,2105,2025-05-21 15:01:30,completed,apple_pay,,0.0,2025-05,2025,5
105887,1662,2025-05-21 15:13:54,completed,paypal,,0.0,2025-05,2025,5
105888,1104,2025-05-21 15:37:28,completed,credit_card,spring15,0.0,2025-05,2025,5
105889,2967,2025-05-21 15:56:33,completed,apple_pay,,0.0,2025-05,2025,5
105890,3435,2025-05-21 16:05:03,completed,credit_card,,0.0,2025-05,2025,5
105891,1104,2025-05-21 16:41:14,completed,credit_card,,0.0,2025-05,2025,5
105892,1173,2025-05-21 18:40:44,completed,paypal,,6.95,2025-05,2025,5
105893,2039,2025-05-21 19:05:51,completed,credit_card,,0.0,2025-05,2025,5
105894,3207,2025-05-21 19:27:43,completed,gift_card,,0.0,2025-05,2025,5
105895,1391,2025-05-21 20:42:41,completed,apple_pay,spring15,6.95,2025-05,2025,5
105896,594,2025-05-21 21:30:52,completed,credit_card,,0.0,2025-05,2025,5
105897,1198,2025-05-21 22:27:14,completed,paypal,,6.95,2025-05,2025,5
105898,37,2025-05-21 22:32:38,completed,paypal,spring15,0.0,2025-05,2025,5
105899,2821,2025-05-21 22:37:19,completed,apple_pay,,6.95,2025-05,2025,5
105900,2460,2025-05-22 06:15:15,completed,paypal,,0.0,2025-05,2025,5
105901,1391,2025-05-22 08:27:00,returned,paypal,spring15,6.95,2025-05,2025,5
105902,2812,2025-05-22 08:39:11,completed,credit_card,,0.0,2025-05,2025,5
105903,1104,2025-05-22 09:14:42,completed,credit_card,,6.95,2025-05,2025,5
105904,216,2025-05-22 12:04:21,completed,credit_card,,0.0,2025-05,2025,5
105905,115,2025-05-22 13:18:16,completed,paypal,,0.0,2025-05,2025,5
105906,3227,2025-05-22 14:47:15,completed,apple_pay,,6.95,2025-05,2025,5
105907,780,2025-05-22 15:25:46,canceled,credit_card,,0.0,2025-05,2025,5
105908,1295,2025-05-22 16:11:42,canceled,paypal,welcome10,6.95,2025-05,2025,5
105909,1209,2025-05-22 16:50:51,completed,credit_card,,0.0,2025-05,2025,5
105910,382,2025-05-22 18:02:56,completed,credit_card,,0.0,2025-05,2025,5
105911,3069,2025-05-22 18:26:49,completed,paypal,,0.0,2025-05,2025,5
105912,3483,2025-05-22 18:31:11,completed,apple_pay,,6.95,2025-05,2025,5
105913,3159,2025-05-22 19:51:03,completed,apple_pay,spring15,6.95,2025-05,2025,5
105914,48,2025-05-22 21:44:26,completed,paypal,,6.95,2025-05,2025,5
105915,11,2025-05-22 21:50:15,completed,paypal,,0.0,2025-05,2025,5
105916,2745,2025-05-22 23:07:08,completed,credit_card,,6.95,2025-05,2025,5
105917,1628,2025-05-23 09:03:28,completed,apple_pay,,0.0,2025-05,2025,5
105918,1736,2025-05-23 10:14:28,completed,credit_card,,6.95,2025-05,2025,5
105919,1488,2025-05-23 11:18:16,completed,apple_pay,spring15,6.95,2025-05,2025,5
105920,3409,2025-05-23 13:55:23,completed,credit_card,,0.0,2025-05,2025,5
105921,847,2025-05-23 17:01:43,completed,credit_card,,0.0,2025-05,2025,5
105922,1408,2025-05-23 17:13:14,completed,paypal,,0.0,2025-05,2025,5
105923,3014,2025-05-23 18:32:58,completed,paypal,,6.95,2025-05,2025,5
105924,1437,2025-05-23 19:11:28,completed,credit_card,,6.95,2025-05,2025,5
105925,3250,2025-05-23 20:50:31,completed,credit_card,,0.0,2025-05,2025,5
105926,1320,2025-05-23 21:27:40,completed,paypal,,6.95,2025-05,2025,5
105927,2901,2025-05-23 21:34:08,canceled,credit_card,,0.0,2025-05,2025,5
105928,1002,2025-05-23 22:21:52,completed,credit_card,,0.0,2025-05,2025,5
105929,549,2025-05-23 23:16:56,completed,credit_card,spring15,0.0,2025-05,2025,5
105930,2227,2025-05-23 23:18:54,completed,credit_card,,0.0,2025-05,2025,5
105931,1366,2025-05-23 23:23:17,completed,apple_pay,welcome10,6.95,2025-05,2025,5
105932,235,2025-05-24 09:12:46,completed,credit_card,,0.0,2025-05,2025,5
105933,2492,2025-05-24 12:58:25,completed,paypal,,0.0,2025-05,2025,5
105934,1735,2025-05-24 13:34:00,completed,credit_card,,0.0,2025-05,2025,5
105935,307,2025-05-24 15:06:03,canceled,paypal,,0.0,2025-05,2025,5
105936,2460,2025-05-24 18:12:38,completed,gift_card,,0.0,2025-05,2025,5
105937,3416,2025-05-24 19:36:02,completed,paypal,,0.0,2025-05,2025,5
105938,2639,2025-05-24 19:59:32,completed,paypal,,6.95,2025-05,2025,5
105939,3445,2025-05-24 21:26:10,completed,paypal,,0.0,2025-05,2025,5
105940,1295,2025-05-24 21:55:52,completed,credit_card,welcome10,0.0,2025-05,2025,5
105941,2822,2025-05-24 22:01:40,completed,credit_card,,0.0,2025-05,2025,5
105942,2838,2025-05-24 23:43:12,completed,gift_card,,0.0,2025-05,2025,5
105943,2258,2025-05-25 06:00:35,completed,credit_card,spring15,0.0,2025-05,2025,5
105944,3307,2025-05-25 07:38:53,completed,credit_card,,6.95,2025-05,2025,5
105945,885,2025-05-25 08:21:13,completed,apple_pay,,6.95,2025-05,2025,5
105946,1335,2025-05-25 08:30:25,completed,paypal,,6.95,2025-05,2025,5
105947,151,2025-05-25 08:58:54,completed,credit_card,,0.0,2025-05,2025,5
105948,3543,2025-05-25 09:17:25,completed,credit_card,,6.95,2025-05,2025,5
105949,1012,2025-05-25 11:11:52,completed,credit_card,,0.0,2025-05,2025,5
105950,3582,2025-05-25 13:38:46,completed,paypal,,0.0,2025-05,2025,5
105951,3385,2025-05-25 14:14:22,completed,credit_card,,0.0,2025-05,2025,5
105952,376,2025-05-25 15:03:23,completed,paypal,,0.0,2025-05,2025,5
105953,24,2025-05-25 16:14:33,completed,apple_pay,,0.0,2025-05,2025,5
105954,3014,2025-05-25 16:20:27,completed,credit_card,welcome10,0.0,2025-05,2025,5
105955,2743,2025-05-25 16:33:08,completed,credit_card,,6.95,2025-05,2025,5
105956,30,2025-05-25 17:32:21,completed,credit_card,,0.0,2025-05,2025,5
105957,1529,2025-05-25 18:21:50,completed,credit_card,,6.95,2025-05,2025,5
105958,2703,2025-05-25 20:10:06,completed,apple_pay,,0.0,2025-05,2025,5
105959,1851,2025-05-25 20:54:25,completed,credit_card,,0.0,2025-05,2025,5
105960,1012,2025-05-25 21:10:38,completed,credit_card,welcome10,0.0,2025-05,2025,5
105961,2620,2025-05-25 21:14:53,returned,credit_card,welcome10,0.0,2025-05,2025,5
105962,3595,2025-05-25 21:15:45,completed,paypal,welcome10,0.0,2025-05,2025,5
105963,2834,2025-05-25 21:53:57,completed,paypal,,0.0,2025-05,2025,5
105964,590,2025-05-26 07:54:18,completed,credit_card,,0.0,2025-05,2025,5
105965,1064,2025-05-26 18:45:20,completed,credit_card,,0.0,2025-05,2025,5
105966,2838,2025-05-26 18:57:30,completed,credit_card,,0.0,2025-05,2025,5
105967,1480,2025-05-26 19:00:29,completed,credit_card,,0.0,2025-05,2025,5
105968,2867,2025-05-26 19:20:33,completed,credit_card,,0.0,2025-05,2025,5
105969,384,2025-05-26 19:28:59,completed,credit_card,,6.95,2025-05,2025,5
105970,1454,2025-05-26 19:44:46,completed,credit_card,,0.0,2025-05,2025,5
105971,1418,2025-05-26 20:44:28,completed,credit_card,spring15,0.0,2025-05,2025,5
105972,2160,2025-05-26 21:56:47,completed,paypal,spring15,0.0,2025-05,2025,5
105973,3249,2025-05-26 22:10:56,completed,credit_card,,6.95,2025-05,2025,5
105974,3344,2025-05-26 22:45:43,completed,paypal,,0.0,2025-05,2025,5
105975,2897,2025-05-26 23:24:39,completed,credit_card,,0.0,2025-05,2025,5
105976,1913,2025-05-26 23:36:46,completed,paypal,spring15,0.0,2025-05,2025,5
105977,2133,2025-05-27 10:51:05,completed,paypal,,6.95,2025-05,2025,5
105978,1126,2025-05-27 11:06:48,completed,apple_pay,,0.0,2025-05,2025,5
105979,1257,2025-05-27 11:31:12,completed,gift_card,,0.0,2025-05,2025,5
105980,337,2025-05-27 12:46:49,completed,credit_card,welcome10,6.95,2025-05,2025,5
105981,923,2025-05-27 15:21:03,completed,apple_pay,,0.0,2025-05,2025,5
105982,1682,2025-05-27 15:58:53,completed,paypal,,0.0,2025-05,2025,5
105983,3361,2025-05-27 15:59:38,completed,apple_pay,,0.0,2025-05,2025,5
105984,1635,2025-05-27 17:06:24,completed,credit_card,,6.95,2025-05,2025,5
105985,2850,2025-05-27 20:04:49,completed,credit_card,,0.0,2025-05,2025,5
105986,3007,2025-05-27 21:38:31,completed,paypal,spring15,0.0,2025-05,2025,5
105987,1153,2025-05-27 22:46:09,completed,apple_pay,,0.0,2025-05,2025,5
105988,1857,2025-05-28 06:28:03,completed,credit_card,,0.0,2025-05,2025,5
105989,1925,2025-05-28 07:25:38,completed,paypal,spring15,0.0,2025-05,2025,5
105990,693,2025-05-28 07:32:37,completed,credit_card,,0.0,2025-05,2025,5
105991,2113,2025-05-28 07:40:27,completed,credit_card,,0.0,2025-05,2025,5
105992,216,2025-05-28 07:48:40,completed,credit_card,,0.0,2025-05,2025,5
105993,3035,2025-05-28 09:43:15,returned,paypal,,0.0,2025-05,2025,5
105994,2724,2025-05-28 10:13:59,completed,apple_pay,spring15,0.0,2025-05,2025,5
105995,231,2025-05-28 11:24:45,completed,credit_card,,0.0,2025-05,2025,5
105996,289,2025-05-28 12:04:50,completed,credit_card,,0.0,2025-05,2025,5
105997,1786,2025-05-28 13:13:45,completed,credit_card,,0.0,2025-05,2025,5
105998,616,2025-05-28 14:18:55,completed,paypal,,0.0,2025-05,2025,5
105999,1340,2025-05-28 16:29:12,completed,credit_card,,6.95,2025-05,2025,5
106000,942,2025-05-28 16:50:53,completed,credit_card,spring15,0.0,2025-05,2025,5
106001,901,2025-05-28 16:59:48,completed,gift_card,,0.0,2025-05,2025,5
106002,2441,2025-05-28 17:30:34,completed,credit_card,,6.95,2025-05,2025,5
106003,1838,2025-05-28 17:39:49,completed,credit_card,,0.0,2025-05,2025,5
106004,713,2025-05-28 19:36:49,completed,credit_card,,0.0,2025-05,2025,5
106005,382,2025-05-28 21:34:04,completed,paypal,,0.0,2025-05,2025,5
106006,162,2025-05-28 22:11:21,completed,credit_card,,0.0,2025-05,2025,5
106007,2954,2025-05-28 22:16:09,completed,paypal,,0.0,2025-05,2025,5
106008,391,2025-05-28 23:38:19,returned,credit_card,,0.0,2025-05,2025,5
106009,1648,2025-05-29 07:13:32,completed,credit_card,,0.0,2025-05,2025,5
106010,133,2025-05-29 08:27:51,completed,credit_card,,6.95,2025-05,2025,5
106011,2850,2025-05-29 09:14:38,completed,credit_card,,0.0,2025-05,2025,5
106012,2173,2025-05-29 10:13:10,completed,credit_card,,0.0,2025-05,2025,5
106013,1340,2025-05-29 10:46:22,completed,apple_pay,,0.0,2025-05,2025,5
106014,525,2025-05-29 12:05:21,completed,credit_card,,0.0,2025-05,2025,5
106015,307,2025-05-29 12:14:54,completed,credit_card,,0.0,2025-05,2025,5
106016,3069,2025-05-29 12:41:50,completed,apple_pay,,0.0,2025-05,2025,5
106017,245,2025-05-29 12:42:48,completed,credit_card,,0.0,2025-05,2025,5
106018,2451,2025-05-29 12:50:55,completed,credit_card,,0.0,2025-05,2025,5
106019,2297,2025-05-29 13:57:57,completed,gift_card,,0.0,2025-05,2025,5
107164,389,2025-08-24 19:20:02,canceled,credit_card,,0.0,2025-08,2025,8
106020,456,2025-05-29 15:39:45,completed,credit_card,,6.95,2025-05,2025,5
106021,2640,2025-05-29 15:50:26,completed,apple_pay,,6.95,2025-05,2025,5
106022,3406,2025-05-29 15:56:57,completed,credit_card,,0.0,2025-05,2025,5
106023,1313,2025-05-29 16:18:24,completed,credit_card,,0.0,2025-05,2025,5
106024,2850,2025-05-29 16:42:12,completed,credit_card,,0.0,2025-05,2025,5
106025,3015,2025-05-29 17:04:53,completed,credit_card,,0.0,2025-05,2025,5
106026,2739,2025-05-29 17:21:30,completed,credit_card,,6.95,2025-05,2025,5
106027,3298,2025-05-29 18:12:06,returned,credit_card,,0.0,2025-05,2025,5
106028,3014,2025-05-29 18:43:06,completed,credit_card,,6.95,2025-05,2025,5
106029,2867,2025-05-29 19:45:05,completed,credit_card,,0.0,2025-05,2025,5
106030,2577,2025-05-29 20:20:02,completed,credit_card,,0.0,2025-05,2025,5
106031,1188,2025-05-29 20:20:47,canceled,credit_card,,0.0,2025-05,2025,5
106032,3122,2025-05-30 07:40:55,returned,credit_card,,0.0,2025-05,2025,5
106033,1488,2025-05-30 10:55:44,completed,paypal,,0.0,2025-05,2025,5
106034,3348,2025-05-30 11:12:28,completed,paypal,spring15,0.0,2025-05,2025,5
106035,1460,2025-05-30 11:49:35,completed,credit_card,,0.0,2025-05,2025,5
106036,3018,2025-05-30 13:38:12,completed,paypal,,0.0,2025-05,2025,5
106037,235,2025-05-30 15:00:40,completed,apple_pay,,0.0,2025-05,2025,5
106038,692,2025-05-30 15:25:27,completed,apple_pay,,0.0,2025-05,2025,5
106039,2131,2025-05-30 17:12:38,returned,gift_card,,0.0,2025-05,2025,5
106040,494,2025-05-30 19:02:56,completed,apple_pay,,0.0,2025-05,2025,5
106041,2044,2025-05-30 22:03:04,completed,paypal,,0.0,2025-05,2025,5
106042,2755,2025-05-31 06:58:34,completed,apple_pay,,0.0,2025-05,2025,5
106043,3208,2025-05-31 08:19:44,completed,credit_card,,0.0,2025-05,2025,5
106044,732,2025-05-31 09:48:24,completed,apple_pay,,6.95,2025-05,2025,5
106045,1466,2025-05-31 10:44:13,canceled,paypal,,6.95,2025-05,2025,5
106046,3222,2025-05-31 12:11:33,canceled,apple_pay,,0.0,2025-05,2025,5
106047,2277,2025-05-31 14:43:20,completed,apple_pay,,0.0,2025-05,2025,5
106048,2844,2025-05-31 17:47:42,returned,credit_card,,0.0,2025-05,2025,5
106049,519,2025-05-31 18:01:03,completed,apple_pay,,0.0,2025-05,2025,5
106050,1011,2025-05-31 18:31:11,completed,apple_pay,spring15,6.95,2025-05,2025,5
106051,443,2025-05-31 18:51:34,completed,credit_card,,0.0,2025-05,2025,5
106052,3543,2025-05-31 19:24:04,returned,credit_card,,0.0,2025-05,2025,5
106053,2832,2025-05-31 19:42:30,completed,credit_card,spring15,6.95,2025-05,2025,5
106054,1044,2025-05-31 20:18:19,completed,credit_card,,0.0,2025-05,2025,5
106055,1729,2025-05-31 20:28:53,completed,paypal,spring15,6.95,2025-05,2025,5
106056,481,2025-05-31 21:53:26,completed,credit_card,,6.95,2025-05,2025,5
106057,2838,2025-05-31 23:36:17,completed,credit_card,welcome10,0.0,2025-05,2025,5
106058,1664,2025-06-01 06:54:43,completed,credit_card,,0.0,2025-06,2025,6
106059,3545,2025-06-01 07:11:21,completed,paypal,,0.0,2025-06,2025,6
106060,11,2025-06-01 09:27:56,completed,credit_card,,0.0,2025-06,2025,6
106061,1313,2025-06-01 10:49:24,completed,paypal,,0.0,2025-06,2025,6
106062,401,2025-06-01 11:00:46,completed,paypal,,6.95,2025-06,2025,6
106063,1598,2025-06-01 12:57:42,canceled,credit_card,,0.0,2025-06,2025,6
106064,435,2025-06-01 13:00:56,completed,paypal,,0.0,2025-06,2025,6
106065,2285,2025-06-01 13:03:20,completed,credit_card,welcome10,0.0,2025-06,2025,6
106066,954,2025-06-01 13:55:34,completed,credit_card,,0.0,2025-06,2025,6
106067,1520,2025-06-01 14:48:51,completed,credit_card,,0.0,2025-06,2025,6
106068,2516,2025-06-01 16:05:46,completed,paypal,,0.0,2025-06,2025,6
106069,384,2025-06-01 16:09:08,completed,paypal,,0.0,2025-06,2025,6
106070,3483,2025-06-01 16:19:31,canceled,credit_card,,6.95,2025-06,2025,6
106071,2033,2025-06-01 18:57:03,completed,credit_card,,0.0,2025-06,2025,6
106072,2086,2025-06-01 19:21:37,completed,apple_pay,,0.0,2025-06,2025,6
106073,1712,2025-06-01 21:14:47,canceled,credit_card,,0.0,2025-06,2025,6
106074,250,2025-06-01 21:36:57,completed,apple_pay,,6.95,2025-06,2025,6
106075,659,2025-06-01 22:06:12,completed,credit_card,,0.0,2025-06,2025,6
106076,456,2025-06-01 22:33:53,completed,credit_card,,0.0,2025-06,2025,6
106077,2252,2025-06-01 23:50:19,completed,gift_card,,0.0,2025-06,2025,6
106078,2815,2025-06-01 23:52:26,completed,paypal,,0.0,2025-06,2025,6
106079,1733,2025-06-02 07:32:30,completed,credit_card,,0.0,2025-06,2025,6
106080,2426,2025-06-02 09:15:18,completed,credit_card,,6.95,2025-06,2025,6
106081,1221,2025-06-02 11:36:45,completed,gift_card,,6.95,2025-06,2025,6
106082,2497,2025-06-02 11:55:48,completed,paypal,,0.0,2025-06,2025,6
106083,1922,2025-06-02 12:11:11,completed,credit_card,,0.0,2025-06,2025,6
106084,3271,2025-06-02 12:35:26,completed,paypal,,0.0,2025-06,2025,6
106085,344,2025-06-02 13:21:32,completed,credit_card,,0.0,2025-06,2025,6
106086,2859,2025-06-02 16:32:59,completed,credit_card,,0.0,2025-06,2025,6
106087,757,2025-06-02 16:43:09,completed,credit_card,,0.0,2025-06,2025,6
106088,3363,2025-06-02 17:13:07,completed,credit_card,,0.0,2025-06,2025,6
106089,856,2025-06-02 20:02:43,completed,credit_card,,0.0,2025-06,2025,6
106090,3335,2025-06-02 20:30:27,completed,apple_pay,,0.0,2025-06,2025,6
106091,3562,2025-06-02 21:17:27,completed,gift_card,,0.0,2025-06,2025,6
106092,2073,2025-06-02 23:50:59,completed,apple_pay,,0.0,2025-06,2025,6
106093,539,2025-06-03 07:59:26,completed,apple_pay,,6.95,2025-06,2025,6
106094,3278,2025-06-03 09:29:09,completed,apple_pay,,0.0,2025-06,2025,6
106095,1925,2025-06-03 09:47:06,completed,credit_card,,0.0,2025-06,2025,6
106096,29,2025-06-03 11:40:40,completed,credit_card,,6.95,2025-06,2025,6
106097,1264,2025-06-03 11:52:59,completed,credit_card,,0.0,2025-06,2025,6
106098,462,2025-06-03 12:24:26,completed,apple_pay,,0.0,2025-06,2025,6
106099,890,2025-06-03 15:41:10,completed,paypal,,0.0,2025-06,2025,6
106100,1261,2025-06-03 16:36:06,completed,credit_card,,0.0,2025-06,2025,6
106101,1230,2025-06-03 18:10:41,completed,gift_card,,0.0,2025-06,2025,6
106102,804,2025-06-03 18:42:18,completed,paypal,,0.0,2025-06,2025,6
106103,1383,2025-06-03 19:09:14,completed,credit_card,,0.0,2025-06,2025,6
106104,2033,2025-06-03 19:35:13,completed,credit_card,,6.95,2025-06,2025,6
106105,1029,2025-06-03 20:02:07,completed,paypal,,0.0,2025-06,2025,6
106106,107,2025-06-03 22:00:03,completed,credit_card,,0.0,2025-06,2025,6
106107,3372,2025-06-03 22:03:01,completed,gift_card,,0.0,2025-06,2025,6
106108,1868,2025-06-03 23:38:21,completed,credit_card,,0.0,2025-06,2025,6
106109,2187,2025-06-03 23:52:38,canceled,credit_card,,0.0,2025-06,2025,6
106110,1658,2025-06-04 06:13:28,completed,gift_card,,6.95,2025-06,2025,6
106111,2867,2025-06-04 08:28:53,completed,credit_card,,0.0,2025-06,2025,6
106112,3524,2025-06-04 13:45:42,completed,credit_card,,0.0,2025-06,2025,6
106113,2893,2025-06-04 13:56:57,completed,apple_pay,,0.0,2025-06,2025,6
106114,525,2025-06-04 15:05:21,completed,credit_card,,0.0,2025-06,2025,6
106115,3555,2025-06-04 16:34:35,completed,gift_card,,0.0,2025-06,2025,6
106116,1898,2025-06-04 17:10:47,completed,credit_card,,0.0,2025-06,2025,6
106117,2360,2025-06-04 17:18:22,completed,credit_card,,0.0,2025-06,2025,6
106118,1552,2025-06-04 21:27:48,returned,credit_card,,0.0,2025-06,2025,6
106119,3069,2025-06-04 21:40:34,completed,credit_card,,0.0,2025-06,2025,6
106120,1184,2025-06-04 21:44:24,completed,apple_pay,,0.0,2025-06,2025,6
106121,2528,2025-06-04 22:38:04,completed,apple_pay,,0.0,2025-06,2025,6
106122,1552,2025-06-04 23:00:01,completed,credit_card,,0.0,2025-06,2025,6
106123,3434,2025-06-04 23:14:01,completed,credit_card,,0.0,2025-06,2025,6
106124,747,2025-06-04 23:39:23,completed,apple_pay,,6.95,2025-06,2025,6
106125,377,2025-06-05 06:46:04,completed,credit_card,,0.0,2025-06,2025,6
106126,2391,2025-06-05 07:23:18,completed,paypal,,0.0,2025-06,2025,6
106127,407,2025-06-05 08:14:36,completed,gift_card,,0.0,2025-06,2025,6
106128,1682,2025-06-05 08:53:29,completed,credit_card,,0.0,2025-06,2025,6
106129,1514,2025-06-05 09:10:55,completed,apple_pay,,0.0,2025-06,2025,6
106130,1159,2025-06-05 09:35:43,completed,credit_card,,0.0,2025-06,2025,6
106131,794,2025-06-05 14:09:58,completed,credit_card,,0.0,2025-06,2025,6
106132,3528,2025-06-05 14:14:10,completed,paypal,,0.0,2025-06,2025,6
106133,817,2025-06-05 15:44:00,canceled,credit_card,,6.95,2025-06,2025,6
106134,3216,2025-06-05 16:19:59,completed,credit_card,,6.95,2025-06,2025,6
106135,1425,2025-06-05 16:20:46,completed,credit_card,,0.0,2025-06,2025,6
106136,838,2025-06-05 16:34:09,completed,credit_card,,0.0,2025-06,2025,6
106137,2786,2025-06-05 17:07:27,completed,credit_card,,0.0,2025-06,2025,6
106138,2973,2025-06-05 17:09:53,completed,credit_card,,6.95,2025-06,2025,6
106139,97,2025-06-05 18:21:13,completed,apple_pay,,6.95,2025-06,2025,6
106140,3069,2025-06-05 18:36:20,returned,credit_card,,0.0,2025-06,2025,6
106141,497,2025-06-05 19:42:23,completed,credit_card,welcome10,0.0,2025-06,2025,6
106142,1898,2025-06-06 09:36:17,completed,credit_card,,0.0,2025-06,2025,6
106143,195,2025-06-06 09:48:05,completed,paypal,,0.0,2025-06,2025,6
106144,1807,2025-06-06 10:11:27,returned,credit_card,,0.0,2025-06,2025,6
106145,407,2025-06-06 11:44:34,completed,credit_card,,0.0,2025-06,2025,6
106146,2679,2025-06-06 12:10:37,completed,credit_card,,6.95,2025-06,2025,6
106147,2591,2025-06-06 14:07:33,completed,credit_card,,0.0,2025-06,2025,6
106148,3372,2025-06-06 14:31:40,completed,gift_card,,0.0,2025-06,2025,6
106149,1634,2025-06-06 18:03:29,completed,credit_card,,0.0,2025-06,2025,6
106150,3250,2025-06-06 18:09:10,completed,credit_card,,6.95,2025-06,2025,6
106151,885,2025-06-06 18:38:06,completed,credit_card,,0.0,2025-06,2025,6
106152,1708,2025-06-06 19:17:13,completed,credit_card,,0.0,2025-06,2025,6
106153,2528,2025-06-06 19:18:46,completed,paypal,,0.0,2025-06,2025,6
106154,1192,2025-06-06 19:37:54,completed,credit_card,,0.0,2025-06,2025,6
106155,3445,2025-06-06 20:42:28,completed,credit_card,,0.0,2025-06,2025,6
106156,968,2025-06-06 21:48:15,completed,credit_card,,0.0,2025-06,2025,6
106157,2104,2025-06-07 10:21:04,returned,paypal,,6.95,2025-06,2025,6
106158,2770,2025-06-07 10:34:16,completed,credit_card,,0.0,2025-06,2025,6
106159,135,2025-06-07 13:02:27,completed,credit_card,,0.0,2025-06,2025,6
106160,3277,2025-06-07 14:38:53,completed,paypal,,0.0,2025-06,2025,6
106161,1062,2025-06-07 15:54:42,completed,paypal,,6.95,2025-06,2025,6
106162,1162,2025-06-07 16:02:40,completed,credit_card,,0.0,2025-06,2025,6
106163,1858,2025-06-07 17:57:35,completed,credit_card,,0.0,2025-06,2025,6
106164,1002,2025-06-07 18:38:03,completed,credit_card,,0.0,2025-06,2025,6
106165,2902,2025-06-07 20:24:22,completed,paypal,,0.0,2025-06,2025,6
106166,1691,2025-06-07 20:35:48,returned,apple_pay,,0.0,2025-06,2025,6
106167,1732,2025-06-07 21:03:52,completed,credit_card,,6.95,2025-06,2025,6
106168,1261,2025-06-07 21:07:50,completed,credit_card,,6.95,2025-06,2025,6
106169,3582,2025-06-07 21:13:10,completed,credit_card,,0.0,2025-06,2025,6
106170,980,2025-06-07 22:11:25,completed,credit_card,,6.95,2025-06,2025,6
106171,2528,2025-06-07 22:17:24,completed,gift_card,,0.0,2025-06,2025,6
106172,2901,2025-06-07 23:04:10,canceled,paypal,,0.0,2025-06,2025,6
106173,53,2025-06-07 23:05:28,completed,paypal,,6.95,2025-06,2025,6
106174,2981,2025-06-07 23:09:26,completed,paypal,,0.0,2025-06,2025,6
106175,3250,2025-06-07 23:21:00,completed,apple_pay,,0.0,2025-06,2025,6
106176,1454,2025-06-08 07:59:37,completed,paypal,,0.0,2025-06,2025,6
106177,3528,2025-06-08 09:36:15,completed,credit_card,,0.0,2025-06,2025,6
106178,5,2025-06-08 09:59:18,completed,gift_card,,0.0,2025-06,2025,6
106179,2004,2025-06-08 10:01:48,completed,credit_card,,0.0,2025-06,2025,6
106180,727,2025-06-08 11:17:08,completed,credit_card,,0.0,2025-06,2025,6
106181,9,2025-06-08 11:51:38,completed,credit_card,,0.0,2025-06,2025,6
106182,2679,2025-06-08 15:42:44,completed,paypal,,0.0,2025-06,2025,6
106183,107,2025-06-08 17:00:05,completed,credit_card,,0.0,2025-06,2025,6
106184,3324,2025-06-08 18:41:13,completed,apple_pay,,0.0,2025-06,2025,6
106185,1682,2025-06-08 19:08:26,completed,credit_card,,0.0,2025-06,2025,6
106186,3411,2025-06-08 22:17:18,completed,paypal,,0.0,2025-06,2025,6
106187,389,2025-06-09 07:07:13,completed,credit_card,,0.0,2025-06,2025,6
106188,507,2025-06-09 09:01:14,completed,paypal,,0.0,2025-06,2025,6
106189,3416,2025-06-09 09:15:15,canceled,credit_card,,0.0,2025-06,2025,6
106190,3160,2025-06-09 09:45:17,returned,credit_card,,0.0,2025-06,2025,6
106191,2086,2025-06-09 13:14:20,completed,credit_card,,0.0,2025-06,2025,6
106192,2515,2025-06-09 13:31:07,completed,gift_card,,0.0,2025-06,2025,6
106193,2844,2025-06-09 13:39:39,completed,credit_card,,0.0,2025-06,2025,6
106194,1200,2025-06-09 14:32:14,completed,credit_card,,0.0,2025-06,2025,6
106195,3559,2025-06-09 15:41:28,completed,paypal,welcome10,0.0,2025-06,2025,6
106196,1173,2025-06-09 20:04:27,returned,credit_card,,0.0,2025-06,2025,6
106197,3543,2025-06-09 22:38:57,completed,credit_card,,0.0,2025-06,2025,6
106198,240,2025-06-09 23:12:30,completed,gift_card,,0.0,2025-06,2025,6
106200,2679,2025-06-10 06:27:22,completed,credit_card,,0.0,2025-06,2025,6
106201,2067,2025-06-10 07:02:37,completed,credit_card,,0.0,2025-06,2025,6
106202,2060,2025-06-10 07:59:14,completed,credit_card,,0.0,2025-06,2025,6
106203,1421,2025-06-10 09:04:05,completed,credit_card,,0.0,2025-06,2025,6
106204,2745,2025-06-10 09:06:58,completed,apple_pay,,0.0,2025-06,2025,6
106205,2460,2025-06-10 12:37:31,completed,apple_pay,,6.95,2025-06,2025,6
106206,1848,2025-06-10 14:16:21,completed,credit_card,,0.0,2025-06,2025,6
106207,2412,2025-06-10 14:40:34,completed,apple_pay,,6.95,2025-06,2025,6
106208,3187,2025-06-10 15:51:53,completed,credit_card,,6.95,2025-06,2025,6
106209,2630,2025-06-10 16:00:30,completed,paypal,,6.95,2025-06,2025,6
106210,2528,2025-06-10 17:48:58,completed,credit_card,,0.0,2025-06,2025,6
106211,1700,2025-06-10 18:40:29,completed,gift_card,,6.95,2025-06,2025,6
106212,1021,2025-06-10 22:05:09,completed,paypal,,0.0,2025-06,2025,6
106213,718,2025-06-11 07:06:55,completed,apple_pay,,0.0,2025-06,2025,6
106214,1011,2025-06-11 07:33:40,completed,credit_card,,0.0,2025-06,2025,6
106215,2252,2025-06-11 09:28:36,completed,credit_card,,0.0,2025-06,2025,6
106216,1104,2025-06-11 12:39:31,completed,gift_card,,0.0,2025-06,2025,6
106217,1029,2025-06-11 14:10:18,completed,credit_card,,0.0,2025-06,2025,6
106218,1454,2025-06-11 15:36:09,completed,credit_card,,0.0,2025-06,2025,6
106219,445,2025-06-11 16:58:22,completed,credit_card,,0.0,2025-06,2025,6
106220,3564,2025-06-11 18:58:57,completed,credit_card,,0.0,2025-06,2025,6
106221,311,2025-06-11 19:20:29,completed,credit_card,,0.0,2025-06,2025,6
106222,1843,2025-06-11 22:02:28,completed,credit_card,,0.0,2025-06,2025,6
106223,1220,2025-06-11 23:35:52,completed,credit_card,,0.0,2025-06,2025,6
106224,2884,2025-06-12 07:12:46,completed,paypal,,0.0,2025-06,2025,6
106225,920,2025-06-12 07:44:51,completed,credit_card,,0.0,2025-06,2025,6
106226,3528,2025-06-12 10:25:33,completed,credit_card,,6.95,2025-06,2025,6
106227,3311,2025-06-12 13:09:09,completed,paypal,,0.0,2025-06,2025,6
106228,525,2025-06-12 14:40:16,completed,paypal,,0.0,2025-06,2025,6
106229,2013,2025-06-12 15:23:13,completed,credit_card,,0.0,2025-06,2025,6
106230,123,2025-06-12 16:06:33,completed,credit_card,,0.0,2025-06,2025,6
106231,2343,2025-06-12 18:10:24,completed,apple_pay,,0.0,2025-06,2025,6
106232,2173,2025-06-12 19:28:45,completed,paypal,,0.0,2025-06,2025,6
106233,3526,2025-06-12 19:46:08,completed,credit_card,,0.0,2025-06,2025,6
106234,2241,2025-06-12 20:02:24,completed,credit_card,,0.0,2025-06,2025,6
106235,405,2025-06-12 21:38:58,completed,credit_card,,0.0,2025-06,2025,6
106236,1510,2025-06-12 21:53:17,completed,credit_card,,0.0,2025-06,2025,6
106237,85,2025-06-12 21:53:50,completed,paypal,,0.0,2025-06,2025,6
106238,339,2025-06-12 22:15:01,completed,credit_card,,0.0,2025-06,2025,6
106239,3545,2025-06-12 23:00:52,completed,gift_card,,6.95,2025-06,2025,6
106240,482,2025-06-12 23:11:09,canceled,credit_card,,0.0,2025-06,2025,6
106241,828,2025-06-13 06:19:27,completed,credit_card,,0.0,2025-06,2025,6
106242,1552,2025-06-13 08:33:06,completed,credit_card,,0.0,2025-06,2025,6
106243,1922,2025-06-13 08:34:37,completed,credit_card,,0.0,2025-06,2025,6
106244,405,2025-06-13 09:43:40,completed,credit_card,,0.0,2025-06,2025,6
106245,2111,2025-06-13 13:54:06,completed,apple_pay,,0.0,2025-06,2025,6
106246,389,2025-06-13 15:15:20,completed,paypal,,0.0,2025-06,2025,6
106247,3380,2025-06-13 17:50:38,completed,credit_card,,0.0,2025-06,2025,6
106248,844,2025-06-13 19:51:56,completed,credit_card,,0.0,2025-06,2025,6
106249,3595,2025-06-13 20:11:42,completed,credit_card,,0.0,2025-06,2025,6
106250,123,2025-06-14 07:53:30,completed,credit_card,,0.0,2025-06,2025,6
106251,1658,2025-06-14 09:38:40,completed,paypal,,0.0,2025-06,2025,6
106252,347,2025-06-14 15:25:47,completed,credit_card,,6.95,2025-06,2025,6
106253,1752,2025-06-14 15:53:06,canceled,credit_card,,0.0,2025-06,2025,6
106255,980,2025-06-14 21:47:32,completed,credit_card,,0.0,2025-06,2025,6
106256,1864,2025-06-14 21:48:14,completed,credit_card,,0.0,2025-06,2025,6
106257,3452,2025-06-14 23:13:02,canceled,paypal,,0.0,2025-06,2025,6
106258,668,2025-06-15 07:16:12,completed,paypal,,0.0,2025-06,2025,6
106259,3320,2025-06-15 09:14:16,completed,credit_card,,0.0,2025-06,2025,6
106260,837,2025-06-15 10:42:43,completed,credit_card,,0.0,2025-06,2025,6
106261,29,2025-06-15 11:47:01,completed,credit_card,,6.95,2025-06,2025,6
106262,1104,2025-06-15 12:05:34,completed,apple_pay,,6.95,2025-06,2025,6
106263,3543,2025-06-15 12:39:39,completed,credit_card,,6.95,2025-06,2025,6
106264,1064,2025-06-15 14:04:07,completed,credit_card,,0.0,2025-06,2025,6
106265,3564,2025-06-15 15:10:03,returned,credit_card,,0.0,2025-06,2025,6
106266,3310,2025-06-15 15:17:15,completed,credit_card,,0.0,2025-06,2025,6
106267,445,2025-06-15 16:55:12,completed,apple_pay,,0.0,2025-06,2025,6
106268,3267,2025-06-15 17:29:56,completed,credit_card,,0.0,2025-06,2025,6
106269,924,2025-06-15 17:42:15,completed,paypal,,6.95,2025-06,2025,6
106270,1466,2025-06-15 17:57:33,returned,credit_card,,0.0,2025-06,2025,6
106271,51,2025-06-15 18:09:34,completed,apple_pay,,0.0,2025-06,2025,6
106272,2160,2025-06-16 07:10:52,completed,credit_card,,6.95,2025-06,2025,6
106273,1012,2025-06-16 08:21:07,completed,credit_card,,6.95,2025-06,2025,6
106274,2252,2025-06-16 10:20:48,completed,paypal,,0.0,2025-06,2025,6
106275,2867,2025-06-16 11:09:54,completed,credit_card,,0.0,2025-06,2025,6
106276,3567,2025-06-16 12:22:42,completed,paypal,,6.95,2025-06,2025,6
106277,558,2025-06-16 14:46:07,completed,credit_card,,0.0,2025-06,2025,6
106278,3018,2025-06-16 15:40:24,completed,paypal,,0.0,2025-06,2025,6
106279,2887,2025-06-16 16:35:06,completed,paypal,,0.0,2025-06,2025,6
106280,11,2025-06-16 21:18:16,completed,paypal,,0.0,2025-06,2025,6
106281,2085,2025-06-16 23:23:08,completed,credit_card,,0.0,2025-06,2025,6
106282,3335,2025-06-17 06:03:51,completed,paypal,,6.95,2025-06,2025,6
106283,3538,2025-06-17 06:15:43,completed,credit_card,,0.0,2025-06,2025,6
106284,3007,2025-06-17 11:02:21,returned,paypal,,0.0,2025-06,2025,6
106285,594,2025-06-17 13:22:45,returned,credit_card,,0.0,2025-06,2025,6
106286,1256,2025-06-17 14:43:15,completed,credit_card,,0.0,2025-06,2025,6
106287,2197,2025-06-17 15:34:39,completed,paypal,,6.95,2025-06,2025,6
106288,2743,2025-06-17 16:12:34,completed,credit_card,,0.0,2025-06,2025,6
106289,29,2025-06-17 16:26:00,completed,credit_card,,0.0,2025-06,2025,6
106290,1421,2025-06-17 19:00:36,completed,credit_card,,0.0,2025-06,2025,6
106291,233,2025-06-17 20:27:25,completed,apple_pay,,0.0,2025-06,2025,6
106292,245,2025-06-17 20:30:04,canceled,paypal,,0.0,2025-06,2025,6
106293,1202,2025-06-17 20:49:59,completed,credit_card,,0.0,2025-06,2025,6
106294,1767,2025-06-17 21:36:38,completed,credit_card,,0.0,2025-06,2025,6
106295,3582,2025-06-17 21:46:59,completed,credit_card,,6.95,2025-06,2025,6
106296,91,2025-06-17 22:13:25,completed,credit_card,welcome10,0.0,2025-06,2025,6
106297,1323,2025-06-17 22:23:02,completed,credit_card,,0.0,2025-06,2025,6
106298,112,2025-06-17 23:19:56,completed,paypal,,0.0,2025-06,2025,6
106299,1813,2025-06-18 11:06:47,completed,credit_card,,0.0,2025-06,2025,6
106300,1732,2025-06-18 20:36:44,completed,paypal,,0.0,2025-06,2025,6
106301,1351,2025-06-18 22:13:35,completed,credit_card,,6.95,2025-06,2025,6
106302,1664,2025-06-18 23:20:05,completed,apple_pay,,0.0,2025-06,2025,6
106303,2787,2025-06-18 23:36:27,completed,credit_card,,0.0,2025-06,2025,6
106304,519,2025-06-18 23:45:56,completed,credit_card,,6.95,2025-06,2025,6
106305,2067,2025-06-19 07:01:11,completed,credit_card,,0.0,2025-06,2025,6
106306,245,2025-06-19 08:21:10,completed,credit_card,,6.95,2025-06,2025,6
106307,2082,2025-06-19 08:35:18,completed,credit_card,,0.0,2025-06,2025,6
106308,2188,2025-06-19 09:20:33,completed,credit_card,,6.95,2025-06,2025,6
106309,2248,2025-06-19 10:43:09,completed,apple_pay,welcome10,0.0,2025-06,2025,6
106310,1635,2025-06-19 16:30:26,completed,credit_card,,0.0,2025-06,2025,6
106311,1334,2025-06-19 16:40:34,completed,credit_card,,0.0,2025-06,2025,6
106312,803,2025-06-19 18:52:09,completed,credit_card,,0.0,2025-06,2025,6
106313,1614,2025-06-19 21:27:39,completed,paypal,,0.0,2025-06,2025,6
106314,1519,2025-06-19 23:01:13,completed,paypal,,0.0,2025-06,2025,6
106315,2110,2025-06-19 23:05:04,returned,paypal,,0.0,2025-06,2025,6
106316,1104,2025-06-20 07:02:52,completed,paypal,,0.0,2025-06,2025,6
106317,613,2025-06-20 07:40:56,completed,credit_card,,6.95,2025-06,2025,6
106318,1935,2025-06-20 08:38:04,returned,credit_card,,0.0,2025-06,2025,6
106319,237,2025-06-20 09:55:31,completed,credit_card,,6.95,2025-06,2025,6
106320,687,2025-06-20 10:08:36,completed,paypal,,6.95,2025-06,2025,6
106321,1126,2025-06-20 12:20:15,completed,credit_card,,0.0,2025-06,2025,6
106322,452,2025-06-20 13:12:07,completed,credit_card,,6.95,2025-06,2025,6
106323,2216,2025-06-20 14:40:31,completed,credit_card,,6.95,2025-06,2025,6
106324,1443,2025-06-20 14:43:23,completed,credit_card,,0.0,2025-06,2025,6
106325,135,2025-06-20 19:20:17,completed,apple_pay,,0.0,2025-06,2025,6
106326,278,2025-06-20 19:21:45,completed,apple_pay,,0.0,2025-06,2025,6
106327,2850,2025-06-20 19:29:53,completed,credit_card,,0.0,2025-06,2025,6
106328,3065,2025-06-20 20:28:49,completed,gift_card,,0.0,2025-06,2025,6
106329,1957,2025-06-20 21:36:32,completed,credit_card,,0.0,2025-06,2025,6
106330,97,2025-06-20 21:41:19,completed,credit_card,,0.0,2025-06,2025,6
106331,831,2025-06-20 21:51:02,completed,paypal,,0.0,2025-06,2025,6
106332,3450,2025-06-21 06:23:11,completed,credit_card,,0.0,2025-06,2025,6
106333,1258,2025-06-21 07:46:22,returned,paypal,,0.0,2025-06,2025,6
106334,2033,2025-06-21 10:25:48,completed,paypal,,0.0,2025-06,2025,6
106335,1104,2025-06-21 10:52:02,completed,paypal,,0.0,2025-06,2025,6
106336,1402,2025-06-21 11:38:39,completed,gift_card,,0.0,2025-06,2025,6
106337,3380,2025-06-21 11:50:30,completed,credit_card,,0.0,2025-06,2025,6
106338,2679,2025-06-21 12:02:10,completed,credit_card,,0.0,2025-06,2025,6
106339,3133,2025-06-21 12:18:45,completed,paypal,,0.0,2025-06,2025,6
106340,382,2025-06-21 13:15:16,completed,credit_card,,0.0,2025-06,2025,6
106341,1001,2025-06-21 14:58:21,completed,apple_pay,,0.0,2025-06,2025,6
106342,384,2025-06-21 17:35:52,completed,credit_card,,6.95,2025-06,2025,6
106343,1891,2025-06-21 19:00:59,completed,credit_card,,0.0,2025-06,2025,6
106344,605,2025-06-21 19:19:44,completed,apple_pay,,0.0,2025-06,2025,6
106345,3012,2025-06-21 20:16:00,completed,paypal,,0.0,2025-06,2025,6
106346,1708,2025-06-21 20:16:15,completed,paypal,,6.95,2025-06,2025,6
106347,3275,2025-06-21 21:50:23,completed,apple_pay,,0.0,2025-06,2025,6
106348,2319,2025-06-21 21:55:32,completed,apple_pay,,0.0,2025-06,2025,6
106349,1658,2025-06-21 23:36:27,completed,credit_card,,0.0,2025-06,2025,6
106350,555,2025-06-22 07:17:44,completed,gift_card,,0.0,2025-06,2025,6
106351,3411,2025-06-22 07:27:28,completed,paypal,,0.0,2025-06,2025,6
106352,501,2025-06-22 07:58:12,completed,credit_card,,6.95,2025-06,2025,6
106353,1366,2025-06-22 10:53:07,completed,apple_pay,,0.0,2025-06,2025,6
106354,1418,2025-06-22 13:26:38,completed,paypal,,0.0,2025-06,2025,6
106355,2743,2025-06-22 15:17:37,completed,credit_card,,0.0,2025-06,2025,6
106356,2618,2025-06-22 16:12:58,completed,paypal,,0.0,2025-06,2025,6
106357,458,2025-06-22 16:22:46,completed,paypal,,0.0,2025-06,2025,6
106358,3493,2025-06-22 17:02:47,completed,credit_card,,6.95,2025-06,2025,6
106359,339,2025-06-22 23:45:42,completed,credit_card,,6.95,2025-06,2025,6
106360,2112,2025-06-23 09:16:18,completed,credit_card,,0.0,2025-06,2025,6
106361,3210,2025-06-23 10:25:26,completed,gift_card,,0.0,2025-06,2025,6
106362,136,2025-06-23 10:50:05,completed,credit_card,,6.95,2025-06,2025,6
106363,3163,2025-06-23 11:23:53,completed,apple_pay,,0.0,2025-06,2025,6
106364,2962,2025-06-23 13:39:43,completed,paypal,,0.0,2025-06,2025,6
106365,2459,2025-06-23 14:31:42,completed,credit_card,,0.0,2025-06,2025,6
106366,371,2025-06-23 15:46:28,completed,credit_card,,0.0,2025-06,2025,6
106367,2426,2025-06-23 18:05:25,completed,paypal,,0.0,2025-06,2025,6
106368,1011,2025-06-23 18:30:48,completed,credit_card,,6.95,2025-06,2025,6
106369,307,2025-06-23 18:49:59,completed,paypal,,6.95,2025-06,2025,6
106370,1666,2025-06-23 20:24:47,completed,credit_card,,6.95,2025-06,2025,6
106371,1727,2025-06-23 22:47:53,completed,paypal,,0.0,2025-06,2025,6
106372,3163,2025-06-23 23:07:27,completed,paypal,,0.0,2025-06,2025,6
106373,3307,2025-06-24 08:07:56,completed,gift_card,,0.0,2025-06,2025,6
106374,1202,2025-06-24 09:11:41,completed,credit_card,,6.95,2025-06,2025,6
106375,3363,2025-06-24 09:56:01,completed,apple_pay,,6.95,2025-06,2025,6
106376,2608,2025-06-24 10:01:48,completed,apple_pay,,0.0,2025-06,2025,6
106377,2901,2025-06-24 11:42:06,completed,apple_pay,,0.0,2025-06,2025,6
106378,3496,2025-06-24 15:40:14,completed,apple_pay,,0.0,2025-06,2025,6
106379,1838,2025-06-24 18:22:47,completed,apple_pay,welcome10,0.0,2025-06,2025,6
106380,2555,2025-06-24 20:41:14,returned,apple_pay,,6.95,2025-06,2025,6
106381,2528,2025-06-24 21:11:19,completed,credit_card,,0.0,2025-06,2025,6
106382,1059,2025-06-24 21:56:34,completed,apple_pay,,0.0,2025-06,2025,6
106383,1362,2025-06-25 07:40:28,completed,paypal,,6.95,2025-06,2025,6
106384,934,2025-06-25 09:14:28,returned,credit_card,welcome10,6.95,2025-06,2025,6
106385,607,2025-06-25 10:23:33,completed,credit_card,,0.0,2025-06,2025,6
106386,2860,2025-06-25 12:02:53,completed,credit_card,,0.0,2025-06,2025,6
106387,2514,2025-06-25 13:03:05,completed,apple_pay,,0.0,2025-06,2025,6
106388,2110,2025-06-25 13:11:39,canceled,credit_card,,6.95,2025-06,2025,6
106389,535,2025-06-25 14:15:40,completed,apple_pay,,0.0,2025-06,2025,6
106390,1108,2025-06-25 14:26:36,completed,credit_card,,6.95,2025-06,2025,6
106391,591,2025-06-25 14:51:29,completed,credit_card,welcome10,0.0,2025-06,2025,6
106392,2741,2025-06-25 17:16:10,completed,credit_card,,0.0,2025-06,2025,6
106393,990,2025-06-25 19:39:59,canceled,gift_card,,0.0,2025-06,2025,6
106394,2082,2025-06-25 19:44:01,completed,credit_card,,0.0,2025-06,2025,6
106395,2954,2025-06-25 20:14:37,completed,credit_card,,0.0,2025-06,2025,6
106396,482,2025-06-25 21:41:58,completed,credit_card,,0.0,2025-06,2025,6
106397,3346,2025-06-25 23:11:51,completed,credit_card,,0.0,2025-06,2025,6
106398,1966,2025-06-26 08:36:00,completed,credit_card,,6.95,2025-06,2025,6
106399,359,2025-06-26 10:28:06,completed,gift_card,,0.0,2025-06,2025,6
106400,2343,2025-06-26 10:30:25,completed,paypal,,0.0,2025-06,2025,6
106401,2477,2025-06-26 13:59:53,completed,apple_pay,,0.0,2025-06,2025,6
106402,1729,2025-06-26 14:30:18,completed,credit_card,,0.0,2025-06,2025,6
106403,47,2025-06-26 14:30:54,completed,gift_card,,6.95,2025-06,2025,6
106404,402,2025-06-26 14:31:21,completed,credit_card,,0.0,2025-06,2025,6
106405,216,2025-06-26 14:47:35,completed,credit_card,,6.95,2025-06,2025,6
106406,2838,2025-06-26 16:23:32,completed,paypal,,0.0,2025-06,2025,6
106407,3091,2025-06-26 18:39:11,completed,credit_card,,0.0,2025-06,2025,6
106408,2745,2025-06-26 19:15:17,completed,paypal,,6.95,2025-06,2025,6
106409,836,2025-06-26 20:27:50,completed,credit_card,,6.95,2025-06,2025,6
106410,1925,2025-06-26 20:36:32,completed,paypal,,0.0,2025-06,2025,6
106411,2658,2025-06-26 21:04:45,completed,credit_card,,6.95,2025-06,2025,6
106412,2446,2025-06-26 21:08:52,completed,credit_card,,0.0,2025-06,2025,6
106413,489,2025-06-26 21:56:55,completed,apple_pay,,0.0,2025-06,2025,6
106414,1645,2025-06-27 09:59:33,completed,paypal,,0.0,2025-06,2025,6
106415,2001,2025-06-27 10:00:50,completed,credit_card,,0.0,2025-06,2025,6
106416,1396,2025-06-27 10:06:46,completed,paypal,,6.95,2025-06,2025,6
106417,3162,2025-06-27 10:12:06,completed,apple_pay,,0.0,2025-06,2025,6
106418,994,2025-06-27 10:17:41,completed,credit_card,,0.0,2025-06,2025,6
106419,1184,2025-06-27 10:22:29,completed,credit_card,,0.0,2025-06,2025,6
106420,1817,2025-06-27 10:56:43,completed,credit_card,,6.95,2025-06,2025,6
106421,1732,2025-06-27 11:03:19,completed,apple_pay,,0.0,2025-06,2025,6
106422,1091,2025-06-27 11:35:44,completed,credit_card,,6.95,2025-06,2025,6
106423,930,2025-06-27 14:44:16,canceled,credit_card,,0.0,2025-06,2025,6
106424,3453,2025-06-27 15:36:10,completed,credit_card,,0.0,2025-06,2025,6
106425,2838,2025-06-27 15:42:38,completed,paypal,,0.0,2025-06,2025,6
106426,3388,2025-06-27 16:03:14,completed,gift_card,,0.0,2025-06,2025,6
106427,2739,2025-06-27 16:45:59,canceled,paypal,,6.95,2025-06,2025,6
106428,1881,2025-06-27 16:47:15,completed,credit_card,,0.0,2025-06,2025,6
106429,2312,2025-06-27 17:13:42,completed,credit_card,,0.0,2025-06,2025,6
106430,339,2025-06-27 18:32:54,completed,apple_pay,,0.0,2025-06,2025,6
106431,3483,2025-06-27 19:51:24,completed,credit_card,,0.0,2025-06,2025,6
106432,2303,2025-06-27 20:35:49,completed,gift_card,,6.95,2025-06,2025,6
106433,384,2025-06-28 06:58:06,completed,credit_card,,0.0,2025-06,2025,6
106434,2763,2025-06-28 07:38:37,canceled,paypal,,0.0,2025-06,2025,6
106435,367,2025-06-28 08:35:09,completed,credit_card,,0.0,2025-06,2025,6
106436,3014,2025-06-28 10:42:58,completed,apple_pay,,0.0,2025-06,2025,6
106437,3437,2025-06-28 13:21:19,completed,gift_card,,0.0,2025-06,2025,6
106438,1596,2025-06-28 13:56:10,returned,credit_card,,0.0,2025-06,2025,6
106439,1220,2025-06-28 16:21:21,completed,credit_card,,0.0,2025-06,2025,6
106440,1775,2025-06-28 16:23:52,completed,credit_card,,0.0,2025-06,2025,6
106441,113,2025-06-28 16:33:41,completed,apple_pay,,0.0,2025-06,2025,6
106442,3262,2025-06-28 17:05:19,completed,credit_card,,6.95,2025-06,2025,6
106443,3504,2025-06-28 18:54:10,completed,paypal,,6.95,2025-06,2025,6
106444,1264,2025-06-28 20:43:09,completed,apple_pay,,6.95,2025-06,2025,6
106445,2562,2025-06-28 23:49:00,completed,credit_card,,6.95,2025-06,2025,6
106446,2394,2025-06-29 11:55:50,completed,credit_card,,0.0,2025-06,2025,6
106447,48,2025-06-29 13:03:33,completed,credit_card,,0.0,2025-06,2025,6
106448,1151,2025-06-29 14:32:08,completed,credit_card,,6.95,2025-06,2025,6
106449,1913,2025-06-29 15:20:05,completed,credit_card,,6.95,2025-06,2025,6
106450,2033,2025-06-29 15:35:00,completed,credit_card,,0.0,2025-06,2025,6
106451,2562,2025-06-29 16:07:08,completed,apple_pay,,0.0,2025-06,2025,6
106452,1257,2025-06-29 17:38:55,completed,apple_pay,,0.0,2025-06,2025,6
106453,461,2025-06-29 18:00:21,completed,credit_card,,0.0,2025-06,2025,6
106454,2774,2025-06-29 18:17:13,completed,credit_card,,6.95,2025-06,2025,6
106455,3116,2025-06-29 23:38:37,completed,credit_card,,6.95,2025-06,2025,6
106456,3067,2025-06-30 07:02:32,completed,paypal,,0.0,2025-06,2025,6
106457,203,2025-06-30 10:55:35,completed,gift_card,,0.0,2025-06,2025,6
107826,1169,2025-10-16 13:25:59,completed,apple_pay,,0.0,2025-10,2025,10
106458,3314,2025-06-30 13:03:35,completed,credit_card,,0.0,2025-06,2025,6
106459,1682,2025-06-30 14:22:11,returned,credit_card,,0.0,2025-06,2025,6
106460,1313,2025-06-30 15:49:41,completed,paypal,,0.0,2025-06,2025,6
106461,1210,2025-06-30 17:49:30,completed,credit_card,,0.0,2025-06,2025,6
106462,1922,2025-06-30 17:50:03,completed,credit_card,,0.0,2025-06,2025,6
106463,74,2025-06-30 18:30:22,completed,apple_pay,,0.0,2025-06,2025,6
106464,2865,2025-06-30 22:13:57,completed,paypal,,0.0,2025-06,2025,6
106465,1887,2025-06-30 22:32:47,completed,credit_card,,0.0,2025-06,2025,6
106466,1887,2025-07-01 06:08:32,canceled,credit_card,,0.0,2025-07,2025,7
106467,2743,2025-07-01 09:34:25,completed,credit_card,,0.0,2025-07,2025,7
106468,1153,2025-07-01 10:28:19,completed,paypal,,0.0,2025-07,2025,7
106469,788,2025-07-01 13:07:48,completed,credit_card,,0.0,2025-07,2025,7
106470,2371,2025-07-01 15:50:27,completed,credit_card,,6.95,2025-07,2025,7
106471,3014,2025-07-01 16:32:59,completed,credit_card,,6.95,2025-07,2025,7
106472,3159,2025-07-01 16:43:49,completed,credit_card,,0.0,2025-07,2025,7
106473,1312,2025-07-01 19:49:33,completed,credit_card,,6.95,2025-07,2025,7
106474,1749,2025-07-01 19:54:42,canceled,paypal,,6.95,2025-07,2025,7
106475,2343,2025-07-01 20:03:20,completed,credit_card,,0.0,2025-07,2025,7
106476,3416,2025-07-01 22:20:28,completed,credit_card,,0.0,2025-07,2025,7
106477,1928,2025-07-01 23:26:52,completed,paypal,,0.0,2025-07,2025,7
106478,2743,2025-07-02 06:18:58,returned,credit_card,,0.0,2025-07,2025,7
106479,122,2025-07-02 06:29:44,completed,credit_card,,0.0,2025-07,2025,7
106480,3072,2025-07-02 07:33:22,completed,credit_card,,0.0,2025-07,2025,7
106481,1473,2025-07-02 08:29:29,completed,credit_card,,0.0,2025-07,2025,7
106482,2784,2025-07-02 08:42:42,completed,credit_card,,6.95,2025-07,2025,7
106483,3014,2025-07-02 11:21:53,completed,gift_card,,0.0,2025-07,2025,7
106484,1666,2025-07-02 14:10:21,completed,paypal,,0.0,2025-07,2025,7
106485,977,2025-07-02 14:22:30,completed,paypal,,0.0,2025-07,2025,7
106486,1907,2025-07-02 14:23:01,completed,credit_card,,0.0,2025-07,2025,7
106487,1209,2025-07-02 15:12:20,completed,apple_pay,,0.0,2025-07,2025,7
106488,2151,2025-07-02 15:22:46,completed,paypal,,0.0,2025-07,2025,7
106489,441,2025-07-02 16:54:09,completed,apple_pay,,6.95,2025-07,2025,7
106490,2629,2025-07-02 18:48:16,completed,apple_pay,,0.0,2025-07,2025,7
106491,2285,2025-07-02 21:09:57,completed,credit_card,,0.0,2025-07,2025,7
106492,269,2025-07-02 21:24:31,returned,paypal,,0.0,2025-07,2025,7
106493,2786,2025-07-02 21:51:26,completed,paypal,,0.0,2025-07,2025,7
106494,3249,2025-07-03 07:21:33,completed,paypal,,0.0,2025-07,2025,7
106495,23,2025-07-03 07:34:07,completed,credit_card,,0.0,2025-07,2025,7
106496,607,2025-07-03 10:55:55,completed,paypal,welcome10,6.95,2025-07,2025,7
106497,237,2025-07-03 11:11:08,returned,gift_card,,0.0,2025-07,2025,7
106498,406,2025-07-03 15:03:32,completed,credit_card,welcome10,0.0,2025-07,2025,7
106499,507,2025-07-03 19:01:54,completed,credit_card,,6.95,2025-07,2025,7
106500,1127,2025-07-03 19:18:12,completed,credit_card,,0.0,2025-07,2025,7
106501,1848,2025-07-03 19:39:07,completed,credit_card,,0.0,2025-07,2025,7
106502,626,2025-07-03 21:32:33,completed,credit_card,,0.0,2025-07,2025,7
106503,3278,2025-07-03 21:41:00,completed,apple_pay,,0.0,2025-07,2025,7
106504,445,2025-07-04 09:11:48,completed,apple_pay,,0.0,2025-07,2025,7
106505,1569,2025-07-04 09:27:50,completed,credit_card,,0.0,2025-07,2025,7
106506,11,2025-07-04 11:23:11,returned,credit_card,,0.0,2025-07,2025,7
106507,2558,2025-07-04 13:37:56,completed,apple_pay,,0.0,2025-07,2025,7
106508,2834,2025-07-04 14:14:09,completed,credit_card,,0.0,2025-07,2025,7
106509,1383,2025-07-04 14:44:02,completed,paypal,,0.0,2025-07,2025,7
106510,2443,2025-07-04 16:10:09,completed,gift_card,,0.0,2025-07,2025,7
106511,152,2025-07-04 22:56:02,canceled,credit_card,,0.0,2025-07,2025,7
106512,2004,2025-07-05 06:49:03,canceled,credit_card,,0.0,2025-07,2025,7
106513,3133,2025-07-05 07:01:54,completed,paypal,,0.0,2025-07,2025,7
106514,1614,2025-07-05 08:00:19,completed,paypal,,0.0,2025-07,2025,7
106515,203,2025-07-05 08:57:02,canceled,paypal,,0.0,2025-07,2025,7
106516,930,2025-07-05 10:01:10,completed,paypal,,6.95,2025-07,2025,7
106517,1126,2025-07-05 10:10:05,completed,paypal,,0.0,2025-07,2025,7
106518,616,2025-07-05 12:08:05,completed,credit_card,,0.0,2025-07,2025,7
106519,1639,2025-07-05 12:09:04,completed,credit_card,,0.0,2025-07,2025,7
106520,1207,2025-07-05 15:19:33,completed,credit_card,,0.0,2025-07,2025,7
106521,175,2025-07-05 15:50:25,completed,credit_card,,0.0,2025-07,2025,7
106522,1062,2025-07-05 16:42:41,completed,apple_pay,,0.0,2025-07,2025,7
106523,3450,2025-07-05 17:28:41,completed,credit_card,,6.95,2025-07,2025,7
106524,1012,2025-07-05 19:19:04,completed,credit_card,,0.0,2025-07,2025,7
106525,3122,2025-07-05 20:31:29,completed,paypal,,0.0,2025-07,2025,7
106526,2414,2025-07-05 22:02:04,completed,paypal,,0.0,2025-07,2025,7
106527,2160,2025-07-06 06:38:40,completed,credit_card,,6.95,2025-07,2025,7
106528,2745,2025-07-06 07:51:00,completed,paypal,,0.0,2025-07,2025,7
106529,519,2025-07-06 08:22:17,completed,credit_card,,0.0,2025-07,2025,7
106530,1708,2025-07-06 08:36:14,completed,paypal,,6.95,2025-07,2025,7
106531,1732,2025-07-06 13:01:59,completed,credit_card,,6.95,2025-07,2025,7
106532,3409,2025-07-06 13:58:53,completed,credit_card,,0.0,2025-07,2025,7
106533,2497,2025-07-06 15:17:04,completed,credit_card,,0.0,2025-07,2025,7
106534,2669,2025-07-06 16:23:52,completed,paypal,,0.0,2025-07,2025,7
106535,1884,2025-07-06 16:28:44,completed,paypal,,0.0,2025-07,2025,7
106536,2562,2025-07-06 16:38:41,completed,apple_pay,,6.95,2025-07,2025,7
106537,1676,2025-07-06 17:37:43,completed,apple_pay,,6.95,2025-07,2025,7
106538,48,2025-07-06 19:51:00,completed,credit_card,,6.95,2025-07,2025,7
106539,3249,2025-07-06 20:31:59,completed,credit_card,,0.0,2025-07,2025,7
106540,1202,2025-07-06 20:39:34,completed,paypal,,0.0,2025-07,2025,7
106541,577,2025-07-07 07:54:07,completed,credit_card,,0.0,2025-07,2025,7
106542,2968,2025-07-07 09:43:47,completed,credit_card,,0.0,2025-07,2025,7
106543,2296,2025-07-07 11:01:26,completed,credit_card,,0.0,2025-07,2025,7
106544,1541,2025-07-07 13:14:01,completed,gift_card,,0.0,2025-07,2025,7
106545,3372,2025-07-07 14:42:46,completed,credit_card,,0.0,2025-07,2025,7
106546,203,2025-07-07 15:30:12,completed,gift_card,,0.0,2025-07,2025,7
106547,235,2025-07-07 16:40:51,completed,apple_pay,,0.0,2025-07,2025,7
106548,669,2025-07-07 17:22:42,returned,credit_card,,0.0,2025-07,2025,7
106549,3474,2025-07-07 18:27:02,completed,credit_card,welcome10,6.95,2025-07,2025,7
106550,2129,2025-07-07 20:48:52,completed,gift_card,,0.0,2025-07,2025,7
106551,245,2025-07-07 22:26:27,completed,credit_card,,6.95,2025-07,2025,7
106552,1727,2025-07-07 22:54:39,completed,paypal,,6.95,2025-07,2025,7
106553,1552,2025-07-08 06:28:05,completed,paypal,,0.0,2025-07,2025,7
106554,2025,2025-07-08 07:39:27,completed,credit_card,,6.95,2025-07,2025,7
106555,2391,2025-07-08 07:56:50,completed,credit_card,,0.0,2025-07,2025,7
106556,3018,2025-07-08 09:48:55,completed,gift_card,,0.0,2025-07,2025,7
106557,119,2025-07-08 10:06:45,completed,credit_card,,0.0,2025-07,2025,7
106558,407,2025-07-08 11:34:54,completed,credit_card,,0.0,2025-07,2025,7
106559,2464,2025-07-08 11:38:53,completed,apple_pay,,0.0,2025-07,2025,7
106560,1480,2025-07-08 14:36:48,completed,credit_card,,0.0,2025-07,2025,7
106561,2844,2025-07-08 17:09:09,returned,apple_pay,,0.0,2025-07,2025,7
106562,2820,2025-07-08 17:45:14,completed,credit_card,,0.0,2025-07,2025,7
106563,3069,2025-07-08 20:06:04,completed,paypal,,0.0,2025-07,2025,7
106564,1843,2025-07-08 20:06:37,completed,credit_card,,0.0,2025-07,2025,7
106565,3570,2025-07-08 20:23:14,returned,apple_pay,,0.0,2025-07,2025,7
106566,945,2025-07-08 22:32:08,completed,credit_card,,0.0,2025-07,2025,7
106567,1202,2025-07-08 23:29:44,completed,credit_card,,0.0,2025-07,2025,7
106568,2834,2025-07-09 09:44:50,completed,credit_card,,0.0,2025-07,2025,7
106569,337,2025-07-09 12:37:06,completed,paypal,,0.0,2025-07,2025,7
106570,11,2025-07-09 13:58:58,completed,credit_card,,6.95,2025-07,2025,7
106571,2638,2025-07-09 21:16:07,completed,paypal,,0.0,2025-07,2025,7
106572,1903,2025-07-09 21:36:22,completed,credit_card,,0.0,2025-07,2025,7
106573,1040,2025-07-10 07:06:29,completed,gift_card,,0.0,2025-07,2025,7
106574,208,2025-07-10 12:54:45,completed,credit_card,,0.0,2025-07,2025,7
106575,848,2025-07-10 17:34:36,completed,credit_card,,6.95,2025-07,2025,7
106576,5,2025-07-10 17:55:08,completed,credit_card,,0.0,2025-07,2025,7
106577,260,2025-07-10 19:05:06,completed,credit_card,welcome10,0.0,2025-07,2025,7
106578,3411,2025-07-10 20:15:49,returned,credit_card,,0.0,2025-07,2025,7
106579,3344,2025-07-10 21:33:28,completed,paypal,,0.0,2025-07,2025,7
106580,2569,2025-07-10 22:33:43,completed,credit_card,,6.95,2025-07,2025,7
106581,3503,2025-07-11 07:51:53,completed,credit_card,,0.0,2025-07,2025,7
106582,3402,2025-07-11 10:31:11,completed,paypal,,0.0,2025-07,2025,7
106583,1921,2025-07-11 10:43:33,completed,credit_card,,0.0,2025-07,2025,7
106584,1261,2025-07-11 11:29:51,completed,credit_card,,0.0,2025-07,2025,7
106585,370,2025-07-11 12:08:15,completed,credit_card,,0.0,2025-07,2025,7
106586,2425,2025-07-11 12:11:14,completed,paypal,,0.0,2025-07,2025,7
106587,555,2025-07-11 13:02:39,completed,credit_card,,0.0,2025-07,2025,7
106588,2374,2025-07-11 14:02:10,completed,paypal,,0.0,2025-07,2025,7
106589,2173,2025-07-11 19:29:54,completed,paypal,,0.0,2025-07,2025,7
106590,1219,2025-07-11 21:51:00,completed,credit_card,,0.0,2025-07,2025,7
106591,3344,2025-07-12 06:19:56,completed,apple_pay,,0.0,2025-07,2025,7
106592,924,2025-07-12 08:39:55,completed,credit_card,,0.0,2025-07,2025,7
106593,668,2025-07-12 08:42:20,returned,paypal,,0.0,2025-07,2025,7
106594,2844,2025-07-12 10:22:19,canceled,credit_card,,0.0,2025-07,2025,7
106595,135,2025-07-12 10:56:35,completed,credit_card,,6.95,2025-07,2025,7
106596,1536,2025-07-12 13:04:05,completed,credit_card,,0.0,2025-07,2025,7
106597,689,2025-07-12 13:24:35,completed,credit_card,,0.0,2025-07,2025,7
106598,1694,2025-07-12 13:59:33,completed,credit_card,,0.0,2025-07,2025,7
106599,1318,2025-07-12 17:13:28,completed,credit_card,,0.0,2025-07,2025,7
106600,1682,2025-07-12 19:24:05,completed,credit_card,,0.0,2025-07,2025,7
106601,1453,2025-07-12 20:49:02,completed,credit_card,,0.0,2025-07,2025,7
106602,1981,2025-07-12 22:18:36,completed,apple_pay,,0.0,2025-07,2025,7
106603,2151,2025-07-12 22:36:12,completed,credit_card,welcome10,0.0,2025-07,2025,7
106604,2394,2025-07-13 06:17:50,completed,credit_card,,0.0,2025-07,2025,7
106605,3147,2025-07-13 06:22:07,completed,credit_card,,0.0,2025-07,2025,7
106606,407,2025-07-13 10:15:56,completed,credit_card,,6.95,2025-07,2025,7
106607,1312,2025-07-13 11:02:52,completed,credit_card,,6.95,2025-07,2025,7
106608,3065,2025-07-13 11:06:52,completed,gift_card,,0.0,2025-07,2025,7
106609,2776,2025-07-13 11:33:51,completed,apple_pay,,0.0,2025-07,2025,7
106610,3067,2025-07-13 12:46:56,completed,paypal,,0.0,2025-07,2025,7
106611,3309,2025-07-13 14:08:31,completed,credit_card,,0.0,2025-07,2025,7
106612,3207,2025-07-13 15:50:53,completed,credit_card,,0.0,2025-07,2025,7
106613,1988,2025-07-13 17:38:34,completed,paypal,,0.0,2025-07,2025,7
106614,2080,2025-07-13 17:39:46,completed,credit_card,,0.0,2025-07,2025,7
106615,907,2025-07-13 20:31:49,completed,apple_pay,,0.0,2025-07,2025,7
106616,3147,2025-07-13 22:34:12,completed,credit_card,,0.0,2025-07,2025,7
106617,3060,2025-07-14 11:19:46,completed,credit_card,,0.0,2025-07,2025,7
106618,3372,2025-07-14 12:36:57,canceled,credit_card,,0.0,2025-07,2025,7
106619,1645,2025-07-14 13:13:21,completed,credit_card,,6.95,2025-07,2025,7
106620,2679,2025-07-14 14:28:10,canceled,credit_card,,0.0,2025-07,2025,7
106621,668,2025-07-14 15:07:33,completed,credit_card,,0.0,2025-07,2025,7
106622,2977,2025-07-14 16:50:24,completed,credit_card,,0.0,2025-07,2025,7
106623,1064,2025-07-14 19:30:44,completed,paypal,,0.0,2025-07,2025,7
106624,2126,2025-07-14 22:15:22,completed,credit_card,,0.0,2025-07,2025,7
106625,160,2025-07-14 23:47:07,returned,paypal,welcome10,0.0,2025-07,2025,7
106626,2962,2025-07-15 09:03:12,completed,credit_card,,0.0,2025-07,2025,7
106627,2149,2025-07-15 10:39:59,completed,credit_card,,0.0,2025-07,2025,7
106628,186,2025-07-15 10:56:35,completed,credit_card,,6.95,2025-07,2025,7
106629,407,2025-07-15 10:56:49,completed,credit_card,,6.95,2025-07,2025,7
106630,113,2025-07-15 12:35:52,completed,credit_card,,0.0,2025-07,2025,7
106631,1604,2025-07-15 14:42:02,completed,credit_card,,0.0,2025-07,2025,7
106632,1951,2025-07-15 15:53:51,completed,apple_pay,,6.95,2025-07,2025,7
106633,384,2025-07-15 19:16:52,completed,gift_card,,0.0,2025-07,2025,7
106634,3046,2025-07-15 19:30:42,returned,credit_card,,0.0,2025-07,2025,7
106635,657,2025-07-15 20:53:09,completed,credit_card,,6.95,2025-07,2025,7
106636,1420,2025-07-15 22:11:22,completed,credit_card,,0.0,2025-07,2025,7
106637,2160,2025-07-15 23:20:38,completed,paypal,,0.0,2025-07,2025,7
106638,2595,2025-07-15 23:25:08,completed,credit_card,,6.95,2025-07,2025,7
106639,1817,2025-07-16 06:40:11,completed,paypal,,0.0,2025-07,2025,7
106640,2909,2025-07-16 08:29:32,completed,credit_card,,0.0,2025-07,2025,7
106641,414,2025-07-16 13:26:58,completed,paypal,,0.0,2025-07,2025,7
106642,1626,2025-07-16 13:58:23,completed,credit_card,,6.95,2025-07,2025,7
106643,1569,2025-07-16 14:53:18,completed,credit_card,,0.0,2025-07,2025,7
106644,2763,2025-07-16 15:56:53,completed,credit_card,,0.0,2025-07,2025,7
106645,657,2025-07-16 21:03:07,completed,credit_card,,0.0,2025-07,2025,7
106646,1732,2025-07-16 21:10:43,completed,paypal,,6.95,2025-07,2025,7
106647,1725,2025-07-17 06:46:46,completed,credit_card,,0.0,2025-07,2025,7
106648,473,2025-07-17 06:54:18,completed,credit_card,,0.0,2025-07,2025,7
106649,2554,2025-07-17 08:46:15,completed,apple_pay,,0.0,2025-07,2025,7
106650,803,2025-07-17 09:27:38,completed,credit_card,,0.0,2025-07,2025,7
106651,2164,2025-07-17 09:53:42,completed,credit_card,,0.0,2025-07,2025,7
106652,2134,2025-07-17 11:11:16,completed,apple_pay,,0.0,2025-07,2025,7
106653,922,2025-07-17 11:45:30,completed,credit_card,,0.0,2025-07,2025,7
106654,3209,2025-07-17 13:31:18,completed,apple_pay,,0.0,2025-07,2025,7
106655,856,2025-07-17 17:06:00,completed,apple_pay,,0.0,2025-07,2025,7
106656,1480,2025-07-17 19:11:29,completed,credit_card,,0.0,2025-07,2025,7
106657,3026,2025-07-17 22:30:21,completed,paypal,,6.95,2025-07,2025,7
106658,208,2025-07-17 23:24:53,returned,paypal,,6.95,2025-07,2025,7
106659,1336,2025-07-18 06:06:37,completed,credit_card,,0.0,2025-07,2025,7
106660,3125,2025-07-18 06:07:43,completed,paypal,,0.0,2025-07,2025,7
106661,3468,2025-07-18 06:28:33,returned,credit_card,,0.0,2025-07,2025,7
106662,1264,2025-07-18 08:01:02,completed,credit_card,,0.0,2025-07,2025,7
106663,1200,2025-07-18 08:18:31,completed,credit_card,,0.0,2025-07,2025,7
106664,384,2025-07-18 09:47:31,completed,gift_card,welcome10,0.0,2025-07,2025,7
106665,294,2025-07-18 10:20:33,completed,paypal,,0.0,2025-07,2025,7
106666,1776,2025-07-18 13:27:19,completed,paypal,,6.95,2025-07,2025,7
106667,2264,2025-07-18 14:01:52,completed,paypal,,0.0,2025-07,2025,7
106668,2343,2025-07-18 14:52:34,completed,paypal,welcome10,6.95,2025-07,2025,7
106669,2156,2025-07-18 16:30:09,completed,gift_card,,0.0,2025-07,2025,7
106670,983,2025-07-18 19:19:26,completed,credit_card,,0.0,2025-07,2025,7
106671,3564,2025-07-18 19:21:31,completed,paypal,,6.95,2025-07,2025,7
106672,3014,2025-07-18 19:25:01,completed,credit_card,,6.95,2025-07,2025,7
106673,3447,2025-07-18 23:43:14,completed,credit_card,,6.95,2025-07,2025,7
106674,1220,2025-07-18 23:44:49,returned,apple_pay,,0.0,2025-07,2025,7
106675,737,2025-07-18 23:50:23,completed,gift_card,,0.0,2025-07,2025,7
106676,890,2025-07-19 06:05:34,completed,apple_pay,,0.0,2025-07,2025,7
106677,2271,2025-07-19 06:10:13,completed,credit_card,,0.0,2025-07,2025,7
106678,1184,2025-07-19 07:58:34,completed,paypal,,0.0,2025-07,2025,7
106679,1002,2025-07-19 07:58:55,completed,credit_card,,0.0,2025-07,2025,7
106680,1676,2025-07-19 09:18:14,completed,apple_pay,,0.0,2025-07,2025,7
106681,922,2025-07-19 09:50:22,completed,credit_card,,0.0,2025-07,2025,7
106682,1396,2025-07-19 10:51:27,completed,paypal,,0.0,2025-07,2025,7
106683,644,2025-07-19 10:52:49,completed,credit_card,,6.95,2025-07,2025,7
106684,2528,2025-07-19 12:21:20,completed,credit_card,,0.0,2025-07,2025,7
106685,2986,2025-07-19 14:31:51,completed,credit_card,,0.0,2025-07,2025,7
106686,2233,2025-07-19 14:50:26,canceled,gift_card,,0.0,2025-07,2025,7
106687,1948,2025-07-19 15:25:23,completed,apple_pay,,0.0,2025-07,2025,7
106688,1126,2025-07-19 16:05:00,completed,paypal,,0.0,2025-07,2025,7
106689,803,2025-07-19 18:43:30,completed,credit_card,,6.95,2025-07,2025,7
106690,1737,2025-07-19 19:45:20,returned,paypal,,6.95,2025-07,2025,7
106691,3187,2025-07-19 20:20:46,completed,credit_card,,0.0,2025-07,2025,7
106692,2258,2025-07-19 21:38:01,completed,paypal,,0.0,2025-07,2025,7
106693,3069,2025-07-20 06:11:24,completed,apple_pay,,0.0,2025-07,2025,7
106694,1209,2025-07-20 06:31:12,completed,paypal,,0.0,2025-07,2025,7
106695,1391,2025-07-20 08:34:44,completed,gift_card,,0.0,2025-07,2025,7
106696,3272,2025-07-20 08:36:48,completed,credit_card,,0.0,2025-07,2025,7
106697,3563,2025-07-20 08:52:44,completed,credit_card,,0.0,2025-07,2025,7
106698,1392,2025-07-20 08:55:33,completed,paypal,,0.0,2025-07,2025,7
106699,1100,2025-07-20 12:59:57,completed,credit_card,,0.0,2025-07,2025,7
106700,411,2025-07-20 13:31:55,returned,credit_card,,0.0,2025-07,2025,7
106701,1170,2025-07-20 13:38:02,completed,paypal,,0.0,2025-07,2025,7
106702,1708,2025-07-20 15:23:15,completed,credit_card,,0.0,2025-07,2025,7
106703,2761,2025-07-20 18:59:30,completed,credit_card,,6.95,2025-07,2025,7
106704,280,2025-07-20 20:43:28,completed,gift_card,,0.0,2025-07,2025,7
106705,2197,2025-07-21 06:32:52,completed,paypal,,0.0,2025-07,2025,7
106706,307,2025-07-21 07:07:03,completed,paypal,,6.95,2025-07,2025,7
106707,1563,2025-07-21 09:36:08,completed,apple_pay,,0.0,2025-07,2025,7
106708,3240,2025-07-21 13:27:57,completed,credit_card,,0.0,2025-07,2025,7
106709,2110,2025-07-21 16:26:18,completed,apple_pay,,0.0,2025-07,2025,7
106710,3371,2025-07-21 16:40:17,completed,gift_card,,0.0,2025-07,2025,7
106711,1085,2025-07-21 17:18:08,completed,credit_card,,0.0,2025-07,2025,7
106712,1096,2025-07-21 19:14:06,returned,apple_pay,,0.0,2025-07,2025,7
106713,890,2025-07-21 21:42:59,completed,credit_card,,0.0,2025-07,2025,7
106714,1752,2025-07-21 22:56:09,completed,credit_card,,0.0,2025-07,2025,7
106715,2560,2025-07-22 06:06:24,completed,paypal,,6.95,2025-07,2025,7
106716,1931,2025-07-22 07:46:26,completed,apple_pay,,0.0,2025-07,2025,7
106717,264,2025-07-22 12:20:18,completed,apple_pay,,0.0,2025-07,2025,7
106718,3035,2025-07-22 12:51:18,completed,apple_pay,,6.95,2025-07,2025,7
106719,2538,2025-07-22 13:19:35,completed,credit_card,,6.95,2025-07,2025,7
106720,443,2025-07-22 13:52:58,completed,gift_card,,0.0,2025-07,2025,7
106721,1488,2025-07-22 13:58:27,completed,credit_card,,0.0,2025-07,2025,7
106722,384,2025-07-22 15:06:32,completed,credit_card,,0.0,2025-07,2025,7
106723,1294,2025-07-22 15:17:39,completed,apple_pay,,0.0,2025-07,2025,7
106724,3159,2025-07-22 15:21:35,completed,paypal,,0.0,2025-07,2025,7
106725,2434,2025-07-22 20:19:48,completed,apple_pay,,6.95,2025-07,2025,7
106726,1334,2025-07-22 21:57:42,completed,credit_card,,0.0,2025-07,2025,7
106727,1313,2025-07-22 22:54:43,completed,gift_card,,0.0,2025-07,2025,7
106728,1552,2025-07-22 23:15:50,completed,apple_pay,,0.0,2025-07,2025,7
106729,1021,2025-07-23 06:07:52,canceled,credit_card,,0.0,2025-07,2025,7
106730,1628,2025-07-23 06:57:36,completed,gift_card,,0.0,2025-07,2025,7
106731,2021,2025-07-23 08:41:11,completed,apple_pay,,0.0,2025-07,2025,7
106732,2367,2025-07-23 08:46:29,completed,apple_pay,,0.0,2025-07,2025,7
106733,668,2025-07-23 09:36:24,completed,credit_card,,6.95,2025-07,2025,7
106734,3547,2025-07-23 11:41:47,completed,apple_pay,,6.95,2025-07,2025,7
106735,1700,2025-07-23 11:45:53,completed,credit_card,,6.95,2025-07,2025,7
106736,1167,2025-07-23 11:54:30,completed,credit_card,,6.95,2025-07,2025,7
106737,3032,2025-07-23 12:54:45,completed,gift_card,,0.0,2025-07,2025,7
106738,3056,2025-07-23 13:19:57,completed,paypal,,0.0,2025-07,2025,7
106739,202,2025-07-23 14:21:34,completed,paypal,,0.0,2025-07,2025,7
106740,3098,2025-07-23 19:02:02,completed,apple_pay,,0.0,2025-07,2025,7
106741,1320,2025-07-23 21:14:35,completed,credit_card,,0.0,2025-07,2025,7
106742,1252,2025-07-23 22:10:51,completed,credit_card,,0.0,2025-07,2025,7
106743,1802,2025-07-24 07:34:28,completed,credit_card,,0.0,2025-07,2025,7
106744,885,2025-07-24 08:47:37,completed,credit_card,,0.0,2025-07,2025,7
106745,1152,2025-07-24 09:27:23,completed,credit_card,,6.95,2025-07,2025,7
106746,2443,2025-07-24 09:36:01,completed,credit_card,,0.0,2025-07,2025,7
106747,1085,2025-07-24 13:44:43,completed,apple_pay,,0.0,2025-07,2025,7
106748,739,2025-07-24 15:15:23,completed,paypal,,0.0,2025-07,2025,7
106749,113,2025-07-24 17:31:59,completed,paypal,,0.0,2025-07,2025,7
106750,1529,2025-07-24 18:14:06,completed,paypal,,0.0,2025-07,2025,7
106751,1012,2025-07-24 18:20:03,completed,apple_pay,,0.0,2025-07,2025,7
106752,1097,2025-07-24 21:48:21,completed,paypal,,0.0,2025-07,2025,7
106753,1418,2025-07-25 07:18:59,completed,apple_pay,,6.95,2025-07,2025,7
106754,1210,2025-07-25 09:47:01,completed,credit_card,,0.0,2025-07,2025,7
106755,2595,2025-07-25 10:33:06,completed,gift_card,,6.95,2025-07,2025,7
106756,1901,2025-07-25 11:34:21,completed,apple_pay,,0.0,2025-07,2025,7
106757,2554,2025-07-25 12:33:54,completed,apple_pay,,6.95,2025-07,2025,7
106758,3148,2025-07-25 12:35:06,completed,credit_card,,0.0,2025-07,2025,7
106759,990,2025-07-25 13:32:12,completed,credit_card,,0.0,2025-07,2025,7
106760,2776,2025-07-25 13:42:26,completed,credit_card,,6.95,2025-07,2025,7
106761,3320,2025-07-25 14:14:04,completed,paypal,,0.0,2025-07,2025,7
106762,2004,2025-07-25 15:56:06,completed,credit_card,,0.0,2025-07,2025,7
106763,2749,2025-07-25 16:12:53,completed,apple_pay,,0.0,2025-07,2025,7
106764,2436,2025-07-25 17:52:49,completed,credit_card,,6.95,2025-07,2025,7
106765,208,2025-07-25 17:53:28,completed,credit_card,,0.0,2025-07,2025,7
106766,43,2025-07-25 22:35:36,returned,paypal,,0.0,2025-07,2025,7
106767,2031,2025-07-26 07:09:02,completed,apple_pay,,0.0,2025-07,2025,7
106768,1059,2025-07-26 07:23:36,completed,apple_pay,,0.0,2025-07,2025,7
106769,1687,2025-07-26 08:01:57,completed,gift_card,welcome10,0.0,2025-07,2025,7
106770,1786,2025-07-26 08:08:29,completed,credit_card,,0.0,2025-07,2025,7
106771,1864,2025-07-26 09:50:41,completed,paypal,,0.0,2025-07,2025,7
106772,481,2025-07-26 10:41:41,completed,apple_pay,,0.0,2025-07,2025,7
106773,3173,2025-07-26 11:34:20,completed,credit_card,,0.0,2025-07,2025,7
106774,803,2025-07-26 12:12:50,completed,paypal,,0.0,2025-07,2025,7
106775,2460,2025-07-26 15:23:35,completed,apple_pay,,0.0,2025-07,2025,7
106776,1226,2025-07-26 15:44:51,completed,paypal,,0.0,2025-07,2025,7
106777,2004,2025-07-26 16:33:51,completed,credit_card,,0.0,2025-07,2025,7
106778,1396,2025-07-26 17:06:16,completed,credit_card,,0.0,2025-07,2025,7
106779,2056,2025-07-26 17:27:46,completed,paypal,,0.0,2025-07,2025,7
106780,2745,2025-07-26 18:22:25,canceled,apple_pay,,6.95,2025-07,2025,7
106781,1478,2025-07-26 20:53:08,completed,gift_card,,0.0,2025-07,2025,7
106782,2838,2025-07-26 21:03:01,completed,apple_pay,,0.0,2025-07,2025,7
106783,468,2025-07-26 21:11:04,returned,credit_card,,0.0,2025-07,2025,7
106784,466,2025-07-27 06:15:54,completed,credit_card,,6.95,2025-07,2025,7
106785,3564,2025-07-27 06:56:08,completed,gift_card,,0.0,2025-07,2025,7
106786,388,2025-07-27 06:59:28,completed,credit_card,,6.95,2025-07,2025,7
106787,2776,2025-07-27 07:23:00,completed,credit_card,,0.0,2025-07,2025,7
106788,2067,2025-07-27 10:37:03,completed,credit_card,welcome10,0.0,2025-07,2025,7
106789,456,2025-07-27 10:47:08,completed,credit_card,,0.0,2025-07,2025,7
106790,441,2025-07-27 11:04:19,canceled,credit_card,,0.0,2025-07,2025,7
106791,675,2025-07-27 15:18:03,completed,credit_card,,6.95,2025-07,2025,7
106792,2813,2025-07-27 20:35:31,completed,credit_card,,0.0,2025-07,2025,7
106793,1418,2025-07-27 21:32:35,completed,credit_card,,6.95,2025-07,2025,7
106794,1073,2025-07-27 21:56:10,completed,apple_pay,,0.0,2025-07,2025,7
106795,1184,2025-07-28 08:24:15,completed,paypal,,0.0,2025-07,2025,7
106796,384,2025-07-28 10:09:18,completed,gift_card,,6.95,2025-07,2025,7
106797,407,2025-07-28 12:23:49,completed,apple_pay,,0.0,2025-07,2025,7
106798,3132,2025-07-28 12:37:11,completed,apple_pay,,0.0,2025-07,2025,7
106799,382,2025-07-28 14:41:16,completed,credit_card,,0.0,2025-07,2025,7
106800,3208,2025-07-28 17:54:30,completed,paypal,,0.0,2025-07,2025,7
106801,384,2025-07-28 19:39:45,completed,credit_card,,0.0,2025-07,2025,7
106802,851,2025-07-28 21:26:40,completed,credit_card,,6.95,2025-07,2025,7
106803,1638,2025-07-28 22:15:04,completed,credit_card,,0.0,2025-07,2025,7
106804,1654,2025-07-28 23:11:35,completed,apple_pay,,0.0,2025-07,2025,7
106805,1964,2025-07-28 23:44:57,completed,credit_card,,0.0,2025-07,2025,7
106806,1007,2025-07-28 23:52:56,completed,credit_card,,0.0,2025-07,2025,7
106807,829,2025-07-29 06:01:10,completed,paypal,,0.0,2025-07,2025,7
106808,2336,2025-07-29 07:29:21,completed,apple_pay,,0.0,2025-07,2025,7
106809,48,2025-07-29 08:37:56,completed,paypal,,6.95,2025-07,2025,7
106810,1349,2025-07-29 10:09:04,returned,credit_card,,0.0,2025-07,2025,7
106811,1100,2025-07-29 14:49:03,completed,credit_card,,0.0,2025-07,2025,7
106812,2743,2025-07-29 14:54:36,completed,credit_card,,0.0,2025-07,2025,7
106813,2968,2025-07-29 18:22:12,completed,apple_pay,,6.95,2025-07,2025,7
106814,1870,2025-07-29 19:30:03,completed,paypal,,0.0,2025-07,2025,7
106815,2224,2025-07-29 20:04:42,completed,credit_card,,0.0,2025-07,2025,7
106816,1644,2025-07-29 21:29:49,completed,gift_card,,0.0,2025-07,2025,7
106817,294,2025-07-29 22:04:58,completed,credit_card,,0.0,2025-07,2025,7
106818,668,2025-07-29 22:38:07,completed,credit_card,,0.0,2025-07,2025,7
106819,1685,2025-07-29 23:34:57,completed,apple_pay,,0.0,2025-07,2025,7
106820,2670,2025-07-30 06:00:41,completed,credit_card,,6.95,2025-07,2025,7
106821,783,2025-07-30 06:53:00,completed,credit_card,,0.0,2025-07,2025,7
106822,401,2025-07-30 07:54:48,completed,credit_card,,0.0,2025-07,2025,7
106823,2911,2025-07-30 08:36:48,completed,paypal,,0.0,2025-07,2025,7
106824,2145,2025-07-30 09:41:08,completed,credit_card,,0.0,2025-07,2025,7
106825,2227,2025-07-30 14:54:57,completed,credit_card,,0.0,2025-07,2025,7
106826,2685,2025-07-30 17:21:31,completed,credit_card,,0.0,2025-07,2025,7
106827,2812,2025-07-30 17:43:35,completed,credit_card,,6.95,2025-07,2025,7
106828,1763,2025-07-30 18:34:57,completed,credit_card,,6.95,2025-07,2025,7
106829,2012,2025-07-30 20:47:22,canceled,credit_card,,0.0,2025-07,2025,7
106830,1959,2025-07-30 22:23:18,completed,credit_card,,0.0,2025-07,2025,7
106831,3324,2025-07-31 06:18:47,completed,credit_card,,0.0,2025-07,2025,7
106832,1397,2025-07-31 07:38:14,completed,credit_card,welcome10,0.0,2025-07,2025,7
106833,44,2025-07-31 10:58:12,completed,credit_card,,0.0,2025-07,2025,7
106834,1708,2025-07-31 11:34:46,completed,apple_pay,,0.0,2025-07,2025,7
106835,618,2025-07-31 16:29:39,completed,credit_card,,0.0,2025-07,2025,7
106836,1786,2025-07-31 17:33:39,completed,credit_card,,0.0,2025-07,2025,7
106837,3371,2025-07-31 17:52:04,completed,apple_pay,,0.0,2025-07,2025,7
106838,167,2025-07-31 18:00:02,completed,gift_card,,0.0,2025-07,2025,7
106839,591,2025-07-31 19:11:20,completed,credit_card,,6.95,2025-07,2025,7
106840,3303,2025-07-31 22:23:56,completed,credit_card,,6.95,2025-07,2025,7
106841,929,2025-07-31 23:35:34,completed,paypal,,0.0,2025-07,2025,7
106842,234,2025-08-01 07:07:01,completed,paypal,,0.0,2025-08,2025,8
106843,1042,2025-08-01 08:32:20,completed,credit_card,,6.95,2025-08,2025,8
106844,3118,2025-08-01 10:42:39,completed,credit_card,,6.95,2025-08,2025,8
106845,1152,2025-08-01 11:06:57,completed,credit_card,,0.0,2025-08,2025,8
106846,260,2025-08-01 11:37:43,completed,paypal,,0.0,2025-08,2025,8
106847,1827,2025-08-01 13:16:07,completed,credit_card,welcome10,6.95,2025-08,2025,8
106848,1002,2025-08-01 13:55:10,completed,credit_card,,6.95,2025-08,2025,8
106849,133,2025-08-01 13:57:13,canceled,credit_card,,0.0,2025-08,2025,8
106850,2843,2025-08-01 14:16:22,completed,paypal,,6.95,2025-08,2025,8
106851,1708,2025-08-01 14:21:30,completed,credit_card,,0.0,2025-08,2025,8
106852,3148,2025-08-01 16:38:35,completed,credit_card,,0.0,2025-08,2025,8
106853,1524,2025-08-01 16:51:44,completed,credit_card,,6.95,2025-08,2025,8
106854,856,2025-08-01 19:06:25,completed,apple_pay,,0.0,2025-08,2025,8
106855,3521,2025-08-01 19:06:26,returned,credit_card,,0.0,2025-08,2025,8
106856,3035,2025-08-01 19:21:08,completed,credit_card,,0.0,2025-08,2025,8
106857,1418,2025-08-01 19:35:44,completed,paypal,,0.0,2025-08,2025,8
106858,1510,2025-08-01 19:56:37,completed,credit_card,,0.0,2025-08,2025,8
106859,3311,2025-08-01 23:12:42,completed,paypal,,0.0,2025-08,2025,8
106860,1934,2025-08-01 23:24:51,completed,credit_card,,0.0,2025-08,2025,8
106861,112,2025-08-01 23:31:02,completed,credit_card,,0.0,2025-08,2025,8
106862,2492,2025-08-02 06:50:10,completed,credit_card,,6.95,2025-08,2025,8
106863,2739,2025-08-02 07:44:24,completed,paypal,,0.0,2025-08,2025,8
106864,2371,2025-08-02 07:58:04,completed,apple_pay,,0.0,2025-08,2025,8
106865,53,2025-08-02 09:58:20,canceled,gift_card,,0.0,2025-08,2025,8
106866,2516,2025-08-02 13:37:11,completed,credit_card,,0.0,2025-08,2025,8
106867,294,2025-08-02 15:17:36,completed,credit_card,,0.0,2025-08,2025,8
106868,689,2025-08-02 15:47:27,completed,credit_card,,0.0,2025-08,2025,8
106869,37,2025-08-02 17:02:17,completed,credit_card,,0.0,2025-08,2025,8
106870,1376,2025-08-02 17:03:45,completed,paypal,,0.0,2025-08,2025,8
106871,3595,2025-08-02 17:29:43,completed,paypal,,0.0,2025-08,2025,8
106872,2413,2025-08-02 19:11:50,completed,credit_card,,0.0,2025-08,2025,8
106873,528,2025-08-02 19:30:23,completed,credit_card,,0.0,2025-08,2025,8
106874,1729,2025-08-02 19:43:40,completed,credit_card,,6.95,2025-08,2025,8
106875,2105,2025-08-02 21:09:07,completed,paypal,,6.95,2025-08,2025,8
106876,1257,2025-08-02 21:19:31,completed,credit_card,,0.0,2025-08,2025,8
106877,3008,2025-08-02 23:48:15,returned,credit_card,,0.0,2025-08,2025,8
106878,13,2025-08-03 06:45:46,completed,paypal,,0.0,2025-08,2025,8
106879,1870,2025-08-03 08:37:24,completed,credit_card,,0.0,2025-08,2025,8
106880,2151,2025-08-03 11:47:38,completed,paypal,,0.0,2025-08,2025,8
106881,1220,2025-08-03 13:13:25,returned,gift_card,,0.0,2025-08,2025,8
106882,56,2025-08-03 14:09:30,completed,credit_card,,0.0,2025-08,2025,8
106883,2838,2025-08-03 14:43:28,completed,gift_card,,0.0,2025-08,2025,8
106884,507,2025-08-03 16:34:05,completed,apple_pay,,0.0,2025-08,2025,8
106885,2160,2025-08-03 16:52:41,completed,apple_pay,,0.0,2025-08,2025,8
106887,3148,2025-08-03 19:49:01,completed,credit_card,,0.0,2025-08,2025,8
106888,1851,2025-08-03 20:14:45,canceled,apple_pay,,0.0,2025-08,2025,8
106889,2890,2025-08-03 20:29:41,completed,credit_card,,0.0,2025-08,2025,8
106890,3421,2025-08-03 20:48:39,completed,credit_card,,0.0,2025-08,2025,8
106891,668,2025-08-03 21:18:03,completed,credit_card,,0.0,2025-08,2025,8
106892,1996,2025-08-03 23:20:45,completed,paypal,,0.0,2025-08,2025,8
106893,3361,2025-08-04 07:45:09,completed,credit_card,,0.0,2025-08,2025,8
106894,1917,2025-08-04 09:00:46,completed,gift_card,,0.0,2025-08,2025,8
106895,167,2025-08-04 09:15:51,completed,credit_card,,6.95,2025-08,2025,8
106896,2595,2025-08-04 12:57:26,completed,credit_card,,0.0,2025-08,2025,8
106897,983,2025-08-04 12:58:47,completed,paypal,,0.0,2025-08,2025,8
106898,3416,2025-08-04 13:21:16,completed,credit_card,,0.0,2025-08,2025,8
106899,2182,2025-08-04 15:08:37,completed,credit_card,,0.0,2025-08,2025,8
106900,3335,2025-08-04 15:31:06,completed,credit_card,,0.0,2025-08,2025,8
106901,1594,2025-08-04 16:14:25,completed,credit_card,,0.0,2025-08,2025,8
106902,187,2025-08-04 17:06:13,completed,credit_card,,0.0,2025-08,2025,8
106903,923,2025-08-04 21:21:41,completed,apple_pay,,0.0,2025-08,2025,8
106904,3449,2025-08-04 22:49:04,completed,credit_card,,0.0,2025-08,2025,8
106905,313,2025-08-05 07:33:16,returned,credit_card,,0.0,2025-08,2025,8
106906,1220,2025-08-05 08:45:23,completed,credit_card,,0.0,2025-08,2025,8
106907,384,2025-08-05 09:33:03,completed,credit_card,,0.0,2025-08,2025,8
106908,233,2025-08-05 09:43:58,completed,paypal,,0.0,2025-08,2025,8
106909,443,2025-08-05 10:07:36,completed,gift_card,,0.0,2025-08,2025,8
106910,3003,2025-08-05 10:07:36,completed,paypal,,0.0,2025-08,2025,8
106911,1220,2025-08-05 10:24:55,completed,credit_card,,0.0,2025-08,2025,8
106912,54,2025-08-05 10:52:01,completed,credit_card,,0.0,2025-08,2025,8
106913,1658,2025-08-05 11:32:07,completed,credit_card,,0.0,2025-08,2025,8
106914,2242,2025-08-05 12:16:51,completed,paypal,,6.95,2025-08,2025,8
106915,3409,2025-08-05 12:55:46,completed,credit_card,,0.0,2025-08,2025,8
106916,679,2025-08-05 13:53:17,completed,credit_card,,6.95,2025-08,2025,8
106917,2302,2025-08-05 13:54:15,completed,credit_card,,0.0,2025-08,2025,8
106918,3032,2025-08-05 17:00:21,completed,paypal,welcome10,0.0,2025-08,2025,8
106919,681,2025-08-05 17:41:18,completed,paypal,,0.0,2025-08,2025,8
106920,2796,2025-08-05 18:31:03,completed,gift_card,,0.0,2025-08,2025,8
106921,3591,2025-08-05 18:34:36,completed,apple_pay,,6.95,2025-08,2025,8
106922,2701,2025-08-05 20:49:03,returned,credit_card,,0.0,2025-08,2025,8
106923,389,2025-08-05 22:42:25,completed,credit_card,,0.0,2025-08,2025,8
106924,187,2025-08-06 08:15:16,completed,credit_card,,0.0,2025-08,2025,8
106925,1248,2025-08-06 10:54:02,completed,credit_card,,6.95,2025-08,2025,8
106926,2145,2025-08-06 11:41:15,completed,credit_card,,0.0,2025-08,2025,8
106927,3014,2025-08-06 11:47:34,completed,credit_card,,0.0,2025-08,2025,8
106928,967,2025-08-06 15:14:02,completed,credit_card,,0.0,2025-08,2025,8
106929,2743,2025-08-06 16:29:00,completed,credit_card,welcome10,6.95,2025-08,2025,8
106930,922,2025-08-06 16:55:12,returned,paypal,,0.0,2025-08,2025,8
106931,1454,2025-08-06 20:05:41,completed,apple_pay,,0.0,2025-08,2025,8
106932,668,2025-08-06 20:24:58,completed,paypal,,0.0,2025-08,2025,8
106933,3139,2025-08-06 20:42:32,completed,credit_card,,0.0,2025-08,2025,8
106934,107,2025-08-06 20:50:46,completed,credit_card,welcome10,0.0,2025-08,2025,8
106935,2403,2025-08-06 21:08:43,completed,paypal,,0.0,2025-08,2025,8
106936,2426,2025-08-06 21:26:28,completed,credit_card,,0.0,2025-08,2025,8
106937,3244,2025-08-07 06:11:23,completed,apple_pay,,0.0,2025-08,2025,8
106938,341,2025-08-07 07:10:47,completed,credit_card,,0.0,2025-08,2025,8
106939,2523,2025-08-07 07:30:12,completed,credit_card,welcome10,0.0,2025-08,2025,8
106940,3107,2025-08-07 12:31:47,completed,credit_card,,0.0,2025-08,2025,8
106941,1666,2025-08-07 17:07:01,canceled,gift_card,,0.0,2025-08,2025,8
106942,2151,2025-08-07 22:41:17,completed,apple_pay,,0.0,2025-08,2025,8
106943,3032,2025-08-08 07:11:52,completed,credit_card,,0.0,2025-08,2025,8
106944,1981,2025-08-08 07:20:58,completed,apple_pay,,0.0,2025-08,2025,8
106945,3102,2025-08-08 12:12:49,completed,credit_card,,0.0,2025-08,2025,8
106946,17,2025-08-08 12:20:36,completed,paypal,,0.0,2025-08,2025,8
106947,885,2025-08-08 13:58:40,completed,credit_card,,6.95,2025-08,2025,8
106948,3146,2025-08-08 14:15:07,canceled,paypal,,0.0,2025-08,2025,8
106949,806,2025-08-08 16:22:17,completed,credit_card,,0.0,2025-08,2025,8
106950,3072,2025-08-08 16:36:29,completed,apple_pay,,0.0,2025-08,2025,8
106951,1887,2025-08-08 17:36:03,completed,paypal,,6.95,2025-08,2025,8
106952,3465,2025-08-08 17:54:27,completed,paypal,welcome10,6.95,2025-08,2025,8
106953,2970,2025-08-08 19:56:15,completed,credit_card,welcome10,0.0,2025-08,2025,8
106954,2021,2025-08-08 20:54:42,returned,gift_card,,0.0,2025-08,2025,8
106955,1604,2025-08-08 21:12:56,completed,paypal,,6.95,2025-08,2025,8
106956,3557,2025-08-08 22:53:19,completed,credit_card,,0.0,2025-08,2025,8
106957,381,2025-08-08 23:00:56,completed,gift_card,,6.95,2025-08,2025,8
106958,3371,2025-08-08 23:28:14,completed,credit_card,,0.0,2025-08,2025,8
106959,2815,2025-08-09 07:03:54,completed,credit_card,,0.0,2025-08,2025,8
106960,1657,2025-08-09 08:56:52,completed,paypal,,0.0,2025-08,2025,8
106961,2749,2025-08-09 09:01:01,completed,credit_card,,0.0,2025-08,2025,8
106962,58,2025-08-09 10:24:42,completed,credit_card,,0.0,2025-08,2025,8
106963,519,2025-08-09 10:43:54,completed,apple_pay,,0.0,2025-08,2025,8
106964,2025,2025-08-09 10:55:41,completed,credit_card,,0.0,2025-08,2025,8
106965,3125,2025-08-09 11:20:38,completed,credit_card,,0.0,2025-08,2025,8
106966,951,2025-08-09 12:03:27,completed,paypal,,6.95,2025-08,2025,8
106967,1218,2025-08-09 13:11:49,completed,credit_card,,0.0,2025-08,2025,8
106968,48,2025-08-09 14:27:33,completed,gift_card,,0.0,2025-08,2025,8
106969,2276,2025-08-09 14:57:24,completed,credit_card,welcome10,6.95,2025-08,2025,8
106970,2325,2025-08-09 15:23:44,completed,credit_card,,6.95,2025-08,2025,8
106971,1466,2025-08-09 15:32:24,completed,credit_card,,0.0,2025-08,2025,8
106972,237,2025-08-09 17:14:23,completed,apple_pay,,0.0,2025-08,2025,8
106973,1723,2025-08-09 18:20:57,completed,credit_card,,0.0,2025-08,2025,8
106974,1012,2025-08-09 18:59:14,completed,credit_card,,0.0,2025-08,2025,8
106975,1802,2025-08-09 19:03:17,completed,credit_card,,6.95,2025-08,2025,8
106976,2436,2025-08-09 19:13:16,completed,credit_card,,0.0,2025-08,2025,8
106977,1832,2025-08-09 20:10:47,completed,credit_card,,0.0,2025-08,2025,8
106978,1898,2025-08-09 21:08:35,completed,paypal,,0.0,2025-08,2025,8
106979,231,2025-08-09 21:32:34,completed,credit_card,,0.0,2025-08,2025,8
106980,1706,2025-08-09 21:37:05,completed,paypal,,0.0,2025-08,2025,8
106981,1340,2025-08-09 21:41:30,completed,credit_card,,0.0,2025-08,2025,8
106982,3496,2025-08-09 22:33:49,completed,apple_pay,,0.0,2025-08,2025,8
106983,2562,2025-08-10 08:23:20,completed,credit_card,,0.0,2025-08,2025,8
106984,856,2025-08-10 09:58:18,completed,gift_card,,0.0,2025-08,2025,8
106985,302,2025-08-10 10:28:09,completed,credit_card,,0.0,2025-08,2025,8
106986,1830,2025-08-10 11:32:00,completed,credit_card,,0.0,2025-08,2025,8
106987,144,2025-08-10 12:26:01,returned,credit_card,,0.0,2025-08,2025,8
106988,1614,2025-08-10 12:39:03,completed,credit_card,,0.0,2025-08,2025,8
106989,333,2025-08-10 13:06:56,completed,credit_card,,6.95,2025-08,2025,8
106990,2906,2025-08-10 13:08:54,completed,credit_card,,0.0,2025-08,2025,8
106991,237,2025-08-10 14:54:52,canceled,gift_card,,0.0,2025-08,2025,8
106992,1870,2025-08-10 15:28:11,completed,credit_card,,0.0,2025-08,2025,8
106993,1657,2025-08-10 16:45:35,completed,credit_card,,0.0,2025-08,2025,8
106994,1488,2025-08-10 16:56:52,completed,credit_card,,0.0,2025-08,2025,8
106995,3069,2025-08-10 17:55:36,completed,paypal,,0.0,2025-08,2025,8
106996,2219,2025-08-10 20:01:46,completed,credit_card,,0.0,2025-08,2025,8
106997,3095,2025-08-10 20:54:11,completed,credit_card,,0.0,2025-08,2025,8
106998,473,2025-08-10 21:36:12,returned,credit_card,,0.0,2025-08,2025,8
106999,3580,2025-08-10 22:03:42,completed,credit_card,,0.0,2025-08,2025,8
107000,234,2025-08-10 23:12:55,completed,credit_card,,0.0,2025-08,2025,8
107001,2770,2025-08-11 11:20:50,completed,paypal,,6.95,2025-08,2025,8
107002,1012,2025-08-11 13:14:53,completed,credit_card,,0.0,2025-08,2025,8
107003,3559,2025-08-11 13:40:00,completed,credit_card,,0.0,2025-08,2025,8
107004,458,2025-08-11 16:28:01,completed,apple_pay,,0.0,2025-08,2025,8
107005,3468,2025-08-11 17:15:06,completed,apple_pay,,0.0,2025-08,2025,8
107006,1457,2025-08-11 18:57:36,completed,paypal,welcome10,0.0,2025-08,2025,8
107007,994,2025-08-11 20:13:59,completed,credit_card,,0.0,2025-08,2025,8
107008,1252,2025-08-11 23:02:17,completed,credit_card,,0.0,2025-08,2025,8
107009,1545,2025-08-12 06:56:46,completed,apple_pay,,0.0,2025-08,2025,8
107010,1029,2025-08-12 10:00:10,completed,credit_card,,0.0,2025-08,2025,8
107011,2436,2025-08-12 10:17:41,completed,credit_card,welcome10,0.0,2025-08,2025,8
107013,2060,2025-08-12 11:31:08,completed,credit_card,,0.0,2025-08,2025,8
107014,3564,2025-08-12 11:54:22,completed,credit_card,,6.95,2025-08,2025,8
107015,543,2025-08-12 12:10:29,completed,credit_card,,0.0,2025-08,2025,8
107016,2194,2025-08-12 17:20:54,completed,gift_card,,0.0,2025-08,2025,8
107017,2187,2025-08-12 17:31:56,completed,credit_card,,0.0,2025-08,2025,8
107018,3567,2025-08-12 20:02:58,completed,credit_card,,0.0,2025-08,2025,8
107019,1250,2025-08-12 20:46:36,completed,gift_card,,6.95,2025-08,2025,8
107020,2394,2025-08-12 23:02:48,completed,credit_card,,0.0,2025-08,2025,8
107021,2214,2025-08-13 06:26:22,completed,paypal,,0.0,2025-08,2025,8
107022,3564,2025-08-13 07:12:17,completed,credit_card,,0.0,2025-08,2025,8
107023,2620,2025-08-13 08:31:54,completed,gift_card,,0.0,2025-08,2025,8
107024,1106,2025-08-13 11:25:58,completed,credit_card,,0.0,2025-08,2025,8
107025,2743,2025-08-13 12:27:43,completed,credit_card,,0.0,2025-08,2025,8
107026,1427,2025-08-13 14:21:49,completed,apple_pay,,6.95,2025-08,2025,8
107027,2001,2025-08-13 18:43:30,completed,credit_card,,0.0,2025-08,2025,8
107028,3274,2025-08-13 19:24:32,completed,credit_card,,0.0,2025-08,2025,8
107029,3447,2025-08-13 22:14:56,completed,credit_card,,6.95,2025-08,2025,8
107030,1106,2025-08-14 07:59:23,completed,apple_pay,,0.0,2025-08,2025,8
107031,525,2025-08-14 10:35:28,completed,credit_card,,6.95,2025-08,2025,8
107032,2741,2025-08-14 10:36:28,completed,gift_card,,0.0,2025-08,2025,8
107033,3159,2025-08-14 13:25:44,completed,credit_card,,0.0,2025-08,2025,8
107034,2528,2025-08-14 15:10:37,completed,credit_card,,0.0,2025-08,2025,8
107035,2917,2025-08-14 16:10:16,completed,apple_pay,,0.0,2025-08,2025,8
107036,47,2025-08-14 17:44:29,completed,credit_card,,0.0,2025-08,2025,8
107037,384,2025-08-14 17:49:56,completed,paypal,,0.0,2025-08,2025,8
107038,3032,2025-08-14 17:57:06,completed,credit_card,,0.0,2025-08,2025,8
107039,3528,2025-08-14 18:09:39,completed,credit_card,,0.0,2025-08,2025,8
107040,2133,2025-08-14 19:49:34,completed,apple_pay,,0.0,2025-08,2025,8
107041,2691,2025-08-14 20:28:42,completed,paypal,,0.0,2025-08,2025,8
107042,1106,2025-08-14 21:32:10,completed,credit_card,,0.0,2025-08,2025,8
107043,2277,2025-08-14 22:06:33,completed,credit_card,,0.0,2025-08,2025,8
107044,1712,2025-08-14 22:07:24,completed,credit_card,,0.0,2025-08,2025,8
107045,2897,2025-08-14 22:46:24,completed,gift_card,,0.0,2025-08,2025,8
107046,1044,2025-08-14 23:15:11,completed,credit_card,,0.0,2025-08,2025,8
107047,3013,2025-08-15 06:23:23,completed,credit_card,,0.0,2025-08,2025,8
107048,2302,2025-08-15 07:42:14,completed,credit_card,,0.0,2025-08,2025,8
107049,1708,2025-08-15 09:07:39,completed,credit_card,,0.0,2025-08,2025,8
107050,2356,2025-08-15 10:20:29,completed,credit_card,,0.0,2025-08,2025,8
107051,1730,2025-08-15 11:10:04,completed,paypal,,6.95,2025-08,2025,8
107052,55,2025-08-15 12:39:17,completed,credit_card,welcome10,0.0,2025-08,2025,8
107053,443,2025-08-15 12:40:29,returned,credit_card,,0.0,2025-08,2025,8
107054,2160,2025-08-15 13:00:47,completed,credit_card,,0.0,2025-08,2025,8
107055,2271,2025-08-15 14:50:03,completed,credit_card,,0.0,2025-08,2025,8
107056,384,2025-08-15 18:31:16,completed,paypal,,0.0,2025-08,2025,8
107057,3032,2025-08-15 20:32:06,completed,credit_card,,0.0,2025-08,2025,8
107058,2005,2025-08-15 21:04:42,returned,apple_pay,welcome10,0.0,2025-08,2025,8
107059,1951,2025-08-16 07:13:58,completed,paypal,,0.0,2025-08,2025,8
107060,3409,2025-08-16 08:05:55,completed,apple_pay,,6.95,2025-08,2025,8
107061,168,2025-08-16 08:26:55,completed,apple_pay,,6.95,2025-08,2025,8
107062,2364,2025-08-16 09:41:19,completed,paypal,,6.95,2025-08,2025,8
107063,1520,2025-08-16 10:08:16,completed,credit_card,,6.95,2025-08,2025,8
107064,2917,2025-08-16 11:33:06,completed,credit_card,,0.0,2025-08,2025,8
107065,2351,2025-08-16 12:47:52,completed,gift_card,,6.95,2025-08,2025,8
107066,1340,2025-08-16 15:29:38,completed,gift_card,,6.95,2025-08,2025,8
107067,1376,2025-08-16 17:10:30,completed,credit_card,,0.0,2025-08,2025,8
107068,990,2025-08-16 17:56:43,canceled,credit_card,,0.0,2025-08,2025,8
107069,830,2025-08-16 20:59:25,completed,gift_card,,6.95,2025-08,2025,8
107070,2204,2025-08-16 21:43:16,completed,paypal,,0.0,2025-08,2025,8
107071,1062,2025-08-16 23:20:38,completed,credit_card,,0.0,2025-08,2025,8
107072,2514,2025-08-17 06:13:52,completed,credit_card,,6.95,2025-08,2025,8
107073,2844,2025-08-17 07:27:14,completed,paypal,,0.0,2025-08,2025,8
107074,2035,2025-08-17 08:45:02,completed,credit_card,,0.0,2025-08,2025,8
107075,3275,2025-08-17 09:50:26,completed,credit_card,,0.0,2025-08,2025,8
107076,160,2025-08-17 11:45:49,completed,credit_card,,0.0,2025-08,2025,8
107077,1596,2025-08-17 11:48:14,completed,paypal,,0.0,2025-08,2025,8
107078,687,2025-08-17 12:18:45,completed,apple_pay,welcome10,0.0,2025-08,2025,8
107079,2325,2025-08-17 13:05:58,completed,paypal,,0.0,2025-08,2025,8
107080,1777,2025-08-17 13:46:11,completed,apple_pay,,0.0,2025-08,2025,8
107081,341,2025-08-17 16:10:30,completed,apple_pay,,0.0,2025-08,2025,8
107082,827,2025-08-17 16:53:13,completed,paypal,,0.0,2025-08,2025,8
107083,382,2025-08-17 17:50:36,returned,credit_card,,0.0,2025-08,2025,8
107084,2588,2025-08-17 20:54:19,returned,credit_card,,0.0,2025-08,2025,8
107085,1126,2025-08-17 22:00:38,completed,gift_card,,0.0,2025-08,2025,8
107087,308,2025-08-18 07:28:59,completed,credit_card,,0.0,2025-08,2025,8
107088,1964,2025-08-18 08:06:46,completed,gift_card,,6.95,2025-08,2025,8
107089,133,2025-08-18 11:01:21,completed,credit_card,,6.95,2025-08,2025,8
107090,1921,2025-08-18 13:38:17,returned,paypal,,6.95,2025-08,2025,8
107091,2618,2025-08-18 14:09:00,completed,credit_card,,0.0,2025-08,2025,8
107092,3249,2025-08-18 16:28:56,returned,paypal,,0.0,2025-08,2025,8
107093,445,2025-08-18 18:31:07,completed,credit_card,,0.0,2025-08,2025,8
107094,3371,2025-08-18 18:34:31,completed,credit_card,,0.0,2025-08,2025,8
107095,2743,2025-08-18 22:40:36,canceled,credit_card,,0.0,2025-08,2025,8
107096,1153,2025-08-18 23:01:58,completed,credit_card,,0.0,2025-08,2025,8
107097,1660,2025-08-19 07:19:26,completed,credit_card,,0.0,2025-08,2025,8
107098,405,2025-08-19 12:40:49,completed,paypal,,0.0,2025-08,2025,8
107099,1029,2025-08-19 15:04:00,completed,paypal,,0.0,2025-08,2025,8
107100,3298,2025-08-19 18:25:33,completed,gift_card,,0.0,2025-08,2025,8
107101,1381,2025-08-19 18:58:13,completed,credit_card,,6.95,2025-08,2025,8
107102,1696,2025-08-19 19:34:21,completed,credit_card,,0.0,2025-08,2025,8
107103,925,2025-08-19 22:46:13,completed,paypal,,0.0,2025-08,2025,8
107104,2763,2025-08-20 08:15:17,completed,apple_pay,,0.0,2025-08,2025,8
107105,994,2025-08-20 08:52:56,completed,apple_pay,,0.0,2025-08,2025,8
107106,1469,2025-08-20 09:33:00,completed,credit_card,,6.95,2025-08,2025,8
107107,3037,2025-08-20 10:28:09,completed,credit_card,,0.0,2025-08,2025,8
107108,370,2025-08-20 10:51:12,completed,credit_card,,0.0,2025-08,2025,8
107109,1029,2025-08-20 11:52:33,completed,apple_pay,,6.95,2025-08,2025,8
107110,55,2025-08-20 12:07:51,completed,credit_card,,0.0,2025-08,2025,8
107111,1126,2025-08-20 13:44:20,completed,paypal,,0.0,2025-08,2025,8
107112,1258,2025-08-20 15:02:30,completed,apple_pay,,0.0,2025-08,2025,8
107113,2513,2025-08-20 16:41:34,completed,credit_card,,6.95,2025-08,2025,8
107114,1313,2025-08-20 18:18:10,completed,credit_card,,0.0,2025-08,2025,8
107115,407,2025-08-20 19:11:26,completed,credit_card,,0.0,2025-08,2025,8
107116,138,2025-08-20 20:07:55,completed,gift_card,,6.95,2025-08,2025,8
107117,2468,2025-08-20 20:31:46,completed,credit_card,,0.0,2025-08,2025,8
107118,3528,2025-08-20 22:07:37,completed,credit_card,,0.0,2025-08,2025,8
107119,1569,2025-08-20 22:26:08,completed,credit_card,,0.0,2025-08,2025,8
107120,2911,2025-08-20 22:34:05,completed,paypal,,0.0,2025-08,2025,8
107121,2027,2025-08-21 06:02:47,completed,gift_card,welcome10,0.0,2025-08,2025,8
107122,259,2025-08-21 08:53:57,completed,gift_card,,0.0,2025-08,2025,8
107123,2369,2025-08-21 10:09:30,completed,apple_pay,,0.0,2025-08,2025,8
107124,788,2025-08-21 10:23:49,completed,credit_card,,0.0,2025-08,2025,8
107125,2292,2025-08-21 10:58:23,completed,apple_pay,,0.0,2025-08,2025,8
107126,2856,2025-08-21 11:25:07,completed,apple_pay,,6.95,2025-08,2025,8
107127,1682,2025-08-21 12:54:43,completed,credit_card,,0.0,2025-08,2025,8
107128,668,2025-08-21 16:42:23,completed,credit_card,,6.95,2025-08,2025,8
107129,2506,2025-08-21 21:47:32,completed,credit_card,,0.0,2025-08,2025,8
107130,136,2025-08-22 06:18:03,completed,credit_card,,6.95,2025-08,2025,8
107131,3331,2025-08-22 06:52:31,completed,paypal,,6.95,2025-08,2025,8
107132,337,2025-08-22 09:07:24,completed,credit_card,,0.0,2025-08,2025,8
107133,2468,2025-08-22 10:23:12,completed,paypal,,0.0,2025-08,2025,8
107134,3087,2025-08-22 12:36:31,completed,credit_card,,0.0,2025-08,2025,8
107135,1066,2025-08-22 13:26:45,returned,credit_card,,0.0,2025-08,2025,8
107136,3112,2025-08-22 19:20:52,completed,credit_card,,0.0,2025-08,2025,8
107137,1198,2025-08-22 19:42:00,completed,apple_pay,,0.0,2025-08,2025,8
107138,1011,2025-08-22 21:28:14,completed,credit_card,,0.0,2025-08,2025,8
107139,2436,2025-08-22 21:51:52,completed,apple_pay,,6.95,2025-08,2025,8
107140,124,2025-08-23 07:11:04,completed,credit_card,,0.0,2025-08,2025,8
107141,841,2025-08-23 07:46:18,completed,credit_card,,6.95,2025-08,2025,8
107142,3401,2025-08-23 09:07:05,completed,credit_card,,0.0,2025-08,2025,8
107143,236,2025-08-23 09:07:30,completed,credit_card,,0.0,2025-08,2025,8
107144,1644,2025-08-23 12:13:01,completed,credit_card,,0.0,2025-08,2025,8
107145,1751,2025-08-23 12:51:43,completed,credit_card,,0.0,2025-08,2025,8
107146,167,2025-08-23 13:12:07,completed,paypal,,0.0,2025-08,2025,8
107147,894,2025-08-23 14:58:12,returned,paypal,,6.95,2025-08,2025,8
107148,1644,2025-08-23 18:54:26,completed,credit_card,,0.0,2025-08,2025,8
107149,3052,2025-08-23 19:02:46,completed,credit_card,,0.0,2025-08,2025,8
107150,389,2025-08-23 21:49:24,completed,paypal,,6.95,2025-08,2025,8
107151,3505,2025-08-23 21:59:59,completed,apple_pay,,0.0,2025-08,2025,8
107152,405,2025-08-23 22:05:10,completed,gift_card,,0.0,2025-08,2025,8
107153,2573,2025-08-23 22:27:47,completed,credit_card,welcome10,0.0,2025-08,2025,8
107154,2492,2025-08-23 22:55:35,completed,gift_card,,6.95,2025-08,2025,8
107155,1857,2025-08-24 06:22:10,completed,paypal,,0.0,2025-08,2025,8
107156,1184,2025-08-24 07:30:51,completed,credit_card,,0.0,2025-08,2025,8
107157,2724,2025-08-24 09:55:49,completed,paypal,,0.0,2025-08,2025,8
107158,1596,2025-08-24 10:32:22,completed,paypal,,0.0,2025-08,2025,8
107159,1126,2025-08-24 10:38:34,canceled,credit_card,,0.0,2025-08,2025,8
107160,1552,2025-08-24 11:03:09,completed,apple_pay,,0.0,2025-08,2025,8
107161,1821,2025-08-24 11:18:27,returned,credit_card,,0.0,2025-08,2025,8
107162,339,2025-08-24 15:54:04,completed,credit_card,,6.95,2025-08,2025,8
107163,57,2025-08-24 17:41:08,canceled,credit_card,,0.0,2025-08,2025,8
107165,97,2025-08-24 21:59:07,completed,paypal,,0.0,2025-08,2025,8
107166,2968,2025-08-24 22:51:59,completed,credit_card,,6.95,2025-08,2025,8
107167,814,2025-08-24 23:18:43,completed,paypal,,0.0,2025-08,2025,8
107168,1443,2025-08-25 07:12:21,completed,apple_pay,,0.0,2025-08,2025,8
107169,3445,2025-08-25 08:08:49,completed,credit_card,,0.0,2025-08,2025,8
107170,549,2025-08-25 08:08:55,completed,paypal,,6.95,2025-08,2025,8
107171,422,2025-08-25 08:50:15,completed,credit_card,,0.0,2025-08,2025,8
107172,2971,2025-08-25 14:07:55,completed,apple_pay,,0.0,2025-08,2025,8
107173,2484,2025-08-25 14:20:51,completed,credit_card,,0.0,2025-08,2025,8
107174,600,2025-08-25 16:29:06,completed,credit_card,,0.0,2025-08,2025,8
107175,3250,2025-08-25 18:05:11,completed,credit_card,welcome10,0.0,2025-08,2025,8
107176,1480,2025-08-25 20:12:25,canceled,credit_card,welcome10,6.95,2025-08,2025,8
107177,2921,2025-08-26 08:51:12,completed,apple_pay,,0.0,2025-08,2025,8
107178,2460,2025-08-26 09:24:59,completed,credit_card,,6.95,2025-08,2025,8
107179,2367,2025-08-26 11:16:26,completed,apple_pay,,0.0,2025-08,2025,8
107180,2227,2025-08-26 14:58:12,completed,credit_card,,0.0,2025-08,2025,8
107181,135,2025-08-26 15:20:09,completed,credit_card,welcome10,0.0,2025-08,2025,8
107182,842,2025-08-26 15:39:11,completed,paypal,,0.0,2025-08,2025,8
107183,466,2025-08-26 17:24:51,returned,apple_pay,welcome10,0.0,2025-08,2025,8
107184,2475,2025-08-26 20:46:23,completed,credit_card,,0.0,2025-08,2025,8
107185,341,2025-08-26 22:54:11,completed,credit_card,,0.0,2025-08,2025,8
107186,1593,2025-08-26 23:00:07,completed,paypal,,0.0,2025-08,2025,8
107187,3278,2025-08-26 23:28:03,completed,paypal,,0.0,2025-08,2025,8
107188,3062,2025-08-27 06:11:40,completed,credit_card,,6.95,2025-08,2025,8
107189,1917,2025-08-27 07:07:27,completed,apple_pay,,0.0,2025-08,2025,8
107190,2911,2025-08-27 07:21:00,completed,credit_card,,0.0,2025-08,2025,8
107191,1696,2025-08-27 12:24:45,completed,gift_card,,0.0,2025-08,2025,8
107192,2995,2025-08-27 15:00:11,completed,credit_card,,0.0,2025-08,2025,8
107193,1421,2025-08-27 16:41:48,completed,paypal,,6.95,2025-08,2025,8
107194,2951,2025-08-27 17:38:55,returned,credit_card,,0.0,2025-08,2025,8
107195,1652,2025-08-27 18:02:33,completed,credit_card,,0.0,2025-08,2025,8
107196,2066,2025-08-27 18:20:20,completed,credit_card,,0.0,2025-08,2025,8
107197,2620,2025-08-27 21:36:08,completed,credit_card,,0.0,2025-08,2025,8
107198,3452,2025-08-27 22:24:12,completed,paypal,,0.0,2025-08,2025,8
107199,1945,2025-08-27 23:42:41,completed,credit_card,,0.0,2025-08,2025,8
107200,3163,2025-08-28 06:02:22,completed,credit_card,,6.95,2025-08,2025,8
107201,768,2025-08-28 13:03:57,completed,credit_card,,6.95,2025-08,2025,8
107202,3564,2025-08-28 18:39:29,completed,paypal,,6.95,2025-08,2025,8
107203,1664,2025-08-28 21:02:42,completed,paypal,,6.95,2025-08,2025,8
107204,1126,2025-08-28 21:04:34,completed,apple_pay,,0.0,2025-08,2025,8
107205,384,2025-08-28 21:27:15,completed,paypal,,0.0,2025-08,2025,8
107206,3564,2025-08-28 22:23:07,completed,credit_card,welcome10,0.0,2025-08,2025,8
107207,56,2025-08-28 22:51:01,completed,apple_pay,,0.0,2025-08,2025,8
107208,1469,2025-08-28 23:11:12,completed,credit_card,,6.95,2025-08,2025,8
107209,1763,2025-08-29 08:09:05,completed,apple_pay,,0.0,2025-08,2025,8
107210,2160,2025-08-29 10:38:57,completed,credit_card,,0.0,2025-08,2025,8
107211,1583,2025-08-29 10:40:21,completed,paypal,,6.95,2025-08,2025,8
107212,2104,2025-08-29 13:15:51,completed,paypal,,0.0,2025-08,2025,8
107213,668,2025-08-29 13:20:37,completed,credit_card,,0.0,2025-08,2025,8
107214,2431,2025-08-29 15:39:12,completed,credit_card,,6.95,2025-08,2025,8
107215,2182,2025-08-29 19:18:18,completed,credit_card,,0.0,2025-08,2025,8
107216,1928,2025-08-29 22:05:29,completed,paypal,,0.0,2025-08,2025,8
107217,1658,2025-08-29 23:36:55,completed,paypal,welcome10,0.0,2025-08,2025,8
107218,1673,2025-08-30 06:27:47,completed,credit_card,,6.95,2025-08,2025,8
107219,307,2025-08-30 08:16:38,completed,apple_pay,,6.95,2025-08,2025,8
107220,1517,2025-08-30 09:23:16,completed,paypal,,0.0,2025-08,2025,8
107221,2648,2025-08-30 09:54:35,completed,paypal,,6.95,2025-08,2025,8
107222,2004,2025-08-30 11:22:36,completed,credit_card,,0.0,2025-08,2025,8
107223,1594,2025-08-30 13:06:59,canceled,credit_card,,0.0,2025-08,2025,8
107224,687,2025-08-30 13:08:57,completed,credit_card,,6.95,2025-08,2025,8
107225,1258,2025-08-30 13:14:30,completed,credit_card,,0.0,2025-08,2025,8
107226,2151,2025-08-30 15:56:43,completed,credit_card,,0.0,2025-08,2025,8
107227,240,2025-08-30 17:31:12,completed,credit_card,,6.95,2025-08,2025,8
107228,2204,2025-08-30 17:44:19,completed,credit_card,,0.0,2025-08,2025,8
107229,1901,2025-08-30 18:22:37,completed,credit_card,,0.0,2025-08,2025,8
107230,1981,2025-08-30 19:01:23,completed,paypal,,0.0,2025-08,2025,8
107231,1026,2025-08-30 21:48:43,completed,credit_card,,0.0,2025-08,2025,8
107232,594,2025-08-31 12:50:20,completed,credit_card,,0.0,2025-08,2025,8
107233,1786,2025-08-31 13:03:16,completed,credit_card,,6.95,2025-08,2025,8
107234,519,2025-08-31 15:45:45,completed,credit_card,,0.0,2025-08,2025,8
107235,856,2025-08-31 15:53:24,completed,credit_card,,0.0,2025-08,2025,8
107236,2743,2025-08-31 16:09:04,completed,credit_card,welcome10,0.0,2025-08,2025,8
107237,1026,2025-08-31 17:27:42,returned,credit_card,,0.0,2025-08,2025,8
107238,1480,2025-08-31 17:55:21,completed,apple_pay,,0.0,2025-08,2025,8
107239,1769,2025-08-31 18:18:01,completed,credit_card,,0.0,2025-08,2025,8
107240,1918,2025-08-31 18:35:06,completed,credit_card,,0.0,2025-08,2025,8
107241,2296,2025-08-31 19:22:52,completed,credit_card,,0.0,2025-08,2025,8
107242,271,2025-08-31 19:26:00,completed,credit_card,,0.0,2025-08,2025,8
107243,641,2025-08-31 22:01:55,completed,credit_card,,0.0,2025-08,2025,8
107244,885,2025-08-31 22:26:07,completed,credit_card,,0.0,2025-08,2025,8
107245,2039,2025-08-31 23:01:31,completed,credit_card,,0.0,2025-08,2025,8
107246,3593,2025-08-31 23:26:47,completed,credit_card,,0.0,2025-08,2025,8
107247,2613,2025-09-01 06:01:38,completed,credit_card,,0.0,2025-09,2025,9
107248,3324,2025-09-01 06:07:26,completed,apple_pay,,0.0,2025-09,2025,9
107249,1270,2025-09-01 07:01:13,canceled,credit_card,,0.0,2025-09,2025,9
107250,2977,2025-09-01 08:12:25,completed,apple_pay,,0.0,2025-09,2025,9
107251,3072,2025-09-01 11:24:16,completed,credit_card,,0.0,2025-09,2025,9
107252,3159,2025-09-01 13:11:23,completed,credit_card,,0.0,2025-09,2025,9
107253,1881,2025-09-01 13:42:49,canceled,credit_card,,6.95,2025-09,2025,9
107254,97,2025-09-01 14:05:44,completed,apple_pay,,0.0,2025-09,2025,9
107255,3207,2025-09-01 15:17:49,completed,gift_card,,6.95,2025-09,2025,9
107256,890,2025-09-01 16:44:02,completed,paypal,,6.95,2025-09,2025,9
107257,894,2025-09-01 20:02:40,completed,credit_card,,0.0,2025-09,2025,9
107258,135,2025-09-01 20:36:34,completed,credit_card,,0.0,2025-09,2025,9
107259,717,2025-09-01 21:15:12,completed,credit_card,,0.0,2025-09,2025,9
107260,737,2025-09-01 22:41:27,completed,credit_card,,0.0,2025-09,2025,9
107261,3253,2025-09-01 23:47:11,completed,apple_pay,welcome10,6.95,2025-09,2025,9
107262,2499,2025-09-02 06:46:41,completed,paypal,,0.0,2025-09,2025,9
107263,541,2025-09-02 07:30:08,completed,paypal,,0.0,2025-09,2025,9
107264,2413,2025-09-02 09:08:44,completed,credit_card,,0.0,2025-09,2025,9
107265,1443,2025-09-02 10:35:23,completed,credit_card,,0.0,2025-09,2025,9
107266,3087,2025-09-02 11:07:03,completed,credit_card,,0.0,2025-09,2025,9
107267,52,2025-09-02 12:29:46,completed,paypal,,0.0,2025-09,2025,9
107268,3207,2025-09-02 12:34:28,completed,paypal,,0.0,2025-09,2025,9
107269,2515,2025-09-02 13:38:37,canceled,gift_card,,6.95,2025-09,2025,9
107270,30,2025-09-02 14:19:38,completed,paypal,,0.0,2025-09,2025,9
107271,2361,2025-09-02 14:46:37,completed,paypal,,0.0,2025-09,2025,9
107272,1478,2025-09-02 16:05:58,completed,paypal,,0.0,2025-09,2025,9
107273,977,2025-09-02 20:20:43,canceled,credit_card,welcome10,6.95,2025-09,2025,9
107274,1089,2025-09-02 23:22:25,completed,apple_pay,,0.0,2025-09,2025,9
107275,53,2025-09-03 06:07:38,completed,paypal,,0.0,2025-09,2025,9
107276,2569,2025-09-03 08:43:23,completed,credit_card,,0.0,2025-09,2025,9
107277,2973,2025-09-03 08:55:31,completed,credit_card,,0.0,2025-09,2025,9
107278,189,2025-09-03 09:34:07,completed,credit_card,,0.0,2025-09,2025,9
107279,2480,2025-09-03 10:32:54,completed,credit_card,,0.0,2025-09,2025,9
107280,713,2025-09-03 11:12:55,completed,credit_card,,6.95,2025-09,2025,9
107281,3253,2025-09-03 12:40:57,completed,credit_card,,0.0,2025-09,2025,9
107282,535,2025-09-03 14:41:32,returned,gift_card,,6.95,2025-09,2025,9
107283,1320,2025-09-03 18:47:48,completed,paypal,,0.0,2025-09,2025,9
107284,2240,2025-09-03 21:47:04,returned,apple_pay,welcome10,0.0,2025-09,2025,9
107285,2004,2025-09-03 22:46:30,completed,paypal,,0.0,2025-09,2025,9
107286,245,2025-09-03 23:18:52,canceled,apple_pay,,6.95,2025-09,2025,9
107287,3496,2025-09-04 08:54:38,completed,apple_pay,,0.0,2025-09,2025,9
107288,1314,2025-09-04 13:41:17,completed,credit_card,,0.0,2025-09,2025,9
107289,1043,2025-09-04 18:56:05,completed,credit_card,,6.95,2025-09,2025,9
107290,1321,2025-09-04 18:56:15,completed,credit_card,,0.0,2025-09,2025,9
107291,3347,2025-09-04 19:12:02,completed,paypal,,0.0,2025-09,2025,9
107292,2739,2025-09-04 20:57:44,completed,credit_card,,6.95,2025-09,2025,9
107293,2172,2025-09-04 22:01:30,completed,apple_pay,,0.0,2025-09,2025,9
107294,3593,2025-09-05 06:24:56,completed,apple_pay,,0.0,2025-09,2025,9
107295,1634,2025-09-05 06:39:55,completed,apple_pay,,0.0,2025-09,2025,9
107296,2186,2025-09-05 08:12:15,completed,credit_card,,0.0,2025-09,2025,9
107297,1256,2025-09-05 09:57:30,completed,credit_card,,0.0,2025-09,2025,9
107298,1517,2025-09-05 11:46:53,completed,apple_pay,,6.95,2025-09,2025,9
107299,2521,2025-09-05 14:12:33,completed,credit_card,,0.0,2025-09,2025,9
107300,2670,2025-09-05 14:53:28,completed,paypal,,0.0,2025-09,2025,9
107301,990,2025-09-05 14:59:38,completed,credit_card,,6.95,2025-09,2025,9
107302,1220,2025-09-05 15:28:41,completed,credit_card,,0.0,2025-09,2025,9
107303,2443,2025-09-05 18:53:35,completed,credit_card,,0.0,2025-09,2025,9
107304,112,2025-09-05 20:29:16,completed,credit_card,,6.95,2025-09,2025,9
107305,2736,2025-09-05 20:44:22,returned,paypal,,6.95,2025-09,2025,9
107306,2332,2025-09-05 21:57:29,completed,paypal,,0.0,2025-09,2025,9
107307,2200,2025-09-05 22:08:34,completed,apple_pay,,0.0,2025-09,2025,9
107308,2693,2025-09-05 23:05:50,completed,credit_card,,0.0,2025-09,2025,9
107309,525,2025-09-05 23:07:45,completed,credit_card,,0.0,2025-09,2025,9
107310,13,2025-09-05 23:13:24,completed,apple_pay,,0.0,2025-09,2025,9
107311,443,2025-09-06 07:58:56,completed,credit_card,,0.0,2025-09,2025,9
107312,1931,2025-09-06 08:48:08,completed,credit_card,,0.0,2025-09,2025,9
107313,1775,2025-09-06 09:17:06,completed,gift_card,,0.0,2025-09,2025,9
107314,70,2025-09-06 09:18:54,returned,paypal,,6.95,2025-09,2025,9
107315,2693,2025-09-06 11:28:48,completed,credit_card,,0.0,2025-09,2025,9
107316,1491,2025-09-06 11:36:44,completed,paypal,,0.0,2025-09,2025,9
107317,113,2025-09-06 11:45:29,completed,credit_card,,0.0,2025-09,2025,9
107318,2705,2025-09-06 17:14:36,completed,credit_card,,6.95,2025-09,2025,9
107319,339,2025-09-06 21:27:11,completed,credit_card,,6.95,2025-09,2025,9
107320,2195,2025-09-06 22:24:22,completed,paypal,,0.0,2025-09,2025,9
107321,1752,2025-09-06 23:48:56,completed,apple_pay,,0.0,2025-09,2025,9
107322,739,2025-09-07 07:05:07,completed,paypal,,0.0,2025-09,2025,9
107323,266,2025-09-07 07:36:53,completed,credit_card,,6.95,2025-09,2025,9
107324,2676,2025-09-07 09:29:43,completed,credit_card,,6.95,2025-09,2025,9
107325,3109,2025-09-07 13:39:56,completed,credit_card,,0.0,2025-09,2025,9
107326,990,2025-09-07 14:30:04,completed,gift_card,,0.0,2025-09,2025,9
107327,1517,2025-09-07 15:35:06,completed,paypal,,0.0,2025-09,2025,9
107328,2777,2025-09-07 16:52:48,completed,gift_card,,0.0,2025-09,2025,9
107329,529,2025-09-07 21:12:13,completed,paypal,,0.0,2025-09,2025,9
107330,885,2025-09-07 22:07:56,completed,gift_card,,6.95,2025-09,2025,9
107331,603,2025-09-07 22:26:24,completed,paypal,,6.95,2025-09,2025,9
107332,13,2025-09-08 06:33:37,completed,paypal,,0.0,2025-09,2025,9
107333,2692,2025-09-08 07:19:11,completed,paypal,,0.0,2025-09,2025,9
107334,2102,2025-09-08 07:35:51,completed,gift_card,welcome10,0.0,2025-09,2025,9
107335,1460,2025-09-08 08:50:34,completed,paypal,,0.0,2025-09,2025,9
107336,1110,2025-09-08 12:53:11,completed,credit_card,,6.95,2025-09,2025,9
107337,2884,2025-09-08 12:59:10,completed,credit_card,,0.0,2025-09,2025,9
107338,1874,2025-09-08 13:07:35,completed,credit_card,,0.0,2025-09,2025,9
107339,19,2025-09-08 16:18:44,completed,credit_card,,0.0,2025-09,2025,9
107340,2850,2025-09-08 17:49:46,completed,apple_pay,,6.95,2025-09,2025,9
107341,3004,2025-09-08 20:41:20,completed,paypal,,0.0,2025-09,2025,9
107342,85,2025-09-08 21:07:10,completed,credit_card,,0.0,2025-09,2025,9
107343,405,2025-09-08 23:19:43,completed,credit_card,,0.0,2025-09,2025,9
107344,3037,2025-09-09 07:49:47,completed,apple_pay,,0.0,2025-09,2025,9
107345,3554,2025-09-09 09:47:35,completed,paypal,,0.0,2025-09,2025,9
107346,687,2025-09-09 13:14:41,completed,credit_card,,0.0,2025-09,2025,9
107347,3172,2025-09-09 15:17:04,returned,credit_card,,0.0,2025-09,2025,9
107348,11,2025-09-09 17:30:16,completed,credit_card,,6.95,2025-09,2025,9
107349,232,2025-09-09 22:08:23,completed,credit_card,,0.0,2025-09,2025,9
107350,23,2025-09-09 22:11:50,completed,credit_card,,0.0,2025-09,2025,9
107351,1451,2025-09-09 23:51:01,completed,credit_card,,0.0,2025-09,2025,9
107352,1517,2025-09-10 06:28:27,completed,credit_card,,0.0,2025-09,2025,9
107353,1026,2025-09-10 06:41:55,completed,credit_card,,0.0,2025-09,2025,9
107354,3433,2025-09-10 06:48:45,canceled,credit_card,,6.95,2025-09,2025,9
107355,405,2025-09-10 08:20:32,completed,credit_card,,0.0,2025-09,2025,9
107356,2595,2025-09-10 09:20:26,completed,credit_card,,6.95,2025-09,2025,9
107357,199,2025-09-10 10:55:01,completed,credit_card,,0.0,2025-09,2025,9
107358,990,2025-09-10 11:03:29,completed,credit_card,,0.0,2025-09,2025,9
107359,2856,2025-09-10 13:07:57,completed,credit_card,,0.0,2025-09,2025,9
107360,1153,2025-09-10 13:33:03,returned,paypal,,0.0,2025-09,2025,9
107361,213,2025-09-10 13:53:27,completed,credit_card,,0.0,2025-09,2025,9
107362,411,2025-09-10 14:02:14,completed,credit_card,,6.95,2025-09,2025,9
107363,1648,2025-09-10 14:08:39,completed,credit_card,,0.0,2025-09,2025,9
107364,3299,2025-09-10 14:38:33,completed,credit_card,welcome10,0.0,2025-09,2025,9
107365,1320,2025-09-10 19:23:25,completed,credit_card,,0.0,2025-09,2025,9
107366,1649,2025-09-10 20:14:22,completed,paypal,,0.0,2025-09,2025,9
107367,2788,2025-09-10 21:12:11,completed,credit_card,,6.95,2025-09,2025,9
107368,1554,2025-09-10 22:40:11,completed,apple_pay,,0.0,2025-09,2025,9
107369,1664,2025-09-11 09:49:52,canceled,paypal,,0.0,2025-09,2025,9
107370,741,2025-09-11 11:46:25,completed,apple_pay,,6.95,2025-09,2025,9
107371,894,2025-09-11 12:29:58,completed,apple_pay,,6.95,2025-09,2025,9
107372,496,2025-09-11 12:51:40,completed,gift_card,,6.95,2025-09,2025,9
107373,519,2025-09-11 14:19:34,completed,apple_pay,,6.95,2025-09,2025,9
107374,2685,2025-09-11 17:29:37,completed,credit_card,,0.0,2025-09,2025,9
107375,2906,2025-09-11 17:42:15,completed,credit_card,,0.0,2025-09,2025,9
107376,447,2025-09-11 19:49:55,completed,credit_card,,6.95,2025-09,2025,9
107377,1628,2025-09-11 21:09:05,completed,gift_card,,0.0,2025-09,2025,9
107378,409,2025-09-11 21:53:12,completed,credit_card,,6.95,2025-09,2025,9
107379,234,2025-09-11 22:39:26,completed,paypal,,0.0,2025-09,2025,9
107380,1729,2025-09-11 22:44:49,completed,credit_card,,0.0,2025-09,2025,9
107381,1396,2025-09-11 23:31:27,returned,paypal,,0.0,2025-09,2025,9
107382,391,2025-09-12 06:25:10,completed,gift_card,,6.95,2025-09,2025,9
107383,2804,2025-09-12 11:09:01,completed,paypal,welcome10,0.0,2025-09,2025,9
107384,222,2025-09-12 15:07:32,returned,gift_card,,0.0,2025-09,2025,9
107385,2467,2025-09-12 15:15:26,completed,apple_pay,,6.95,2025-09,2025,9
107386,3226,2025-09-12 15:16:52,completed,credit_card,,0.0,2025-09,2025,9
107387,1011,2025-09-12 16:42:45,completed,credit_card,,6.95,2025-09,2025,9
107388,856,2025-09-12 20:44:04,completed,credit_card,,0.0,2025-09,2025,9
107389,1258,2025-09-12 22:30:05,completed,credit_card,,0.0,2025-09,2025,9
107390,2126,2025-09-13 06:01:24,completed,credit_card,,0.0,2025-09,2025,9
107391,234,2025-09-13 06:15:35,completed,credit_card,,0.0,2025-09,2025,9
107392,507,2025-09-13 09:03:16,completed,credit_card,welcome10,6.95,2025-09,2025,9
107393,2595,2025-09-13 09:07:57,completed,credit_card,welcome10,0.0,2025-09,2025,9
107394,3401,2025-09-13 09:26:45,canceled,credit_card,,0.0,2025-09,2025,9
107395,1648,2025-09-13 10:18:38,completed,credit_card,,0.0,2025-09,2025,9
107396,3434,2025-09-13 14:52:34,completed,credit_card,,0.0,2025-09,2025,9
107397,307,2025-09-13 16:15:38,completed,credit_card,,0.0,2025-09,2025,9
107398,1340,2025-09-13 19:05:22,completed,credit_card,,0.0,2025-09,2025,9
107399,1917,2025-09-13 19:45:27,completed,credit_card,,0.0,2025-09,2025,9
107400,934,2025-09-13 20:53:51,completed,credit_card,,0.0,2025-09,2025,9
107401,2104,2025-09-14 08:32:01,completed,credit_card,,0.0,2025-09,2025,9
107402,2035,2025-09-14 09:27:42,completed,credit_card,,0.0,2025-09,2025,9
107403,2909,2025-09-14 10:05:09,completed,credit_card,,0.0,2025-09,2025,9
107404,3527,2025-09-14 13:54:00,completed,credit_card,,0.0,2025-09,2025,9
107405,1334,2025-09-14 16:43:08,completed,credit_card,,6.95,2025-09,2025,9
107406,2227,2025-09-14 17:44:09,completed,apple_pay,,0.0,2025-09,2025,9
107407,2133,2025-09-14 17:56:21,completed,apple_pay,,0.0,2025-09,2025,9
107408,1682,2025-09-14 19:58:26,completed,paypal,,6.95,2025-09,2025,9
107409,1752,2025-09-14 22:46:29,completed,paypal,,0.0,2025-09,2025,9
107410,2067,2025-09-14 23:23:44,completed,credit_card,,0.0,2025-09,2025,9
107411,3271,2025-09-15 06:13:43,completed,credit_card,,0.0,2025-09,2025,9
107412,185,2025-09-15 07:01:08,completed,paypal,,0.0,2025-09,2025,9
107413,1115,2025-09-15 08:55:05,returned,credit_card,,0.0,2025-09,2025,9
107414,1721,2025-09-15 10:36:03,canceled,credit_card,,6.95,2025-09,2025,9
107415,1108,2025-09-15 11:38:36,completed,paypal,,0.0,2025-09,2025,9
107416,2585,2025-09-15 12:05:07,returned,paypal,welcome10,0.0,2025-09,2025,9
107417,1095,2025-09-15 13:18:48,completed,credit_card,,6.95,2025-09,2025,9
107418,1383,2025-09-15 13:26:41,completed,paypal,welcome10,6.95,2025-09,2025,9
107419,2254,2025-09-15 16:17:31,completed,paypal,,0.0,2025-09,2025,9
107420,1652,2025-09-15 17:40:46,completed,paypal,,0.0,2025-09,2025,9
107421,1955,2025-09-15 18:37:54,completed,credit_card,,6.95,2025-09,2025,9
107422,863,2025-09-15 19:08:01,completed,paypal,,0.0,2025-09,2025,9
107423,836,2025-09-15 19:57:37,completed,credit_card,,0.0,2025-09,2025,9
107424,135,2025-09-15 20:37:16,completed,credit_card,,0.0,2025-09,2025,9
107425,260,2025-09-15 21:59:25,completed,apple_pay,,0.0,2025-09,2025,9
107426,382,2025-09-15 23:30:00,completed,credit_card,,0.0,2025-09,2025,9
107427,2492,2025-09-16 06:55:50,completed,credit_card,welcome10,6.95,2025-09,2025,9
107428,2588,2025-09-16 07:59:34,completed,credit_card,,0.0,2025-09,2025,9
107429,2815,2025-09-16 08:19:57,completed,credit_card,,0.0,2025-09,2025,9
107430,1596,2025-09-16 10:45:28,completed,apple_pay,,6.95,2025-09,2025,9
107431,2644,2025-09-16 11:39:28,completed,credit_card,welcome10,0.0,2025-09,2025,9
107432,1480,2025-09-16 12:52:18,completed,credit_card,,0.0,2025-09,2025,9
107433,964,2025-09-16 12:55:06,completed,credit_card,,0.0,2025-09,2025,9
107434,1681,2025-09-16 13:56:30,returned,gift_card,,0.0,2025-09,2025,9
107435,2612,2025-09-16 14:27:18,completed,credit_card,,0.0,2025-09,2025,9
107436,2271,2025-09-16 17:14:44,completed,credit_card,,6.95,2025-09,2025,9
107437,37,2025-09-16 18:27:25,completed,credit_card,,6.95,2025-09,2025,9
107438,399,2025-09-16 19:48:04,completed,gift_card,,0.0,2025-09,2025,9
107439,3035,2025-09-16 20:08:47,completed,credit_card,,0.0,2025-09,2025,9
107440,609,2025-09-16 21:14:53,completed,credit_card,,6.95,2025-09,2025,9
107441,1926,2025-09-17 11:28:34,canceled,paypal,,6.95,2025-09,2025,9
107442,721,2025-09-17 12:41:37,completed,credit_card,,6.95,2025-09,2025,9
107443,3147,2025-09-17 13:04:09,completed,credit_card,,6.95,2025-09,2025,9
107444,266,2025-09-17 13:31:30,completed,paypal,,0.0,2025-09,2025,9
107445,923,2025-09-17 14:57:22,completed,credit_card,,0.0,2025-09,2025,9
107446,1552,2025-09-17 20:11:42,completed,credit_card,,6.95,2025-09,2025,9
107447,910,2025-09-17 22:17:22,completed,credit_card,,0.0,2025-09,2025,9
107448,88,2025-09-17 22:40:37,completed,credit_card,,0.0,2025-09,2025,9
107449,1628,2025-09-18 06:03:54,completed,credit_card,,0.0,2025-09,2025,9
107450,1649,2025-09-18 11:19:13,completed,paypal,,6.95,2025-09,2025,9
107451,1469,2025-09-18 11:52:39,completed,paypal,,0.0,2025-09,2025,9
107452,2503,2025-09-18 12:24:29,completed,paypal,,6.95,2025-09,2025,9
107453,2151,2025-09-18 12:24:50,completed,credit_card,,0.0,2025-09,2025,9
107454,688,2025-09-18 12:43:12,completed,paypal,,0.0,2025-09,2025,9
107455,2302,2025-09-18 17:40:22,completed,apple_pay,,0.0,2025-09,2025,9
107456,97,2025-09-18 20:04:30,completed,credit_card,,0.0,2025-09,2025,9
107457,208,2025-09-18 20:27:00,completed,paypal,,6.95,2025-09,2025,9
107458,19,2025-09-18 21:29:42,completed,paypal,,0.0,2025-09,2025,9
107459,492,2025-09-18 21:33:22,completed,credit_card,,0.0,2025-09,2025,9
107460,2187,2025-09-18 21:36:45,completed,credit_card,,0.0,2025-09,2025,9
107461,2721,2025-09-19 06:27:28,completed,credit_card,,0.0,2025-09,2025,9
107462,384,2025-09-19 10:23:59,completed,credit_card,,0.0,2025-09,2025,9
107463,175,2025-09-19 11:09:21,completed,paypal,,0.0,2025-09,2025,9
107464,1695,2025-09-19 14:45:16,completed,gift_card,,0.0,2025-09,2025,9
107465,3380,2025-09-19 17:13:20,completed,credit_card,,0.0,2025-09,2025,9
107466,894,2025-09-19 18:43:43,completed,paypal,,6.95,2025-09,2025,9
107467,905,2025-09-19 19:48:01,completed,paypal,,0.0,2025-09,2025,9
107468,1226,2025-09-19 21:57:15,completed,credit_card,,0.0,2025-09,2025,9
107469,1038,2025-09-20 06:34:02,completed,credit_card,,0.0,2025-09,2025,9
107470,1633,2025-09-20 06:51:26,completed,credit_card,,6.95,2025-09,2025,9
107471,964,2025-09-20 08:50:13,completed,credit_card,,0.0,2025-09,2025,9
107472,1732,2025-09-20 12:21:23,completed,credit_card,,0.0,2025-09,2025,9
107473,3449,2025-09-20 12:56:13,completed,credit_card,,0.0,2025-09,2025,9
107474,1608,2025-09-20 13:12:46,completed,credit_card,,0.0,2025-09,2025,9
107475,2088,2025-09-20 13:40:31,completed,credit_card,,0.0,2025-09,2025,9
107476,391,2025-09-20 15:13:17,completed,paypal,,0.0,2025-09,2025,9
107477,3449,2025-09-20 15:17:02,completed,credit_card,,0.0,2025-09,2025,9
107478,1827,2025-09-20 17:30:40,completed,paypal,,0.0,2025-09,2025,9
107479,2977,2025-09-20 18:25:20,completed,apple_pay,,6.95,2025-09,2025,9
107480,2695,2025-09-20 20:36:11,completed,apple_pay,,0.0,2025-09,2025,9
107481,54,2025-09-20 22:02:51,completed,gift_card,,0.0,2025-09,2025,9
107482,2159,2025-09-21 06:16:50,completed,credit_card,,0.0,2025-09,2025,9
107483,934,2025-09-21 06:55:43,completed,credit_card,,0.0,2025-09,2025,9
107484,3107,2025-09-21 07:27:13,completed,paypal,,0.0,2025-09,2025,9
107485,1376,2025-09-21 08:15:04,completed,gift_card,,0.0,2025-09,2025,9
107486,2084,2025-09-21 12:46:40,completed,credit_card,,0.0,2025-09,2025,9
107487,2459,2025-09-21 13:19:44,returned,credit_card,,0.0,2025-09,2025,9
107488,3578,2025-09-21 14:24:21,completed,credit_card,,0.0,2025-09,2025,9
107489,2086,2025-09-21 21:06:40,completed,apple_pay,,6.95,2025-09,2025,9
107490,112,2025-09-21 22:43:58,completed,credit_card,,0.0,2025-09,2025,9
107491,1767,2025-09-21 22:52:24,completed,credit_card,,0.0,2025-09,2025,9
107492,1921,2025-09-21 22:53:44,completed,credit_card,,0.0,2025-09,2025,9
107493,1664,2025-09-21 23:42:50,completed,apple_pay,,6.95,2025-09,2025,9
107494,2477,2025-09-22 06:37:14,completed,paypal,,0.0,2025-09,2025,9
107495,2615,2025-09-22 08:44:26,completed,paypal,,0.0,2025-09,2025,9
107496,856,2025-09-22 10:08:15,completed,credit_card,,0.0,2025-09,2025,9
107497,1673,2025-09-22 11:11:09,completed,paypal,,0.0,2025-09,2025,9
107498,2194,2025-09-22 16:22:51,completed,apple_pay,,0.0,2025-09,2025,9
107499,1126,2025-09-22 17:55:32,completed,paypal,,0.0,2025-09,2025,9
107500,1931,2025-09-22 19:44:02,completed,apple_pay,,0.0,2025-09,2025,9
107501,579,2025-09-22 20:24:59,completed,credit_card,,0.0,2025-09,2025,9
107502,722,2025-09-22 20:39:21,canceled,credit_card,,6.95,2025-09,2025,9
107503,1649,2025-09-22 22:07:58,canceled,credit_card,,0.0,2025-09,2025,9
107504,489,2025-09-22 22:17:55,returned,credit_card,,6.95,2025-09,2025,9
107505,1403,2025-09-22 23:30:14,canceled,apple_pay,,0.0,2025-09,2025,9
107506,2970,2025-09-23 06:11:47,completed,credit_card,,0.0,2025-09,2025,9
107507,1717,2025-09-23 08:09:56,canceled,apple_pay,,0.0,2025-09,2025,9
107508,659,2025-09-23 09:23:39,completed,paypal,,0.0,2025-09,2025,9
107509,2964,2025-09-23 10:29:48,completed,credit_card,,6.95,2025-09,2025,9
107510,2412,2025-09-23 10:41:51,completed,credit_card,,6.95,2025-09,2025,9
107511,1062,2025-09-23 10:59:36,completed,credit_card,,0.0,2025-09,2025,9
107512,407,2025-09-23 11:17:48,completed,credit_card,,0.0,2025-09,2025,9
107513,2159,2025-09-23 12:09:08,completed,apple_pay,,6.95,2025-09,2025,9
107514,3159,2025-09-23 12:12:33,completed,paypal,welcome10,6.95,2025-09,2025,9
107515,1912,2025-09-23 14:25:27,completed,credit_card,,0.0,2025-09,2025,9
107516,737,2025-09-23 18:35:40,completed,paypal,,6.95,2025-09,2025,9
107517,3527,2025-09-23 20:52:37,completed,credit_card,,0.0,2025-09,2025,9
107518,1058,2025-09-24 07:59:14,completed,apple_pay,,0.0,2025-09,2025,9
107519,3037,2025-09-24 08:02:45,completed,credit_card,,6.95,2025-09,2025,9
107520,1827,2025-09-24 11:30:09,completed,paypal,welcome10,0.0,2025-09,2025,9
107521,1523,2025-09-24 12:13:30,completed,credit_card,,0.0,2025-09,2025,9
107522,2917,2025-09-24 13:58:05,completed,credit_card,,0.0,2025-09,2025,9
107523,384,2025-09-24 14:51:56,completed,credit_card,,0.0,2025-09,2025,9
107524,489,2025-09-24 15:16:21,completed,credit_card,,6.95,2025-09,2025,9
107525,972,2025-09-24 16:16:27,completed,credit_card,,0.0,2025-09,2025,9
107526,1552,2025-09-24 17:12:47,canceled,credit_card,welcome10,0.0,2025-09,2025,9
107527,37,2025-09-24 17:19:00,completed,apple_pay,,0.0,2025-09,2025,9
107528,2886,2025-09-24 17:38:13,completed,credit_card,,0.0,2025-09,2025,9
107529,270,2025-09-24 20:09:33,completed,apple_pay,,0.0,2025-09,2025,9
107530,2189,2025-09-24 20:41:55,completed,apple_pay,,0.0,2025-09,2025,9
107531,3088,2025-09-24 20:42:49,completed,credit_card,,0.0,2025-09,2025,9
107532,1996,2025-09-24 22:33:01,completed,credit_card,,0.0,2025-09,2025,9
107533,2970,2025-09-24 23:53:53,completed,credit_card,,0.0,2025-09,2025,9
107534,924,2025-09-25 07:30:14,completed,credit_card,,6.95,2025-09,2025,9
107535,3143,2025-09-25 07:47:06,completed,paypal,,0.0,2025-09,2025,9
107536,52,2025-09-25 08:46:29,completed,apple_pay,,6.95,2025-09,2025,9
107537,3335,2025-09-25 10:09:57,completed,paypal,,6.95,2025-09,2025,9
107538,3371,2025-09-25 10:29:12,completed,gift_card,,0.0,2025-09,2025,9
107539,928,2025-09-25 10:34:22,returned,credit_card,,0.0,2025-09,2025,9
107540,2088,2025-09-25 11:01:50,completed,credit_card,,0.0,2025-09,2025,9
107541,1151,2025-09-25 11:59:08,completed,credit_card,,6.95,2025-09,2025,9
107542,788,2025-09-25 12:20:22,completed,credit_card,,0.0,2025-09,2025,9
107543,473,2025-09-25 12:45:58,completed,credit_card,,0.0,2025-09,2025,9
107544,2838,2025-09-25 14:14:47,completed,paypal,,0.0,2025-09,2025,9
107545,1184,2025-09-25 14:47:45,completed,credit_card,,0.0,2025-09,2025,9
107546,1813,2025-09-25 15:26:35,completed,apple_pay,,0.0,2025-09,2025,9
107547,3132,2025-09-25 17:07:18,canceled,credit_card,,6.95,2025-09,2025,9
107548,3396,2025-09-25 17:45:42,completed,paypal,,0.0,2025-09,2025,9
107549,1851,2025-09-25 19:18:30,completed,credit_card,,0.0,2025-09,2025,9
107550,1443,2025-09-25 19:57:23,completed,credit_card,,0.0,2025-09,2025,9
107551,1959,2025-09-25 20:25:29,returned,paypal,,0.0,2025-09,2025,9
107552,384,2025-09-25 21:04:38,completed,paypal,,0.0,2025-09,2025,9
107553,2419,2025-09-25 21:51:03,completed,credit_card,,0.0,2025-09,2025,9
107554,2581,2025-09-25 23:05:39,completed,paypal,,0.0,2025-09,2025,9
107555,138,2025-09-26 07:31:41,completed,credit_card,,0.0,2025-09,2025,9
107556,1004,2025-09-26 10:04:22,completed,credit_card,,6.95,2025-09,2025,9
107557,2695,2025-09-26 11:38:46,completed,credit_card,welcome10,6.95,2025-09,2025,9
107558,2027,2025-09-26 12:56:49,completed,credit_card,,0.0,2025-09,2025,9
107559,3578,2025-09-26 14:11:58,completed,apple_pay,,0.0,2025-09,2025,9
107560,1121,2025-09-26 14:38:26,completed,paypal,welcome10,6.95,2025-09,2025,9
107561,505,2025-09-26 17:33:19,completed,paypal,,6.95,2025-09,2025,9
107562,488,2025-09-26 17:52:55,completed,credit_card,,0.0,2025-09,2025,9
107563,2838,2025-09-26 19:36:55,completed,credit_card,,0.0,2025-09,2025,9
107564,2913,2025-09-26 19:57:53,completed,credit_card,,0.0,2025-09,2025,9
107565,1891,2025-09-26 20:22:14,completed,credit_card,,0.0,2025-09,2025,9
107566,3243,2025-09-26 22:37:45,completed,paypal,,0.0,2025-09,2025,9
107567,3032,2025-09-26 22:58:13,completed,credit_card,,0.0,2025-09,2025,9
107568,1393,2025-09-26 23:49:16,completed,credit_card,,0.0,2025-09,2025,9
107569,2394,2025-09-27 06:16:15,completed,paypal,,0.0,2025-09,2025,9
107570,384,2025-09-27 07:21:44,completed,credit_card,,0.0,2025-09,2025,9
107571,2676,2025-09-27 09:56:35,completed,apple_pay,,0.0,2025-09,2025,9
107572,1038,2025-09-27 10:56:34,completed,credit_card,,0.0,2025-09,2025,9
107573,476,2025-09-27 12:05:33,completed,credit_card,welcome10,0.0,2025-09,2025,9
107574,1393,2025-09-27 12:27:19,completed,paypal,,0.0,2025-09,2025,9
107575,3490,2025-09-27 12:44:21,completed,apple_pay,,0.0,2025-09,2025,9
107576,2271,2025-09-27 16:07:12,completed,paypal,,0.0,2025-09,2025,9
107577,2487,2025-09-27 16:35:06,completed,credit_card,,0.0,2025-09,2025,9
107578,2984,2025-09-27 23:00:55,completed,credit_card,,0.0,2025-09,2025,9
107579,1517,2025-09-27 23:30:35,completed,paypal,,0.0,2025-09,2025,9
107580,2232,2025-09-28 09:32:57,completed,credit_card,,0.0,2025-09,2025,9
107581,2770,2025-09-28 13:52:02,completed,credit_card,,0.0,2025-09,2025,9
107582,3411,2025-09-28 15:01:57,completed,credit_card,,0.0,2025-09,2025,9
107583,32,2025-09-28 17:05:31,completed,credit_card,,0.0,2025-09,2025,9
107584,2277,2025-09-28 19:01:49,completed,paypal,,0.0,2025-09,2025,9
107585,2743,2025-09-29 10:04:40,completed,credit_card,,0.0,2025-09,2025,9
107586,3392,2025-09-29 10:53:48,completed,credit_card,,0.0,2025-09,2025,9
107587,2721,2025-09-29 12:00:22,completed,credit_card,,0.0,2025-09,2025,9
107588,2044,2025-09-29 12:07:52,completed,credit_card,,0.0,2025-09,2025,9
107589,2901,2025-09-29 12:27:48,completed,credit_card,welcome10,0.0,2025-09,2025,9
107590,2884,2025-09-29 12:45:39,completed,credit_card,,0.0,2025-09,2025,9
107591,2848,2025-09-29 13:04:07,completed,credit_card,,6.95,2025-09,2025,9
107592,1503,2025-09-29 14:59:05,completed,apple_pay,,6.95,2025-09,2025,9
107593,2338,2025-09-29 15:15:56,completed,paypal,,0.0,2025-09,2025,9
107594,1730,2025-09-29 15:39:31,completed,paypal,,6.95,2025-09,2025,9
107595,13,2025-09-29 18:08:01,completed,credit_card,,0.0,2025-09,2025,9
107596,1085,2025-09-29 18:25:10,completed,paypal,,0.0,2025-09,2025,9
107597,1949,2025-09-29 18:47:03,completed,credit_card,,0.0,2025-09,2025,9
107598,53,2025-09-29 21:04:36,canceled,apple_pay,,0.0,2025-09,2025,9
107599,883,2025-09-29 22:12:09,completed,credit_card,,0.0,2025-09,2025,9
107600,5,2025-09-29 22:19:21,completed,paypal,,0.0,2025-09,2025,9
107601,1026,2025-09-29 22:33:30,completed,credit_card,,6.95,2025-09,2025,9
107602,3132,2025-09-29 22:48:28,completed,credit_card,,0.0,2025-09,2025,9
107603,3032,2025-09-29 22:52:11,completed,apple_pay,,0.0,2025-09,2025,9
107604,678,2025-09-29 23:28:19,returned,credit_card,,0.0,2025-09,2025,9
107605,1121,2025-09-30 06:07:26,completed,credit_card,,0.0,2025-09,2025,9
107606,1126,2025-09-30 06:49:50,completed,credit_card,,0.0,2025-09,2025,9
107607,1097,2025-09-30 09:17:04,completed,apple_pay,,0.0,2025-09,2025,9
107608,1243,2025-09-30 09:27:00,completed,apple_pay,,0.0,2025-09,2025,9
107609,3207,2025-09-30 09:55:29,completed,paypal,,0.0,2025-09,2025,9
107610,388,2025-09-30 10:49:23,completed,credit_card,,0.0,2025-09,2025,9
107611,1510,2025-09-30 10:51:11,completed,paypal,,0.0,2025-09,2025,9
107612,2067,2025-09-30 12:59:22,completed,credit_card,,0.0,2025-09,2025,9
107613,999,2025-09-30 14:32:35,completed,credit_card,,0.0,2025-09,2025,9
107614,1380,2025-09-30 19:57:27,completed,paypal,,0.0,2025-09,2025,9
107615,3122,2025-09-30 23:10:42,completed,credit_card,,6.95,2025-09,2025,9
107616,2194,2025-10-01 06:27:18,completed,apple_pay,,6.95,2025-10,2025,10
107617,3142,2025-10-01 08:42:16,completed,paypal,,0.0,2025-10,2025,10
107618,1141,2025-10-01 08:50:16,completed,paypal,,0.0,2025-10,2025,10
107619,708,2025-10-01 09:15:53,completed,credit_card,,0.0,2025-10,2025,10
107620,1253,2025-10-01 10:31:25,completed,credit_card,,0.0,2025-10,2025,10
107621,1255,2025-10-01 10:51:45,completed,gift_card,,0.0,2025-10,2025,10
107622,3426,2025-10-01 13:03:50,completed,gift_card,welcome10,0.0,2025-10,2025,10
107623,1264,2025-10-01 14:36:48,completed,gift_card,,6.95,2025-10,2025,10
107624,353,2025-10-01 15:01:23,completed,credit_card,,0.0,2025-10,2025,10
107625,2485,2025-10-01 16:08:51,completed,paypal,,6.95,2025-10,2025,10
107626,2343,2025-10-01 16:10:47,completed,credit_card,,6.95,2025-10,2025,10
107627,2709,2025-10-01 16:50:03,completed,credit_card,,0.0,2025-10,2025,10
107628,307,2025-10-01 17:09:17,completed,credit_card,,0.0,2025-10,2025,10
107629,2110,2025-10-01 17:17:27,completed,credit_card,,0.0,2025-10,2025,10
107630,3012,2025-10-01 19:01:13,completed,credit_card,welcome10,0.0,2025-10,2025,10
107631,2485,2025-10-01 20:23:29,completed,credit_card,,6.95,2025-10,2025,10
107632,3503,2025-10-02 06:59:21,completed,credit_card,welcome10,0.0,2025-10,2025,10
107633,2383,2025-10-02 07:37:40,completed,credit_card,,0.0,2025-10,2025,10
107634,2144,2025-10-02 08:04:10,returned,credit_card,,0.0,2025-10,2025,10
107635,1813,2025-10-02 08:10:45,returned,credit_card,,0.0,2025-10,2025,10
107636,2358,2025-10-02 09:45:27,completed,paypal,,0.0,2025-10,2025,10
107637,2169,2025-10-02 14:24:57,completed,gift_card,welcome10,0.0,2025-10,2025,10
107638,1552,2025-10-02 15:57:57,completed,credit_card,,0.0,2025-10,2025,10
107639,2886,2025-10-02 16:54:29,completed,paypal,,6.95,2025-10,2025,10
107640,456,2025-10-02 18:51:56,completed,credit_card,,0.0,2025-10,2025,10
107641,1981,2025-10-02 21:29:20,completed,credit_card,,0.0,2025-10,2025,10
107642,3008,2025-10-02 21:42:37,completed,paypal,,6.95,2025-10,2025,10
107643,2893,2025-10-02 22:03:00,completed,paypal,,0.0,2025-10,2025,10
107644,3554,2025-10-02 23:06:20,completed,credit_card,,0.0,2025-10,2025,10
107645,233,2025-10-03 08:08:38,completed,apple_pay,welcome10,6.95,2025-10,2025,10
107646,2897,2025-10-03 12:58:27,completed,credit_card,,0.0,2025-10,2025,10
107647,1320,2025-10-03 13:31:11,completed,paypal,,0.0,2025-10,2025,10
107648,1265,2025-10-03 13:58:16,completed,paypal,,0.0,2025-10,2025,10
107649,2412,2025-10-03 14:38:13,completed,paypal,,0.0,2025-10,2025,10
107650,1552,2025-10-03 14:47:11,completed,apple_pay,,6.95,2025-10,2025,10
107651,1682,2025-10-03 15:42:58,completed,paypal,,0.0,2025-10,2025,10
107652,456,2025-10-03 15:59:53,completed,gift_card,,6.95,2025-10,2025,10
107653,2813,2025-10-03 16:01:42,canceled,credit_card,,6.95,2025-10,2025,10
107654,1964,2025-10-03 16:09:38,completed,paypal,,0.0,2025-10,2025,10
107655,234,2025-10-03 16:34:21,completed,credit_card,,0.0,2025-10,2025,10
107656,2978,2025-10-03 18:32:35,completed,gift_card,welcome10,0.0,2025-10,2025,10
107657,1857,2025-10-03 19:50:53,completed,paypal,,0.0,2025-10,2025,10
107658,88,2025-10-04 06:21:37,completed,credit_card,,0.0,2025-10,2025,10
107659,1514,2025-10-04 07:23:12,completed,paypal,,0.0,2025-10,2025,10
107660,58,2025-10-04 08:27:49,completed,credit_card,,6.95,2025-10,2025,10
107661,3147,2025-10-04 08:33:35,completed,apple_pay,welcome10,0.0,2025-10,2025,10
107662,2965,2025-10-04 10:54:43,completed,credit_card,,0.0,2025-10,2025,10
107663,11,2025-10-04 11:49:12,completed,paypal,,0.0,2025-10,2025,10
107664,266,2025-10-04 12:23:14,completed,credit_card,,0.0,2025-10,2025,10
107665,687,2025-10-04 12:32:27,completed,credit_card,welcome10,6.95,2025-10,2025,10
107666,1149,2025-10-04 12:42:28,completed,credit_card,,6.95,2025-10,2025,10
107667,3496,2025-10-04 12:43:02,completed,credit_card,,0.0,2025-10,2025,10
107668,3219,2025-10-04 14:24:00,completed,credit_card,welcome10,6.95,2025-10,2025,10
107669,1648,2025-10-04 15:14:38,returned,credit_card,,0.0,2025-10,2025,10
107670,594,2025-10-04 15:22:33,completed,credit_card,,0.0,2025-10,2025,10
107671,1874,2025-10-04 16:12:38,completed,credit_card,,0.0,2025-10,2025,10
107672,1925,2025-10-04 16:34:48,completed,credit_card,,0.0,2025-10,2025,10
107673,2312,2025-10-05 06:13:01,completed,credit_card,,6.95,2025-10,2025,10
107674,148,2025-10-05 07:37:30,returned,credit_card,,0.0,2025-10,2025,10
107675,1295,2025-10-05 09:56:33,completed,credit_card,,0.0,2025-10,2025,10
107676,492,2025-10-05 09:59:46,completed,credit_card,,0.0,2025-10,2025,10
107677,3524,2025-10-05 11:05:54,completed,apple_pay,,0.0,2025-10,2025,10
107678,3396,2025-10-05 11:45:31,canceled,credit_card,,0.0,2025-10,2025,10
107679,1589,2025-10-05 13:48:40,completed,credit_card,,0.0,2025-10,2025,10
107680,1702,2025-10-05 14:07:31,returned,credit_card,,0.0,2025-10,2025,10
107681,814,2025-10-05 17:31:00,completed,apple_pay,,0.0,2025-10,2025,10
107682,3259,2025-10-05 17:41:00,canceled,apple_pay,welcome10,0.0,2025-10,2025,10
107683,659,2025-10-05 18:21:49,completed,paypal,,0.0,2025-10,2025,10
107684,2521,2025-10-05 18:29:35,completed,paypal,,0.0,2025-10,2025,10
107685,1887,2025-10-05 18:46:57,completed,paypal,,0.0,2025-10,2025,10
107686,2481,2025-10-05 19:23:56,completed,credit_card,,0.0,2025-10,2025,10
107687,2425,2025-10-05 19:56:13,completed,credit_card,,0.0,2025-10,2025,10
107688,830,2025-10-05 20:15:38,completed,credit_card,,6.95,2025-10,2025,10
107689,962,2025-10-05 20:23:43,completed,gift_card,,0.0,2025-10,2025,10
107690,1532,2025-10-05 22:06:26,completed,credit_card,,0.0,2025-10,2025,10
107691,1635,2025-10-05 22:53:24,returned,apple_pay,,0.0,2025-10,2025,10
107692,208,2025-10-05 23:40:19,completed,credit_card,,0.0,2025-10,2025,10
107693,1209,2025-10-06 06:27:43,completed,credit_card,,0.0,2025-10,2025,10
107694,496,2025-10-06 06:51:39,completed,credit_card,,6.95,2025-10,2025,10
107695,3416,2025-10-06 11:06:22,completed,credit_card,,6.95,2025-10,2025,10
107696,1649,2025-10-06 11:58:13,completed,credit_card,,0.0,2025-10,2025,10
107697,2326,2025-10-06 12:47:06,completed,credit_card,,0.0,2025-10,2025,10
107698,2569,2025-10-06 14:14:26,completed,paypal,,6.95,2025-10,2025,10
107699,1174,2025-10-06 14:34:45,completed,paypal,,0.0,2025-10,2025,10
107700,266,2025-10-06 14:34:53,completed,apple_pay,,0.0,2025-10,2025,10
107701,2571,2025-10-06 15:24:49,completed,paypal,,0.0,2025-10,2025,10
107702,1340,2025-10-06 17:43:45,completed,credit_card,,0.0,2025-10,2025,10
107703,2597,2025-10-06 17:55:12,completed,paypal,,6.95,2025-10,2025,10
107704,1320,2025-10-06 20:28:14,completed,credit_card,,6.95,2025-10,2025,10
107705,2425,2025-10-06 22:24:53,completed,credit_card,,0.0,2025-10,2025,10
107706,2644,2025-10-07 07:37:49,completed,credit_card,,6.95,2025-10,2025,10
107707,1411,2025-10-07 10:32:16,completed,credit_card,,6.95,2025-10,2025,10
107708,3275,2025-10-07 11:49:23,completed,credit_card,,6.95,2025-10,2025,10
107709,425,2025-10-07 12:30:38,completed,credit_card,,0.0,2025-10,2025,10
107710,3504,2025-10-07 14:28:16,completed,credit_card,,6.95,2025-10,2025,10
107711,1793,2025-10-07 18:04:08,completed,apple_pay,,0.0,2025-10,2025,10
107712,1596,2025-10-07 18:14:25,completed,credit_card,,0.0,2025-10,2025,10
107713,2197,2025-10-08 08:35:27,returned,credit_card,,0.0,2025-10,2025,10
107714,2626,2025-10-08 10:54:42,completed,apple_pay,,6.95,2025-10,2025,10
107715,2123,2025-10-08 10:55:29,completed,paypal,,0.0,2025-10,2025,10
107716,1085,2025-10-08 10:59:39,completed,credit_card,,0.0,2025-10,2025,10
107717,1106,2025-10-08 13:25:25,completed,credit_card,welcome10,6.95,2025-10,2025,10
107718,2460,2025-10-08 14:36:39,completed,apple_pay,,0.0,2025-10,2025,10
107719,11,2025-10-08 14:42:54,completed,credit_card,,6.95,2025-10,2025,10
107720,1473,2025-10-08 15:45:05,completed,credit_card,,0.0,2025-10,2025,10
107721,2084,2025-10-08 16:08:42,completed,apple_pay,,0.0,2025-10,2025,10
107722,3490,2025-10-08 16:28:00,completed,apple_pay,welcome10,6.95,2025-10,2025,10
107723,152,2025-10-08 17:34:25,completed,paypal,,0.0,2025-10,2025,10
107724,44,2025-10-08 17:41:20,completed,credit_card,,0.0,2025-10,2025,10
107725,151,2025-10-08 21:09:23,completed,credit_card,,0.0,2025-10,2025,10
107726,2027,2025-10-09 09:02:38,completed,credit_card,,0.0,2025-10,2025,10
107727,1582,2025-10-09 10:12:13,canceled,apple_pay,,0.0,2025-10,2025,10
107728,1320,2025-10-09 11:35:39,completed,credit_card,,0.0,2025-10,2025,10
107729,1334,2025-10-09 12:06:08,completed,credit_card,,0.0,2025-10,2025,10
107730,1676,2025-10-09 13:46:47,completed,credit_card,,0.0,2025-10,2025,10
107731,2877,2025-10-09 14:13:56,completed,credit_card,,0.0,2025-10,2025,10
107732,579,2025-10-09 14:18:03,returned,credit_card,,0.0,2025-10,2025,10
107733,3098,2025-10-09 18:51:38,returned,apple_pay,,0.0,2025-10,2025,10
107734,2486,2025-10-09 19:19:06,completed,paypal,,0.0,2025-10,2025,10
107735,2618,2025-10-09 19:33:29,completed,paypal,,0.0,2025-10,2025,10
107736,3496,2025-10-09 20:34:44,completed,paypal,,0.0,2025-10,2025,10
107737,2982,2025-10-09 21:42:18,completed,credit_card,,0.0,2025-10,2025,10
107738,501,2025-10-09 22:20:17,completed,credit_card,,0.0,2025-10,2025,10
107739,905,2025-10-09 22:37:20,completed,credit_card,,0.0,2025-10,2025,10
107740,13,2025-10-09 23:03:28,completed,credit_card,,0.0,2025-10,2025,10
107741,409,2025-10-09 23:03:30,completed,paypal,,0.0,2025-10,2025,10
107742,3186,2025-10-10 07:11:36,completed,credit_card,,0.0,2025-10,2025,10
107743,3462,2025-10-10 09:11:05,completed,paypal,,0.0,2025-10,2025,10
107744,1418,2025-10-10 11:18:35,completed,credit_card,,0.0,2025-10,2025,10
107745,1071,2025-10-10 12:46:46,completed,credit_card,,0.0,2025-10,2025,10
107746,2538,2025-10-10 13:32:30,completed,apple_pay,,0.0,2025-10,2025,10
107747,2273,2025-10-10 17:05:28,completed,credit_card,,0.0,2025-10,2025,10
107748,3304,2025-10-10 18:21:49,completed,apple_pay,,0.0,2025-10,2025,10
107749,687,2025-10-10 18:23:46,completed,credit_card,,6.95,2025-10,2025,10
107750,509,2025-10-10 19:46:03,completed,apple_pay,,0.0,2025-10,2025,10
107751,1141,2025-10-10 21:00:12,completed,paypal,,0.0,2025-10,2025,10
107752,2436,2025-10-10 21:41:11,completed,apple_pay,,0.0,2025-10,2025,10
107753,135,2025-10-11 08:27:23,completed,paypal,,6.95,2025-10,2025,10
107754,1436,2025-10-11 09:40:11,completed,paypal,,0.0,2025-10,2025,10
107755,482,2025-10-11 09:59:03,completed,paypal,,6.95,2025-10,2025,10
107756,2901,2025-10-11 10:06:39,completed,credit_card,,6.95,2025-10,2025,10
107757,984,2025-10-11 10:42:49,completed,gift_card,,0.0,2025-10,2025,10
107758,259,2025-10-11 10:47:53,completed,credit_card,,0.0,2025-10,2025,10
107759,1752,2025-10-11 12:09:45,completed,credit_card,,0.0,2025-10,2025,10
107760,2367,2025-10-11 13:35:09,completed,credit_card,,0.0,2025-10,2025,10
107761,2741,2025-10-11 14:58:38,completed,credit_card,,0.0,2025-10,2025,10
107762,1370,2025-10-11 15:34:34,completed,credit_card,,0.0,2025-10,2025,10
107763,443,2025-10-11 17:06:23,canceled,paypal,,6.95,2025-10,2025,10
107764,2033,2025-10-11 17:23:13,completed,apple_pay,welcome10,0.0,2025-10,2025,10
107765,1376,2025-10-11 19:08:50,completed,credit_card,,0.0,2025-10,2025,10
107766,1524,2025-10-11 20:50:25,completed,paypal,,0.0,2025-10,2025,10
107767,2123,2025-10-11 22:40:42,completed,credit_card,,0.0,2025-10,2025,10
107768,2961,2025-10-11 23:09:51,completed,paypal,,0.0,2025-10,2025,10
107769,934,2025-10-11 23:15:41,completed,credit_card,,0.0,2025-10,2025,10
107770,3505,2025-10-12 07:41:01,canceled,apple_pay,,0.0,2025-10,2025,10
107771,2163,2025-10-12 10:32:59,completed,gift_card,welcome10,6.95,2025-10,2025,10
107772,1226,2025-10-12 10:34:18,completed,paypal,,6.95,2025-10,2025,10
107773,3278,2025-10-12 11:30:03,completed,credit_card,,0.0,2025-10,2025,10
107774,2232,2025-10-12 12:01:47,completed,credit_card,,0.0,2025-10,2025,10
107775,1205,2025-10-12 13:10:06,completed,credit_card,,0.0,2025-10,2025,10
107776,555,2025-10-12 14:32:25,completed,apple_pay,,0.0,2025-10,2025,10
107777,2143,2025-10-12 16:52:21,completed,credit_card,,0.0,2025-10,2025,10
107778,849,2025-10-12 20:32:46,completed,paypal,,0.0,2025-10,2025,10
107779,3578,2025-10-12 20:48:53,completed,credit_card,,0.0,2025-10,2025,10
107780,240,2025-10-12 22:16:35,completed,apple_pay,,0.0,2025-10,2025,10
107781,2206,2025-10-12 22:16:55,completed,gift_card,,0.0,2025-10,2025,10
107782,600,2025-10-12 23:15:35,completed,paypal,,0.0,2025-10,2025,10
107783,2391,2025-10-12 23:39:25,completed,paypal,,0.0,2025-10,2025,10
107784,1436,2025-10-13 08:17:04,completed,credit_card,,0.0,2025-10,2025,10
107785,135,2025-10-13 10:33:46,completed,credit_card,,0.0,2025-10,2025,10
107786,962,2025-10-13 11:52:44,completed,credit_card,,6.95,2025-10,2025,10
107787,150,2025-10-13 12:21:57,completed,credit_card,,0.0,2025-10,2025,10
107788,2312,2025-10-13 13:35:25,completed,paypal,,0.0,2025-10,2025,10
107789,2137,2025-10-13 14:40:45,completed,credit_card,,0.0,2025-10,2025,10
107790,3132,2025-10-13 17:25:27,completed,paypal,,0.0,2025-10,2025,10
107791,1732,2025-10-13 19:14:03,completed,paypal,,0.0,2025-10,2025,10
107792,48,2025-10-13 20:36:13,completed,apple_pay,,0.0,2025-10,2025,10
107793,1604,2025-10-13 23:35:27,completed,credit_card,,0.0,2025-10,2025,10
107794,1329,2025-10-14 07:23:32,completed,credit_card,,0.0,2025-10,2025,10
107795,1339,2025-10-14 07:52:31,completed,credit_card,,0.0,2025-10,2025,10
107796,3331,2025-10-14 09:46:23,completed,credit_card,,6.95,2025-10,2025,10
107797,1466,2025-10-14 10:56:19,completed,credit_card,,6.95,2025-10,2025,10
107798,1552,2025-10-14 11:14:46,canceled,credit_card,,0.0,2025-10,2025,10
107799,689,2025-10-14 11:24:35,completed,credit_card,,6.95,2025-10,2025,10
107800,2492,2025-10-14 12:59:45,completed,paypal,welcome10,0.0,2025-10,2025,10
107801,482,2025-10-14 13:34:31,completed,apple_pay,,0.0,2025-10,2025,10
107802,2841,2025-10-14 14:45:04,completed,paypal,,0.0,2025-10,2025,10
107803,3031,2025-10-14 16:35:28,completed,credit_card,,0.0,2025-10,2025,10
107804,1630,2025-10-14 19:34:56,completed,apple_pay,,0.0,2025-10,2025,10
107805,2613,2025-10-14 19:53:30,completed,credit_card,,0.0,2025-10,2025,10
107806,899,2025-10-14 21:11:35,completed,paypal,welcome10,6.95,2025-10,2025,10
107807,977,2025-10-14 21:26:00,returned,credit_card,,6.95,2025-10,2025,10
107808,856,2025-10-14 21:43:38,completed,paypal,,0.0,2025-10,2025,10
107809,2909,2025-10-14 22:52:57,completed,credit_card,,6.95,2025-10,2025,10
107810,2719,2025-10-14 23:10:29,canceled,paypal,,0.0,2025-10,2025,10
107811,3540,2025-10-15 07:02:11,completed,gift_card,,6.95,2025-10,2025,10
107812,3564,2025-10-15 08:31:45,completed,paypal,,0.0,2025-10,2025,10
107813,512,2025-10-15 13:21:31,returned,paypal,,0.0,2025-10,2025,10
107814,1925,2025-10-15 15:32:10,completed,paypal,,0.0,2025-10,2025,10
107815,1368,2025-10-15 16:31:33,completed,credit_card,,0.0,2025-10,2025,10
107816,2473,2025-10-15 17:39:55,completed,credit_card,,0.0,2025-10,2025,10
107817,1906,2025-10-15 19:16:58,completed,credit_card,,0.0,2025-10,2025,10
107818,1448,2025-10-15 21:13:00,completed,paypal,,6.95,2025-10,2025,10
107819,186,2025-10-15 21:24:47,completed,credit_card,,0.0,2025-10,2025,10
107820,2581,2025-10-15 23:41:08,returned,paypal,,0.0,2025-10,2025,10
107821,1552,2025-10-16 09:33:40,completed,credit_card,,0.0,2025-10,2025,10
107822,2009,2025-10-16 11:28:42,completed,paypal,,0.0,2025-10,2025,10
107823,890,2025-10-16 12:40:14,completed,credit_card,welcome10,0.0,2025-10,2025,10
107824,788,2025-10-16 12:45:23,completed,apple_pay,,0.0,2025-10,2025,10
107825,788,2025-10-16 12:58:04,completed,credit_card,,6.95,2025-10,2025,10
107827,2433,2025-10-16 14:43:39,completed,apple_pay,,0.0,2025-10,2025,10
107828,3309,2025-10-16 15:33:10,completed,paypal,,0.0,2025-10,2025,10
107829,3412,2025-10-16 17:51:01,completed,credit_card,,0.0,2025-10,2025,10
107830,2083,2025-10-16 20:31:50,completed,paypal,,6.95,2025-10,2025,10
107831,3132,2025-10-16 21:23:36,completed,apple_pay,,0.0,2025-10,2025,10
107832,2834,2025-10-16 23:18:22,canceled,paypal,,0.0,2025-10,2025,10
107833,2865,2025-10-17 06:14:23,completed,credit_card,,0.0,2025-10,2025,10
107834,2934,2025-10-17 06:22:39,completed,credit_card,,0.0,2025-10,2025,10
107835,1763,2025-10-17 06:35:00,completed,apple_pay,,0.0,2025-10,2025,10
107836,623,2025-10-17 07:17:18,completed,credit_card,,0.0,2025-10,2025,10
107837,2775,2025-10-17 08:59:12,completed,paypal,,0.0,2025-10,2025,10
107838,2242,2025-10-17 09:31:15,completed,credit_card,welcome10,0.0,2025-10,2025,10
107839,1011,2025-10-17 10:33:43,completed,paypal,,0.0,2025-10,2025,10
107840,2860,2025-10-17 14:31:33,completed,gift_card,,0.0,2025-10,2025,10
107841,3556,2025-10-17 14:43:27,completed,paypal,,0.0,2025-10,2025,10
107842,948,2025-10-17 15:04:22,completed,credit_card,,6.95,2025-10,2025,10
107843,3000,2025-10-17 15:35:41,completed,apple_pay,,0.0,2025-10,2025,10
107844,972,2025-10-17 15:36:17,completed,apple_pay,,0.0,2025-10,2025,10
107845,2703,2025-10-17 15:59:53,completed,apple_pay,,0.0,2025-10,2025,10
107846,501,2025-10-17 17:08:48,completed,credit_card,,0.0,2025-10,2025,10
107847,2185,2025-10-17 18:08:00,completed,gift_card,,6.95,2025-10,2025,10
107848,713,2025-10-17 20:10:55,completed,credit_card,,6.95,2025-10,2025,10
107849,3014,2025-10-17 20:16:06,completed,apple_pay,,6.95,2025-10,2025,10
107850,3043,2025-10-17 21:14:12,completed,credit_card,,0.0,2025-10,2025,10
107851,1035,2025-10-17 21:43:43,completed,apple_pay,,0.0,2025-10,2025,10
107852,3121,2025-10-17 22:16:58,canceled,gift_card,,0.0,2025-10,2025,10
107853,1628,2025-10-17 22:56:10,completed,credit_card,,0.0,2025-10,2025,10
107854,476,2025-10-18 07:42:25,completed,paypal,,0.0,2025-10,2025,10
107855,1157,2025-10-18 08:59:13,completed,credit_card,,0.0,2025-10,2025,10
107856,2257,2025-10-18 09:22:29,completed,credit_card,,0.0,2025-10,2025,10
107857,1532,2025-10-18 09:41:25,completed,credit_card,,0.0,2025-10,2025,10
107858,3584,2025-10-18 09:47:16,completed,credit_card,,0.0,2025-10,2025,10
107859,1223,2025-10-18 10:35:34,completed,credit_card,,0.0,2025-10,2025,10
107860,1710,2025-10-18 10:44:39,completed,credit_card,,6.95,2025-10,2025,10
107861,2775,2025-10-18 11:19:14,completed,gift_card,,0.0,2025-10,2025,10
107862,1029,2025-10-18 11:53:48,completed,credit_card,,0.0,2025-10,2025,10
107863,398,2025-10-18 12:03:34,completed,credit_card,,0.0,2025-10,2025,10
107864,2406,2025-10-18 12:48:59,completed,credit_card,,0.0,2025-10,2025,10
107865,3248,2025-10-18 12:51:43,completed,apple_pay,,0.0,2025-10,2025,10
107866,48,2025-10-18 13:46:45,completed,credit_card,,0.0,2025-10,2025,10
107867,2286,2025-10-18 13:53:52,completed,credit_card,,0.0,2025-10,2025,10
107868,1073,2025-10-18 14:19:14,completed,credit_card,,0.0,2025-10,2025,10
107869,641,2025-10-18 14:35:23,completed,credit_card,,0.0,2025-10,2025,10
107870,106,2025-10-18 18:15:49,completed,credit_card,,6.95,2025-10,2025,10
107871,608,2025-10-18 18:59:18,completed,paypal,,6.95,2025-10,2025,10
107872,32,2025-10-18 22:55:28,completed,gift_card,,0.0,2025-10,2025,10
107873,2148,2025-10-18 23:15:14,completed,gift_card,,0.0,2025-10,2025,10
107874,2260,2025-10-19 06:40:19,completed,apple_pay,,0.0,2025-10,2025,10
107875,302,2025-10-19 07:16:06,completed,apple_pay,welcome10,0.0,2025-10,2025,10
107876,1589,2025-10-19 08:04:18,completed,gift_card,,0.0,2025-10,2025,10
107877,3594,2025-10-19 08:49:26,completed,apple_pay,,0.0,2025-10,2025,10
107878,2367,2025-10-19 09:47:57,completed,credit_card,,6.95,2025-10,2025,10
107879,1264,2025-10-19 12:11:41,completed,paypal,,0.0,2025-10,2025,10
107880,2155,2025-10-19 13:48:45,completed,credit_card,,0.0,2025-10,2025,10
107881,3516,2025-10-19 15:48:25,completed,credit_card,,6.95,2025-10,2025,10
107882,1736,2025-10-19 18:02:05,completed,credit_card,,0.0,2025-10,2025,10
107883,2579,2025-10-19 18:37:51,completed,paypal,,0.0,2025-10,2025,10
107884,1340,2025-10-20 07:23:35,completed,apple_pay,,0.0,2025-10,2025,10
107885,1635,2025-10-20 07:58:46,completed,credit_card,,0.0,2025-10,2025,10
107886,2605,2025-10-20 08:06:35,completed,credit_card,,0.0,2025-10,2025,10
107887,3041,2025-10-20 08:16:38,completed,paypal,,0.0,2025-10,2025,10
107888,294,2025-10-20 08:57:04,completed,credit_card,,0.0,2025-10,2025,10
107889,856,2025-10-20 11:57:21,completed,credit_card,,0.0,2025-10,2025,10
107890,1202,2025-10-20 13:10:29,completed,paypal,,6.95,2025-10,2025,10
107891,3193,2025-10-20 14:24:48,completed,apple_pay,,0.0,2025-10,2025,10
107892,13,2025-10-20 15:51:27,completed,paypal,,0.0,2025-10,2025,10
107893,2460,2025-10-20 16:15:16,completed,apple_pay,,6.95,2025-10,2025,10
107894,409,2025-10-20 16:34:30,completed,credit_card,,0.0,2025-10,2025,10
107895,1396,2025-10-20 20:54:18,completed,apple_pay,,6.95,2025-10,2025,10
107896,1026,2025-10-20 21:02:09,completed,paypal,,0.0,2025-10,2025,10
107897,1250,2025-10-20 21:27:50,completed,paypal,,6.95,2025-10,2025,10
107898,861,2025-10-20 22:05:40,completed,paypal,,0.0,2025-10,2025,10
107899,1103,2025-10-20 23:00:15,completed,paypal,,0.0,2025-10,2025,10
107900,359,2025-10-21 06:14:10,returned,credit_card,,6.95,2025-10,2025,10
107901,1790,2025-10-21 06:29:06,completed,apple_pay,,6.95,2025-10,2025,10
107902,1265,2025-10-21 06:51:08,completed,credit_card,,0.0,2025-10,2025,10
107903,1589,2025-10-21 09:28:15,completed,credit_card,,6.95,2025-10,2025,10
107904,807,2025-10-21 12:12:38,completed,credit_card,,0.0,2025-10,2025,10
107905,1874,2025-10-21 13:48:17,completed,apple_pay,,6.95,2025-10,2025,10
107906,2421,2025-10-21 14:27:36,completed,paypal,,0.0,2025-10,2025,10
107907,1337,2025-10-21 15:43:48,canceled,credit_card,,0.0,2025-10,2025,10
107908,2086,2025-10-21 17:55:28,completed,credit_card,,0.0,2025-10,2025,10
107909,1416,2025-10-21 20:25:06,completed,credit_card,welcome10,6.95,2025-10,2025,10
107910,3468,2025-10-21 21:08:06,completed,credit_card,,0.0,2025-10,2025,10
107911,1468,2025-10-21 21:39:52,completed,credit_card,,0.0,2025-10,2025,10
107912,88,2025-10-21 23:05:53,completed,credit_card,,6.95,2025-10,2025,10
107913,1729,2025-10-22 06:04:25,completed,credit_card,,6.95,2025-10,2025,10
107914,443,2025-10-22 07:27:13,completed,credit_card,,0.0,2025-10,2025,10
107915,3411,2025-10-22 10:59:18,completed,paypal,,0.0,2025-10,2025,10
107916,2348,2025-10-22 12:02:16,completed,credit_card,,0.0,2025-10,2025,10
107917,595,2025-10-22 12:21:38,completed,credit_card,,0.0,2025-10,2025,10
107918,2316,2025-10-22 12:44:16,completed,credit_card,,0.0,2025-10,2025,10
107919,652,2025-10-22 12:59:10,completed,credit_card,,0.0,2025-10,2025,10
107920,2695,2025-10-22 15:23:08,completed,credit_card,,6.95,2025-10,2025,10
107921,2214,2025-10-22 16:26:15,completed,credit_card,,6.95,2025-10,2025,10
107922,3000,2025-10-22 16:38:54,completed,paypal,,6.95,2025-10,2025,10
107923,1964,2025-10-22 17:43:54,completed,credit_card,,0.0,2025-10,2025,10
107924,1511,2025-10-22 18:14:56,canceled,credit_card,,6.95,2025-10,2025,10
107925,1815,2025-10-22 20:00:12,completed,credit_card,,0.0,2025-10,2025,10
107926,3147,2025-10-22 20:06:28,completed,credit_card,,0.0,2025-10,2025,10
107927,2453,2025-10-22 22:46:36,completed,credit_card,,0.0,2025-10,2025,10
107928,2640,2025-10-22 23:26:37,completed,apple_pay,,6.95,2025-10,2025,10
107929,3546,2025-10-22 23:47:40,completed,paypal,,0.0,2025-10,2025,10
107930,810,2025-10-23 07:56:07,completed,paypal,,0.0,2025-10,2025,10
107931,2669,2025-10-23 09:11:31,completed,credit_card,,6.95,2025-10,2025,10
107932,401,2025-10-23 09:35:23,completed,credit_card,,0.0,2025-10,2025,10
107933,2989,2025-10-23 13:40:53,completed,credit_card,,0.0,2025-10,2025,10
107934,1874,2025-10-23 15:12:46,completed,credit_card,,0.0,2025-10,2025,10
107935,890,2025-10-23 15:38:38,completed,credit_card,,0.0,2025-10,2025,10
107936,1505,2025-10-23 16:14:14,completed,gift_card,,0.0,2025-10,2025,10
107937,1511,2025-10-23 17:38:46,completed,credit_card,,6.95,2025-10,2025,10
107938,2469,2025-10-23 17:58:17,completed,apple_pay,,0.0,2025-10,2025,10
107939,1121,2025-10-23 19:08:31,completed,credit_card,,6.95,2025-10,2025,10
107940,3197,2025-10-23 20:14:24,completed,gift_card,,6.95,2025-10,2025,10
107941,3538,2025-10-23 20:26:49,completed,paypal,,0.0,2025-10,2025,10
107942,457,2025-10-23 21:28:16,completed,credit_card,,0.0,2025-10,2025,10
107943,2596,2025-10-23 22:00:08,returned,credit_card,welcome10,0.0,2025-10,2025,10
107944,2173,2025-10-23 22:05:15,completed,apple_pay,,0.0,2025-10,2025,10
107945,479,2025-10-24 07:41:58,completed,paypal,,0.0,2025-10,2025,10
107946,54,2025-10-24 08:33:39,completed,paypal,,6.95,2025-10,2025,10
107947,1115,2025-10-24 08:50:31,completed,credit_card,,0.0,2025-10,2025,10
107948,3416,2025-10-24 10:47:49,completed,gift_card,,0.0,2025-10,2025,10
107949,1264,2025-10-24 12:55:30,completed,credit_card,,0.0,2025-10,2025,10
107950,519,2025-10-24 13:05:56,completed,credit_card,,0.0,2025-10,2025,10
107951,794,2025-10-24 15:28:47,completed,credit_card,,0.0,2025-10,2025,10
107952,1661,2025-10-24 16:23:26,completed,apple_pay,,0.0,2025-10,2025,10
107953,356,2025-10-24 17:55:58,completed,credit_card,,0.0,2025-10,2025,10
107954,1712,2025-10-24 18:38:25,completed,credit_card,,6.95,2025-10,2025,10
107955,2597,2025-10-24 19:18:56,completed,credit_card,welcome10,0.0,2025-10,2025,10
107956,2613,2025-10-24 19:36:04,completed,paypal,,0.0,2025-10,2025,10
107957,15,2025-10-24 20:50:22,returned,apple_pay,,0.0,2025-10,2025,10
107958,2544,2025-10-24 21:01:40,completed,credit_card,,0.0,2025-10,2025,10
107959,2009,2025-10-25 07:38:42,completed,paypal,,0.0,2025-10,2025,10
107960,1536,2025-10-25 10:20:20,completed,credit_card,,6.95,2025-10,2025,10
107961,648,2025-10-25 10:30:21,completed,paypal,,0.0,2025-10,2025,10
107962,245,2025-10-25 12:04:01,completed,paypal,,6.95,2025-10,2025,10
107963,2917,2025-10-25 12:21:00,completed,credit_card,,6.95,2025-10,2025,10
107964,3564,2025-10-25 13:33:22,completed,paypal,,0.0,2025-10,2025,10
107965,2414,2025-10-25 13:56:30,completed,credit_card,,0.0,2025-10,2025,10
107966,2436,2025-10-25 14:23:58,completed,paypal,,0.0,2025-10,2025,10
107967,3032,2025-10-25 14:55:14,completed,credit_card,,0.0,2025-10,2025,10
107968,1654,2025-10-25 15:13:39,completed,credit_card,,0.0,2025-10,2025,10
107969,2605,2025-10-25 18:33:29,completed,credit_card,,6.95,2025-10,2025,10
107970,1418,2025-10-25 22:05:59,completed,paypal,,6.95,2025-10,2025,10
107971,97,2025-10-26 08:57:50,completed,gift_card,,0.0,2025-10,2025,10
107972,2679,2025-10-26 13:29:48,completed,credit_card,,0.0,2025-10,2025,10
107973,1243,2025-10-26 14:27:27,completed,apple_pay,,0.0,2025-10,2025,10
107974,3339,2025-10-26 18:29:51,completed,credit_card,,0.0,2025-10,2025,10
107975,138,2025-10-26 18:35:29,completed,credit_card,,0.0,2025-10,2025,10
107976,2695,2025-10-26 19:07:35,canceled,credit_card,,6.95,2025-10,2025,10
107977,861,2025-10-26 20:32:53,completed,apple_pay,,0.0,2025-10,2025,10
107978,2256,2025-10-26 22:47:08,completed,credit_card,,0.0,2025-10,2025,10
107979,972,2025-10-27 07:34:41,completed,credit_card,,0.0,2025-10,2025,10
107980,3570,2025-10-27 07:41:29,completed,apple_pay,,0.0,2025-10,2025,10
107981,3320,2025-10-27 10:52:41,completed,apple_pay,,6.95,2025-10,2025,10
107982,1443,2025-10-27 10:53:05,completed,credit_card,,0.0,2025-10,2025,10
107983,3002,2025-10-27 11:42:21,completed,credit_card,,6.95,2025-10,2025,10
107984,1040,2025-10-27 12:04:39,completed,credit_card,,0.0,2025-10,2025,10
107985,2775,2025-10-27 12:49:07,completed,paypal,,0.0,2025-10,2025,10
107986,3119,2025-10-27 13:03:38,completed,credit_card,,6.95,2025-10,2025,10
107987,2887,2025-10-27 13:31:49,canceled,credit_card,,0.0,2025-10,2025,10
107988,3413,2025-10-27 16:17:22,completed,apple_pay,,0.0,2025-10,2025,10
107989,928,2025-10-27 21:17:58,completed,apple_pay,,6.95,2025-10,2025,10
107990,2109,2025-10-27 21:49:39,completed,credit_card,welcome10,0.0,2025-10,2025,10
107991,364,2025-10-28 09:09:41,completed,credit_card,,0.0,2025-10,2025,10
107992,3079,2025-10-28 11:13:46,completed,paypal,,0.0,2025-10,2025,10
107993,1974,2025-10-28 12:47:04,completed,credit_card,,0.0,2025-10,2025,10
107994,5,2025-10-28 14:21:07,completed,paypal,,0.0,2025-10,2025,10
107995,422,2025-10-28 17:26:57,completed,credit_card,,0.0,2025-10,2025,10
107996,2060,2025-10-28 20:51:31,completed,credit_card,,0.0,2025-10,2025,10
107997,3014,2025-10-28 21:00:13,completed,apple_pay,,6.95,2025-10,2025,10
107998,419,2025-10-28 22:47:24,completed,paypal,,0.0,2025-10,2025,10
107999,2729,2025-10-28 23:41:50,completed,credit_card,,6.95,2025-10,2025,10
108000,1383,2025-10-29 10:09:17,completed,apple_pay,,6.95,2025-10,2025,10
108001,443,2025-10-29 12:13:32,completed,credit_card,,6.95,2025-10,2025,10
108002,3098,2025-10-29 16:18:43,completed,credit_card,,0.0,2025-10,2025,10
108003,187,2025-10-29 17:50:29,completed,credit_card,,0.0,2025-10,2025,10
108004,3490,2025-10-29 18:50:51,completed,credit_card,,6.95,2025-10,2025,10
108005,922,2025-10-29 20:07:06,completed,credit_card,,0.0,2025-10,2025,10
108006,1411,2025-10-29 22:03:38,completed,credit_card,,0.0,2025-10,2025,10
108007,3344,2025-10-29 22:17:33,completed,apple_pay,,0.0,2025-10,2025,10
108008,2343,2025-10-29 23:20:48,canceled,gift_card,,6.95,2025-10,2025,10
108009,3216,2025-10-29 23:34:31,completed,credit_card,,0.0,2025-10,2025,10
108010,1269,2025-10-29 23:40:52,completed,credit_card,,0.0,2025-10,2025,10
108011,2245,2025-10-30 07:56:42,completed,paypal,,0.0,2025-10,2025,10
108012,1767,2025-10-30 11:32:37,completed,credit_card,,6.95,2025-10,2025,10
108013,14,2025-10-30 12:31:34,completed,credit_card,,0.0,2025-10,2025,10
108014,2506,2025-10-30 17:12:02,completed,credit_card,,6.95,2025-10,2025,10
108015,2433,2025-10-30 17:19:17,completed,paypal,welcome10,0.0,2025-10,2025,10
108016,2495,2025-10-30 20:08:32,completed,apple_pay,,0.0,2025-10,2025,10
108017,3032,2025-10-30 20:58:50,completed,apple_pay,,0.0,2025-10,2025,10
108018,781,2025-10-31 08:32:04,completed,credit_card,,0.0,2025-10,2025,10
108019,595,2025-10-31 08:54:13,completed,credit_card,,0.0,2025-10,2025,10
108020,2111,2025-10-31 10:22:55,completed,apple_pay,,6.95,2025-10,2025,10
108021,2178,2025-10-31 17:06:28,completed,paypal,,0.0,2025-10,2025,10
108022,398,2025-10-31 19:31:15,completed,credit_card,,0.0,2025-10,2025,10
108023,1011,2025-10-31 20:05:32,completed,credit_card,,0.0,2025-10,2025,10
108024,1151,2025-10-31 20:55:48,returned,paypal,,0.0,2025-10,2025,10
108025,3032,2025-10-31 21:31:22,canceled,credit_card,,0.0,2025-10,2025,10
108026,473,2025-10-31 22:42:06,completed,paypal,,0.0,2025-10,2025,10
108027,2481,2025-11-01 07:11:37,completed,credit_card,,0.0,2025-11,2025,11
108028,48,2025-11-01 08:49:28,completed,credit_card,,6.95,2025-11,2025,11
108029,2426,2025-11-01 09:45:50,completed,credit_card,,0.0,2025-11,2025,11
108030,443,2025-11-01 09:50:42,completed,apple_pay,holiday20,0.0,2025-11,2025,11
108031,591,2025-11-01 10:19:35,completed,credit_card,,0.0,2025-11,2025,11
108032,2886,2025-11-01 11:27:38,completed,apple_pay,holiday20,6.95,2025-11,2025,11
108033,1170,2025-11-01 13:04:00,completed,credit_card,holiday20,0.0,2025-11,2025,11
108034,1416,2025-11-01 14:04:01,completed,apple_pay,holiday20,6.95,2025-11,2025,11
108035,3493,2025-11-01 14:22:03,completed,credit_card,welcome10,0.0,2025-11,2025,11
108036,266,2025-11-01 15:20:56,completed,apple_pay,,0.0,2025-11,2025,11
108037,1873,2025-11-01 16:57:40,completed,credit_card,welcome10,6.95,2025-11,2025,11
108038,301,2025-11-01 16:58:21,completed,credit_card,holiday20,0.0,2025-11,2025,11
108039,2388,2025-11-01 17:44:51,completed,credit_card,holiday20,6.95,2025-11,2025,11
108040,1992,2025-11-01 17:51:27,completed,credit_card,,6.95,2025-11,2025,11
108041,49,2025-11-01 19:04:08,completed,gift_card,holiday20,6.95,2025-11,2025,11
108042,3438,2025-11-01 19:56:23,completed,apple_pay,holiday20,0.0,2025-11,2025,11
108043,3388,2025-11-01 21:44:35,completed,credit_card,,0.0,2025-11,2025,11
108044,880,2025-11-01 21:49:57,completed,credit_card,holiday20,0.0,2025-11,2025,11
108045,1184,2025-11-01 22:18:24,completed,credit_card,,0.0,2025-11,2025,11
108046,1126,2025-11-02 06:18:49,canceled,credit_card,,0.0,2025-11,2025,11
108047,3009,2025-11-02 06:31:13,completed,apple_pay,holiday20,0.0,2025-11,2025,11
108048,2708,2025-11-02 09:00:59,completed,credit_card,holiday20,6.95,2025-11,2025,11
108049,3524,2025-11-02 09:40:24,completed,credit_card,,0.0,2025-11,2025,11
108050,2679,2025-11-02 10:53:20,completed,paypal,,0.0,2025-11,2025,11
108051,1569,2025-11-02 11:12:45,completed,credit_card,,0.0,2025-11,2025,11
108052,2126,2025-11-02 11:17:53,completed,credit_card,holiday20,0.0,2025-11,2025,11
108053,647,2025-11-02 12:42:15,completed,credit_card,,0.0,2025-11,2025,11
108054,1676,2025-11-02 12:47:06,completed,paypal,,0.0,2025-11,2025,11
108055,6,2025-11-02 13:45:09,completed,credit_card,,0.0,2025-11,2025,11
108056,2205,2025-11-02 14:02:26,completed,credit_card,holiday20,0.0,2025-11,2025,11
108057,1779,2025-11-02 15:42:08,completed,credit_card,,0.0,2025-11,2025,11
108058,3024,2025-11-02 15:42:18,completed,paypal,,0.0,2025-11,2025,11
108059,2478,2025-11-02 17:19:36,completed,credit_card,,0.0,2025-11,2025,11
108060,2739,2025-11-02 18:03:41,completed,credit_card,,6.95,2025-11,2025,11
108061,290,2025-11-02 18:59:58,returned,credit_card,holiday20,0.0,2025-11,2025,11
108062,657,2025-11-02 19:16:41,completed,credit_card,,0.0,2025-11,2025,11
108063,1026,2025-11-02 19:36:52,completed,paypal,holiday20,6.95,2025-11,2025,11
108064,2782,2025-11-02 19:39:00,completed,gift_card,,0.0,2025-11,2025,11
108065,167,2025-11-02 21:51:51,completed,apple_pay,holiday20,0.0,2025-11,2025,11
108066,3250,2025-11-02 22:21:06,completed,paypal,,0.0,2025-11,2025,11
108067,1682,2025-11-03 07:32:25,completed,credit_card,,0.0,2025-11,2025,11
108068,522,2025-11-03 08:46:54,completed,credit_card,holiday20,0.0,2025-11,2025,11
108069,3141,2025-11-03 08:50:26,completed,paypal,holiday20,0.0,2025-11,2025,11
108070,2371,2025-11-03 09:14:11,completed,apple_pay,welcome10,0.0,2025-11,2025,11
108071,966,2025-11-03 09:26:50,completed,gift_card,welcome10,0.0,2025-11,2025,11
108072,231,2025-11-03 10:29:02,completed,credit_card,,0.0,2025-11,2025,11
108073,2111,2025-11-03 11:22:01,completed,paypal,,0.0,2025-11,2025,11
108074,1959,2025-11-03 12:17:05,completed,credit_card,holiday20,0.0,2025-11,2025,11
108075,1141,2025-11-03 13:50:32,completed,credit_card,,6.95,2025-11,2025,11
108076,1191,2025-11-03 13:56:14,completed,paypal,,0.0,2025-11,2025,11
108077,1989,2025-11-03 14:05:43,completed,credit_card,holiday20,6.95,2025-11,2025,11
108078,2679,2025-11-03 16:04:46,completed,credit_card,,6.95,2025-11,2025,11
108079,1839,2025-11-03 17:09:54,completed,credit_card,,0.0,2025-11,2025,11
108080,398,2025-11-03 17:47:29,completed,paypal,,0.0,2025-11,2025,11
108081,2620,2025-11-03 17:52:52,returned,credit_card,holiday20,0.0,2025-11,2025,11
108082,551,2025-11-03 19:11:12,completed,gift_card,,0.0,2025-11,2025,11
108083,2371,2025-11-03 19:45:38,completed,apple_pay,,0.0,2025-11,2025,11
108084,2924,2025-11-03 21:06:51,completed,credit_card,holiday20,6.95,2025-11,2025,11
108085,3275,2025-11-03 23:07:53,completed,credit_card,,6.95,2025-11,2025,11
108086,1913,2025-11-03 23:45:28,completed,paypal,holiday20,0.0,2025-11,2025,11
108087,150,2025-11-04 06:51:28,completed,paypal,,0.0,2025-11,2025,11
108088,2676,2025-11-04 07:27:40,completed,credit_card,holiday20,0.0,2025-11,2025,11
108089,3497,2025-11-04 07:58:33,completed,apple_pay,holiday20,0.0,2025-11,2025,11
108090,1452,2025-11-04 11:52:41,completed,paypal,,0.0,2025-11,2025,11
108091,3219,2025-11-04 12:03:03,completed,credit_card,holiday20,0.0,2025-11,2025,11
108092,405,2025-11-04 14:43:49,completed,credit_card,,0.0,2025-11,2025,11
108093,3032,2025-11-04 15:41:18,completed,apple_pay,holiday20,0.0,2025-11,2025,11
108094,1200,2025-11-04 16:29:21,completed,credit_card,,0.0,2025-11,2025,11
108095,2679,2025-11-04 16:40:11,completed,credit_card,holiday20,0.0,2025-11,2025,11
108096,2560,2025-11-04 17:29:56,returned,credit_card,holiday20,0.0,2025-11,2025,11
108097,905,2025-11-04 18:10:26,completed,apple_pay,,6.95,2025-11,2025,11
108098,496,2025-11-04 21:25:33,completed,credit_card,,0.0,2025-11,2025,11
108099,1243,2025-11-04 23:11:43,completed,credit_card,,6.95,2025-11,2025,11
108100,54,2025-11-04 23:13:30,returned,paypal,holiday20,0.0,2025-11,2025,11
108101,972,2025-11-05 07:48:47,completed,paypal,,0.0,2025-11,2025,11
108102,1870,2025-11-05 08:41:14,completed,credit_card,,0.0,2025-11,2025,11
108103,1605,2025-11-05 08:50:39,completed,credit_card,,6.95,2025-11,2025,11
108104,1599,2025-11-05 09:29:08,completed,paypal,,0.0,2025-11,2025,11
108105,1681,2025-11-05 10:03:50,completed,credit_card,holiday20,0.0,2025-11,2025,11
108106,1898,2025-11-05 10:14:45,completed,gift_card,,0.0,2025-11,2025,11
108107,185,2025-11-05 10:16:54,completed,credit_card,holiday20,6.95,2025-11,2025,11
108108,1732,2025-11-05 10:31:45,completed,credit_card,holiday20,0.0,2025-11,2025,11
108109,3595,2025-11-05 13:31:21,completed,credit_card,,0.0,2025-11,2025,11
108110,3177,2025-11-05 14:06:50,completed,apple_pay,,6.95,2025-11,2025,11
108111,1436,2025-11-05 14:38:00,completed,credit_card,,0.0,2025-11,2025,11
108112,1992,2025-11-05 17:56:04,completed,credit_card,holiday20,6.95,2025-11,2025,11
108113,3411,2025-11-05 18:19:21,completed,credit_card,,0.0,2025-11,2025,11
108114,2828,2025-11-05 20:02:50,completed,credit_card,holiday20,6.95,2025-11,2025,11
108115,1767,2025-11-05 20:58:52,completed,apple_pay,,0.0,2025-11,2025,11
108116,3122,2025-11-05 21:01:40,completed,credit_card,holiday20,0.0,2025-11,2025,11
108117,2361,2025-11-05 21:13:26,completed,credit_card,holiday20,0.0,2025-11,2025,11
108118,3564,2025-11-05 23:22:45,completed,gift_card,welcome10,6.95,2025-11,2025,11
108119,135,2025-11-06 07:50:22,completed,credit_card,,0.0,2025-11,2025,11
108120,1376,2025-11-06 08:00:56,completed,credit_card,,0.0,2025-11,2025,11
108121,135,2025-11-06 08:52:41,completed,credit_card,,0.0,2025-11,2025,11
108122,2743,2025-11-06 08:58:40,completed,paypal,,0.0,2025-11,2025,11
108123,456,2025-11-06 11:02:46,completed,gift_card,holiday20,0.0,2025-11,2025,11
108124,2877,2025-11-06 12:28:47,completed,gift_card,holiday20,0.0,2025-11,2025,11
108125,3334,2025-11-06 15:34:20,completed,paypal,,0.0,2025-11,2025,11
108126,2867,2025-11-06 16:22:59,completed,credit_card,holiday20,0.0,2025-11,2025,11
108127,1213,2025-11-06 17:45:24,completed,paypal,holiday20,0.0,2025-11,2025,11
108128,3420,2025-11-06 19:09:10,completed,gift_card,holiday20,0.0,2025-11,2025,11
108129,2460,2025-11-06 20:07:53,completed,paypal,holiday20,6.95,2025-11,2025,11
108130,2314,2025-11-06 21:15:22,completed,credit_card,holiday20,6.95,2025-11,2025,11
108131,2245,2025-11-06 21:40:24,completed,paypal,,0.0,2025-11,2025,11
108132,2562,2025-11-06 23:22:57,completed,paypal,,0.0,2025-11,2025,11
108133,948,2025-11-07 07:01:33,completed,credit_card,holiday20,0.0,2025-11,2025,11
108134,1898,2025-11-07 08:01:41,completed,apple_pay,,6.95,2025-11,2025,11
108135,1707,2025-11-07 08:36:49,completed,credit_card,holiday20,6.95,2025-11,2025,11
108136,1648,2025-11-07 09:36:32,completed,credit_card,,6.95,2025-11,2025,11
108137,1380,2025-11-07 10:24:53,completed,credit_card,,0.0,2025-11,2025,11
108138,1241,2025-11-07 12:15:41,returned,gift_card,,0.0,2025-11,2025,11
108139,2194,2025-11-07 14:36:56,completed,paypal,,0.0,2025-11,2025,11
108140,475,2025-11-07 15:47:18,completed,credit_card,,0.0,2025-11,2025,11
108141,983,2025-11-07 16:40:53,completed,credit_card,holiday20,0.0,2025-11,2025,11
108142,934,2025-11-07 17:18:56,completed,credit_card,holiday20,0.0,2025-11,2025,11
108143,1865,2025-11-07 18:26:42,completed,credit_card,holiday20,0.0,2025-11,2025,11
108144,1246,2025-11-07 19:09:43,completed,paypal,,0.0,2025-11,2025,11
108145,301,2025-11-07 22:41:44,completed,credit_card,,0.0,2025-11,2025,11
108146,3358,2025-11-07 23:21:07,completed,apple_pay,welcome10,0.0,2025-11,2025,11
108147,2741,2025-11-08 06:47:09,completed,credit_card,holiday20,0.0,2025-11,2025,11
108148,3014,2025-11-08 06:53:45,completed,apple_pay,,0.0,2025-11,2025,11
108149,3139,2025-11-08 07:33:02,completed,credit_card,,0.0,2025-11,2025,11
108150,2911,2025-11-08 07:42:03,completed,credit_card,,0.0,2025-11,2025,11
108151,1400,2025-11-08 10:51:15,completed,credit_card,holiday20,0.0,2025-11,2025,11
108152,564,2025-11-08 11:16:21,completed,credit_card,,0.0,2025-11,2025,11
108153,1044,2025-11-08 11:29:19,completed,paypal,,0.0,2025-11,2025,11
108154,1633,2025-11-08 11:45:36,completed,paypal,holiday20,0.0,2025-11,2025,11
108155,3339,2025-11-08 13:15:22,completed,credit_card,,6.95,2025-11,2025,11
108156,2245,2025-11-08 13:15:27,completed,apple_pay,,6.95,2025-11,2025,11
108157,1210,2025-11-08 13:51:00,completed,apple_pay,,0.0,2025-11,2025,11
108158,1998,2025-11-08 14:16:36,returned,credit_card,,6.95,2025-11,2025,11
108159,2279,2025-11-08 14:40:14,completed,credit_card,,0.0,2025-11,2025,11
108160,3569,2025-11-08 15:07:07,completed,credit_card,,0.0,2025-11,2025,11
108161,301,2025-11-08 15:09:43,completed,credit_card,,6.95,2025-11,2025,11
108162,1427,2025-11-08 17:15:33,completed,credit_card,holiday20,0.0,2025-11,2025,11
108163,2437,2025-11-08 18:19:16,completed,gift_card,welcome10,0.0,2025-11,2025,11
108164,519,2025-11-08 19:14:59,completed,apple_pay,,6.95,2025-11,2025,11
108165,1926,2025-11-08 19:28:06,canceled,credit_card,holiday20,0.0,2025-11,2025,11
108166,1582,2025-11-08 19:51:12,completed,credit_card,,0.0,2025-11,2025,11
108167,2283,2025-11-08 20:58:12,completed,apple_pay,,6.95,2025-11,2025,11
108168,2867,2025-11-08 21:05:38,completed,apple_pay,holiday20,6.95,2025-11,2025,11
108169,1185,2025-11-08 22:21:18,completed,paypal,holiday20,6.95,2025-11,2025,11
108170,514,2025-11-08 23:06:55,completed,apple_pay,holiday20,0.0,2025-11,2025,11
108171,3275,2025-11-08 23:30:08,completed,apple_pay,,0.0,2025-11,2025,11
108172,1813,2025-11-09 06:46:26,completed,paypal,,0.0,2025-11,2025,11
108173,980,2025-11-09 08:53:33,completed,credit_card,,6.95,2025-11,2025,11
108174,1864,2025-11-09 10:25:03,completed,apple_pay,,6.95,2025-11,2025,11
108175,672,2025-11-09 10:59:29,completed,credit_card,,0.0,2025-11,2025,11
108176,94,2025-11-09 12:16:19,completed,credit_card,,6.95,2025-11,2025,11
108177,364,2025-11-09 12:42:08,completed,credit_card,,6.95,2025-11,2025,11
108178,2769,2025-11-09 13:32:26,completed,apple_pay,holiday20,0.0,2025-11,2025,11
108179,2110,2025-11-09 14:54:23,completed,credit_card,,0.0,2025-11,2025,11
108180,2743,2025-11-09 15:34:46,completed,credit_card,,0.0,2025-11,2025,11
108181,13,2025-11-09 15:38:35,completed,credit_card,holiday20,0.0,2025-11,2025,11
108182,788,2025-11-09 16:27:32,completed,credit_card,holiday20,0.0,2025-11,2025,11
108183,2197,2025-11-09 17:18:27,canceled,apple_pay,holiday20,6.95,2025-11,2025,11
108184,3133,2025-11-09 17:23:47,completed,credit_card,,0.0,2025-11,2025,11
108185,2891,2025-11-09 17:35:36,completed,paypal,,0.0,2025-11,2025,11
108186,3278,2025-11-09 18:25:24,completed,credit_card,holiday20,6.95,2025-11,2025,11
108187,1676,2025-11-09 21:13:26,completed,paypal,holiday20,0.0,2025-11,2025,11
108188,2743,2025-11-09 21:19:51,completed,apple_pay,,0.0,2025-11,2025,11
108189,2995,2025-11-09 22:07:20,completed,credit_card,,0.0,2025-11,2025,11
108190,2831,2025-11-09 22:56:44,completed,credit_card,holiday20,0.0,2025-11,2025,11
108191,1551,2025-11-09 23:39:48,completed,credit_card,,0.0,2025-11,2025,11
108192,2414,2025-11-10 07:56:04,completed,credit_card,,0.0,2025-11,2025,11
108193,1652,2025-11-10 08:21:34,completed,credit_card,,0.0,2025-11,2025,11
108194,971,2025-11-10 08:50:24,completed,credit_card,holiday20,6.95,2025-11,2025,11
108195,2148,2025-11-10 09:03:54,completed,credit_card,,0.0,2025-11,2025,11
108196,2391,2025-11-10 10:52:12,completed,paypal,holiday20,0.0,2025-11,2025,11
108197,2577,2025-11-10 10:59:40,completed,paypal,,0.0,2025-11,2025,11
108198,2088,2025-11-10 11:07:35,completed,credit_card,,0.0,2025-11,2025,11
108199,1532,2025-11-10 11:52:36,completed,credit_card,,0.0,2025-11,2025,11
108200,1340,2025-11-10 13:05:55,completed,credit_card,,0.0,2025-11,2025,11
108201,2695,2025-11-10 13:41:28,completed,paypal,,0.0,2025-11,2025,11
108202,302,2025-11-10 14:17:03,canceled,apple_pay,,0.0,2025-11,2025,11
108203,969,2025-11-10 16:50:47,completed,credit_card,,6.95,2025-11,2025,11
108204,1300,2025-11-10 18:12:22,completed,apple_pay,,0.0,2025-11,2025,11
108205,2096,2025-11-10 18:35:04,completed,credit_card,,0.0,2025-11,2025,11
108206,2086,2025-11-10 20:42:06,completed,apple_pay,holiday20,0.0,2025-11,2025,11
108207,2185,2025-11-10 21:47:13,returned,credit_card,holiday20,0.0,2025-11,2025,11
108208,1951,2025-11-10 21:52:35,completed,paypal,,0.0,2025-11,2025,11
108209,1518,2025-11-10 22:13:14,completed,credit_card,,0.0,2025-11,2025,11
108210,3496,2025-11-10 23:37:12,completed,paypal,,0.0,2025-11,2025,11
108211,594,2025-11-11 06:16:14,completed,credit_card,,6.95,2025-11,2025,11
108212,1730,2025-11-11 06:50:25,completed,apple_pay,,0.0,2025-11,2025,11
108213,2643,2025-11-11 09:14:49,completed,credit_card,,6.95,2025-11,2025,11
108214,2695,2025-11-11 10:57:05,completed,credit_card,holiday20,0.0,2025-11,2025,11
108215,1153,2025-11-11 11:30:11,canceled,apple_pay,holiday20,0.0,2025-11,2025,11
108216,2775,2025-11-11 11:35:29,completed,apple_pay,,0.0,2025-11,2025,11
108217,407,2025-11-11 12:00:31,completed,paypal,holiday20,0.0,2025-11,2025,11
108218,1874,2025-11-11 13:42:25,completed,credit_card,holiday20,6.95,2025-11,2025,11
108219,3177,2025-11-11 16:55:01,completed,credit_card,,0.0,2025-11,2025,11
108220,2391,2025-11-11 17:12:16,completed,credit_card,holiday20,0.0,2025-11,2025,11
108221,682,2025-11-11 18:18:39,completed,credit_card,,0.0,2025-11,2025,11
108222,2743,2025-11-11 18:21:31,canceled,paypal,holiday20,0.0,2025-11,2025,11
108223,3564,2025-11-11 19:22:29,completed,paypal,,0.0,2025-11,2025,11
108224,1300,2025-11-11 20:50:14,completed,credit_card,,0.0,2025-11,2025,11
108225,1659,2025-11-11 20:57:28,completed,paypal,welcome10,6.95,2025-11,2025,11
108226,2615,2025-11-11 21:08:22,returned,apple_pay,holiday20,0.0,2025-11,2025,11
108227,2538,2025-11-12 08:16:17,completed,credit_card,holiday20,0.0,2025-11,2025,11
108228,1764,2025-11-12 08:29:20,completed,credit_card,,6.95,2025-11,2025,11
108229,1200,2025-11-12 08:31:03,completed,gift_card,,0.0,2025-11,2025,11
108230,13,2025-11-12 08:49:32,completed,credit_card,,0.0,2025-11,2025,11
108231,1468,2025-11-12 08:59:56,completed,credit_card,,0.0,2025-11,2025,11
108232,2865,2025-11-12 09:13:27,completed,credit_card,,6.95,2025-11,2025,11
108233,2320,2025-11-12 09:51:33,completed,credit_card,holiday20,0.0,2025-11,2025,11
108234,2900,2025-11-12 09:59:02,completed,credit_card,holiday20,0.0,2025-11,2025,11
108235,1913,2025-11-12 11:01:50,returned,paypal,holiday20,6.95,2025-11,2025,11
108236,3468,2025-11-12 16:38:53,completed,credit_card,,0.0,2025-11,2025,11
108237,3278,2025-11-12 17:39:13,completed,credit_card,,0.0,2025-11,2025,11
108238,1803,2025-11-12 17:40:36,completed,credit_card,,6.95,2025-11,2025,11
108239,3320,2025-11-12 19:19:10,returned,credit_card,welcome10,6.95,2025-11,2025,11
108240,1767,2025-11-12 19:27:55,completed,credit_card,,0.0,2025-11,2025,11
108241,2884,2025-11-12 23:32:27,completed,paypal,,0.0,2025-11,2025,11
108242,3275,2025-11-12 23:36:30,canceled,paypal,holiday20,0.0,2025-11,2025,11
108243,1801,2025-11-13 06:08:33,returned,credit_card,,0.0,2025-11,2025,11
108244,1376,2025-11-13 08:25:56,completed,paypal,,0.0,2025-11,2025,11
108245,41,2025-11-13 08:56:31,completed,apple_pay,,0.0,2025-11,2025,11
108246,2588,2025-11-13 10:47:09,completed,credit_card,holiday20,6.95,2025-11,2025,11
108247,3358,2025-11-13 13:36:50,completed,paypal,,0.0,2025-11,2025,11
108248,405,2025-11-13 13:38:34,completed,credit_card,holiday20,0.0,2025-11,2025,11
108249,1505,2025-11-13 15:43:59,completed,credit_card,holiday20,0.0,2025-11,2025,11
108250,1005,2025-11-13 16:52:14,completed,apple_pay,,6.95,2025-11,2025,11
108251,721,2025-11-13 21:43:51,returned,credit_card,holiday20,6.95,2025-11,2025,11
108252,2911,2025-11-14 09:52:48,completed,credit_card,,0.0,2025-11,2025,11
108253,1173,2025-11-14 11:27:38,completed,credit_card,holiday20,0.0,2025-11,2025,11
108254,2205,2025-11-14 14:19:56,completed,paypal,,0.0,2025-11,2025,11
108255,235,2025-11-14 15:08:14,completed,credit_card,,0.0,2025-11,2025,11
108256,2348,2025-11-14 17:36:01,completed,credit_card,holiday20,6.95,2025-11,2025,11
108257,2170,2025-11-14 17:46:48,canceled,apple_pay,,0.0,2025-11,2025,11
108258,2243,2025-11-14 17:51:53,completed,apple_pay,holiday20,6.95,2025-11,2025,11
108259,3187,2025-11-14 18:58:44,completed,apple_pay,holiday20,0.0,2025-11,2025,11
108260,579,2025-11-14 20:23:20,completed,credit_card,holiday20,0.0,2025-11,2025,11
108261,231,2025-11-14 21:08:44,completed,paypal,,0.0,2025-11,2025,11
108262,2283,2025-11-14 21:46:31,completed,paypal,,6.95,2025-11,2025,11
108263,1451,2025-11-14 23:04:10,completed,credit_card,,0.0,2025-11,2025,11
108264,488,2025-11-15 07:30:46,completed,apple_pay,,0.0,2025-11,2025,11
108265,2590,2025-11-15 08:27:43,completed,apple_pay,,0.0,2025-11,2025,11
108266,3305,2025-11-15 08:52:51,completed,paypal,,0.0,2025-11,2025,11
108267,2433,2025-11-15 09:07:18,completed,credit_card,holiday20,0.0,2025-11,2025,11
108268,1778,2025-11-15 10:07:04,completed,credit_card,,6.95,2025-11,2025,11
108269,721,2025-11-15 11:24:23,completed,credit_card,holiday20,0.0,2025-11,2025,11
108270,1311,2025-11-15 13:12:25,completed,credit_card,holiday20,0.0,2025-11,2025,11
108271,3413,2025-11-15 14:21:07,returned,credit_card,holiday20,0.0,2025-11,2025,11
108272,1149,2025-11-15 15:51:24,completed,credit_card,,0.0,2025-11,2025,11
108273,2901,2025-11-15 16:17:07,completed,apple_pay,,0.0,2025-11,2025,11
108274,3588,2025-11-15 16:56:25,completed,apple_pay,,0.0,2025-11,2025,11
108275,3216,2025-11-15 18:48:26,completed,credit_card,holiday20,0.0,2025-11,2025,11
108276,2086,2025-11-15 19:18:23,completed,credit_card,,0.0,2025-11,2025,11
108277,2151,2025-11-15 19:34:37,completed,credit_card,,6.95,2025-11,2025,11
108278,1328,2025-11-15 19:38:36,completed,apple_pay,,0.0,2025-11,2025,11
108279,1463,2025-11-15 20:22:40,completed,credit_card,holiday20,0.0,2025-11,2025,11
108280,1718,2025-11-15 20:51:03,completed,credit_card,holiday20,0.0,2025-11,2025,11
108281,2859,2025-11-15 21:41:05,completed,credit_card,holiday20,6.95,2025-11,2025,11
108282,1835,2025-11-15 22:21:25,completed,gift_card,,6.95,2025-11,2025,11
108283,307,2025-11-16 06:33:29,canceled,credit_card,,0.0,2025-11,2025,11
108284,2828,2025-11-16 08:11:38,completed,credit_card,welcome10,0.0,2025-11,2025,11
108285,2110,2025-11-16 08:17:40,completed,credit_card,,0.0,2025-11,2025,11
108286,803,2025-11-16 09:06:00,completed,credit_card,,0.0,2025-11,2025,11
108287,1141,2025-11-16 09:18:58,completed,credit_card,holiday20,0.0,2025-11,2025,11
108288,1658,2025-11-16 10:09:06,completed,credit_card,,0.0,2025-11,2025,11
108289,1460,2025-11-16 10:11:51,completed,apple_pay,holiday20,0.0,2025-11,2025,11
108290,1666,2025-11-16 10:33:35,completed,paypal,,0.0,2025-11,2025,11
108291,2487,2025-11-16 11:11:54,completed,credit_card,,0.0,2025-11,2025,11
108292,721,2025-11-16 11:12:10,completed,credit_card,holiday20,6.95,2025-11,2025,11
108293,3554,2025-11-16 11:41:17,completed,apple_pay,holiday20,6.95,2025-11,2025,11
108294,1926,2025-11-16 12:20:40,completed,credit_card,,0.0,2025-11,2025,11
108295,1659,2025-11-16 13:29:10,completed,credit_card,,0.0,2025-11,2025,11
108296,1710,2025-11-16 13:47:26,completed,apple_pay,holiday20,6.95,2025-11,2025,11
108297,557,2025-11-16 13:48:41,completed,credit_card,,0.0,2025-11,2025,11
108298,3219,2025-11-16 14:42:27,completed,credit_card,,0.0,2025-11,2025,11
108299,443,2025-11-16 16:06:11,completed,credit_card,holiday20,6.95,2025-11,2025,11
108300,3248,2025-11-16 16:38:52,completed,credit_card,,0.0,2025-11,2025,11
108301,1256,2025-11-16 17:30:17,returned,paypal,,0.0,2025-11,2025,11
108302,2887,2025-11-16 18:17:22,completed,credit_card,holiday20,0.0,2025-11,2025,11
108303,13,2025-11-16 18:22:14,completed,credit_card,,0.0,2025-11,2025,11
108304,1230,2025-11-16 18:50:09,completed,apple_pay,,0.0,2025-11,2025,11
108305,2877,2025-11-16 19:15:57,completed,credit_card,holiday20,0.0,2025-11,2025,11
108306,2227,2025-11-16 20:32:40,completed,paypal,holiday20,0.0,2025-11,2025,11
108307,2375,2025-11-16 20:47:03,completed,credit_card,,0.0,2025-11,2025,11
108308,1632,2025-11-16 23:50:23,completed,apple_pay,holiday20,6.95,2025-11,2025,11
108309,3503,2025-11-17 09:33:40,returned,credit_card,,0.0,2025-11,2025,11
108310,863,2025-11-17 11:47:01,completed,paypal,,0.0,2025-11,2025,11
108311,225,2025-11-17 12:17:40,completed,credit_card,holiday20,6.95,2025-11,2025,11
108312,1466,2025-11-17 13:15:47,completed,credit_card,,0.0,2025-11,2025,11
108313,1360,2025-11-17 14:22:47,completed,credit_card,,0.0,2025-11,2025,11
108314,2856,2025-11-17 15:17:15,completed,paypal,,0.0,2025-11,2025,11
108315,1693,2025-11-17 15:25:38,completed,credit_card,,0.0,2025-11,2025,11
108316,1589,2025-11-17 18:53:44,completed,credit_card,welcome10,0.0,2025-11,2025,11
108317,123,2025-11-17 19:27:56,completed,credit_card,,0.0,2025-11,2025,11
108318,2013,2025-11-17 19:57:02,completed,credit_card,,0.0,2025-11,2025,11
108319,3177,2025-11-17 20:18:38,completed,apple_pay,holiday20,6.95,2025-11,2025,11
108320,1248,2025-11-17 21:44:28,completed,credit_card,,0.0,2025-11,2025,11
108321,487,2025-11-17 22:09:08,completed,paypal,,6.95,2025-11,2025,11
108322,489,2025-11-17 22:59:34,canceled,credit_card,holiday20,0.0,2025-11,2025,11
108323,1875,2025-11-17 23:11:00,completed,credit_card,,0.0,2025-11,2025,11
108324,2013,2025-11-17 23:43:00,completed,apple_pay,holiday20,0.0,2025-11,2025,11
108325,13,2025-11-17 23:45:07,completed,credit_card,holiday20,6.95,2025-11,2025,11
108326,462,2025-11-18 06:20:05,completed,paypal,,0.0,2025-11,2025,11
108327,3452,2025-11-18 06:29:21,completed,credit_card,,0.0,2025-11,2025,11
108328,407,2025-11-18 06:49:03,completed,credit_card,,0.0,2025-11,2025,11
108329,2867,2025-11-18 06:56:37,completed,credit_card,holiday20,0.0,2025-11,2025,11
108330,1250,2025-11-18 08:10:38,completed,credit_card,holiday20,0.0,2025-11,2025,11
108331,1633,2025-11-18 08:22:52,completed,credit_card,,6.95,2025-11,2025,11
108332,1061,2025-11-18 10:03:48,completed,credit_card,,0.0,2025-11,2025,11
108333,1443,2025-11-18 10:57:13,completed,paypal,,0.0,2025-11,2025,11
108334,594,2025-11-18 11:39:04,completed,apple_pay,holiday20,0.0,2025-11,2025,11
108335,1865,2025-11-18 15:26:03,completed,credit_card,holiday20,0.0,2025-11,2025,11
108336,3375,2025-11-18 15:35:14,completed,credit_card,,0.0,2025-11,2025,11
108337,2743,2025-11-18 15:45:23,completed,apple_pay,holiday20,0.0,2025-11,2025,11
108338,2982,2025-11-18 17:06:22,completed,gift_card,,0.0,2025-11,2025,11
108339,2828,2025-11-18 18:52:26,completed,credit_card,holiday20,0.0,2025-11,2025,11
108340,1297,2025-11-18 20:17:16,completed,credit_card,,0.0,2025-11,2025,11
108341,3429,2025-11-18 20:35:13,completed,paypal,holiday20,0.0,2025-11,2025,11
108342,2613,2025-11-18 21:28:53,completed,credit_card,holiday20,6.95,2025-11,2025,11
108343,2679,2025-11-18 21:53:39,completed,gift_card,,0.0,2025-11,2025,11
108344,521,2025-11-18 22:31:38,completed,credit_card,,6.95,2025-11,2025,11
108345,295,2025-11-18 23:33:54,completed,paypal,,0.0,2025-11,2025,11
108346,101,2025-11-18 23:38:33,completed,credit_card,,0.0,2025-11,2025,11
108347,2434,2025-11-19 07:02:14,completed,credit_card,,0.0,2025-11,2025,11
108348,3122,2025-11-19 07:59:28,completed,credit_card,,6.95,2025-11,2025,11
108349,2151,2025-11-19 08:04:04,completed,credit_card,,0.0,2025-11,2025,11
108350,1328,2025-11-19 08:07:52,completed,credit_card,,0.0,2025-11,2025,11
108351,2433,2025-11-19 10:12:37,completed,credit_card,holiday20,0.0,2025-11,2025,11
108352,2227,2025-11-19 10:36:27,completed,paypal,holiday20,0.0,2025-11,2025,11
108353,2884,2025-11-19 12:52:43,completed,credit_card,,0.0,2025-11,2025,11
108354,2857,2025-11-19 13:02:25,completed,credit_card,,0.0,2025-11,2025,11
108355,1443,2025-11-19 14:12:26,completed,credit_card,,0.0,2025-11,2025,11
108356,213,2025-11-19 15:33:10,completed,credit_card,holiday20,0.0,2025-11,2025,11
108357,1227,2025-11-19 15:52:37,completed,gift_card,,0.0,2025-11,2025,11
108358,2786,2025-11-19 16:12:03,completed,credit_card,holiday20,0.0,2025-11,2025,11
108359,943,2025-11-19 16:57:59,completed,apple_pay,holiday20,6.95,2025-11,2025,11
108360,445,2025-11-19 17:40:56,completed,credit_card,holiday20,6.95,2025-11,2025,11
108361,1073,2025-11-19 17:41:31,completed,credit_card,,0.0,2025-11,2025,11
108362,1974,2025-11-19 20:54:33,completed,apple_pay,,0.0,2025-11,2025,11
108363,2062,2025-11-19 21:52:03,completed,paypal,,0.0,2025-11,2025,11
108364,319,2025-11-20 06:02:30,completed,credit_card,,0.0,2025-11,2025,11
108365,2679,2025-11-20 07:12:19,returned,apple_pay,,0.0,2025-11,2025,11
108366,2164,2025-11-20 07:15:46,completed,credit_card,,0.0,2025-11,2025,11
108367,2008,2025-11-20 07:43:19,completed,apple_pay,,0.0,2025-11,2025,11
108368,1961,2025-11-20 07:56:35,completed,credit_card,,0.0,2025-11,2025,11
108369,549,2025-11-20 08:48:56,completed,credit_card,holiday20,0.0,2025-11,2025,11
108370,579,2025-11-20 12:59:29,completed,paypal,,0.0,2025-11,2025,11
108371,1536,2025-11-20 14:08:43,completed,credit_card,holiday20,6.95,2025-11,2025,11
108372,2911,2025-11-20 14:18:05,completed,credit_card,,0.0,2025-11,2025,11
108373,266,2025-11-20 14:48:33,completed,credit_card,,0.0,2025-11,2025,11
108374,849,2025-11-20 16:53:21,completed,paypal,holiday20,0.0,2025-11,2025,11
108375,2658,2025-11-20 16:57:04,completed,apple_pay,,0.0,2025-11,2025,11
108376,2191,2025-11-20 18:09:58,completed,credit_card,,0.0,2025-11,2025,11
108377,2457,2025-11-20 19:13:45,completed,apple_pay,holiday20,6.95,2025-11,2025,11
108378,1622,2025-11-20 19:30:42,completed,apple_pay,,0.0,2025-11,2025,11
108379,2273,2025-11-20 22:29:54,returned,credit_card,holiday20,0.0,2025-11,2025,11
108380,94,2025-11-20 23:15:55,canceled,credit_card,,0.0,2025-11,2025,11
108381,2538,2025-11-21 06:04:05,completed,credit_card,holiday20,0.0,2025-11,2025,11
108382,675,2025-11-21 07:25:25,completed,credit_card,holiday20,0.0,2025-11,2025,11
108383,1532,2025-11-21 07:27:23,canceled,credit_card,holiday20,0.0,2025-11,2025,11
108384,1564,2025-11-21 07:56:08,completed,gift_card,,0.0,2025-11,2025,11
108385,2620,2025-11-21 08:40:41,completed,credit_card,holiday20,0.0,2025-11,2025,11
108386,2302,2025-11-21 09:03:13,completed,paypal,holiday20,6.95,2025-11,2025,11
108387,398,2025-11-21 09:57:08,completed,credit_card,holiday20,6.95,2025-11,2025,11
108388,752,2025-11-21 10:52:54,completed,credit_card,holiday20,6.95,2025-11,2025,11
108389,1026,2025-11-21 11:21:03,completed,paypal,holiday20,0.0,2025-11,2025,11
108390,1487,2025-11-21 15:10:03,completed,paypal,,0.0,2025-11,2025,11
108391,938,2025-11-21 15:31:45,completed,credit_card,,0.0,2025-11,2025,11
108392,3429,2025-11-21 18:04:22,completed,apple_pay,,0.0,2025-11,2025,11
108393,3597,2025-11-21 18:07:01,completed,paypal,,0.0,2025-11,2025,11
108394,2857,2025-11-21 20:37:21,completed,credit_card,welcome10,0.0,2025-11,2025,11
108395,1815,2025-11-21 21:41:29,completed,credit_card,holiday20,0.0,2025-11,2025,11
108396,2271,2025-11-21 22:32:39,completed,gift_card,,0.0,2025-11,2025,11
108397,302,2025-11-22 09:27:39,completed,credit_card,,0.0,2025-11,2025,11
108398,1003,2025-11-22 09:43:13,completed,credit_card,,0.0,2025-11,2025,11
108399,2039,2025-11-22 10:11:49,completed,credit_card,,0.0,2025-11,2025,11
108400,2379,2025-11-22 10:53:24,completed,credit_card,,6.95,2025-11,2025,11
108401,3347,2025-11-22 11:24:13,completed,apple_pay,,6.95,2025-11,2025,11
108402,3452,2025-11-22 11:27:26,completed,credit_card,holiday20,0.0,2025-11,2025,11
108403,3392,2025-11-22 12:00:30,completed,paypal,holiday20,0.0,2025-11,2025,11
108404,1376,2025-11-22 14:43:28,completed,credit_card,,0.0,2025-11,2025,11
108405,2232,2025-11-22 15:00:34,completed,gift_card,,0.0,2025-11,2025,11
108406,2939,2025-11-22 17:44:48,completed,paypal,,0.0,2025-11,2025,11
108407,678,2025-11-22 17:45:09,completed,credit_card,,0.0,2025-11,2025,11
108408,1040,2025-11-22 18:00:01,completed,credit_card,holiday20,0.0,2025-11,2025,11
108409,728,2025-11-22 19:47:17,completed,apple_pay,,0.0,2025-11,2025,11
108410,1648,2025-11-22 20:07:34,completed,paypal,holiday20,6.95,2025-11,2025,11
108411,2492,2025-11-22 21:06:12,completed,paypal,holiday20,0.0,2025-11,2025,11
108412,2302,2025-11-22 21:42:17,completed,credit_card,,0.0,2025-11,2025,11
108413,3530,2025-11-22 22:52:22,completed,paypal,,0.0,2025-11,2025,11
108414,2292,2025-11-23 06:10:03,completed,apple_pay,holiday20,0.0,2025-11,2025,11
108415,1267,2025-11-23 07:41:18,completed,credit_card,holiday20,0.0,2025-11,2025,11
108416,1168,2025-11-23 09:08:40,completed,apple_pay,,6.95,2025-11,2025,11
108417,2185,2025-11-23 09:08:51,completed,credit_card,holiday20,0.0,2025-11,2025,11
108418,886,2025-11-23 11:26:54,completed,paypal,,0.0,2025-11,2025,11
108419,2097,2025-11-23 11:57:57,completed,credit_card,holiday20,0.0,2025-11,2025,11
108420,3275,2025-11-23 12:45:49,canceled,paypal,,0.0,2025-11,2025,11
108421,2383,2025-11-23 16:38:49,completed,credit_card,,6.95,2025-11,2025,11
108422,2844,2025-11-23 16:45:48,completed,credit_card,holiday20,0.0,2025-11,2025,11
108423,1561,2025-11-23 17:59:25,completed,paypal,holiday20,0.0,2025-11,2025,11
108424,1898,2025-11-23 18:31:18,completed,credit_card,holiday20,0.0,2025-11,2025,11
108425,2796,2025-11-23 19:14:57,completed,credit_card,holiday20,6.95,2025-11,2025,11
108426,3169,2025-11-23 19:41:05,completed,credit_card,,0.0,2025-11,2025,11
108427,528,2025-11-23 19:55:43,completed,credit_card,,0.0,2025-11,2025,11
108428,1707,2025-11-23 21:12:32,completed,paypal,,0.0,2025-11,2025,11
108429,579,2025-11-23 21:52:31,canceled,apple_pay,holiday20,0.0,2025-11,2025,11
108430,1321,2025-11-23 23:43:38,completed,paypal,,0.0,2025-11,2025,11
108431,2838,2025-11-24 06:37:44,completed,credit_card,welcome10,0.0,2025-11,2025,11
108432,2402,2025-11-24 07:07:41,completed,paypal,,6.95,2025-11,2025,11
108433,1102,2025-11-24 08:46:25,completed,credit_card,,0.0,2025-11,2025,11
108434,393,2025-11-24 09:26:14,completed,credit_card,,0.0,2025-11,2025,11
108435,3556,2025-11-24 10:00:11,completed,credit_card,holiday20,0.0,2025-11,2025,11
108436,1392,2025-11-24 10:16:08,completed,credit_card,,0.0,2025-11,2025,11
108437,1619,2025-11-24 10:49:04,completed,gift_card,,0.0,2025-11,2025,11
108438,2743,2025-11-24 11:06:35,completed,credit_card,,0.0,2025-11,2025,11
108439,649,2025-11-24 11:25:27,completed,credit_card,,0.0,2025-11,2025,11
108440,3292,2025-11-24 12:29:58,completed,credit_card,holiday20,0.0,2025-11,2025,11
108441,192,2025-11-24 12:37:34,completed,apple_pay,,0.0,2025-11,2025,11
108442,1813,2025-11-24 12:52:39,completed,credit_card,,0.0,2025-11,2025,11
108443,2170,2025-11-24 13:03:01,completed,credit_card,holiday20,0.0,2025-11,2025,11
108444,1209,2025-11-24 13:22:38,completed,paypal,holiday20,0.0,2025-11,2025,11
108445,626,2025-11-24 13:37:07,returned,credit_card,holiday20,6.95,2025-11,2025,11
108446,2380,2025-11-24 14:47:08,completed,credit_card,holiday20,0.0,2025-11,2025,11
108447,407,2025-11-24 15:02:45,completed,credit_card,holiday20,0.0,2025-11,2025,11
108448,3014,2025-11-24 15:31:39,completed,credit_card,,6.95,2025-11,2025,11
108449,49,2025-11-24 15:41:14,completed,paypal,holiday20,0.0,2025-11,2025,11
108450,3018,2025-11-24 15:46:57,completed,credit_card,,0.0,2025-11,2025,11
108451,1813,2025-11-24 15:49:01,completed,credit_card,holiday20,6.95,2025-11,2025,11
108452,2004,2025-11-24 16:02:23,completed,credit_card,welcome10,0.0,2025-11,2025,11
108453,3142,2025-11-24 16:39:48,completed,paypal,holiday20,0.0,2025-11,2025,11
108454,1902,2025-11-24 16:55:53,canceled,apple_pay,,0.0,2025-11,2025,11
108455,55,2025-11-24 17:33:18,completed,apple_pay,,6.95,2025-11,2025,11
108456,1315,2025-11-24 18:57:35,completed,apple_pay,,0.0,2025-11,2025,11
108457,2151,2025-11-24 19:02:06,completed,credit_card,,6.95,2025-11,2025,11
108458,88,2025-11-24 21:33:48,completed,paypal,,0.0,2025-11,2025,11
108459,403,2025-11-24 22:33:09,completed,paypal,holiday20,6.95,2025-11,2025,11
108460,1995,2025-11-24 23:49:13,canceled,credit_card,,0.0,2025-11,2025,11
108461,803,2025-11-25 06:39:14,completed,apple_pay,holiday20,0.0,2025-11,2025,11
108462,1557,2025-11-25 07:39:19,completed,paypal,holiday20,0.0,2025-11,2025,11
108463,339,2025-11-25 08:41:37,completed,apple_pay,,0.0,2025-11,2025,11
108464,41,2025-11-25 08:46:08,completed,credit_card,,0.0,2025-11,2025,11
108465,1478,2025-11-25 09:35:39,completed,credit_card,holiday20,6.95,2025-11,2025,11
108466,427,2025-11-25 09:38:01,completed,apple_pay,,0.0,2025-11,2025,11
108467,1026,2025-11-25 10:30:47,completed,paypal,,6.95,2025-11,2025,11
108468,3490,2025-11-25 11:23:36,completed,credit_card,,0.0,2025-11,2025,11
108469,1466,2025-11-25 11:47:14,completed,gift_card,,0.0,2025-11,2025,11
108470,614,2025-11-25 11:48:44,completed,credit_card,,0.0,2025-11,2025,11
108471,2901,2025-11-25 12:02:53,completed,credit_card,holiday20,0.0,2025-11,2025,11
108472,1035,2025-11-25 12:47:21,completed,credit_card,,0.0,2025-11,2025,11
108473,1448,2025-11-25 12:47:28,completed,apple_pay,,0.0,2025-11,2025,11
108474,2851,2025-11-25 13:06:24,completed,gift_card,,6.95,2025-11,2025,11
108475,800,2025-11-25 13:06:58,completed,credit_card,,0.0,2025-11,2025,11
108476,1344,2025-11-25 13:09:33,completed,credit_card,holiday20,0.0,2025-11,2025,11
108477,2153,2025-11-25 13:20:09,completed,credit_card,,0.0,2025-11,2025,11
108478,2693,2025-11-25 13:53:10,completed,paypal,,6.95,2025-11,2025,11
108479,2009,2025-11-25 14:07:19,completed,apple_pay,,0.0,2025-11,2025,11
108480,704,2025-11-25 14:19:30,completed,credit_card,welcome10,0.0,2025-11,2025,11
108481,668,2025-11-25 14:59:44,completed,paypal,,0.0,2025-11,2025,11
108482,135,2025-11-25 15:03:07,returned,credit_card,,0.0,2025-11,2025,11
108483,317,2025-11-25 15:06:55,returned,credit_card,,0.0,2025-11,2025,11
108484,1551,2025-11-25 15:08:31,completed,credit_card,,6.95,2025-11,2025,11
108485,301,2025-11-25 15:10:18,returned,credit_card,,0.0,2025-11,2025,11
108486,890,2025-11-25 15:21:55,completed,credit_card,,0.0,2025-11,2025,11
108487,2361,2025-11-25 15:55:04,completed,credit_card,,6.95,2025-11,2025,11
108488,2056,2025-11-25 16:31:21,completed,credit_card,,6.95,2025-11,2025,11
108489,65,2025-11-25 16:34:08,completed,gift_card,holiday20,0.0,2025-11,2025,11
108490,3489,2025-11-25 16:40:00,completed,credit_card,,0.0,2025-11,2025,11
108491,1673,2025-11-25 16:40:53,completed,credit_card,,0.0,2025-11,2025,11
108492,1891,2025-11-25 16:43:50,completed,paypal,,0.0,2025-11,2025,11
108493,2187,2025-11-25 16:58:04,completed,paypal,holiday20,0.0,2025-11,2025,11
108494,1691,2025-11-25 17:18:54,completed,apple_pay,,0.0,2025-11,2025,11
108495,1820,2025-11-25 17:40:53,completed,apple_pay,holiday20,0.0,2025-11,2025,11
108496,2906,2025-11-25 17:51:37,completed,apple_pay,holiday20,0.0,2025-11,2025,11
108497,1705,2025-11-25 18:12:28,completed,credit_card,,6.95,2025-11,2025,11
108498,668,2025-11-25 19:16:24,completed,paypal,,0.0,2025-11,2025,11
108499,2984,2025-11-25 19:45:30,completed,credit_card,,0.0,2025-11,2025,11
108500,2485,2025-11-25 20:09:46,completed,credit_card,,0.0,2025-11,2025,11
108501,271,2025-11-25 20:14:33,completed,credit_card,,0.0,2025-11,2025,11
108502,2424,2025-11-25 20:16:03,completed,credit_card,holiday20,0.0,2025-11,2025,11
108503,2385,2025-11-25 20:52:30,completed,credit_card,holiday20,6.95,2025-11,2025,11
108504,3126,2025-11-25 20:53:03,completed,paypal,holiday20,6.95,2025-11,2025,11
108505,886,2025-11-25 22:40:46,completed,credit_card,,0.0,2025-11,2025,11
108506,1026,2025-11-25 23:02:53,completed,apple_pay,holiday20,0.0,2025-11,2025,11
108507,591,2025-11-25 23:11:21,completed,credit_card,holiday20,0.0,2025-11,2025,11
108508,3169,2025-11-25 23:17:31,canceled,apple_pay,,0.0,2025-11,2025,11
108509,1295,2025-11-26 06:43:44,completed,paypal,welcome10,6.95,2025-11,2025,11
108510,3557,2025-11-26 07:04:32,completed,credit_card,,0.0,2025-11,2025,11
108511,991,2025-11-26 07:28:33,completed,paypal,,0.0,2025-11,2025,11
108512,719,2025-11-26 07:35:46,completed,credit_card,holiday20,6.95,2025-11,2025,11
108513,2271,2025-11-26 08:17:55,completed,apple_pay,,6.95,2025-11,2025,11
108514,1870,2025-11-26 08:35:46,canceled,paypal,,0.0,2025-11,2025,11
108515,23,2025-11-26 08:39:54,completed,paypal,holiday20,6.95,2025-11,2025,11
108516,2110,2025-11-26 09:48:38,completed,credit_card,holiday20,0.0,2025-11,2025,11
108517,917,2025-11-26 09:54:25,completed,credit_card,,6.95,2025-11,2025,11
108518,443,2025-11-26 10:42:45,completed,credit_card,,6.95,2025-11,2025,11
108519,2208,2025-11-26 11:40:53,completed,credit_card,,0.0,2025-11,2025,11
108520,2691,2025-11-26 11:45:53,returned,paypal,holiday20,6.95,2025-11,2025,11
108521,802,2025-11-26 13:13:56,completed,apple_pay,,0.0,2025-11,2025,11
108522,3122,2025-11-26 13:45:53,completed,apple_pay,,6.95,2025-11,2025,11
108523,1874,2025-11-26 14:18:32,completed,apple_pay,,0.0,2025-11,2025,11
108524,13,2025-11-26 14:25:45,completed,paypal,,0.0,2025-11,2025,11
108525,3306,2025-11-26 14:28:21,completed,credit_card,,0.0,2025-11,2025,11
108526,2100,2025-11-26 15:16:03,completed,credit_card,holiday20,6.95,2025-11,2025,11
108527,3147,2025-11-26 15:44:48,completed,credit_card,,0.0,2025-11,2025,11
108528,832,2025-11-26 15:54:17,completed,paypal,holiday20,6.95,2025-11,2025,11
108529,2946,2025-11-26 17:06:18,completed,gift_card,,0.0,2025-11,2025,11
108530,2710,2025-11-26 18:10:52,completed,credit_card,holiday20,0.0,2025-11,2025,11
108531,3490,2025-11-26 19:18:21,completed,apple_pay,,0.0,2025-11,2025,11
108532,2027,2025-11-26 19:40:21,returned,credit_card,,0.0,2025-11,2025,11
108533,3172,2025-11-26 20:24:41,completed,credit_card,,0.0,2025-11,2025,11
108534,2980,2025-11-26 20:58:00,completed,credit_card,holiday20,6.95,2025-11,2025,11
108535,2320,2025-11-26 21:06:55,completed,credit_card,holiday20,0.0,2025-11,2025,11
108536,1411,2025-11-26 21:36:49,completed,apple_pay,,6.95,2025-11,2025,11
108537,279,2025-11-26 21:48:52,completed,paypal,,0.0,2025-11,2025,11
108538,2187,2025-11-26 22:04:54,completed,credit_card,holiday20,0.0,2025-11,2025,11
108539,924,2025-11-26 22:15:20,completed,credit_card,,0.0,2025-11,2025,11
108540,943,2025-11-26 23:06:56,completed,paypal,,0.0,2025-11,2025,11
108541,2615,2025-11-26 23:32:55,completed,credit_card,,0.0,2025-11,2025,11
108542,1629,2025-11-26 23:38:28,completed,apple_pay,,0.0,2025-11,2025,11
108543,914,2025-11-27 06:34:47,completed,gift_card,holiday20,0.0,2025-11,2025,11
108544,231,2025-11-27 06:36:36,completed,paypal,,0.0,2025-11,2025,11
108545,2027,2025-11-27 07:01:37,canceled,paypal,holiday20,0.0,2025-11,2025,11
108546,720,2025-11-27 07:03:14,completed,credit_card,,0.0,2025-11,2025,11
108547,779,2025-11-27 07:13:17,completed,paypal,,6.95,2025-11,2025,11
108548,3413,2025-11-27 07:30:15,completed,credit_card,holiday20,0.0,2025-11,2025,11
108549,1293,2025-11-27 08:52:39,completed,paypal,holiday20,0.0,2025-11,2025,11
108550,2796,2025-11-27 09:20:31,completed,apple_pay,holiday20,0.0,2025-11,2025,11
108551,648,2025-11-27 09:58:06,completed,apple_pay,,0.0,2025-11,2025,11
108552,1478,2025-11-27 11:07:02,completed,credit_card,,6.95,2025-11,2025,11
108553,947,2025-11-27 11:29:37,completed,gift_card,,6.95,2025-11,2025,11
108554,2185,2025-11-27 11:35:32,completed,credit_card,,6.95,2025-11,2025,11
108555,2787,2025-11-27 11:43:40,completed,apple_pay,holiday20,6.95,2025-11,2025,11
108556,1996,2025-11-27 12:40:42,completed,paypal,holiday20,0.0,2025-11,2025,11
108557,2413,2025-11-27 13:58:55,completed,apple_pay,holiday20,0.0,2025-11,2025,11
108558,943,2025-11-27 15:57:22,completed,paypal,holiday20,6.95,2025-11,2025,11
108559,382,2025-11-27 16:46:29,completed,credit_card,holiday20,0.0,2025-11,2025,11
108560,260,2025-11-27 17:51:33,completed,paypal,,0.0,2025-11,2025,11
108561,647,2025-11-27 18:04:38,completed,credit_card,,0.0,2025-11,2025,11
108562,627,2025-11-27 18:36:37,completed,credit_card,,0.0,2025-11,2025,11
108563,3149,2025-11-27 18:43:22,completed,paypal,holiday20,0.0,2025-11,2025,11
108564,1091,2025-11-27 19:20:29,completed,credit_card,holiday20,0.0,2025-11,2025,11
108565,1673,2025-11-27 19:22:29,completed,credit_card,,0.0,2025-11,2025,11
108566,1011,2025-11-27 19:41:27,completed,credit_card,,0.0,2025-11,2025,11
108567,2715,2025-11-27 19:57:06,completed,credit_card,holiday20,0.0,2025-11,2025,11
108568,2538,2025-11-27 21:01:28,completed,gift_card,,0.0,2025-11,2025,11
108569,493,2025-11-27 21:01:41,completed,apple_pay,,0.0,2025-11,2025,11
108570,1843,2025-11-27 22:19:06,completed,credit_card,,0.0,2025-11,2025,11
108571,498,2025-11-27 22:36:01,completed,paypal,,6.95,2025-11,2025,11
108572,3401,2025-11-27 22:43:51,completed,paypal,,0.0,2025-11,2025,11
108573,1760,2025-11-28 06:10:15,completed,credit_card,,0.0,2025-11,2025,11
108574,848,2025-11-28 07:43:36,completed,apple_pay,holiday20,0.0,2025-11,2025,11
108575,3062,2025-11-28 08:48:44,completed,credit_card,,0.0,2025-11,2025,11
108576,1589,2025-11-28 08:53:17,completed,apple_pay,,0.0,2025-11,2025,11
108577,2485,2025-11-28 09:03:49,returned,credit_card,,0.0,2025-11,2025,11
108578,1887,2025-11-28 09:17:47,completed,credit_card,,0.0,2025-11,2025,11
108579,3557,2025-11-28 09:44:37,completed,apple_pay,holiday20,0.0,2025-11,2025,11
108580,3421,2025-11-28 09:47:05,completed,apple_pay,holiday20,0.0,2025-11,2025,11
108581,551,2025-11-28 11:35:25,completed,credit_card,,6.95,2025-11,2025,11
108582,2793,2025-11-28 11:39:01,completed,paypal,,0.0,2025-11,2025,11
108583,1297,2025-11-28 12:12:28,completed,paypal,,6.95,2025-11,2025,11
108584,1205,2025-11-28 12:22:10,completed,credit_card,holiday20,6.95,2025-11,2025,11
108585,1995,2025-11-28 12:43:37,completed,apple_pay,holiday20,0.0,2025-11,2025,11
108586,977,2025-11-28 14:07:18,completed,paypal,,0.0,2025-11,2025,11
108587,3122,2025-11-28 14:09:12,completed,credit_card,,0.0,2025-11,2025,11
108588,922,2025-11-28 14:12:37,completed,credit_card,,0.0,2025-11,2025,11
108589,302,2025-11-28 15:43:43,completed,paypal,holiday20,0.0,2025-11,2025,11
108590,1691,2025-11-28 16:19:51,completed,credit_card,,0.0,2025-11,2025,11
108591,2027,2025-11-28 16:38:44,completed,credit_card,,6.95,2025-11,2025,11
108592,3014,2025-11-28 17:02:13,completed,credit_card,,0.0,2025-11,2025,11
108593,982,2025-11-28 17:39:18,completed,apple_pay,holiday20,0.0,2025-11,2025,11
108594,1847,2025-11-28 17:55:50,completed,paypal,,0.0,2025-11,2025,11
108595,1532,2025-11-28 17:59:42,completed,credit_card,holiday20,0.0,2025-11,2025,11
108596,3275,2025-11-28 18:38:16,completed,credit_card,holiday20,0.0,2025-11,2025,11
108597,2433,2025-11-28 18:52:31,completed,gift_card,holiday20,0.0,2025-11,2025,11
108598,1267,2025-11-28 18:54:49,completed,gift_card,,6.95,2025-11,2025,11
108599,1344,2025-11-28 19:56:45,completed,paypal,holiday20,0.0,2025-11,2025,11
108600,2101,2025-11-28 20:08:41,completed,paypal,,6.95,2025-11,2025,11
108601,1153,2025-11-28 20:46:08,completed,credit_card,,0.0,2025-11,2025,11
108602,1166,2025-11-28 21:07:44,canceled,credit_card,,0.0,2025-11,2025,11
108603,972,2025-11-28 22:19:46,completed,credit_card,,6.95,2025-11,2025,11
108604,1265,2025-11-28 22:24:45,completed,credit_card,holiday20,6.95,2025-11,2025,11
108605,3216,2025-11-28 23:11:05,completed,paypal,holiday20,0.0,2025-11,2025,11
108606,13,2025-11-28 23:32:57,completed,apple_pay,,0.0,2025-11,2025,11
108607,1835,2025-11-29 06:03:26,completed,credit_card,,0.0,2025-11,2025,11
108608,2173,2025-11-29 06:21:09,completed,credit_card,holiday20,0.0,2025-11,2025,11
108609,280,2025-11-29 07:24:31,completed,credit_card,,0.0,2025-11,2025,11
108610,135,2025-11-29 07:32:13,completed,paypal,holiday20,0.0,2025-11,2025,11
108611,648,2025-11-29 07:48:48,completed,credit_card,holiday20,6.95,2025-11,2025,11
108612,2729,2025-11-29 08:05:03,completed,credit_card,,0.0,2025-11,2025,11
108613,427,2025-11-29 08:10:50,completed,paypal,welcome10,6.95,2025-11,2025,11
108614,2816,2025-11-29 08:28:30,completed,credit_card,,6.95,2025-11,2025,11
108615,487,2025-11-29 08:33:24,completed,paypal,holiday20,6.95,2025-11,2025,11
108616,2254,2025-11-29 08:55:15,completed,credit_card,holiday20,6.95,2025-11,2025,11
108617,1890,2025-11-29 09:22:00,completed,credit_card,,6.95,2025-11,2025,11
108618,1079,2025-11-29 09:30:33,completed,credit_card,,6.95,2025-11,2025,11
108619,2440,2025-11-29 10:12:39,completed,credit_card,,0.0,2025-11,2025,11
108620,3098,2025-11-29 12:04:39,completed,credit_card,holiday20,0.0,2025-11,2025,11
108621,2516,2025-11-29 12:18:10,completed,credit_card,,0.0,2025-11,2025,11
108622,1616,2025-11-29 12:20:56,completed,apple_pay,,6.95,2025-11,2025,11
108623,372,2025-11-29 13:19:15,returned,credit_card,,0.0,2025-11,2025,11
108624,1717,2025-11-29 13:27:28,completed,credit_card,holiday20,6.95,2025-11,2025,11
108625,3095,2025-11-29 13:28:44,completed,credit_card,,0.0,2025-11,2025,11
108626,187,2025-11-29 13:30:28,completed,credit_card,,0.0,2025-11,2025,11
108627,2334,2025-11-29 13:47:33,completed,paypal,,0.0,2025-11,2025,11
108628,2737,2025-11-29 13:50:31,completed,apple_pay,,0.0,2025-11,2025,11
108629,1026,2025-11-29 13:50:56,completed,paypal,holiday20,0.0,2025-11,2025,11
108630,1649,2025-11-29 14:30:30,completed,credit_card,,6.95,2025-11,2025,11
108631,2440,2025-11-29 14:38:14,completed,paypal,holiday20,0.0,2025-11,2025,11
108632,1324,2025-11-29 14:43:14,completed,credit_card,,0.0,2025-11,2025,11
108633,403,2025-11-29 14:50:22,completed,paypal,,0.0,2025-11,2025,11
108634,2770,2025-11-29 15:03:42,completed,credit_card,holiday20,0.0,2025-11,2025,11
108635,2039,2025-11-29 15:06:48,completed,apple_pay,,0.0,2025-11,2025,11
108636,2613,2025-11-29 15:13:00,completed,credit_card,,0.0,2025-11,2025,11
108637,920,2025-11-29 16:32:28,returned,apple_pay,holiday20,6.95,2025-11,2025,11
108638,2436,2025-11-29 16:57:47,completed,credit_card,,6.95,2025-11,2025,11
108639,1626,2025-11-29 17:10:55,completed,paypal,,0.0,2025-11,2025,11
108640,1635,2025-11-29 17:57:33,completed,credit_card,,0.0,2025-11,2025,11
108641,2787,2025-11-29 18:02:09,completed,credit_card,,0.0,2025-11,2025,11
108642,1368,2025-11-29 18:16:52,completed,credit_card,,0.0,2025-11,2025,11
108643,2172,2025-11-29 18:18:45,completed,credit_card,holiday20,0.0,2025-11,2025,11
108644,2271,2025-11-29 19:07:47,completed,paypal,welcome10,0.0,2025-11,2025,11
108645,2588,2025-11-29 19:33:14,completed,credit_card,,0.0,2025-11,2025,11
108646,2834,2025-11-29 19:53:46,returned,paypal,,0.0,2025-11,2025,11
108647,2828,2025-11-29 20:03:21,completed,paypal,,0.0,2025-11,2025,11
108648,742,2025-11-29 20:03:46,returned,credit_card,,0.0,2025-11,2025,11
108649,2153,2025-11-29 21:15:50,completed,paypal,holiday20,0.0,2025-11,2025,11
108650,2697,2025-11-29 21:51:27,returned,gift_card,holiday20,0.0,2025-11,2025,11
108651,934,2025-11-29 21:55:37,completed,apple_pay,,0.0,2025-11,2025,11
108652,3423,2025-11-29 22:39:00,completed,paypal,holiday20,6.95,2025-11,2025,11
108653,3098,2025-11-29 22:59:19,completed,apple_pay,holiday20,0.0,2025-11,2025,11
108654,3456,2025-11-29 23:30:05,completed,apple_pay,holiday20,6.95,2025-11,2025,11
108655,1485,2025-11-29 23:49:27,completed,credit_card,holiday20,0.0,2025-11,2025,11
108656,886,2025-11-29 23:50:56,completed,paypal,,0.0,2025-11,2025,11
108657,1416,2025-11-29 23:51:28,completed,credit_card,,6.95,2025-11,2025,11
108658,2027,2025-11-30 06:11:12,completed,apple_pay,,0.0,2025-11,2025,11
108659,3416,2025-11-30 06:17:35,completed,paypal,holiday20,0.0,2025-11,2025,11
108660,52,2025-11-30 06:33:53,completed,credit_card,holiday20,0.0,2025-11,2025,11
108661,383,2025-11-30 06:54:11,completed,gift_card,holiday20,0.0,2025-11,2025,11
108662,192,2025-11-30 06:55:13,completed,paypal,,0.0,2025-11,2025,11
108663,938,2025-11-30 07:26:05,completed,credit_card,holiday20,0.0,2025-11,2025,11
108664,914,2025-11-30 08:16:38,completed,credit_card,,0.0,2025-11,2025,11
108665,1652,2025-11-30 08:27:26,completed,credit_card,holiday20,0.0,2025-11,2025,11
108666,3585,2025-11-30 10:53:20,completed,credit_card,,6.95,2025-11,2025,11
108667,1269,2025-11-30 11:22:47,completed,credit_card,welcome10,0.0,2025-11,2025,11
108668,1681,2025-11-30 11:24:27,completed,gift_card,,0.0,2025-11,2025,11
108669,382,2025-11-30 11:27:00,completed,credit_card,holiday20,6.95,2025-11,2025,11
108670,2009,2025-11-30 11:37:21,completed,credit_card,,0.0,2025-11,2025,11
108671,2982,2025-11-30 11:39:07,completed,gift_card,,0.0,2025-11,2025,11
108672,266,2025-11-30 11:49:13,returned,gift_card,,0.0,2025-11,2025,11
108673,832,2025-11-30 12:43:31,completed,credit_card,,0.0,2025-11,2025,11
108674,3452,2025-11-30 13:09:14,completed,credit_card,,0.0,2025-11,2025,11
108675,2562,2025-11-30 14:15:37,completed,apple_pay,,0.0,2025-11,2025,11
108676,590,2025-11-30 14:47:03,completed,paypal,,0.0,2025-11,2025,11
108677,1648,2025-11-30 15:37:09,completed,credit_card,,0.0,2025-11,2025,11
108678,3474,2025-11-30 15:56:25,completed,credit_card,,0.0,2025-11,2025,11
108679,1985,2025-11-30 16:42:14,completed,credit_card,,0.0,2025-11,2025,11
108680,1443,2025-11-30 16:53:45,completed,paypal,,0.0,2025-11,2025,11
108681,364,2025-11-30 17:15:43,completed,paypal,,0.0,2025-11,2025,11
108682,1250,2025-11-30 17:19:11,completed,credit_card,,0.0,2025-11,2025,11
108683,2516,2025-11-30 18:23:19,completed,credit_card,,0.0,2025-11,2025,11
108684,3239,2025-11-30 18:48:29,completed,credit_card,,0.0,2025-11,2025,11
108685,422,2025-11-30 19:19:34,completed,credit_card,,6.95,2025-11,2025,11
108686,1958,2025-11-30 19:42:35,completed,credit_card,holiday20,0.0,2025-11,2025,11
108687,971,2025-11-30 20:19:27,completed,gift_card,,0.0,2025-11,2025,11
108688,2714,2025-11-30 20:47:47,canceled,credit_card,,0.0,2025-11,2025,11
108689,388,2025-11-30 20:55:25,completed,credit_card,,0.0,2025-11,2025,11
108690,1803,2025-11-30 21:15:05,completed,gift_card,holiday20,0.0,2025-11,2025,11
108691,2388,2025-11-30 22:05:48,completed,credit_card,,0.0,2025-11,2025,11
108692,2048,2025-11-30 22:57:39,completed,credit_card,,0.0,2025-11,2025,11
108693,1629,2025-11-30 23:03:57,completed,paypal,,0.0,2025-11,2025,11
108694,3229,2025-11-30 23:10:11,completed,gift_card,,6.95,2025-11,2025,11
108695,447,2025-11-30 23:31:50,returned,credit_card,,0.0,2025-11,2025,11
108696,689,2025-11-30 23:38:24,completed,paypal,,0.0,2025-11,2025,11
108697,2243,2025-12-01 07:47:14,completed,apple_pay,holiday20,0.0,2025-12,2025,12
108698,2428,2025-12-01 07:58:40,completed,credit_card,holiday20,0.0,2025-12,2025,12
108699,3094,2025-12-01 11:53:30,completed,apple_pay,,6.95,2025-12,2025,12
108700,594,2025-12-01 13:29:48,completed,paypal,,0.0,2025-12,2025,12
108701,1334,2025-12-01 14:52:06,completed,credit_card,holiday20,0.0,2025-12,2025,12
108702,2470,2025-12-01 16:08:22,completed,paypal,holiday20,0.0,2025-12,2025,12
108703,2739,2025-12-01 16:18:49,returned,credit_card,,0.0,2025-12,2025,12
108704,2286,2025-12-01 20:18:49,completed,credit_card,,6.95,2025-12,2025,12
108705,2917,2025-12-01 20:40:55,completed,credit_card,,6.95,2025-12,2025,12
108706,2088,2025-12-01 21:26:22,completed,apple_pay,holiday20,6.95,2025-12,2025,12
108707,2989,2025-12-01 22:38:07,completed,apple_pay,,6.95,2025-12,2025,12
108708,595,2025-12-02 07:55:21,returned,apple_pay,,6.95,2025-12,2025,12
108709,271,2025-12-02 08:06:21,completed,credit_card,,0.0,2025-12,2025,12
108710,641,2025-12-02 08:27:34,completed,credit_card,,0.0,2025-12,2025,12
108711,2428,2025-12-02 08:39:21,completed,apple_pay,,0.0,2025-12,2025,12
108712,982,2025-12-02 10:13:22,completed,paypal,,0.0,2025-12,2025,12
108713,3149,2025-12-02 10:50:01,completed,credit_card,holiday20,0.0,2025-12,2025,12
108714,317,2025-12-02 11:37:02,completed,credit_card,,0.0,2025-12,2025,12
108715,2924,2025-12-02 13:26:18,completed,credit_card,,0.0,2025-12,2025,12
108716,1241,2025-12-02 15:26:11,completed,apple_pay,holiday20,6.95,2025-12,2025,12
108717,1101,2025-12-02 15:34:24,completed,credit_card,holiday20,6.95,2025-12,2025,12
108718,3282,2025-12-02 15:43:16,completed,credit_card,,6.95,2025-12,2025,12
108719,1162,2025-12-02 16:37:25,completed,credit_card,holiday20,0.0,2025-12,2025,12
108720,943,2025-12-02 19:08:19,completed,credit_card,,0.0,2025-12,2025,12
108721,2424,2025-12-02 20:01:51,completed,credit_card,holiday20,6.95,2025-12,2025,12
108722,1803,2025-12-02 20:54:47,completed,credit_card,holiday20,0.0,2025-12,2025,12
108723,987,2025-12-02 21:43:34,completed,credit_card,holiday20,6.95,2025-12,2025,12
108724,576,2025-12-03 06:06:00,completed,credit_card,,6.95,2025-12,2025,12
108725,48,2025-12-03 07:13:26,completed,paypal,holiday20,0.0,2025-12,2025,12
108726,1223,2025-12-03 07:54:29,completed,credit_card,holiday20,0.0,2025-12,2025,12
108727,3423,2025-12-03 09:01:11,completed,credit_card,holiday20,0.0,2025-12,2025,12
108728,3177,2025-12-03 09:14:44,completed,credit_card,,0.0,2025-12,2025,12
108729,1858,2025-12-03 09:41:33,completed,apple_pay,holiday20,6.95,2025-12,2025,12
108730,2485,2025-12-03 09:42:33,canceled,credit_card,,0.0,2025-12,2025,12
108731,2532,2025-12-03 09:52:55,completed,credit_card,holiday20,0.0,2025-12,2025,12
108732,1718,2025-12-03 10:06:59,completed,credit_card,,0.0,2025-12,2025,12
108733,1682,2025-12-03 10:23:11,completed,apple_pay,holiday20,6.95,2025-12,2025,12
108734,1029,2025-12-03 10:35:54,completed,apple_pay,holiday20,0.0,2025-12,2025,12
108735,138,2025-12-03 11:59:53,completed,paypal,,0.0,2025-12,2025,12
108736,3264,2025-12-03 12:49:10,completed,apple_pay,,0.0,2025-12,2025,12
108737,2834,2025-12-03 13:41:26,canceled,paypal,,0.0,2025-12,2025,12
108738,1436,2025-12-03 13:48:33,completed,credit_card,,0.0,2025-12,2025,12
108739,2498,2025-12-03 14:47:01,completed,credit_card,,6.95,2025-12,2025,12
108740,1726,2025-12-03 16:09:41,completed,credit_card,,6.95,2025-12,2025,12
108741,2048,2025-12-03 16:17:18,returned,credit_card,holiday20,6.95,2025-12,2025,12
108742,1642,2025-12-03 17:42:31,completed,paypal,,0.0,2025-12,2025,12
108743,1682,2025-12-03 21:44:32,completed,apple_pay,,0.0,2025-12,2025,12
108744,1805,2025-12-03 23:12:13,canceled,credit_card,holiday20,0.0,2025-12,2025,12
108745,2579,2025-12-03 23:49:52,completed,apple_pay,,0.0,2025-12,2025,12
108746,1242,2025-12-04 06:32:18,completed,credit_card,holiday20,0.0,2025-12,2025,12
108747,1365,2025-12-04 06:33:23,completed,apple_pay,,0.0,2025-12,2025,12
108748,2377,2025-12-04 07:28:40,completed,credit_card,,0.0,2025-12,2025,12
108749,1436,2025-12-04 10:16:28,completed,credit_card,,0.0,2025-12,2025,12
108750,649,2025-12-04 11:03:30,completed,credit_card,,0.0,2025-12,2025,12
108751,1363,2025-12-04 12:51:21,completed,apple_pay,,0.0,2025-12,2025,12
108752,1703,2025-12-04 12:52:51,completed,credit_card,,0.0,2025-12,2025,12
108753,2894,2025-12-04 13:26:59,completed,apple_pay,,0.0,2025-12,2025,12
108754,2080,2025-12-04 13:36:30,completed,credit_card,,0.0,2025-12,2025,12
108755,1878,2025-12-04 14:49:26,completed,gift_card,,0.0,2025-12,2025,12
108756,411,2025-12-04 15:06:59,completed,paypal,,6.95,2025-12,2025,12
108757,192,2025-12-04 15:09:14,completed,gift_card,holiday20,0.0,2025-12,2025,12
108758,885,2025-12-04 17:26:43,completed,paypal,,0.0,2025-12,2025,12
108759,2222,2025-12-04 18:11:30,completed,apple_pay,holiday20,6.95,2025-12,2025,12
108760,300,2025-12-04 18:22:02,completed,credit_card,,0.0,2025-12,2025,12
108761,385,2025-12-04 20:18:08,completed,apple_pay,holiday20,6.95,2025-12,2025,12
108762,803,2025-12-04 20:29:56,completed,paypal,,6.95,2025-12,2025,12
108763,1760,2025-12-04 22:12:09,completed,paypal,welcome10,0.0,2025-12,2025,12
108764,3250,2025-12-04 22:22:48,completed,credit_card,holiday20,6.95,2025-12,2025,12
108765,3131,2025-12-04 22:40:36,completed,credit_card,holiday20,6.95,2025-12,2025,12
108766,1433,2025-12-04 22:46:25,completed,apple_pay,,6.95,2025-12,2025,12
108767,1989,2025-12-04 22:55:23,completed,gift_card,,6.95,2025-12,2025,12
108768,1488,2025-12-04 22:56:23,completed,credit_card,,0.0,2025-12,2025,12
108769,1569,2025-12-04 22:58:47,completed,paypal,holiday20,0.0,2025-12,2025,12
108770,1243,2025-12-04 23:35:47,returned,gift_card,,0.0,2025-12,2025,12
108771,948,2025-12-04 23:41:04,completed,apple_pay,,6.95,2025-12,2025,12
108772,6,2025-12-05 07:09:17,completed,apple_pay,,0.0,2025-12,2025,12
108773,2770,2025-12-05 07:49:48,completed,gift_card,,0.0,2025-12,2025,12
108774,577,2025-12-05 08:09:03,completed,credit_card,,0.0,2025-12,2025,12
108775,2679,2025-12-05 08:15:34,completed,credit_card,holiday20,6.95,2025-12,2025,12
108776,454,2025-12-05 08:15:43,completed,credit_card,holiday20,0.0,2025-12,2025,12
108777,3339,2025-12-05 10:25:03,completed,paypal,,6.95,2025-12,2025,12
108778,2626,2025-12-05 11:39:26,completed,paypal,,0.0,2025-12,2025,12
108779,564,2025-12-05 12:03:47,completed,credit_card,,6.95,2025-12,2025,12
108780,3366,2025-12-05 12:49:40,completed,credit_card,holiday20,0.0,2025-12,2025,12
108781,1712,2025-12-05 13:39:14,completed,credit_card,,0.0,2025-12,2025,12
108782,2651,2025-12-05 14:48:20,completed,credit_card,holiday20,6.95,2025-12,2025,12
108783,2033,2025-12-05 15:25:41,completed,credit_card,holiday20,0.0,2025-12,2025,12
108784,2481,2025-12-05 15:32:02,completed,paypal,,0.0,2025-12,2025,12
108785,1184,2025-12-05 16:17:31,completed,paypal,,6.95,2025-12,2025,12
108786,2286,2025-12-05 16:35:52,returned,paypal,holiday20,0.0,2025-12,2025,12
108787,3449,2025-12-05 16:44:50,canceled,gift_card,,0.0,2025-12,2025,12
108788,1054,2025-12-05 20:00:56,completed,credit_card,,0.0,2025-12,2025,12
108789,17,2025-12-05 20:08:56,completed,credit_card,,0.0,2025-12,2025,12
108790,2353,2025-12-05 21:09:49,completed,credit_card,,0.0,2025-12,2025,12
108791,642,2025-12-05 21:20:17,completed,credit_card,holiday20,6.95,2025-12,2025,12
108792,2640,2025-12-05 21:26:17,completed,credit_card,holiday20,0.0,2025-12,2025,12
108793,972,2025-12-05 21:48:12,completed,apple_pay,,0.0,2025-12,2025,12
108794,3578,2025-12-05 21:56:18,completed,gift_card,,0.0,2025-12,2025,12
108795,2710,2025-12-05 22:16:28,completed,paypal,,6.95,2025-12,2025,12
108796,1887,2025-12-05 23:17:47,completed,paypal,,6.95,2025-12,2025,12
108797,727,2025-12-05 23:35:52,completed,apple_pay,,0.0,2025-12,2025,12
108798,3538,2025-12-06 06:51:54,completed,credit_card,,0.0,2025-12,2025,12
108799,922,2025-12-06 07:37:58,canceled,paypal,,0.0,2025-12,2025,12
108800,3470,2025-12-06 08:40:07,returned,credit_card,,0.0,2025-12,2025,12
108801,29,2025-12-06 08:53:05,completed,credit_card,,0.0,2025-12,2025,12
108802,1729,2025-12-06 09:02:15,completed,paypal,,0.0,2025-12,2025,12
108803,2838,2025-12-06 10:33:59,completed,credit_card,holiday20,0.0,2025-12,2025,12
108804,2698,2025-12-06 11:23:52,completed,apple_pay,,0.0,2025-12,2025,12
108805,2630,2025-12-06 11:24:18,completed,apple_pay,holiday20,0.0,2025-12,2025,12
108806,1223,2025-12-06 11:26:04,completed,gift_card,,0.0,2025-12,2025,12
108807,3405,2025-12-06 11:34:00,completed,credit_card,,0.0,2025-12,2025,12
108808,1269,2025-12-06 12:46:22,canceled,apple_pay,holiday20,0.0,2025-12,2025,12
108809,1311,2025-12-06 14:34:28,completed,credit_card,holiday20,6.95,2025-12,2025,12
108810,2715,2025-12-06 14:52:22,completed,paypal,holiday20,0.0,2025-12,2025,12
108811,2736,2025-12-06 15:29:57,completed,credit_card,welcome10,0.0,2025-12,2025,12
108812,687,2025-12-06 15:39:20,completed,credit_card,,0.0,2025-12,2025,12
108813,1448,2025-12-06 16:01:02,completed,apple_pay,,0.0,2025-12,2025,12
108814,1659,2025-12-06 17:38:22,completed,credit_card,,0.0,2025-12,2025,12
108815,3122,2025-12-06 19:21:42,completed,apple_pay,holiday20,0.0,2025-12,2025,12
108816,3346,2025-12-06 23:45:49,completed,credit_card,,0.0,2025-12,2025,12
108817,2314,2025-12-07 07:05:41,completed,paypal,,0.0,2025-12,2025,12
108818,2994,2025-12-07 07:15:03,completed,gift_card,holiday20,0.0,2025-12,2025,12
108819,3034,2025-12-07 10:43:10,completed,credit_card,holiday20,6.95,2025-12,2025,12
108820,1704,2025-12-07 11:06:04,completed,credit_card,,0.0,2025-12,2025,12
108821,1020,2025-12-07 11:25:07,completed,credit_card,,0.0,2025-12,2025,12
108822,2958,2025-12-07 11:31:45,completed,credit_card,,0.0,2025-12,2025,12
108823,2917,2025-12-07 13:06:31,canceled,paypal,holiday20,0.0,2025-12,2025,12
108824,1803,2025-12-07 13:32:36,completed,paypal,,0.0,2025-12,2025,12
108825,2377,2025-12-07 13:37:33,completed,credit_card,,0.0,2025-12,2025,12
108826,1702,2025-12-07 14:19:29,completed,credit_card,,0.0,2025-12,2025,12
108827,962,2025-12-07 16:05:42,canceled,gift_card,holiday20,6.95,2025-12,2025,12
108828,3189,2025-12-07 16:48:07,completed,gift_card,,0.0,2025-12,2025,12
108829,413,2025-12-07 16:55:57,completed,paypal,,0.0,2025-12,2025,12
108830,3371,2025-12-07 17:31:21,completed,credit_card,,0.0,2025-12,2025,12
108831,192,2025-12-07 20:20:54,completed,apple_pay,holiday20,0.0,2025-12,2025,12
108832,1433,2025-12-07 22:24:15,completed,paypal,,0.0,2025-12,2025,12
108833,1219,2025-12-07 22:35:44,completed,credit_card,,0.0,2025-12,2025,12
108834,2266,2025-12-07 22:45:24,completed,apple_pay,,6.95,2025-12,2025,12
108835,2926,2025-12-07 22:52:26,completed,credit_card,holiday20,6.95,2025-12,2025,12
108836,87,2025-12-08 06:06:45,completed,apple_pay,holiday20,6.95,2025-12,2025,12
108837,422,2025-12-08 09:11:50,completed,credit_card,,0.0,2025-12,2025,12
108838,3039,2025-12-08 11:16:45,completed,credit_card,,0.0,2025-12,2025,12
108839,2893,2025-12-08 11:28:49,completed,credit_card,,0.0,2025-12,2025,12
108840,187,2025-12-08 12:30:29,completed,credit_card,holiday20,0.0,2025-12,2025,12
108841,2491,2025-12-08 14:14:41,returned,credit_card,,0.0,2025-12,2025,12
108842,307,2025-12-08 14:18:39,completed,credit_card,,0.0,2025-12,2025,12
108843,947,2025-12-08 14:34:49,returned,gift_card,,0.0,2025-12,2025,12
108844,1995,2025-12-08 14:59:33,completed,credit_card,,0.0,2025-12,2025,12
108845,1831,2025-12-08 16:40:08,completed,gift_card,welcome10,0.0,2025-12,2025,12
108846,2245,2025-12-08 17:17:51,completed,apple_pay,holiday20,6.95,2025-12,2025,12
108847,2743,2025-12-08 18:00:05,completed,credit_card,,0.0,2025-12,2025,12
108848,1340,2025-12-08 19:16:55,completed,credit_card,holiday20,0.0,2025-12,2025,12
108849,2312,2025-12-08 20:21:52,completed,gift_card,holiday20,6.95,2025-12,2025,12
108850,2194,2025-12-08 21:48:53,completed,paypal,,0.0,2025-12,2025,12
108851,747,2025-12-08 21:54:31,completed,gift_card,holiday20,0.0,2025-12,2025,12
108852,3362,2025-12-08 22:09:56,returned,credit_card,,0.0,2025-12,2025,12
108853,2225,2025-12-08 22:27:32,completed,credit_card,,6.95,2025-12,2025,12
108854,2308,2025-12-08 23:18:14,returned,credit_card,,0.0,2025-12,2025,12
108855,983,2025-12-09 06:21:10,completed,credit_card,,6.95,2025-12,2025,12
108856,967,2025-12-09 07:33:08,completed,apple_pay,,0.0,2025-12,2025,12
108857,647,2025-12-09 09:06:35,completed,credit_card,holiday20,6.95,2025-12,2025,12
108858,2028,2025-12-09 13:01:44,completed,paypal,,0.0,2025-12,2025,12
108859,3306,2025-12-09 14:07:03,canceled,credit_card,,0.0,2025-12,2025,12
108860,512,2025-12-09 14:50:45,completed,paypal,,6.95,2025-12,2025,12
108861,1998,2025-12-09 14:56:00,completed,credit_card,,6.95,2025-12,2025,12
108862,1001,2025-12-09 16:15:35,completed,paypal,welcome10,0.0,2025-12,2025,12
108863,1793,2025-12-09 19:28:58,completed,credit_card,,0.0,2025-12,2025,12
108864,885,2025-12-09 21:15:18,completed,credit_card,,0.0,2025-12,2025,12
108865,2692,2025-12-09 23:06:35,completed,credit_card,,0.0,2025-12,2025,12
108866,1353,2025-12-10 07:50:19,completed,credit_card,,0.0,2025-12,2025,12
108867,19,2025-12-10 09:00:25,completed,paypal,,0.0,2025-12,2025,12
108868,1870,2025-12-10 10:53:52,completed,credit_card,,0.0,2025-12,2025,12
108869,405,2025-12-10 11:55:47,returned,credit_card,holiday20,0.0,2025-12,2025,12
108870,1898,2025-12-10 12:49:56,completed,credit_card,,0.0,2025-12,2025,12
108871,579,2025-12-10 13:28:11,completed,credit_card,holiday20,0.0,2025-12,2025,12
108872,601,2025-12-10 15:20:50,returned,credit_card,,0.0,2025-12,2025,12
108873,1473,2025-12-10 15:23:20,completed,credit_card,,0.0,2025-12,2025,12
108874,1964,2025-12-10 20:23:23,completed,credit_card,holiday20,6.95,2025-12,2025,12
108875,1464,2025-12-10 22:06:28,completed,credit_card,holiday20,0.0,2025-12,2025,12
108876,54,2025-12-10 22:15:09,completed,credit_card,holiday20,6.95,2025-12,2025,12
108877,1443,2025-12-10 23:43:11,completed,apple_pay,,0.0,2025-12,2025,12
108878,2579,2025-12-11 06:19:59,completed,paypal,,0.0,2025-12,2025,12
108879,890,2025-12-11 07:51:12,completed,credit_card,holiday20,0.0,2025-12,2025,12
108880,1508,2025-12-11 07:59:46,completed,credit_card,,0.0,2025-12,2025,12
108881,2571,2025-12-11 08:44:27,completed,credit_card,,0.0,2025-12,2025,12
108882,2511,2025-12-11 09:56:58,completed,credit_card,holiday20,0.0,2025-12,2025,12
108883,2371,2025-12-11 10:20:57,completed,paypal,,6.95,2025-12,2025,12
108884,3032,2025-12-11 12:00:44,completed,credit_card,,6.95,2025-12,2025,12
108885,1917,2025-12-11 12:04:02,returned,gift_card,,0.0,2025-12,2025,12
108886,1061,2025-12-11 13:12:29,completed,credit_card,holiday20,0.0,2025-12,2025,12
108887,3098,2025-12-11 14:31:11,completed,apple_pay,,6.95,2025-12,2025,12
108888,3412,2025-12-11 17:04:51,completed,credit_card,holiday20,0.0,2025-12,2025,12
108889,852,2025-12-11 19:06:30,completed,paypal,holiday20,6.95,2025-12,2025,12
108890,2700,2025-12-11 19:13:42,completed,credit_card,,0.0,2025-12,2025,12
108891,2323,2025-12-11 21:20:33,completed,credit_card,,0.0,2025-12,2025,12
108892,2414,2025-12-11 21:36:41,completed,paypal,holiday20,6.95,2025-12,2025,12
108893,2613,2025-12-11 21:55:27,completed,apple_pay,,0.0,2025-12,2025,12
108894,1313,2025-12-11 23:03:41,completed,gift_card,holiday20,0.0,2025-12,2025,12
108895,1443,2025-12-11 23:24:26,completed,credit_card,holiday20,0.0,2025-12,2025,12
108896,814,2025-12-11 23:40:14,completed,credit_card,,0.0,2025-12,2025,12
108897,1956,2025-12-12 08:59:16,completed,credit_card,,6.95,2025-12,2025,12
108898,3373,2025-12-12 09:29:16,completed,credit_card,,0.0,2025-12,2025,12
108899,501,2025-12-12 13:47:20,completed,credit_card,,0.0,2025-12,2025,12
108900,2413,2025-12-12 14:00:39,completed,paypal,,0.0,2025-12,2025,12
108901,1890,2025-12-12 14:03:10,completed,credit_card,,0.0,2025-12,2025,12
108902,2457,2025-12-12 15:55:20,canceled,apple_pay,,0.0,2025-12,2025,12
108903,271,2025-12-12 16:40:52,canceled,gift_card,,0.0,2025-12,2025,12
108904,967,2025-12-12 18:17:48,completed,paypal,holiday20,0.0,2025-12,2025,12
108905,443,2025-12-12 19:36:36,completed,gift_card,,0.0,2025-12,2025,12
108906,294,2025-12-12 20:38:43,completed,apple_pay,,6.95,2025-12,2025,12
108907,2901,2025-12-12 21:42:03,completed,credit_card,holiday20,0.0,2025-12,2025,12
108908,2008,2025-12-12 21:54:37,completed,credit_card,welcome10,0.0,2025-12,2025,12
108909,3306,2025-12-13 06:53:27,completed,credit_card,,6.95,2025-12,2025,12
108910,1149,2025-12-13 06:53:58,completed,credit_card,,6.95,2025-12,2025,12
108911,819,2025-12-13 07:49:22,completed,credit_card,holiday20,6.95,2025-12,2025,12
108912,2485,2025-12-13 08:14:43,completed,paypal,holiday20,0.0,2025-12,2025,12
108913,3507,2025-12-13 08:45:11,completed,gift_card,,6.95,2025-12,2025,12
108914,2205,2025-12-13 09:10:43,completed,credit_card,,0.0,2025-12,2025,12
108915,1971,2025-12-13 09:20:01,completed,paypal,,0.0,2025-12,2025,12
108916,3543,2025-12-13 10:22:12,completed,credit_card,,0.0,2025-12,2025,12
108917,363,2025-12-13 11:14:26,completed,apple_pay,,6.95,2025-12,2025,12
108918,2343,2025-12-13 11:33:31,completed,credit_card,,6.95,2025-12,2025,12
108919,455,2025-12-13 11:38:46,completed,apple_pay,,0.0,2025-12,2025,12
108920,2546,2025-12-13 11:52:14,completed,credit_card,,0.0,2025-12,2025,12
108921,3185,2025-12-13 13:09:56,completed,credit_card,,0.0,2025-12,2025,12
108922,2214,2025-12-13 14:03:10,completed,credit_card,,0.0,2025-12,2025,12
108923,1340,2025-12-13 14:06:10,completed,credit_card,holiday20,6.95,2025-12,2025,12
108924,675,2025-12-13 14:11:53,completed,credit_card,,6.95,2025-12,2025,12
108925,3119,2025-12-13 15:03:52,completed,credit_card,,0.0,2025-12,2025,12
108926,2312,2025-12-13 16:29:38,completed,apple_pay,holiday20,0.0,2025-12,2025,12
108927,3248,2025-12-13 16:32:59,completed,credit_card,,0.0,2025-12,2025,12
108928,2227,2025-12-13 17:04:06,completed,paypal,holiday20,0.0,2025-12,2025,12
108929,3438,2025-12-13 17:39:36,completed,credit_card,,0.0,2025-12,2025,12
108930,3499,2025-12-13 17:41:59,completed,paypal,,0.0,2025-12,2025,12
108931,755,2025-12-13 19:21:40,completed,credit_card,holiday20,0.0,2025-12,2025,12
108932,2424,2025-12-13 20:15:18,completed,credit_card,,0.0,2025-12,2025,12
108933,783,2025-12-13 21:59:38,completed,apple_pay,holiday20,0.0,2025-12,2025,12
108934,1961,2025-12-13 22:20:12,completed,credit_card,,0.0,2025-12,2025,12
108935,3423,2025-12-13 23:34:04,completed,credit_card,holiday20,0.0,2025-12,2025,12
108936,1403,2025-12-14 06:54:56,completed,apple_pay,holiday20,6.95,2025-12,2025,12
108937,2679,2025-12-14 07:07:20,completed,credit_card,,0.0,2025-12,2025,12
108938,113,2025-12-14 09:22:48,completed,paypal,,6.95,2025-12,2025,12
108939,590,2025-12-14 09:26:18,completed,credit_card,holiday20,0.0,2025-12,2025,12
108940,2973,2025-12-14 10:32:12,completed,apple_pay,holiday20,6.95,2025-12,2025,12
108941,966,2025-12-14 11:00:05,completed,apple_pay,,0.0,2025-12,2025,12
108942,2367,2025-12-14 11:23:09,completed,credit_card,,6.95,2025-12,2025,12
108943,381,2025-12-14 12:07:26,completed,paypal,holiday20,0.0,2025-12,2025,12
108944,2715,2025-12-14 12:20:04,completed,credit_card,,0.0,2025-12,2025,12
108945,474,2025-12-14 12:34:00,completed,credit_card,holiday20,0.0,2025-12,2025,12
108946,2008,2025-12-14 12:56:16,completed,credit_card,,0.0,2025-12,2025,12
108947,3157,2025-12-14 13:27:09,completed,apple_pay,holiday20,0.0,2025-12,2025,12
108948,1294,2025-12-14 14:02:43,completed,credit_card,,0.0,2025-12,2025,12
108949,441,2025-12-14 14:49:27,completed,apple_pay,,6.95,2025-12,2025,12
108950,928,2025-12-14 14:51:34,completed,paypal,holiday20,0.0,2025-12,2025,12
108951,2292,2025-12-14 15:01:56,returned,paypal,,0.0,2025-12,2025,12
108952,13,2025-12-14 15:27:55,completed,apple_pay,,0.0,2025-12,2025,12
108953,668,2025-12-14 15:27:58,completed,credit_card,holiday20,0.0,2025-12,2025,12
108954,485,2025-12-14 17:31:40,completed,gift_card,holiday20,0.0,2025-12,2025,12
108955,579,2025-12-14 17:52:42,completed,credit_card,,0.0,2025-12,2025,12
108956,2033,2025-12-14 18:11:14,completed,paypal,,0.0,2025-12,2025,12
108957,3120,2025-12-14 19:33:19,completed,apple_pay,,0.0,2025-12,2025,12
108958,803,2025-12-14 20:29:35,completed,gift_card,,0.0,2025-12,2025,12
108959,3363,2025-12-14 21:08:07,canceled,credit_card,holiday20,6.95,2025-12,2025,12
108960,1858,2025-12-14 22:17:08,completed,apple_pay,holiday20,0.0,2025-12,2025,12
108961,1858,2025-12-14 22:48:46,completed,paypal,holiday20,0.0,2025-12,2025,12
108962,2105,2025-12-14 22:50:23,completed,gift_card,,0.0,2025-12,2025,12
108963,1501,2025-12-15 07:34:12,completed,credit_card,welcome10,6.95,2025-12,2025,12
108964,3570,2025-12-15 07:34:30,completed,paypal,,0.0,2025-12,2025,12
108965,2108,2025-12-15 08:22:30,completed,credit_card,welcome10,0.0,2025-12,2025,12
108966,3068,2025-12-15 10:09:22,completed,credit_card,holiday20,0.0,2025-12,2025,12
108967,3051,2025-12-15 10:22:17,completed,credit_card,holiday20,6.95,2025-12,2025,12
108968,721,2025-12-15 11:13:54,completed,paypal,,0.0,2025-12,2025,12
108969,2197,2025-12-15 12:20:46,completed,credit_card,,0.0,2025-12,2025,12
108970,1170,2025-12-15 15:32:40,completed,credit_card,,0.0,2025-12,2025,12
108971,886,2025-12-15 16:15:13,completed,credit_card,,0.0,2025-12,2025,12
108972,405,2025-12-15 18:18:56,completed,apple_pay,,0.0,2025-12,2025,12
108973,398,2025-12-15 18:28:03,completed,apple_pay,,0.0,2025-12,2025,12
108974,2417,2025-12-15 20:00:11,completed,paypal,,0.0,2025-12,2025,12
108975,1761,2025-12-15 20:18:18,completed,paypal,welcome10,6.95,2025-12,2025,12
108976,648,2025-12-15 23:27:41,canceled,credit_card,holiday20,6.95,2025-12,2025,12
108977,48,2025-12-15 23:47:25,completed,paypal,holiday20,0.0,2025-12,2025,12
108978,899,2025-12-16 06:22:14,returned,paypal,,0.0,2025-12,2025,12
108979,1269,2025-12-16 06:43:34,completed,credit_card,,0.0,2025-12,2025,12
108980,886,2025-12-16 07:20:19,completed,paypal,,6.95,2025-12,2025,12
108981,2214,2025-12-16 08:56:20,completed,credit_card,,0.0,2025-12,2025,12
108982,2383,2025-12-16 12:09:09,completed,gift_card,,0.0,2025-12,2025,12
108983,1381,2025-12-16 12:55:13,completed,gift_card,,0.0,2025-12,2025,12
108984,1311,2025-12-16 14:05:48,completed,gift_card,holiday20,0.0,2025-12,2025,12
108985,443,2025-12-16 16:35:52,completed,credit_card,,0.0,2025-12,2025,12
108986,2286,2025-12-16 18:07:58,completed,paypal,,0.0,2025-12,2025,12
108987,441,2025-12-16 18:56:11,completed,apple_pay,,0.0,2025-12,2025,12
108988,2492,2025-12-16 19:08:43,completed,paypal,holiday20,0.0,2025-12,2025,12
108989,890,2025-12-16 21:11:02,completed,paypal,,0.0,2025-12,2025,12
108990,249,2025-12-16 22:00:52,completed,credit_card,,0.0,2025-12,2025,12
108991,48,2025-12-16 22:23:18,completed,paypal,,0.0,2025-12,2025,12
108992,972,2025-12-16 22:38:50,completed,apple_pay,,6.95,2025-12,2025,12
108993,1998,2025-12-16 23:08:58,completed,credit_card,,6.95,2025-12,2025,12
108994,45,2025-12-16 23:43:17,completed,paypal,holiday20,0.0,2025-12,2025,12
108995,1893,2025-12-17 06:00:34,completed,apple_pay,,0.0,2025-12,2025,12
108996,1151,2025-12-17 06:37:03,completed,paypal,,0.0,2025-12,2025,12
108997,648,2025-12-17 06:39:54,completed,credit_card,holiday20,0.0,2025-12,2025,12
108998,781,2025-12-17 07:01:48,returned,credit_card,welcome10,0.0,2025-12,2025,12
108999,411,2025-12-17 07:52:57,completed,credit_card,,6.95,2025-12,2025,12
109000,1889,2025-12-17 08:33:14,completed,credit_card,holiday20,0.0,2025-12,2025,12
109001,1280,2025-12-17 10:10:10,completed,credit_card,,0.0,2025-12,2025,12
109002,3499,2025-12-17 11:11:54,completed,credit_card,,0.0,2025-12,2025,12
109003,981,2025-12-17 11:25:20,completed,credit_card,holiday20,0.0,2025-12,2025,12
109004,2377,2025-12-17 11:34:49,completed,apple_pay,holiday20,0.0,2025-12,2025,12
109005,2194,2025-12-17 11:49:00,completed,apple_pay,holiday20,0.0,2025-12,2025,12
109006,2481,2025-12-17 13:18:43,completed,paypal,,0.0,2025-12,2025,12
109007,1510,2025-12-17 14:45:35,completed,credit_card,,6.95,2025-12,2025,12
109008,1200,2025-12-17 15:19:15,completed,credit_card,holiday20,0.0,2025-12,2025,12
109009,3298,2025-12-17 18:05:35,completed,apple_pay,,0.0,2025-12,2025,12
109010,112,2025-12-17 18:23:06,completed,paypal,,0.0,2025-12,2025,12
109011,3172,2025-12-17 18:53:27,completed,gift_card,,0.0,2025-12,2025,12
109012,2970,2025-12-17 20:19:57,completed,credit_card,,6.95,2025-12,2025,12
109013,3427,2025-12-17 21:45:59,completed,credit_card,holiday20,0.0,2025-12,2025,12
109014,3232,2025-12-17 22:26:53,completed,credit_card,,6.95,2025-12,2025,12
109015,1321,2025-12-17 23:10:01,completed,apple_pay,,0.0,2025-12,2025,12
109016,2640,2025-12-17 23:35:27,completed,apple_pay,holiday20,0.0,2025-12,2025,12
109017,1528,2025-12-17 23:38:36,completed,credit_card,holiday20,6.95,2025-12,2025,12
109018,906,2025-12-17 23:51:17,completed,credit_card,,6.95,2025-12,2025,12
109019,443,2025-12-18 06:07:52,completed,apple_pay,,6.95,2025-12,2025,12
109020,2377,2025-12-18 06:21:32,completed,credit_card,,0.0,2025-12,2025,12
109021,3015,2025-12-18 06:34:48,completed,paypal,,0.0,2025-12,2025,12
109022,2166,2025-12-18 06:49:29,completed,paypal,welcome10,0.0,2025-12,2025,12
109023,2334,2025-12-18 07:09:21,completed,credit_card,holiday20,6.95,2025-12,2025,12
109024,802,2025-12-18 07:40:44,completed,credit_card,,0.0,2025-12,2025,12
109025,2114,2025-12-18 09:48:55,completed,credit_card,holiday20,0.0,2025-12,2025,12
109026,2953,2025-12-18 10:06:45,completed,paypal,,6.95,2025-12,2025,12
109027,103,2025-12-18 10:28:46,completed,credit_card,,0.0,2025-12,2025,12
109028,2911,2025-12-18 10:53:49,completed,paypal,,0.0,2025-12,2025,12
109029,2039,2025-12-18 11:10:42,completed,paypal,,0.0,2025-12,2025,12
109030,79,2025-12-18 11:38:17,completed,paypal,holiday20,6.95,2025-12,2025,12
109031,2787,2025-12-18 12:23:08,completed,credit_card,,0.0,2025-12,2025,12
109032,780,2025-12-18 12:29:36,completed,paypal,,0.0,2025-12,2025,12
109033,924,2025-12-18 13:40:23,completed,credit_card,,0.0,2025-12,2025,12
109034,2887,2025-12-18 16:26:27,completed,apple_pay,,0.0,2025-12,2025,12
109035,1629,2025-12-18 17:25:09,completed,paypal,,0.0,2025-12,2025,12
109036,1448,2025-12-18 19:59:44,completed,credit_card,,0.0,2025-12,2025,12
109037,2194,2025-12-18 20:02:33,completed,credit_card,holiday20,6.95,2025-12,2025,12
109038,367,2025-12-18 20:11:24,completed,credit_card,,6.95,2025-12,2025,12
109039,2383,2025-12-18 22:03:23,completed,credit_card,holiday20,0.0,2025-12,2025,12
109040,2746,2025-12-19 06:45:31,completed,credit_card,,0.0,2025-12,2025,12
109041,3014,2025-12-19 07:02:21,returned,apple_pay,holiday20,0.0,2025-12,2025,12
109042,3172,2025-12-19 08:01:28,completed,credit_card,,0.0,2025-12,2025,12
109043,1812,2025-12-19 08:23:10,completed,credit_card,holiday20,0.0,2025-12,2025,12
109044,2721,2025-12-19 09:08:21,canceled,credit_card,holiday20,0.0,2025-12,2025,12
109045,216,2025-12-19 09:22:13,completed,credit_card,,0.0,2025-12,2025,12
109046,2897,2025-12-19 11:13:00,completed,apple_pay,,0.0,2025-12,2025,12
109047,21,2025-12-19 11:36:37,completed,credit_card,,6.95,2025-12,2025,12
109048,188,2025-12-19 14:09:18,completed,credit_card,holiday20,0.0,2025-12,2025,12
109049,3490,2025-12-19 14:45:12,completed,credit_card,holiday20,0.0,2025-12,2025,12
109050,2160,2025-12-19 15:31:37,completed,credit_card,,0.0,2025-12,2025,12
109051,1469,2025-12-19 16:05:44,completed,credit_card,holiday20,0.0,2025-12,2025,12
109052,1230,2025-12-19 16:58:44,completed,credit_card,,0.0,2025-12,2025,12
109053,1466,2025-12-19 18:19:13,completed,apple_pay,,0.0,2025-12,2025,12
109054,2750,2025-12-19 18:45:39,completed,credit_card,,0.0,2025-12,2025,12
109055,3062,2025-12-19 20:34:59,completed,gift_card,holiday20,0.0,2025-12,2025,12
109056,3500,2025-12-19 20:53:15,completed,apple_pay,,0.0,2025-12,2025,12
109057,2,2025-12-19 21:09:56,completed,credit_card,,0.0,2025-12,2025,12
109058,2424,2025-12-19 22:05:10,completed,credit_card,,0.0,2025-12,2025,12
109059,2138,2025-12-20 06:38:59,completed,paypal,holiday20,0.0,2025-12,2025,12
109060,3597,2025-12-20 07:22:05,completed,credit_card,,0.0,2025-12,2025,12
109061,1964,2025-12-20 07:50:47,completed,credit_card,holiday20,0.0,2025-12,2025,12
109062,1485,2025-12-20 08:56:58,completed,apple_pay,holiday20,0.0,2025-12,2025,12
109063,2121,2025-12-20 10:03:45,completed,credit_card,holiday20,0.0,2025-12,2025,12
109064,2048,2025-12-20 10:07:24,completed,credit_card,,6.95,2025-12,2025,12
109065,3287,2025-12-20 10:25:47,completed,apple_pay,,0.0,2025-12,2025,12
109066,516,2025-12-20 10:57:23,completed,credit_card,,0.0,2025-12,2025,12
109067,1503,2025-12-20 13:15:00,completed,credit_card,holiday20,6.95,2025-12,2025,12
109069,1044,2025-12-20 14:28:46,completed,credit_card,holiday20,6.95,2025-12,2025,12
109070,886,2025-12-20 14:58:36,completed,paypal,,6.95,2025-12,2025,12
109071,947,2025-12-20 17:09:11,completed,credit_card,,0.0,2025-12,2025,12
109072,301,2025-12-20 17:40:25,completed,gift_card,,0.0,2025-12,2025,12
109073,3447,2025-12-20 21:39:01,completed,paypal,holiday20,6.95,2025-12,2025,12
109074,2151,2025-12-20 21:50:13,completed,credit_card,,0.0,2025-12,2025,12
109075,1898,2025-12-21 08:39:00,completed,credit_card,,6.95,2025-12,2025,12
109076,717,2025-12-21 09:00:45,completed,credit_card,,0.0,2025-12,2025,12
109077,769,2025-12-21 11:06:34,completed,apple_pay,,0.0,2025-12,2025,12
109078,1932,2025-12-21 12:36:14,completed,paypal,holiday20,0.0,2025-12,2025,12
109079,1673,2025-12-21 14:32:40,completed,credit_card,,0.0,2025-12,2025,12
109080,2867,2025-12-21 18:22:05,canceled,credit_card,holiday20,0.0,2025-12,2025,12
109081,598,2025-12-21 21:06:17,completed,gift_card,holiday20,0.0,2025-12,2025,12
109082,549,2025-12-21 21:21:07,completed,credit_card,holiday20,0.0,2025-12,2025,12
109083,721,2025-12-21 21:40:16,completed,credit_card,holiday20,6.95,2025-12,2025,12
109084,97,2025-12-21 22:25:34,completed,credit_card,holiday20,6.95,2025-12,2025,12
109085,1717,2025-12-21 23:06:49,completed,credit_card,,6.95,2025-12,2025,12
109086,1902,2025-12-22 07:39:34,completed,paypal,holiday20,0.0,2025-12,2025,12
109088,444,2025-12-22 10:00:45,completed,credit_card,,0.0,2025-12,2025,12
109089,1532,2025-12-22 10:14:31,completed,paypal,holiday20,0.0,2025-12,2025,12
109090,489,2025-12-22 11:16:05,returned,credit_card,,0.0,2025-12,2025,12
109091,151,2025-12-22 11:52:52,completed,credit_card,,0.0,2025-12,2025,12
109092,56,2025-12-22 11:54:44,completed,credit_card,holiday20,6.95,2025-12,2025,12
109093,2022,2025-12-22 14:17:17,returned,paypal,holiday20,6.95,2025-12,2025,12
109094,2160,2025-12-22 14:18:30,completed,paypal,,0.0,2025-12,2025,12
109095,924,2025-12-22 14:20:05,completed,apple_pay,holiday20,6.95,2025-12,2025,12
109096,2887,2025-12-22 15:25:14,completed,credit_card,holiday20,0.0,2025-12,2025,12
109097,1209,2025-12-22 15:50:18,completed,gift_card,,6.95,2025-12,2025,12
109098,3319,2025-12-22 16:12:03,completed,apple_pay,,0.0,2025-12,2025,12
109099,1589,2025-12-22 17:38:32,completed,credit_card,holiday20,0.0,2025-12,2025,12
109100,512,2025-12-22 19:06:10,completed,paypal,holiday20,6.95,2025-12,2025,12
109101,3429,2025-12-22 19:47:52,completed,credit_card,,0.0,2025-12,2025,12
109102,2775,2025-12-22 20:17:45,completed,apple_pay,,6.95,2025-12,2025,12
109103,3096,2025-12-22 20:49:34,completed,credit_card,,0.0,2025-12,2025,12
109104,17,2025-12-22 20:51:59,completed,gift_card,,0.0,2025-12,2025,12
109105,3060,2025-12-22 21:10:33,completed,credit_card,,0.0,2025-12,2025,12
109106,3540,2025-12-23 08:58:39,completed,credit_card,holiday20,6.95,2025-12,2025,12
109107,3306,2025-12-23 10:48:53,returned,paypal,holiday20,0.0,2025-12,2025,12
109108,2184,2025-12-23 11:07:45,completed,credit_card,holiday20,6.95,2025-12,2025,12
109109,1835,2025-12-23 11:35:23,completed,paypal,holiday20,0.0,2025-12,2025,12
109110,2428,2025-12-23 12:30:25,completed,credit_card,holiday20,6.95,2025-12,2025,12
109111,2197,2025-12-23 17:06:18,completed,credit_card,,6.95,2025-12,2025,12
109112,487,2025-12-23 17:12:03,completed,credit_card,,0.0,2025-12,2025,12
109113,3015,2025-12-23 18:57:48,completed,paypal,holiday20,0.0,2025-12,2025,12
109114,1676,2025-12-23 19:02:30,completed,credit_card,holiday20,0.0,2025-12,2025,12
109115,2039,2025-12-23 19:04:41,completed,credit_card,,0.0,2025-12,2025,12
109116,1312,2025-12-23 23:14:47,completed,credit_card,,0.0,2025-12,2025,12
109117,2649,2025-12-24 07:56:15,completed,credit_card,welcome10,0.0,2025-12,2025,12
109118,13,2025-12-24 08:35:34,completed,paypal,,6.95,2025-12,2025,12
109119,445,2025-12-24 09:06:19,completed,credit_card,,0.0,2025-12,2025,12
109120,51,2025-12-24 10:12:15,completed,paypal,,6.95,2025-12,2025,12
109121,1061,2025-12-24 11:43:17,returned,credit_card,,0.0,2025-12,2025,12
109122,3401,2025-12-24 12:59:11,completed,credit_card,holiday20,6.95,2025-12,2025,12
109123,728,2025-12-24 13:40:59,completed,credit_card,holiday20,0.0,2025-12,2025,12
109124,492,2025-12-24 23:31:10,completed,credit_card,,0.0,2025-12,2025,12
109125,5,2025-12-25 06:10:21,completed,apple_pay,holiday20,6.95,2025-12,2025,12
109126,1487,2025-12-25 09:21:24,completed,credit_card,,6.95,2025-12,2025,12
109127,2381,2025-12-25 09:36:53,completed,credit_card,,0.0,2025-12,2025,12
109128,934,2025-12-25 11:05:33,completed,apple_pay,,6.95,2025-12,2025,12
109129,1506,2025-12-25 12:31:10,completed,gift_card,holiday20,6.95,2025-12,2025,12
109130,1887,2025-12-25 12:34:34,completed,credit_card,,0.0,2025-12,2025,12
109131,2194,2025-12-25 13:05:28,completed,credit_card,holiday20,0.0,2025-12,2025,12
109132,2887,2025-12-25 15:28:01,completed,apple_pay,holiday20,6.95,2025-12,2025,12
109133,3266,2025-12-25 16:06:15,completed,paypal,,0.0,2025-12,2025,12
109134,2143,2025-12-25 19:00:37,completed,credit_card,holiday20,6.95,2025-12,2025,12
109135,364,2025-12-25 19:16:45,completed,paypal,,0.0,2025-12,2025,12
109136,1071,2025-12-25 21:30:03,canceled,credit_card,,0.0,2025-12,2025,12
109137,422,2025-12-25 22:33:57,completed,credit_card,,6.95,2025-12,2025,12
109138,2491,2025-12-26 06:54:09,completed,credit_card,,0.0,2025-12,2025,12
109139,575,2025-12-26 10:54:04,completed,paypal,,0.0,2025-12,2025,12
109140,3112,2025-12-26 14:54:46,completed,apple_pay,,0.0,2025-12,2025,12
109141,2911,2025-12-26 16:11:45,canceled,credit_card,,0.0,2025-12,2025,12
109142,642,2025-12-26 19:22:29,completed,credit_card,,0.0,2025-12,2025,12
109143,3162,2025-12-26 20:20:13,completed,credit_card,,0.0,2025-12,2025,12
109144,3192,2025-12-26 20:40:38,completed,credit_card,,0.0,2025-12,2025,12
109145,2027,2025-12-26 20:47:51,completed,gift_card,,6.95,2025-12,2025,12
109146,1770,2025-12-26 23:21:27,completed,credit_card,,0.0,2025-12,2025,12
109147,127,2025-12-27 09:59:24,completed,credit_card,,0.0,2025-12,2025,12
109148,1162,2025-12-27 14:19:42,completed,credit_card,,0.0,2025-12,2025,12
109149,790,2025-12-27 16:36:57,completed,apple_pay,,6.95,2025-12,2025,12
109150,909,2025-12-27 16:39:04,returned,paypal,,0.0,2025-12,2025,12
109151,1975,2025-12-27 16:50:23,completed,paypal,,0.0,2025-12,2025,12
109152,2613,2025-12-27 17:38:05,completed,credit_card,,0.0,2025-12,2025,12
109153,2001,2025-12-27 18:06:32,completed,credit_card,,0.0,2025-12,2025,12
109154,2227,2025-12-27 18:11:35,completed,credit_card,,0.0,2025-12,2025,12
109155,2385,2025-12-27 20:00:46,completed,paypal,,0.0,2025-12,2025,12
109156,1696,2025-12-27 20:38:48,completed,credit_card,holiday20,0.0,2025-12,2025,12
109157,3066,2025-12-27 22:47:43,completed,credit_card,,6.95,2025-12,2025,12
109158,74,2025-12-28 08:49:06,completed,paypal,,6.95,2025-12,2025,12
109159,788,2025-12-28 11:12:48,completed,credit_card,,0.0,2025-12,2025,12
109160,237,2025-12-28 12:01:56,completed,credit_card,holiday20,6.95,2025-12,2025,12
109161,3056,2025-12-28 12:34:23,completed,paypal,holiday20,6.95,2025-12,2025,12
109162,2386,2025-12-28 12:54:49,completed,credit_card,,0.0,2025-12,2025,12
109163,2325,2025-12-28 12:56:38,canceled,apple_pay,holiday20,6.95,2025-12,2025,12
109164,266,2025-12-28 13:11:25,completed,credit_card,holiday20,0.0,2025-12,2025,12
109165,642,2025-12-28 15:03:20,completed,credit_card,,0.0,2025-12,2025,12
109166,2159,2025-12-28 15:09:23,completed,credit_card,,6.95,2025-12,2025,12
109167,2417,2025-12-28 15:21:37,completed,credit_card,holiday20,6.95,2025-12,2025,12
109168,522,2025-12-28 15:58:30,completed,gift_card,holiday20,0.0,2025-12,2025,12
109169,269,2025-12-28 17:26:15,completed,paypal,,6.95,2025-12,2025,12
109170,3207,2025-12-28 18:44:50,completed,credit_card,,0.0,2025-12,2025,12
109171,3493,2025-12-28 18:48:27,completed,credit_card,holiday20,6.95,2025-12,2025,12
109172,3069,2025-12-28 20:26:50,returned,gift_card,holiday20,0.0,2025-12,2025,12
109173,2361,2025-12-28 21:24:34,completed,apple_pay,,0.0,2025-12,2025,12
109174,266,2025-12-28 22:29:05,completed,paypal,,0.0,2025-12,2025,12
109175,579,2025-12-29 07:29:40,completed,paypal,holiday20,0.0,2025-12,2025,12
109176,2086,2025-12-29 14:33:19,completed,paypal,,0.0,2025-12,2025,12
109177,2582,2025-12-29 14:41:44,completed,gift_card,,0.0,2025-12,2025,12
109178,1243,2025-12-29 15:48:09,completed,gift_card,,6.95,2025-12,2025,12
109179,399,2025-12-29 17:12:10,completed,credit_card,,6.95,2025-12,2025,12
109180,2577,2025-12-29 17:52:07,completed,credit_card,holiday20,0.0,2025-12,2025,12
109181,859,2025-12-29 21:41:27,completed,credit_card,,0.0,2025-12,2025,12
109182,2691,2025-12-29 22:14:13,completed,gift_card,holiday20,6.95,2025-12,2025,12
109183,2741,2025-12-30 07:24:46,completed,apple_pay,,6.95,2025-12,2025,12
109184,518,2025-12-30 08:08:47,completed,credit_card,,6.95,2025-12,2025,12
109185,773,2025-12-30 08:16:28,completed,apple_pay,,0.0,2025-12,2025,12
109186,2654,2025-12-30 08:53:22,completed,credit_card,,6.95,2025-12,2025,12
109187,3088,2025-12-30 09:56:17,completed,gift_card,,0.0,2025-12,2025,12
109188,544,2025-12-30 10:34:04,completed,credit_card,holiday20,6.95,2025-12,2025,12
109189,1964,2025-12-30 10:37:30,completed,apple_pay,,0.0,2025-12,2025,12
109190,803,2025-12-30 14:03:11,completed,credit_card,,0.0,2025-12,2025,12
109191,1383,2025-12-30 17:07:57,completed,credit_card,,6.95,2025-12,2025,12
109192,476,2025-12-30 19:01:43,completed,credit_card,,0.0,2025-12,2025,12
109193,446,2025-12-30 19:11:58,completed,paypal,holiday20,6.95,2025-12,2025,12
109194,485,2025-12-30 21:40:41,completed,paypal,welcome10,0.0,2025-12,2025,12
109195,3304,2025-12-30 22:36:16,completed,credit_card,,0.0,2025-12,2025,12
109196,2033,2025-12-31 06:42:21,completed,credit_card,,0.0,2025-12,2025,12
109197,3405,2025-12-31 08:38:08,completed,gift_card,,0.0,2025-12,2025,12
109198,249,2025-12-31 12:31:45,completed,credit_card,,0.0,2025-12,2025,12
109199,3275,2025-12-31 12:50:44,completed,credit_card,holiday20,0.0,2025-12,2025,12
109200,369,2025-12-31 13:33:42,completed,credit_card,,0.0,2025-12,2025,12
109201,785,2025-12-31 14:03:30,completed,paypal,,0.0,2025-12,2025,12
109202,2687,2025-12-31 14:10:14,completed,apple_pay,holiday20,6.95,2025-12,2025,12
109203,3499,2025-12-31 16:50:18,completed,credit_card,holiday20,6.95,2025-12,2025,12
109204,3410,2025-12-31 17:40:58,completed,credit_card,holiday20,0.0,2025-12,2025,12
109205,2911,2025-12-31 18:21:51,completed,credit_card,,0.0,2025-12,2025,12
109206,1157,2025-12-31 21:38:59,completed,credit_card,,6.95,2025-12,2025,12
109207,2208,2025-12-31 23:23:29,completed,paypal,holiday20,0.0,2025-12,2025,12
