order_id,product_id,quantity,unit_price,discount_amount,line_revenue
100001,1031,1,38.99,0.0,38.99
100002,1087,1,45.99,0.0,45.99
100002,1072,1,141.99,0.0,141.99
100003,1048,1,139.99,0.0,139.99
100004,1083,1,19.99,2.0,17.99
100004,1023,1,135.99,13.6,122.39000000000001
100004,1051,1,53.99,5.4,48.59
100005,1013,1,124.99,0.0,124.99
100006,1002,1,138.99,0.0,138.99
100006,1077,1,25.99,0.0,25.99
100007,1003,1,22.99,0.0,22.99
100007,1039,1,483.99,0.0,483.99
100007,1074,1,19.99,0.0,19.99
100008,1050,1,146.99,0.0,146.99
100008,1031,1,38.99,0.0,38.99
100009,1048,1,139.99,0.0,139.99
100010,1075,1,50.99,0.0,50.99
100010,1008,1,43.99,0.0,43.99
100010,1028,1,77.99,0.0,77.99
100011,1008,2,43.99,0.0,87.98
100011,1007,4,71.99,0.0,287.96
100012,1024,1,59.99,0.0,59.99
100013,1076,1,138.99,0.0,138.99
100014,1014,1,36.99,0.0,36.99
100015,1085,1,115.99,0.0,115.99
100015,1057,4,205.99,0.0,823.96
100016,1005,1,79.99,0.0,79.99
100017,1017,1,86.99,0.0,86.99
100018,1007,1,71.99,0.0,71.99
100019,1034,1,68.99,0.0,68.99
100019,1024,1,59.99,0.0,59.99
100020,1082,4,104.99,0.0,419.96
100020,1006,1,16.99,0.0,16.99
100020,1034,1,68.99,0.0,68.99
100021,1046,1,142.99,0.0,142.99
100021,1033,1,85.99,0.0,85.99
100022,1017,1,86.99,0.0,86.99
100023,1009,1,131.99,0.0,131.99
100024,1057,1,205.99,0.0,205.99
100024,1087,4,45.99,0.0,183.96
100025,1025,1,166.99,0.0,166.99
100026,1001,2,61.99,0.0,123.98
100027,1018,1,212.99,0.0,212.99
100028,1014,1,36.99,0.0,36.99
100028,1055,1,200.99,0.0,200.99
100029,1034,1,68.99,0.0,68.99
100029,1082,1,104.99,0.0,104.99
100029,1090,1,17.99,0.0,17.99
100029,1027,1,90.99,0.0,90.99
100030,1011,2,34.99,0.0,69.98
100031,1071,1,9.99,0.0,9.99
100032,1031,1,38.99,0.0,38.99
100032,1067,1,34.99,0.0,34.99
100032,1086,4,97.99,0.0,391.96
100033,1088,2,20.99,0.0,41.98
100033,1086,1,97.99,0.0,97.99
100034,1072,1,141.99,0.0,141.99
100035,1007,2,71.99,0.0,143.98
100035,1064,1,153.99,0.0,153.99
100035,1072,1,141.99,0.0,141.99
100035,1086,1,97.99,0.0,97.99
100036,1072,2,141.99,0.0,283.98
100037,1032,2,81.99,0.0,163.98
100037,1004,1,75.99,0.0,75.99
100038,1046,1,142.99,0.0,142.99
100038,1075,1,50.99,0.0,50.99
100038,1011,1,34.99,0.0,34.99
100039,1009,1,131.99,0.0,131.99
100039,1054,2,229.99,0.0,459.98
100040,1036,1,58.99,0.0,58.99
100040,1075,1,50.99,0.0,50.99
100041,1083,1,19.99,0.0,19.99
100041,1021,1,123.99,0.0,123.99
100041,1085,2,115.99,0.0,231.98
100041,1072,1,141.99,0.0,141.99
100042,1058,1,93.99,9.4,84.58999999999999
100042,1088,1,20.99,2.1,18.889999999999997
100042,1074,2,19.99,4.0,35.98
100042,1010,1,96.99,9.7,87.28999999999999
100043,1026,1,161.99,0.0,161.99
100044,1049,1,126.99,0.0,126.99
100045,1034,1,68.99,0.0,68.99
100045,1007,1,71.99,0.0,71.99
100046,1070,1,122.99,0.0,122.99
100046,1079,2,61.99,0.0,123.98
100046,1074,1,19.99,0.0,19.99
100046,1025,1,166.99,0.0,166.99
100047,1037,1,28.99,0.0,28.99
100047,1076,1,138.99,0.0,138.99
100047,1075,1,50.99,0.0,50.99
100048,1001,1,61.99,0.0,61.99
100049,1027,1,90.99,0.0,90.99
100049,1075,1,50.99,0.0,50.99
100050,1053,2,37.99,0.0,75.98
100051,1025,1,166.99,0.0,166.99
100052,1055,1,200.99,0.0,200.99
100053,1049,1,126.99,0.0,126.99
100054,1085,1,115.99,0.0,115.99
100054,1030,1,7.99,0.0,7.99
100054,1087,1,45.99,0.0,45.99
100055,1038,1,313.99,0.0,313.99
100055,1080,1,134.99,0.0,134.99
100056,1079,1,61.99,6.2,55.79
100057,1076,4,138.99,0.0,555.96
100058,1011,2,34.99,0.0,69.98
100058,1080,1,134.99,0.0,134.99
100058,1016,1,180.99,0.0,180.99
100059,1014,1,36.99,0.0,36.99
100060,1089,1,53.99,0.0,53.99
100061,1030,1,7.99,0.0,7.99
100062,1020,1,54.99,0.0,54.99
100063,1054,1,229.99,0.0,229.99
100063,1053,1,37.99,0.0,37.99
100064,1050,1,146.99,14.7,132.29000000000002
100065,1044,1,529.99,0.0,529.99
100065,1073,1,69.99,0.0,69.99
100066,1085,1,115.99,0.0,115.99
100066,1089,1,53.99,0.0,53.99
100066,1035,2,51.99,0.0,103.98
100067,1042,1,773.99,0.0,773.99
100068,1030,1,7.99,0.0,7.99
100069,1078,1,85.99,0.0,85.99
100070,1009,1,131.99,0.0,131.99
100071,1016,1,180.99,18.1,162.89000000000001
100072,1033,1,85.99,0.0,85.99
100073,1074,2,19.99,0.0,39.98
100073,1003,1,22.99,0.0,22.99
100074,1034,1,68.99,0.0,68.99
100074,1055,1,200.99,0.0,200.99
100075,1051,1,53.99,0.0,53.99
100075,1074,1,19.99,0.0,19.99
100075,1008,1,43.99,0.0,43.99
100076,1081,2,74.99,0.0,149.98
100077,1074,1,19.99,0.0,19.99
100078,1047,1,194.99,0.0,194.99
100078,1023,1,135.99,0.0,135.99
100078,1014,1,36.99,0.0,36.99
100079,1027,1,90.99,0.0,90.99
100080,1090,1,17.99,0.0,17.99
100081,1088,1,20.99,0.0,20.99
100082,1002,1,138.99,0.0,138.99
100083,1001,4,61.99,0.0,247.96
100083,1018,1,212.99,0.0,212.99
100084,1023,2,135.99,0.0,271.98
100084,1013,3,124.99,0.0,374.96999999999997
100085,1055,1,200.99,0.0,200.99
100085,1008,1,43.99,0.0,43.99
100085,1009,1,131.99,0.0,131.99
100086,1036,2,58.99,0.0,117.98
100087,1028,1,77.99,0.0,77.99
100088,1027,1,90.99,0.0,90.99
100088,1018,4,212.99,0.0,851.96
100088,1048,1,139.99,0.0,139.99
100088,1025,1,166.99,0.0,166.99
100089,1010,1,96.99,0.0,96.99
100089,1003,1,22.99,0.0,22.99
100090,1019,1,77.99,0.0,77.99
100091,1087,1,45.99,0.0,45.99
100092,1072,1,141.99,0.0,141.99
100092,1034,1,68.99,0.0,68.99
100092,1082,1,104.99,0.0,104.99
100092,1077,1,25.99,0.0,25.99
100093,1076,1,138.99,0.0,138.99
100093,1017,1,86.99,0.0,86.99
100093,1020,3,54.99,0.0,164.97
100094,1056,1,239.99,0.0,239.99
100094,1085,1,115.99,0.0,115.99
100095,1058,2,93.99,0.0,187.98
100096,1024,1,59.99,0.0,59.99
100097,1079,1,61.99,0.0,61.99
100098,1042,1,773.99,0.0,773.99
100099,1075,1,50.99,0.0,50.99
100099,1009,1,131.99,0.0,131.99
100100,1039,1,483.99,0.0,483.99
100101,1005,2,79.99,0.0,159.98
100102,1018,3,212.99,0.0,638.97
100103,1024,1,59.99,0.0,59.99
100104,1040,1,476.99,0.0,476.99
100105,1060,1,134.99,0.0,134.99
100106,1072,1,141.99,0.0,141.99
100106,1057,1,205.99,0.0,205.99
100107,1072,4,141.99,0.0,567.96
100107,1039,1,483.99,0.0,483.99
100108,1030,1,7.99,0.0,7.99
100108,1005,1,79.99,0.0,79.99
100109,1028,1,77.99,0.0,77.99
100109,1058,1,93.99,0.0,93.99
100109,1034,2,68.99,0.0,137.98
100110,1085,1,115.99,0.0,115.99
100110,1057,1,205.99,0.0,205.99
100111,1052,1,208.99,0.0,208.99
100112,1026,2,161.99,0.0,323.98
100113,1001,2,61.99,0.0,123.98
100113,1035,1,51.99,0.0,51.99
100114,1003,4,22.99,0.0,91.96
100115,1087,1,45.99,0.0,45.99
100116,1014,1,36.99,0.0,36.99
100116,1087,2,45.99,0.0,91.98
100117,1024,1,59.99,0.0,59.99
100118,1037,1,28.99,0.0,28.99
100119,1044,1,529.99,0.0,529.99
100120,1059,1,467.99,0.0,467.99
100120,1026,1,161.99,0.0,161.99
100120,1054,1,229.99,0.0,229.99
100120,1052,1,208.99,0.0,208.99
100121,1001,1,61.99,0.0,61.99
100121,1012,1,109.99,0.0,109.99
100122,1002,1,138.99,0.0,138.99
100122,1088,1,20.99,0.0,20.99
100122,1075,1,50.99,0.0,50.99
100122,1026,1,161.99,0.0,161.99
100123,1002,1,138.99,0.0,138.99
100123,1048,1,139.99,0.0,139.99
100123,1069,1,26.99,0.0,26.99
100124,1022,3,88.99,0.0,266.96999999999997
100124,1015,1,96.99,0.0,96.99
100125,1032,1,81.99,0.0,81.99
100126,1074,1,19.99,0.0,19.99
100127,1079,2,61.99,0.0,123.98
100128,1075,1,50.99,0.0,50.99
100129,1008,1,43.99,0.0,43.99
100129,1016,1,180.99,0.0,180.99
100130,1013,1,124.99,0.0,124.99
100131,1082,2,104.99,0.0,209.98
100132,1009,1,131.99,0.0,131.99
100133,1007,2,71.99,0.0,143.98
100133,1024,1,59.99,0.0,59.99
100133,1006,1,16.99,0.0,16.99
100133,1049,1,126.99,0.0,126.99
100134,1085,1,115.99,0.0,115.99
100135,1032,1,81.99,0.0,81.99
100135,1075,1,50.99,0.0,50.99
100135,1034,1,68.99,0.0,68.99
100136,1003,1,22.99,0.0,22.99
100136,1058,2,93.99,0.0,187.98
100136,1090,1,17.99,0.0,17.99
100136,1027,1,90.99,0.0,90.99
100137,1004,1,75.99,0.0,75.99
100138,1031,2,38.99,0.0,77.98
100138,1023,2,135.99,0.0,271.98
100139,1077,1,25.99,0.0,25.99
100140,1058,1,93.99,0.0,93.99
100140,1078,1,85.99,0.0,85.99
100140,1004,1,75.99,0.0,75.99
100141,1026,1,161.99,0.0,161.99
100142,1017,1,86.99,0.0,86.99
100143,1033,1,85.99,0.0,85.99
100143,1055,1,200.99,0.0,200.99
100143,1003,3,22.99,0.0,68.97
100144,1001,1,61.99,0.0,61.99
100145,1025,1,166.99,0.0,166.99
100146,1029,1,30.99,0.0,30.99
100146,1026,2,161.99,0.0,323.98
100147,1080,1,134.99,0.0,134.99
100148,1022,1,88.99,0.0,88.99
100149,1081,1,74.99,0.0,74.99
100149,1010,2,96.99,0.0,193.98
100150,1055,2,200.99,0.0,401.98
100151,1058,1,93.99,0.0,93.99
100152,1079,1,61.99,0.0,61.99
100153,1032,1,81.99,0.0,81.99
100154,1050,1,146.99,0.0,146.99
100155,1014,1,36.99,0.0,36.99
100156,1084,1,112.99,0.0,112.99
100157,1038,1,313.99,0.0,313.99
100157,1050,3,146.99,0.0,440.97
100157,1074,1,19.99,0.0,19.99
100157,1014,1,36.99,0.0,36.99
100158,1012,1,109.99,0.0,109.99
100158,1015,1,96.99,0.0,96.99
100158,1007,3,71.99,0.0,215.96999999999997
100159,1003,1,22.99,0.0,22.99
100160,1023,2,135.99,0.0,271.98
100161,1012,1,109.99,0.0,109.99
100162,1001,1,61.99,0.0,61.99
100162,1084,1,112.99,0.0,112.99
100163,1054,1,229.99,0.0,229.99
100164,1007,1,71.99,0.0,71.99
100164,1024,1,59.99,0.0,59.99
100164,1071,1,9.99,0.0,9.99
100165,1021,1,123.99,12.4,111.58999999999999
100165,1087,1,45.99,4.6,41.39
100165,1009,1,131.99,13.2,118.79
100165,1002,1,138.99,13.9,125.09
100166,1018,3,212.99,0.0,638.97
100167,1019,1,77.99,0.0,77.99
100167,1073,1,69.99,0.0,69.99
100167,1035,1,51.99,0.0,51.99
100168,1076,1,138.99,0.0,138.99
100169,1014,2,36.99,0.0,73.98
100170,1069,1,26.99,0.0,26.99
100170,1024,1,59.99,0.0,59.99
100170,1083,1,19.99,0.0,19.99
100171,1071,1,9.99,0.0,9.99
100172,1032,1,81.99,0.0,81.99
100173,1020,2,54.99,0.0,109.98
100174,1040,1,476.99,0.0,476.99
100174,1058,1,93.99,0.0,93.99
100174,1078,1,85.99,0.0,85.99
100175,1011,1,34.99,0.0,34.99
100176,1001,1,61.99,0.0,61.99
100177,1001,1,61.99,0.0,61.99
100177,1045,1,506.99,0.0,506.99
100178,1014,1,36.99,0.0,36.99
100178,1036,1,58.99,0.0,58.99
100179,1036,1,58.99,0.0,58.99
100180,1073,1,69.99,0.0,69.99
100180,1052,1,208.99,0.0,208.99
100180,1044,1,529.99,0.0,529.99
100180,1061,1,45.99,0.0,45.99
100181,1036,2,58.99,0.0,117.98
100181,1030,1,7.99,0.0,7.99
100181,1074,1,19.99,0.0,19.99
100182,1075,1,50.99,5.1,45.89
100183,1006,1,16.99,0.0,16.99
100184,1074,1,19.99,0.0,19.99
100184,1023,1,135.99,0.0,135.99
100184,1018,2,212.99,0.0,425.98
100185,1084,1,112.99,0.0,112.99
100185,1070,4,122.99,0.0,491.96
100185,1040,1,476.99,0.0,476.99
100186,1090,1,17.99,0.0,17.99
100187,1019,1,77.99,0.0,77.99
100187,1069,1,26.99,0.0,26.99
100188,1001,1,61.99,0.0,61.99
100188,1089,1,53.99,0.0,53.99
100189,1051,1,53.99,0.0,53.99
100189,1055,1,200.99,0.0,200.99
100189,1007,1,71.99,0.0,71.99
100190,1035,2,51.99,0.0,103.98
100191,1033,1,85.99,0.0,85.99
100192,1010,1,96.99,0.0,96.99
100192,1026,1,161.99,0.0,161.99
100192,1041,1,553.99,0.0,553.99
100192,1017,2,86.99,0.0,173.98
100193,1078,1,85.99,0.0,85.99
100193,1029,1,30.99,0.0,30.99
100193,1030,1,7.99,0.0,7.99
100194,1016,1,180.99,0.0,180.99
100194,1058,2,93.99,0.0,187.98
100195,1059,1,467.99,0.0,467.99
100196,1082,1,104.99,0.0,104.99
100196,1051,3,53.99,0.0,161.97
100197,1080,1,134.99,0.0,134.99
100197,1034,1,68.99,0.0,68.99
100197,1077,1,25.99,0.0,25.99
100198,1020,2,54.99,0.0,109.98
100199,1043,1,127.99,0.0,127.99
100199,1074,1,19.99,0.0,19.99
100199,1077,1,25.99,0.0,25.99
100200,1043,1,127.99,0.0,127.99
100200,1081,1,74.99,0.0,74.99
100201,1081,1,74.99,0.0,74.99
100202,1030,2,7.99,0.0,15.98
100203,1076,2,138.99,0.0,277.98
100203,1060,1,134.99,0.0,134.99
100204,1014,1,36.99,0.0,36.99
100205,1037,1,28.99,2.9,26.09
100206,1072,1,141.99,0.0,141.99
100207,1078,1,85.99,0.0,85.99
100207,1071,1,9.99,0.0,9.99
100207,1001,1,61.99,0.0,61.99
100208,1080,1,134.99,0.0,134.99
100209,1052,4,208.99,0.0,835.96
100209,1053,1,37.99,0.0,37.99
100209,1050,2,146.99,0.0,293.98
100210,1014,1,36.99,0.0,36.99
100211,1030,1,7.99,0.0,7.99
100212,1031,1,38.99,0.0,38.99
100212,1001,1,61.99,0.0,61.99
100213,1078,1,85.99,0.0,85.99
100213,1004,1,75.99,0.0,75.99
100214,1017,1,86.99,0.0,86.99
100214,1008,1,43.99,0.0,43.99
100214,1034,1,68.99,0.0,68.99
100215,1081,2,74.99,0.0,149.98
100216,1087,1,45.99,0.0,45.99
100217,1019,3,77.99,0.0,233.96999999999997
100218,1008,1,43.99,0.0,43.99
100218,1019,1,77.99,0.0,77.99
100218,1049,1,126.99,0.0,126.99
100218,1017,1,86.99,0.0,86.99
100219,1003,3,22.99,0.0,68.97
100219,1019,2,77.99,0.0,155.98
100220,1090,2,17.99,0.0,35.98
100221,1071,1,9.99,0.0,9.99
100222,1028,2,77.99,0.0,155.98
100223,1035,1,51.99,0.0,51.99
100223,1079,1,61.99,0.0,61.99
100224,1053,1,37.99,0.0,37.99
100225,1034,1,68.99,0.0,68.99
100226,1071,1,9.99,0.0,9.99
100227,1090,1,17.99,0.0,17.99
100227,1087,1,45.99,0.0,45.99
100227,1078,1,85.99,0.0,85.99
100228,1075,2,50.99,0.0,101.98
100229,1052,1,208.99,0.0,208.99
100229,1081,2,74.99,0.0,149.98
100230,1010,1,96.99,0.0,96.99
100231,1089,1,53.99,5.4,48.59
100232,1028,1,77.99,0.0,77.99
100233,1001,1,61.99,0.0,61.99
100234,1087,1,45.99,0.0,45.99
100234,1035,1,51.99,0.0,51.99
100235,1012,1,109.99,0.0,109.99
100235,1051,1,53.99,0.0,53.99
100236,1082,2,104.99,0.0,209.98
100237,1074,1,19.99,0.0,19.99
100238,1043,1,127.99,0.0,127.99
100238,1015,2,96.99,0.0,193.98
100239,1021,1,123.99,0.0,123.99
100240,1034,2,68.99,0.0,137.98
100241,1024,1,59.99,0.0,59.99
100242,1009,1,131.99,0.0,131.99
100243,1015,1,96.99,0.0,96.99
100244,1015,1,96.99,0.0,96.99
100244,1078,1,85.99,0.0,85.99
100245,1009,1,131.99,0.0,131.99
100246,1022,1,88.99,0.0,88.99
100246,1079,1,61.99,0.0,61.99
100247,1090,1,17.99,0.0,17.99
100248,1035,2,51.99,0.0,103.98
100248,1008,1,43.99,0.0,43.99
100249,1002,1,138.99,0.0,138.99
100250,1015,1,96.99,0.0,96.99
100250,1072,1,141.99,0.0,141.99
100251,1071,1,9.99,0.0,9.99
100252,1034,2,68.99,0.0,137.98
100253,1080,1,134.99,0.0,134.99
100254,1032,1,81.99,0.0,81.99
100255,1090,1,17.99,0.0,17.99
100255,1057,1,205.99,0.0,205.99
100255,1028,2,77.99,0.0,155.98
100255,1050,1,146.99,0.0,146.99
100256,1073,1,69.99,0.0,69.99
100256,1085,2,115.99,0.0,231.98
100256,1009,1,131.99,0.0,131.99
100257,1070,3,122.99,0.0,368.96999999999997
100258,1028,2,77.99,0.0,155.98
100258,1072,1,141.99,0.0,141.99
100259,1025,1,166.99,0.0,166.99
100260,1087,3,45.99,0.0,137.97
100261,1015,1,96.99,0.0,96.99
100262,1055,1,200.99,0.0,200.99
100262,1023,1,135.99,0.0,135.99
100262,1008,1,43.99,0.0,43.99
100262,1062,1,152.99,0.0,152.99
100263,1074,1,19.99,0.0,19.99
100263,1076,1,138.99,0.0,138.99
100263,1082,1,104.99,0.0,104.99
100264,1002,1,138.99,0.0,138.99
100265,1053,1,37.99,0.0,37.99
100266,1080,1,134.99,0.0,134.99
100266,1076,1,138.99,0.0,138.99
100266,1009,1,131.99,0.0,131.99
100267,1009,1,131.99,0.0,131.99
100268,1082,2,104.99,0.0,209.98
100269,1053,2,37.99,0.0,75.98
100270,1074,1,19.99,0.0,19.99
100271,1016,1,180.99,0.0,180.99
100271,1089,1,53.99,0.0,53.99
100272,1004,1,75.99,7.6,68.39
100273,1027,1,90.99,0.0,90.99
100273,1030,1,7.99,0.0,7.99
100273,1071,1,9.99,0.0,9.99
100274,1014,1,36.99,0.0,36.99
100275,1070,1,122.99,0.0,122.99
100275,1017,1,86.99,0.0,86.99
100275,1010,1,96.99,0.0,96.99
100276,1031,1,38.99,0.0,38.99
100277,1024,1,59.99,0.0,59.99
100277,1080,1,134.99,0.0,134.99
100277,1082,1,104.99,0.0,104.99
100277,1051,2,53.99,0.0,107.98
100278,1088,1,20.99,0.0,20.99
100279,1014,1,36.99,0.0,36.99
100279,1084,1,112.99,0.0,112.99
100280,1010,1,96.99,0.0,96.99
100281,1031,1,38.99,0.0,38.99
100282,1075,1,50.99,0.0,50.99
100282,1073,1,69.99,0.0,69.99
100283,1038,1,313.99,0.0,313.99
100284,1011,2,34.99,0.0,69.98
100285,1080,1,134.99,0.0,134.99
100285,1084,1,112.99,0.0,112.99
100285,1086,1,97.99,0.0,97.99
100286,1070,1,122.99,0.0,122.99
100286,1086,1,97.99,0.0,97.99
100287,1082,2,104.99,0.0,209.98
100288,1004,1,75.99,0.0,75.99
100289,1009,1,131.99,0.0,131.99
100289,1004,1,75.99,0.0,75.99
100290,1072,2,141.99,0.0,283.98
100290,1065,1,164.99,0.0,164.99
100291,1051,3,53.99,0.0,161.97
100291,1012,1,109.99,0.0,109.99
100292,1088,3,20.99,0.0,62.97
100293,1017,2,86.99,0.0,173.98
100294,1066,1,171.99,0.0,171.99
100294,1029,1,30.99,0.0,30.99
100295,1001,1,61.99,0.0,61.99
100296,1006,1,16.99,0.0,16.99
100297,1070,1,122.99,0.0,122.99
100297,1051,1,53.99,0.0,53.99
100297,1045,1,506.99,0.0,506.99
100297,1009,4,131.99,0.0,527.96
100298,1074,1,19.99,0.0,19.99
100299,1090,3,17.99,0.0,53.97
100300,1005,1,79.99,8.0,71.99
100301,1086,1,97.99,0.0,97.99
100301,1009,1,131.99,0.0,131.99
100301,1036,1,58.99,0.0,58.99
100301,1081,1,74.99,0.0,74.99
100302,1001,1,61.99,0.0,61.99
100303,1073,3,69.99,0.0,209.96999999999997
100304,1088,2,20.99,0.0,41.98
100304,1032,1,81.99,0.0,81.99
100304,1076,3,138.99,0.0,416.97
100305,1056,2,239.99,0.0,479.98
100306,1089,1,53.99,0.0,53.99
100307,1057,1,205.99,0.0,205.99
100308,1035,1,51.99,0.0,51.99
100308,1057,1,205.99,0.0,205.99
100308,1088,1,20.99,0.0,20.99
100308,1077,2,25.99,0.0,51.98
100309,1020,1,54.99,0.0,54.99
100310,1057,1,205.99,0.0,205.99
100310,1035,2,51.99,0.0,103.98
100310,1056,1,239.99,0.0,239.99
100311,1037,1,28.99,0.0,28.99
100311,1014,1,36.99,0.0,36.99
100311,1003,2,22.99,0.0,45.98
100312,1023,1,135.99,0.0,135.99
100312,1029,2,30.99,0.0,61.98
100312,1051,1,53.99,0.0,53.99
100312,1013,2,124.99,0.0,249.98
100313,1072,4,141.99,0.0,567.96
100313,1026,3,161.99,0.0,485.97
100314,1073,2,69.99,0.0,139.98
100314,1047,1,194.99,0.0,194.99
100314,1058,1,93.99,0.0,93.99
100315,1075,1,50.99,0.0,50.99
100315,1015,4,96.99,0.0,387.96
100316,1013,1,124.99,0.0,124.99
100316,1009,1,131.99,0.0,131.99
100317,1057,1,205.99,0.0,205.99
100317,1049,1,126.99,0.0,126.99
100318,1090,1,17.99,0.0,17.99
100319,1045,1,506.99,0.0,506.99
100319,1079,1,61.99,0.0,61.99
100319,1055,3,200.99,0.0,602.97
100320,1083,1,19.99,0.0,19.99
100321,1082,1,104.99,0.0,104.99
100321,1086,1,97.99,0.0,97.99
100321,1018,2,212.99,0.0,425.98
100322,1014,2,36.99,0.0,73.98
100323,1002,1,138.99,0.0,138.99
100323,1071,1,9.99,0.0,9.99
100323,1005,1,79.99,0.0,79.99
100323,1027,1,90.99,0.0,90.99
100324,1087,1,45.99,4.6,41.39
100324,1013,1,124.99,12.5,112.49
100325,1088,1,20.99,0.0,20.99
100326,1073,1,69.99,0.0,69.99
100327,1002,1,138.99,13.9,125.09
100327,1013,1,124.99,12.5,112.49
100328,1087,2,45.99,0.0,91.98
100329,1003,1,22.99,0.0,22.99
100330,1029,1,30.99,0.0,30.99
100331,1055,1,200.99,0.0,200.99
100331,1089,1,53.99,0.0,53.99
100332,1084,1,112.99,0.0,112.99
100333,1074,3,19.99,0.0,59.97
100333,1006,1,16.99,0.0,16.99
100333,1089,4,53.99,0.0,215.96
100333,1057,1,205.99,0.0,205.99
100334,1082,1,104.99,0.0,104.99
100335,1073,1,69.99,0.0,69.99
100335,1011,1,34.99,0.0,34.99
100336,1008,2,43.99,8.8,79.18
100336,1053,1,37.99,3.8,34.190000000000005
100337,1073,1,69.99,0.0,69.99
100337,1074,1,19.99,0.0,19.99
100338,1042,1,773.99,0.0,773.99
100339,1072,1,141.99,0.0,141.99
100339,1050,1,146.99,0.0,146.99
100339,1004,1,75.99,0.0,75.99
100340,1002,1,138.99,0.0,138.99
100340,1063,1,245.99,0.0,245.99
100340,1050,1,146.99,0.0,146.99
100341,1087,2,45.99,0.0,91.98
100342,1027,1,90.99,0.0,90.99
100343,1007,1,71.99,0.0,71.99
100343,1030,1,7.99,0.0,7.99
100344,1015,1,96.99,0.0,96.99
100344,1016,1,180.99,0.0,180.99
100344,1047,1,194.99,0.0,194.99
100345,1078,1,85.99,0.0,85.99
100345,1043,1,127.99,0.0,127.99
100346,1031,3,38.99,0.0,116.97
100347,1056,1,239.99,24.0,215.99
100347,1004,2,75.99,15.2,136.78
100347,1002,2,138.99,27.8,250.18
100348,1026,1,161.99,0.0,161.99
100348,1002,1,138.99,0.0,138.99
100349,1019,1,77.99,0.0,77.99
100349,1036,2,58.99,0.0,117.98
100349,1053,1,37.99,0.0,37.99
100350,1071,1,9.99,0.0,9.99
100350,1001,1,61.99,0.0,61.99
100350,1003,2,22.99,0.0,45.98
100351,1001,2,61.99,0.0,123.98
100352,1004,1,75.99,0.0,75.99
100353,1039,1,483.99,0.0,483.99
100353,1049,1,126.99,0.0,126.99
100354,1048,1,139.99,14.0,125.99000000000001
100354,1087,1,45.99,4.6,41.39
100355,1054,1,229.99,0.0,229.99
100355,1053,1,37.99,0.0,37.99
100355,1006,1,16.99,0.0,16.99
100356,1033,1,85.99,0.0,85.99
100357,1062,1,152.99,0.0,152.99
100357,1079,1,61.99,0.0,61.99
100358,1057,2,205.99,0.0,411.98
100359,1016,1,180.99,0.0,180.99
100360,1035,1,51.99,0.0,51.99
100361,1077,1,25.99,0.0,25.99
100361,1018,2,212.99,0.0,425.98
100361,1011,1,34.99,0.0,34.99
100362,1054,1,229.99,0.0,229.99
100362,1012,1,109.99,0.0,109.99
100363,1006,2,16.99,0.0,33.98
100363,1063,1,245.99,0.0,245.99
100364,1073,1,69.99,0.0,69.99
100364,1035,1,51.99,0.0,51.99
100364,1012,1,109.99,0.0,109.99
100364,1008,1,43.99,0.0,43.99
100365,1002,1,138.99,0.0,138.99
100366,1074,1,19.99,0.0,19.99
100366,1050,3,146.99,0.0,440.97
100367,1031,1,38.99,0.0,38.99
100367,1086,2,97.99,0.0,195.98
100368,1015,1,96.99,0.0,96.99
100369,1022,1,88.99,0.0,88.99
100369,1074,1,19.99,0.0,19.99
100370,1012,1,109.99,0.0,109.99
100370,1017,1,86.99,0.0,86.99
100371,1058,1,93.99,0.0,93.99
100371,1010,1,96.99,0.0,96.99
100372,1023,1,135.99,0.0,135.99
100372,1078,1,85.99,0.0,85.99
100373,1010,1,96.99,0.0,96.99
100374,1023,2,135.99,0.0,271.98
100375,1050,1,146.99,0.0,146.99
100376,1081,2,74.99,0.0,149.98
100377,1076,1,138.99,0.0,138.99
100378,1090,1,17.99,0.0,17.99
100378,1016,1,180.99,0.0,180.99
100379,1026,1,161.99,0.0,161.99
100380,1027,1,90.99,0.0,90.99
100380,1036,1,58.99,0.0,58.99
100381,1079,1,61.99,0.0,61.99
100382,1090,4,17.99,0.0,71.96
100383,1003,1,22.99,0.0,22.99
100383,1010,1,96.99,0.0,96.99
100384,1012,1,109.99,0.0,109.99
100385,1051,1,53.99,0.0,53.99
100386,1001,1,61.99,0.0,61.99
100387,1077,1,25.99,0.0,25.99
100387,1008,1,43.99,0.0,43.99
100388,1022,2,88.99,0.0,177.98
100388,1090,1,17.99,0.0,17.99
100389,1023,1,135.99,0.0,135.99
100390,1087,2,45.99,0.0,91.98
100391,1076,3,138.99,0.0,416.97
100391,1007,2,71.99,0.0,143.98
100392,1049,1,126.99,0.0,126.99
100393,1031,1,38.99,0.0,38.99
100393,1020,1,54.99,0.0,54.99
100393,1017,1,86.99,0.0,86.99
100394,1011,2,34.99,7.0,62.980000000000004
100394,1033,1,85.99,8.6,77.39
100394,1030,1,7.99,0.8,7.19
100395,1090,1,17.99,0.0,17.99
100395,1052,1,208.99,0.0,208.99
100396,1015,1,96.99,0.0,96.99
100396,1038,1,313.99,0.0,313.99
100397,1029,1,30.99,0.0,30.99
100397,1082,1,104.99,0.0,104.99
100397,1055,1,200.99,0.0,200.99
100397,1008,1,43.99,0.0,43.99
100398,1087,1,45.99,0.0,45.99
100398,1003,1,22.99,0.0,22.99
100398,1080,2,134.99,0.0,269.98
100399,1054,1,229.99,0.0,229.99
100399,1081,1,74.99,0.0,74.99
100400,1073,1,69.99,0.0,69.99
100400,1034,1,68.99,0.0,68.99
100400,1084,1,112.99,0.0,112.99
100400,1075,4,50.99,0.0,203.96
100401,1018,1,212.99,0.0,212.99
100401,1075,1,50.99,0.0,50.99
100401,1013,1,124.99,0.0,124.99
100402,1084,1,112.99,0.0,112.99
100402,1014,1,36.99,0.0,36.99
100402,1078,1,85.99,0.0,85.99
100403,1007,1,71.99,0.0,71.99
100404,1034,1,68.99,0.0,68.99
100405,1081,3,74.99,0.0,224.96999999999997
100406,1073,1,69.99,7.0,62.989999999999995
100407,1052,1,208.99,0.0,208.99
100407,1057,1,205.99,0.0,205.99
100407,1050,1,146.99,0.0,146.99
100408,1039,1,483.99,0.0,483.99
100409,1014,1,36.99,0.0,36.99
100409,1008,1,43.99,0.0,43.99
100409,1076,1,138.99,0.0,138.99
100410,1032,1,81.99,0.0,81.99
100410,1088,1,20.99,0.0,20.99
100411,1018,2,212.99,0.0,425.98
100412,1033,1,85.99,0.0,85.99
100413,1058,1,93.99,0.0,93.99
100414,1015,1,96.99,0.0,96.99
100415,1084,2,112.99,0.0,225.98
100415,1078,1,85.99,0.0,85.99
100416,1080,1,134.99,0.0,134.99
100417,1073,1,69.99,0.0,69.99
100418,1076,1,138.99,0.0,138.99
100419,1073,1,69.99,0.0,69.99
100420,1027,1,90.99,0.0,90.99
100421,1017,1,86.99,0.0,86.99
100422,1088,3,20.99,0.0,62.97
100423,1034,1,68.99,0.0,68.99
100424,1079,1,61.99,0.0,61.99
100425,1022,2,88.99,0.0,177.98
100425,1058,2,93.99,0.0,187.98
100426,1018,1,212.99,0.0,212.99
100427,1081,2,74.99,0.0,149.98
100428,1084,1,112.99,0.0,112.99
100429,1016,1,180.99,0.0,180.99
100429,1044,1,529.99,0.0,529.99
100430,1085,1,115.99,0.0,115.99
100431,1085,1,115.99,0.0,115.99
100432,1028,1,77.99,0.0,77.99
100432,1088,1,20.99,0.0,20.99
100433,1009,1,131.99,0.0,131.99
100433,1028,1,77.99,0.0,77.99
100433,1011,2,34.99,0.0,69.98
100433,1010,1,96.99,0.0,96.99
100434,1066,3,171.99,0.0,515.97
100435,1024,1,59.99,0.0,59.99
100435,1083,1,19.99,0.0,19.99
100435,1009,4,131.99,0.0,527.96
100435,1074,1,19.99,0.0,19.99
100436,1041,1,553.99,0.0,553.99
100436,1074,1,19.99,0.0,19.99
100436,1046,1,142.99,0.0,142.99
100437,1019,1,77.99,0.0,77.99
100437,1013,1,124.99,0.0,124.99
100437,1082,2,104.99,0.0,209.98
100437,1036,1,58.99,0.0,58.99
100438,1067,1,34.99,0.0,34.99
100438,1003,2,22.99,0.0,45.98
100439,1072,2,141.99,0.0,283.98
100440,1074,4,19.99,0.0,79.96
100441,1029,1,30.99,0.0,30.99
100442,1073,1,69.99,0.0,69.99
100442,1035,1,51.99,0.0,51.99
100442,1083,2,19.99,0.0,39.98
100442,1066,1,171.99,0.0,171.99
100443,1011,1,34.99,0.0,34.99
100443,1005,1,79.99,0.0,79.99
100443,1087,1,45.99,0.0,45.99
100444,1056,1,239.99,0.0,239.99
100445,1014,1,36.99,0.0,36.99
100446,1072,1,141.99,14.2,127.79
100446,1026,2,161.99,32.4,291.58000000000004
100447,1019,2,77.99,0.0,155.98
100448,1078,4,85.99,0.0,343.96
100448,1073,2,69.99,0.0,139.98
100448,1074,1,19.99,0.0,19.99
100449,1050,1,146.99,0.0,146.99
100449,1008,1,43.99,0.0,43.99
100450,1001,2,61.99,0.0,123.98
100450,1083,1,19.99,0.0,19.99
100450,1026,1,161.99,0.0,161.99
100450,1073,1,69.99,0.0,69.99
100451,1012,1,109.99,0.0,109.99
100452,1065,1,164.99,0.0,164.99
100452,1073,1,69.99,0.0,69.99
100453,1036,1,58.99,0.0,58.99
100453,1034,2,68.99,0.0,137.98
100454,1031,2,38.99,0.0,77.98
100455,1086,1,97.99,0.0,97.99
100456,1026,2,161.99,0.0,323.98
100456,1073,2,69.99,0.0,139.98
100456,1043,1,127.99,0.0,127.99
100456,1008,1,43.99,0.0,43.99
100457,1054,2,229.99,0.0,459.98
100457,1047,1,194.99,0.0,194.99
100457,1024,1,59.99,0.0,59.99
100457,1027,1,90.99,0.0,90.99
100458,1015,1,96.99,0.0,96.99
100458,1076,1,138.99,0.0,138.99
100459,1005,1,79.99,0.0,79.99
100459,1054,1,229.99,0.0,229.99
100459,1033,1,85.99,0.0,85.99
100460,1041,1,553.99,55.4,498.59000000000003
100461,1089,1,53.99,0.0,53.99
100461,1023,2,135.99,0.0,271.98
100462,1001,1,61.99,0.0,61.99
100462,1003,4,22.99,0.0,91.96
100462,1072,1,141.99,0.0,141.99
100463,1044,1,529.99,53.0,476.99
100463,1084,1,112.99,11.3,101.69
100463,1088,1,20.99,2.1,18.889999999999997
100463,1070,1,122.99,12.3,110.69
100464,1037,1,28.99,0.0,28.99
100465,1083,1,19.99,0.0,19.99
100466,1069,1,26.99,0.0,26.99
100466,1060,1,134.99,0.0,134.99
100467,1074,1,19.99,2.0,17.99
100468,1004,2,75.99,0.0,151.98
100468,1019,3,77.99,0.0,233.96999999999997
100469,1050,1,146.99,0.0,146.99
100469,1081,1,74.99,0.0,74.99
100470,1021,1,123.99,0.0,123.99
100471,1029,1,30.99,0.0,30.99
100471,1019,1,77.99,0.0,77.99
100471,1031,1,38.99,0.0,38.99
100472,1005,1,79.99,0.0,79.99
100473,1027,2,90.99,0.0,181.98
100474,1032,1,81.99,0.0,81.99
100475,1076,1,138.99,0.0,138.99
100475,1090,1,17.99,0.0,17.99
100476,1087,2,45.99,0.0,91.98
100476,1083,1,19.99,0.0,19.99
100477,1038,1,313.99,0.0,313.99
100477,1012,2,109.99,0.0,219.98
100477,1074,1,19.99,0.0,19.99
100478,1006,1,16.99,0.0,16.99
100478,1027,1,90.99,0.0,90.99
100479,1035,2,51.99,0.0,103.98
100480,1064,1,153.99,0.0,153.99
100480,1047,1,194.99,0.0,194.99
100481,1070,1,122.99,0.0,122.99
100482,1015,1,96.99,0.0,96.99
100483,1076,1,138.99,0.0,138.99
100483,1037,1,28.99,0.0,28.99
100483,1006,1,16.99,0.0,16.99
100483,1083,1,19.99,0.0,19.99
100484,1055,1,200.99,0.0,200.99
100485,1003,1,22.99,0.0,22.99
100485,1010,1,96.99,0.0,96.99
100485,1001,1,61.99,0.0,61.99
100485,1037,1,28.99,0.0,28.99
100486,1005,1,79.99,0.0,79.99
100487,1050,1,146.99,0.0,146.99
100488,1037,2,28.99,0.0,57.98
100488,1006,1,16.99,0.0,16.99
100488,1046,1,142.99,0.0,142.99
100488,1031,1,38.99,0.0,38.99
100489,1031,1,38.99,0.0,38.99
100490,1032,2,81.99,0.0,163.98
100490,1086,1,97.99,0.0,97.99
100491,1022,2,88.99,0.0,177.98
100491,1014,1,36.99,0.0,36.99
100492,1087,1,45.99,0.0,45.99
100492,1036,2,58.99,0.0,117.98
100493,1027,1,90.99,0.0,90.99
100493,1037,1,28.99,0.0,28.99
100494,1007,2,71.99,0.0,143.98
100494,1014,3,36.99,0.0,110.97
100494,1075,2,50.99,0.0,101.98
100495,1084,1,112.99,0.0,112.99
100495,1076,1,138.99,0.0,138.99
100496,1037,1,28.99,0.0,28.99
100496,1055,1,200.99,0.0,200.99
100497,1032,1,81.99,0.0,81.99
100498,1034,3,68.99,0.0,206.96999999999997
100498,1087,1,45.99,0.0,45.99
100499,1084,1,112.99,11.3,101.69
100499,1059,1,467.99,46.8,421.19
100499,1007,1,71.99,7.2,64.78999999999999
100499,1020,2,54.99,11.0,98.98
100500,1026,1,161.99,0.0,161.99
100500,1001,1,61.99,0.0,61.99
100501,1020,1,54.99,0.0,54.99
100502,1083,1,19.99,0.0,19.99
100503,1060,1,134.99,0.0,134.99
100504,1018,1,212.99,0.0,212.99
100505,1016,2,180.99,0.0,361.98
100506,1077,1,25.99,0.0,25.99
100507,1027,1,90.99,0.0,90.99
100508,1013,1,124.99,0.0,124.99
100508,1074,1,19.99,0.0,19.99
100508,1036,1,58.99,0.0,58.99
100509,1031,1,38.99,0.0,38.99
100509,1001,1,61.99,0.0,61.99
100510,1060,1,134.99,0.0,134.99
100510,1081,2,74.99,0.0,149.98
100511,1025,1,166.99,0.0,166.99
100512,1033,1,85.99,0.0,85.99
100513,1026,1,161.99,0.0,161.99
100513,1077,1,25.99,0.0,25.99
100514,1090,1,17.99,0.0,17.99
100515,1076,1,138.99,0.0,138.99
100516,1080,4,134.99,0.0,539.96
100516,1078,1,85.99,0.0,85.99
100517,1076,1,138.99,13.9,125.09
100517,1037,1,28.99,2.9,26.09
100518,1031,1,38.99,0.0,38.99
100519,1007,1,71.99,0.0,71.99
100519,1039,1,483.99,0.0,483.99
100519,1001,1,61.99,0.0,61.99
100520,1008,1,43.99,0.0,43.99
100520,1075,1,50.99,0.0,50.99
100521,1006,1,16.99,0.0,16.99
100522,1080,1,134.99,0.0,134.99
100522,1004,1,75.99,0.0,75.99
100522,1070,1,122.99,0.0,122.99
100522,1008,1,43.99,0.0,43.99
100523,1012,2,109.99,0.0,219.98
100523,1017,1,86.99,0.0,86.99
100523,1025,2,166.99,0.0,333.98
100524,1076,2,138.99,0.0,277.98
100525,1025,1,166.99,0.0,166.99
100525,1058,2,93.99,0.0,187.98
100526,1007,1,71.99,0.0,71.99
100526,1006,1,16.99,0.0,16.99
100527,1075,1,50.99,0.0,50.99
100528,1045,1,506.99,0.0,506.99
100528,1013,1,124.99,0.0,124.99
100528,1040,1,476.99,0.0,476.99
100529,1073,1,69.99,0.0,69.99
100529,1078,1,85.99,0.0,85.99
100530,1035,1,51.99,0.0,51.99
100531,1090,1,17.99,0.0,17.99
100532,1027,1,90.99,0.0,90.99
100532,1058,1,93.99,0.0,93.99
100533,1090,3,17.99,0.0,53.97
100533,1089,2,53.99,0.0,107.98
100534,1075,1,50.99,0.0,50.99
100534,1019,1,77.99,0.0,77.99
100534,1035,1,51.99,0.0,51.99
100535,1008,1,43.99,0.0,43.99
100536,1029,1,30.99,0.0,30.99
100537,1070,1,122.99,0.0,122.99
100537,1073,1,69.99,0.0,69.99
100538,1076,1,138.99,0.0,138.99
100539,1015,1,96.99,0.0,96.99
100540,1034,1,68.99,0.0,68.99
100541,1053,2,37.99,0.0,75.98
100542,1049,1,126.99,0.0,126.99
100542,1050,1,146.99,0.0,146.99
100543,1035,1,51.99,0.0,51.99
100544,1053,2,37.99,0.0,75.98
100545,1085,1,115.99,0.0,115.99
100545,1090,2,17.99,0.0,35.98
100546,1022,1,88.99,0.0,88.99
100547,1029,3,30.99,0.0,92.97
100548,1071,1,9.99,0.0,9.99
100548,1010,1,96.99,0.0,96.99
100548,1003,1,22.99,0.0,22.99
100548,1065,1,164.99,0.0,164.99
100549,1049,1,126.99,0.0,126.99
100550,1047,1,194.99,0.0,194.99
100551,1074,1,19.99,0.0,19.99
100552,1028,1,77.99,0.0,77.99
100552,1012,1,109.99,0.0,109.99
100553,1057,1,205.99,0.0,205.99
100554,1036,1,58.99,0.0,58.99
100554,1007,2,71.99,0.0,143.98
100554,1016,1,180.99,0.0,180.99
100555,1044,1,529.99,0.0,529.99
100555,1017,1,86.99,0.0,86.99
100555,1090,1,17.99,0.0,17.99
100555,1001,1,61.99,0.0,61.99
100556,1070,1,122.99,0.0,122.99
100556,1004,1,75.99,0.0,75.99
100557,1001,1,61.99,0.0,61.99
100558,1090,1,17.99,0.0,17.99
100559,1050,1,146.99,0.0,146.99
100560,1042,1,773.99,0.0,773.99
100560,1012,1,109.99,0.0,109.99
100561,1021,2,123.99,0.0,247.98
100562,1073,1,69.99,0.0,69.99
100563,1057,1,205.99,0.0,205.99
100563,1041,1,553.99,0.0,553.99
100563,1015,1,96.99,0.0,96.99
100563,1008,2,43.99,0.0,87.98
100564,1079,1,61.99,0.0,61.99
100565,1047,1,194.99,0.0,194.99
100566,1088,3,20.99,0.0,62.97
100567,1003,1,22.99,0.0,22.99
100567,1079,1,61.99,0.0,61.99
100567,1070,1,122.99,0.0,122.99
100568,1074,1,19.99,0.0,19.99
100569,1050,1,146.99,0.0,146.99
100569,1052,1,208.99,0.0,208.99
100570,1029,1,30.99,0.0,30.99
100570,1019,1,77.99,0.0,77.99
100570,1018,1,212.99,0.0,212.99
100571,1055,2,200.99,0.0,401.98
100571,1072,2,141.99,0.0,283.98
100572,1074,1,19.99,0.0,19.99
100572,1028,1,77.99,0.0,77.99
100573,1090,1,17.99,0.0,17.99
100574,1011,1,34.99,0.0,34.99
100575,1001,1,61.99,0.0,61.99
100575,1013,1,124.99,0.0,124.99
100576,1032,1,81.99,0.0,81.99
100577,1023,1,135.99,0.0,135.99
100578,1077,1,25.99,0.0,25.99
100578,1003,1,22.99,0.0,22.99
100578,1083,2,19.99,0.0,39.98
100579,1029,1,30.99,0.0,30.99
100580,1080,1,134.99,0.0,134.99
100580,1088,1,20.99,0.0,20.99
100581,1030,1,7.99,0.8,7.19
100582,1033,2,85.99,0.0,171.98
100582,1037,1,28.99,0.0,28.99
100582,1020,1,54.99,0.0,54.99
100583,1026,2,161.99,0.0,323.98
100584,1084,1,112.99,0.0,112.99
100584,1072,1,141.99,0.0,141.99
100584,1006,2,16.99,0.0,33.98
100585,1064,1,153.99,0.0,153.99
100586,1061,1,45.99,0.0,45.99
100587,1089,2,53.99,0.0,107.98
100587,1087,1,45.99,0.0,45.99
100587,1067,1,34.99,0.0,34.99
100588,1026,1,161.99,16.2,145.79000000000002
100588,1062,2,152.99,30.6,275.38
100589,1034,2,68.99,0.0,137.98
100589,1054,1,229.99,0.0,229.99
100590,1079,1,61.99,0.0,61.99
100591,1078,1,85.99,0.0,85.99
100591,1058,1,93.99,0.0,93.99
100592,1035,1,51.99,0.0,51.99
100592,1064,2,153.99,0.0,307.98
100593,1032,1,81.99,0.0,81.99
100594,1084,2,112.99,22.6,203.38
100595,1048,1,139.99,0.0,139.99
100596,1081,1,74.99,0.0,74.99
100596,1016,1,180.99,0.0,180.99
100596,1046,1,142.99,0.0,142.99
100596,1060,1,134.99,0.0,134.99
100597,1007,1,71.99,0.0,71.99
100597,1058,2,93.99,0.0,187.98
100597,1050,3,146.99,0.0,440.97
100598,1080,1,134.99,0.0,134.99
100599,1012,2,109.99,0.0,219.98
100599,1057,1,205.99,0.0,205.99
100599,1054,1,229.99,0.0,229.99
100600,1033,1,85.99,0.0,85.99
100601,1012,1,109.99,0.0,109.99
100602,1075,2,50.99,0.0,101.98
100603,1063,1,245.99,24.6,221.39000000000001
100604,1087,1,45.99,0.0,45.99
100604,1085,2,115.99,0.0,231.98
100605,1057,1,205.99,0.0,205.99
100606,1016,2,180.99,54.3,307.68
100606,1007,2,71.99,21.6,122.38
100607,1077,1,25.99,0.0,25.99
100607,1086,2,97.99,0.0,195.98
100607,1004,1,75.99,0.0,75.99
100608,1079,2,61.99,0.0,123.98
100609,1089,1,53.99,8.1,45.89
100610,1059,1,467.99,0.0,467.99
100610,1086,1,97.99,0.0,97.99
100610,1020,2,54.99,0.0,109.98
100610,1081,1,74.99,0.0,74.99
100611,1084,1,112.99,0.0,112.99
100612,1089,1,53.99,0.0,53.99
100612,1011,1,34.99,0.0,34.99
100613,1016,3,180.99,0.0,542.97
100614,1084,1,112.99,0.0,112.99
100614,1003,1,22.99,0.0,22.99
100615,1076,1,138.99,20.85,118.14000000000001
100615,1009,1,131.99,19.8,112.19000000000001
100615,1075,4,50.99,30.59,173.37
100616,1059,1,467.99,0.0,467.99
100617,1019,4,77.99,0.0,311.96
100618,1040,1,476.99,0.0,476.99
100618,1002,1,138.99,0.0,138.99
100619,1009,1,131.99,0.0,131.99
100620,1004,2,75.99,22.8,129.17999999999998
100621,1006,1,16.99,0.0,16.99
100622,1051,1,53.99,0.0,53.99
100622,1074,2,19.99,0.0,39.98
100622,1028,1,77.99,0.0,77.99
100623,1009,1,131.99,13.2,118.79
100624,1057,2,205.99,0.0,411.98
100624,1052,2,208.99,0.0,417.98
100625,1034,2,68.99,0.0,137.98
100625,1036,1,58.99,0.0,58.99
100625,1018,1,212.99,0.0,212.99
100626,1059,1,467.99,0.0,467.99
100627,1080,1,134.99,13.5,121.49000000000001
100627,1037,1,28.99,2.9,26.09
100628,1089,1,53.99,0.0,53.99
100629,1006,1,16.99,2.55,14.439999999999998
100629,1016,1,180.99,27.15,153.84
100629,1009,1,131.99,19.8,112.19000000000001
100630,1068,1,49.99,0.0,49.99
100631,1083,1,19.99,3.0,16.99
100631,1025,1,166.99,25.05,141.94
100632,1010,1,96.99,0.0,96.99
100633,1018,1,212.99,0.0,212.99
100633,1081,2,74.99,0.0,149.98
100633,1083,1,19.99,0.0,19.99
100634,1084,1,112.99,0.0,112.99
100634,1003,1,22.99,0.0,22.99
100634,1010,1,96.99,0.0,96.99
100635,1068,1,49.99,0.0,49.99
100635,1070,1,122.99,0.0,122.99
100635,1074,1,19.99,0.0,19.99
100636,1012,1,109.99,0.0,109.99
100637,1016,1,180.99,0.0,180.99
100637,1028,1,77.99,0.0,77.99
100638,1081,1,74.99,11.25,63.739999999999995
100638,1034,1,68.99,10.35,58.63999999999999
100639,1017,2,86.99,0.0,173.98
100639,1019,1,77.99,0.0,77.99
100639,1087,2,45.99,0.0,91.98
100640,1008,1,43.99,0.0,43.99
100641,1090,1,17.99,0.0,17.99
100642,1087,2,45.99,0.0,91.98
100642,1073,1,69.99,0.0,69.99
100643,1034,2,68.99,0.0,137.98
100643,1037,1,28.99,0.0,28.99
100643,1076,1,138.99,0.0,138.99
100644,1086,1,97.99,0.0,97.99
100645,1021,1,123.99,0.0,123.99
100646,1071,1,9.99,0.0,9.99
100647,1060,1,134.99,0.0,134.99
100647,1034,1,68.99,0.0,68.99
100648,1012,1,109.99,0.0,109.99
100649,1077,1,25.99,0.0,25.99
100650,1078,1,85.99,12.9,73.08999999999999
100651,1089,1,53.99,0.0,53.99
100652,1038,1,313.99,47.1,266.89
100653,1042,1,773.99,0.0,773.99
100653,1021,1,123.99,0.0,123.99
100653,1009,1,131.99,0.0,131.99
100654,1026,1,161.99,0.0,161.99
100655,1011,2,34.99,10.5,59.480000000000004
100655,1086,1,97.99,14.7,83.28999999999999
100656,1011,1,34.99,0.0,34.99
100657,1077,1,25.99,0.0,25.99
100658,1062,1,152.99,22.95,130.04000000000002
100659,1001,3,61.99,0.0,185.97
100659,1058,2,93.99,0.0,187.98
100660,1019,1,77.99,0.0,77.99
100660,1084,2,112.99,0.0,225.98
100660,1049,1,126.99,0.0,126.99
100660,1052,2,208.99,0.0,417.98
100661,1003,1,22.99,3.45,19.54
100662,1067,1,34.99,0.0,34.99
100662,1020,1,54.99,0.0,54.99
100662,1081,1,74.99,0.0,74.99
100663,1008,1,43.99,0.0,43.99
100663,1037,1,28.99,0.0,28.99
100663,1072,1,141.99,0.0,141.99
100663,1005,1,79.99,0.0,79.99
100664,1056,1,239.99,36.0,203.99
100664,1037,1,28.99,4.35,24.64
100664,1046,1,142.99,21.45,121.54
100664,1010,1,96.99,14.55,82.44
100665,1069,1,26.99,0.0,26.99
100666,1004,4,75.99,45.59,258.37
100666,1020,3,54.99,24.75,140.22
100667,1043,1,127.99,0.0,127.99
100668,1061,4,45.99,27.59,156.37
100668,1018,1,212.99,31.95,181.04000000000002
100668,1081,1,74.99,11.25,63.739999999999995
100669,1035,1,51.99,0.0,51.99
100669,1028,1,77.99,0.0,77.99
100670,1010,2,96.99,0.0,193.98
100671,1068,1,49.99,7.5,42.49
100671,1014,1,36.99,5.55,31.44
100671,1030,2,7.99,2.4,13.58
100672,1034,1,68.99,0.0,68.99
100672,1011,4,34.99,0.0,139.96
100672,1020,2,54.99,0.0,109.98
100672,1088,2,20.99,0.0,41.98
100673,1014,1,36.99,0.0,36.99
100673,1052,1,208.99,0.0,208.99
100674,1081,1,74.99,0.0,74.99
100674,1083,1,19.99,0.0,19.99
100675,1004,1,75.99,0.0,75.99
100676,1011,1,34.99,0.0,34.99
100677,1035,1,51.99,0.0,51.99
100678,1031,1,38.99,0.0,38.99
100679,1055,1,200.99,0.0,200.99
100679,1035,1,51.99,0.0,51.99
100679,1020,1,54.99,0.0,54.99
100680,1035,1,51.99,7.8,44.190000000000005
100681,1054,1,229.99,0.0,229.99
100682,1055,1,200.99,0.0,200.99
100683,1018,1,212.99,0.0,212.99
100684,1015,2,96.99,29.1,164.88
100685,1011,1,34.99,0.0,34.99
100686,1087,1,45.99,6.9,39.09
100687,1037,1,28.99,0.0,28.99
100688,1069,1,26.99,0.0,26.99
100689,1028,1,77.99,0.0,77.99
100689,1046,1,142.99,0.0,142.99
100690,1041,1,553.99,0.0,553.99
100690,1079,2,61.99,0.0,123.98
100691,1058,1,93.99,14.1,79.89
100691,1024,1,59.99,9.0,50.99
100691,1065,1,164.99,24.75,140.24
100691,1014,1,36.99,5.55,31.44
100692,1027,1,90.99,0.0,90.99
100693,1051,1,53.99,0.0,53.99
100693,1052,1,208.99,0.0,208.99
100693,1068,1,49.99,0.0,49.99
100693,1042,1,773.99,0.0,773.99
100694,1048,1,139.99,0.0,139.99
100694,1036,1,58.99,0.0,58.99
100695,1087,1,45.99,0.0,45.99
100696,1009,1,131.99,0.0,131.99
100696,1013,2,124.99,0.0,249.98
100696,1010,1,96.99,0.0,96.99
100697,1070,1,122.99,0.0,122.99
100698,1026,1,161.99,0.0,161.99
100699,1050,1,146.99,0.0,146.99
100699,1072,1,141.99,0.0,141.99
100700,1078,2,85.99,0.0,171.98
100700,1062,1,152.99,0.0,152.99
100701,1026,1,161.99,0.0,161.99
100701,1036,3,58.99,0.0,176.97
100702,1073,1,69.99,0.0,69.99
100703,1007,1,71.99,0.0,71.99
100704,1008,2,43.99,0.0,87.98
100704,1058,1,93.99,0.0,93.99
100704,1063,1,245.99,0.0,245.99
100705,1023,1,135.99,0.0,135.99
100706,1002,1,138.99,0.0,138.99
100706,1090,1,17.99,0.0,17.99
100706,1052,1,208.99,0.0,208.99
100707,1057,1,205.99,0.0,205.99
100707,1016,1,180.99,0.0,180.99
100708,1018,2,212.99,63.9,362.08000000000004
100708,1010,1,96.99,14.55,82.44
100709,1081,1,74.99,0.0,74.99
100709,1013,1,124.99,0.0,124.99
100710,1057,1,205.99,0.0,205.99
100710,1014,1,36.99,0.0,36.99
100711,1077,1,25.99,0.0,25.99
100712,1078,3,85.99,0.0,257.96999999999997
100712,1028,1,77.99,0.0,77.99
100712,1003,1,22.99,0.0,22.99
100713,1073,1,69.99,0.0,69.99
100714,1032,2,81.99,0.0,163.98
100714,1083,1,19.99,0.0,19.99
100715,1033,1,85.99,0.0,85.99
100716,1027,1,90.99,0.0,90.99
100716,1004,2,75.99,0.0,151.98
100717,1039,1,483.99,0.0,483.99
100718,1031,1,38.99,0.0,38.99
100718,1012,1,109.99,0.0,109.99
100718,1027,1,90.99,0.0,90.99
100719,1063,1,245.99,0.0,245.99
100719,1082,1,104.99,0.0,104.99
100719,1009,2,131.99,0.0,263.98
100719,1003,1,22.99,0.0,22.99
100720,1074,3,19.99,0.0,59.97
100720,1038,1,313.99,0.0,313.99
100721,1070,1,122.99,12.3,110.69
100721,1090,1,17.99,1.8,16.189999999999998
100721,1048,1,139.99,14.0,125.99000000000001
100722,1085,1,115.99,0.0,115.99
100723,1024,2,59.99,0.0,119.98
100724,1072,1,141.99,0.0,141.99
100724,1077,1,25.99,0.0,25.99
100725,1006,1,16.99,0.0,16.99
100726,1079,1,61.99,0.0,61.99
100727,1019,1,77.99,0.0,77.99
100727,1072,1,141.99,0.0,141.99
100727,1086,2,97.99,0.0,195.98
100728,1003,1,22.99,0.0,22.99
100729,1003,1,22.99,3.45,19.54
100729,1037,1,28.99,4.35,24.64
100729,1085,2,115.99,34.8,197.18
100730,1007,1,71.99,0.0,71.99
100731,1087,1,45.99,0.0,45.99
100731,1005,1,79.99,0.0,79.99
100732,1075,1,50.99,0.0,50.99
100733,1087,3,45.99,0.0,137.97
100734,1003,1,22.99,0.0,22.99
100734,1079,1,61.99,0.0,61.99
100735,1054,1,229.99,0.0,229.99
100736,1060,1,134.99,0.0,134.99
100736,1065,1,164.99,0.0,164.99
100737,1021,1,123.99,0.0,123.99
100738,1021,1,123.99,0.0,123.99
100738,1042,1,773.99,0.0,773.99
100739,1066,1,171.99,17.2,154.79000000000002
100740,1027,1,90.99,0.0,90.99
100740,1067,1,34.99,0.0,34.99
100741,1035,1,51.99,0.0,51.99
100742,1072,1,141.99,0.0,141.99
100742,1083,1,19.99,0.0,19.99
100742,1073,1,69.99,0.0,69.99
100743,1033,1,85.99,0.0,85.99
100743,1003,1,22.99,0.0,22.99
100743,1085,1,115.99,0.0,115.99
100743,1056,2,239.99,0.0,479.98
100744,1036,1,58.99,0.0,58.99
100744,1006,1,16.99,0.0,16.99
100745,1020,1,54.99,0.0,54.99
100746,1015,2,96.99,0.0,193.98
100747,1056,1,239.99,24.0,215.99
100748,1087,2,45.99,9.2,82.78
100748,1006,2,16.99,3.4,30.58
100749,1061,1,45.99,0.0,45.99
100749,1068,1,49.99,0.0,49.99
100750,1078,1,85.99,0.0,85.99
100751,1019,2,77.99,0.0,155.98
100752,1070,1,122.99,0.0,122.99
100753,1036,1,58.99,0.0,58.99
100754,1040,1,476.99,71.55,405.44
100754,1001,1,61.99,9.3,52.69
100754,1077,2,25.99,7.8,44.18
100755,1074,1,19.99,0.0,19.99
100756,1089,1,53.99,0.0,53.99
100756,1016,1,180.99,0.0,180.99
100756,1087,1,45.99,0.0,45.99
100757,1033,1,85.99,0.0,85.99
100758,1088,2,20.99,0.0,41.98
100758,1026,1,161.99,0.0,161.99
100758,1019,4,77.99,0.0,311.96
100759,1090,1,17.99,0.0,17.99
100760,1073,3,69.99,0.0,209.96999999999997
100760,1066,2,171.99,0.0,343.98
100761,1024,1,59.99,0.0,59.99
100762,1055,1,200.99,0.0,200.99
100762,1086,1,97.99,0.0,97.99
100762,1064,1,153.99,0.0,153.99
100762,1034,1,68.99,0.0,68.99
100763,1051,2,53.99,0.0,107.98
100763,1070,1,122.99,0.0,122.99
100764,1063,1,245.99,0.0,245.99
100764,1019,2,77.99,0.0,155.98
100764,1008,1,43.99,0.0,43.99
100764,1042,1,773.99,0.0,773.99
100765,1049,1,126.99,0.0,126.99
100765,1016,1,180.99,0.0,180.99
100766,1074,3,19.99,0.0,59.97
100766,1029,1,30.99,0.0,30.99
100766,1081,1,74.99,0.0,74.99
100766,1053,1,37.99,0.0,37.99
100767,1076,1,138.99,0.0,138.99
100767,1064,1,153.99,0.0,153.99
100768,1078,1,85.99,12.9,73.08999999999999
100768,1008,1,43.99,6.6,37.39
100769,1017,1,86.99,0.0,86.99
100770,1007,1,71.99,10.8,61.19
100770,1072,1,141.99,21.3,120.69000000000001
100771,1023,2,135.99,0.0,271.98
100772,1015,1,96.99,0.0,96.99
100772,1045,1,506.99,0.0,506.99
100773,1089,1,53.99,0.0,53.99
100773,1037,1,28.99,0.0,28.99
100773,1045,1,506.99,0.0,506.99
100774,1085,4,115.99,0.0,463.96
100775,1055,1,200.99,0.0,200.99
100775,1014,1,36.99,0.0,36.99
100776,1059,2,467.99,0.0,935.98
100776,1045,1,506.99,0.0,506.99
100776,1041,1,553.99,0.0,553.99
100776,1046,1,142.99,0.0,142.99
100777,1075,1,50.99,0.0,50.99
100777,1085,1,115.99,0.0,115.99
100778,1073,3,69.99,0.0,209.96999999999997
100778,1082,2,104.99,0.0,209.98
100778,1015,2,96.99,0.0,193.98
100778,1034,2,68.99,0.0,137.98
100779,1034,1,68.99,0.0,68.99
100779,1078,1,85.99,0.0,85.99
100780,1022,3,88.99,0.0,266.96999999999997
100780,1048,1,139.99,0.0,139.99
100781,1062,1,152.99,15.3,137.69
100782,1015,1,96.99,0.0,96.99
100783,1038,1,313.99,0.0,313.99
100784,1072,1,141.99,0.0,141.99
100784,1080,1,134.99,0.0,134.99
100785,1034,1,68.99,0.0,68.99
100786,1027,1,90.99,0.0,90.99
100786,1072,1,141.99,0.0,141.99
100787,1052,1,208.99,0.0,208.99
100787,1025,1,166.99,0.0,166.99
100788,1009,1,131.99,19.8,112.19000000000001
100789,1036,1,58.99,0.0,58.99
100790,1015,2,96.99,0.0,193.98
100790,1038,1,313.99,0.0,313.99
100791,1001,1,61.99,0.0,61.99
100791,1061,1,45.99,0.0,45.99
100792,1054,1,229.99,0.0,229.99
100792,1017,1,86.99,0.0,86.99
100793,1006,1,16.99,0.0,16.99
100793,1069,1,26.99,0.0,26.99
100793,1080,2,134.99,0.0,269.98
100793,1009,1,131.99,0.0,131.99
100794,1072,1,141.99,0.0,141.99
100795,1007,2,71.99,0.0,143.98
100796,1041,1,553.99,0.0,553.99
100797,1021,1,123.99,0.0,123.99
100798,1087,2,45.99,13.8,78.18
100799,1009,1,131.99,19.8,112.19000000000001
100800,1053,1,37.99,0.0,37.99
100801,1030,1,7.99,1.2,6.79
100802,1055,1,200.99,30.15,170.84
100803,1078,2,85.99,0.0,171.98
100804,1086,1,97.99,0.0,97.99
100804,1003,1,22.99,0.0,22.99
100805,1026,1,161.99,0.0,161.99
100806,1012,2,109.99,0.0,219.98
100807,1002,1,138.99,0.0,138.99
100807,1024,1,59.99,0.0,59.99
100808,1011,1,34.99,5.25,29.740000000000002
100809,1090,1,17.99,2.7,15.29
100809,1041,1,553.99,83.1,470.89
100810,1034,1,68.99,0.0,68.99
100811,1019,1,77.99,0.0,77.99
100811,1070,1,122.99,0.0,122.99
100811,1023,2,135.99,0.0,271.98
100812,1040,1,476.99,0.0,476.99
100813,1022,1,88.99,13.35,75.64
100813,1079,1,61.99,9.3,52.69
100814,1012,2,109.99,0.0,219.98
100814,1015,1,96.99,0.0,96.99
100815,1004,1,75.99,0.0,75.99
100816,1021,1,123.99,0.0,123.99
100816,1033,2,85.99,0.0,171.98
100816,1088,1,20.99,0.0,20.99
100817,1083,1,19.99,0.0,19.99
100818,1055,1,200.99,0.0,200.99
100819,1017,1,86.99,8.7,78.28999999999999
100819,1083,1,19.99,2.0,17.99
100820,1037,1,28.99,0.0,28.99
100820,1006,1,16.99,0.0,16.99
100820,1080,1,134.99,0.0,134.99
100821,1050,1,146.99,0.0,146.99
100822,1026,2,161.99,0.0,323.98
100822,1005,1,79.99,0.0,79.99
100823,1022,1,88.99,0.0,88.99
100823,1037,1,28.99,0.0,28.99
100823,1020,1,54.99,0.0,54.99
100823,1050,1,146.99,0.0,146.99
100824,1039,1,483.99,0.0,483.99
100824,1043,1,127.99,0.0,127.99
100825,1075,1,50.99,0.0,50.99
100825,1015,1,96.99,0.0,96.99
100826,1068,1,49.99,0.0,49.99
100827,1001,1,61.99,0.0,61.99
100828,1077,1,25.99,0.0,25.99
100828,1090,1,17.99,0.0,17.99
100829,1021,2,123.99,0.0,247.98
100830,1086,1,97.99,0.0,97.99
100830,1025,1,166.99,0.0,166.99
100830,1074,2,19.99,0.0,39.98
100831,1038,1,313.99,0.0,313.99
100831,1053,1,37.99,0.0,37.99
100832,1030,1,7.99,0.0,7.99
100832,1007,1,71.99,0.0,71.99
100832,1032,1,81.99,0.0,81.99
100833,1040,1,476.99,0.0,476.99
100833,1072,1,141.99,0.0,141.99
100834,1041,1,553.99,0.0,553.99
100835,1015,1,96.99,0.0,96.99
100835,1084,1,112.99,0.0,112.99
100836,1075,1,50.99,7.65,43.34
100837,1013,1,124.99,0.0,124.99
100837,1084,1,112.99,0.0,112.99
100837,1015,4,96.99,0.0,387.96
100838,1087,1,45.99,0.0,45.99
100839,1059,1,467.99,0.0,467.99
100839,1064,1,153.99,0.0,153.99
100839,1048,1,139.99,0.0,139.99
100839,1083,1,19.99,0.0,19.99
100840,1025,1,166.99,0.0,166.99
100841,1077,1,25.99,0.0,25.99
100842,1084,1,112.99,0.0,112.99
100843,1001,1,61.99,6.2,55.79
100844,1082,1,104.99,0.0,104.99
100844,1027,3,90.99,0.0,272.96999999999997
100845,1082,1,104.99,15.75,89.24
100846,1081,1,74.99,0.0,74.99
100846,1037,1,28.99,0.0,28.99
100847,1035,1,51.99,0.0,51.99
100848,1055,1,200.99,0.0,200.99
100848,1013,1,124.99,0.0,124.99
100849,1035,1,51.99,0.0,51.99
100849,1043,1,127.99,0.0,127.99
100850,1047,1,194.99,0.0,194.99
100851,1072,3,141.99,0.0,425.97
100852,1014,1,36.99,0.0,36.99
100853,1023,1,135.99,20.4,115.59
100854,1031,1,38.99,0.0,38.99
100855,1047,1,194.99,0.0,194.99
100856,1072,1,141.99,0.0,141.99
100856,1041,1,553.99,0.0,553.99
100856,1057,1,205.99,0.0,205.99
100857,1009,1,131.99,0.0,131.99
100858,1080,1,134.99,0.0,134.99
100859,1057,1,205.99,0.0,205.99
100860,1081,4,74.99,0.0,299.96
100861,1065,1,164.99,0.0,164.99
100861,1054,2,229.99,0.0,459.98
100862,1083,1,19.99,0.0,19.99
100862,1029,1,30.99,0.0,30.99
100862,1019,2,77.99,0.0,155.98
100862,1018,1,212.99,0.0,212.99
100863,1007,1,71.99,0.0,71.99
100864,1021,1,123.99,0.0,123.99
100864,1031,4,38.99,0.0,155.96
100864,1088,4,20.99,0.0,83.96
100865,1086,1,97.99,0.0,97.99
100866,1074,1,19.99,0.0,19.99
100866,1040,1,476.99,0.0,476.99
100867,1026,1,161.99,24.3,137.69
100867,1044,1,529.99,79.5,450.49
100868,1081,2,74.99,0.0,149.98
100868,1014,2,36.99,0.0,73.98
100869,1085,1,115.99,17.4,98.59
100870,1074,1,19.99,0.0,19.99
100870,1012,1,109.99,0.0,109.99
100871,1052,1,208.99,0.0,208.99
100872,1034,1,68.99,0.0,68.99
100872,1074,2,19.99,0.0,39.98
100873,1008,1,43.99,0.0,43.99
100873,1036,1,58.99,0.0,58.99
100873,1030,1,7.99,0.0,7.99
100873,1024,1,59.99,0.0,59.99
100874,1011,1,34.99,0.0,34.99
100875,1077,2,25.99,0.0,51.98
100875,1036,1,58.99,0.0,58.99
100876,1011,1,34.99,0.0,34.99
100877,1033,4,85.99,0.0,343.96
100877,1035,1,51.99,0.0,51.99
100878,1001,1,61.99,0.0,61.99
100879,1039,1,483.99,0.0,483.99
100880,1028,1,77.99,0.0,77.99
100880,1082,2,104.99,0.0,209.98
100880,1046,1,142.99,0.0,142.99
100881,1076,1,138.99,0.0,138.99
100881,1008,2,43.99,0.0,87.98
100882,1010,1,96.99,0.0,96.99
100882,1004,1,75.99,0.0,75.99
100883,1008,1,43.99,6.6,37.39
100884,1011,2,34.99,0.0,69.98
100885,1009,2,131.99,0.0,263.98
100885,1072,1,141.99,0.0,141.99
100886,1015,1,96.99,0.0,96.99
100887,1024,1,59.99,0.0,59.99
100888,1078,1,85.99,0.0,85.99
100888,1053,1,37.99,0.0,37.99
100889,1012,1,109.99,0.0,109.99
100890,1078,3,85.99,0.0,257.96999999999997
100890,1019,2,77.99,0.0,155.98
100891,1008,1,43.99,0.0,43.99
100891,1002,1,138.99,0.0,138.99
100892,1085,1,115.99,0.0,115.99
100893,1025,1,166.99,0.0,166.99
100893,1006,1,16.99,0.0,16.99
100893,1060,1,134.99,0.0,134.99
100894,1037,1,28.99,0.0,28.99
100894,1042,1,773.99,0.0,773.99
100895,1066,1,171.99,0.0,171.99
100896,1029,1,30.99,0.0,30.99
100897,1076,1,138.99,0.0,138.99
100898,1047,1,194.99,0.0,194.99
100898,1004,2,75.99,0.0,151.98
100899,1027,1,90.99,0.0,90.99
100899,1053,1,37.99,0.0,37.99
100900,1008,3,43.99,19.8,112.17
100900,1070,2,122.99,36.9,209.07999999999998
100901,1060,1,134.99,0.0,134.99
100901,1075,2,50.99,0.0,101.98
100902,1033,1,85.99,0.0,85.99
100902,1030,1,7.99,0.0,7.99
100902,1029,2,30.99,0.0,61.98
100902,1043,1,127.99,0.0,127.99
100903,1032,1,81.99,0.0,81.99
100904,1072,2,141.99,0.0,283.98
100905,1019,1,77.99,0.0,77.99
100905,1025,1,166.99,0.0,166.99
100905,1079,1,61.99,0.0,61.99
100906,1048,1,139.99,0.0,139.99
100907,1071,2,9.99,0.0,19.98
100908,1080,1,134.99,0.0,134.99
100909,1028,2,77.99,23.4,132.57999999999998
100910,1061,1,45.99,0.0,45.99
100911,1083,2,19.99,0.0,39.98
100912,1060,1,134.99,0.0,134.99
100912,1010,1,96.99,0.0,96.99
100913,1055,1,200.99,0.0,200.99
100914,1081,1,74.99,11.25,63.739999999999995
100915,1019,1,77.99,0.0,77.99
100916,1007,1,71.99,0.0,71.99
100917,1030,1,7.99,0.0,7.99
100918,1060,1,134.99,0.0,134.99
100918,1065,1,164.99,0.0,164.99
100919,1071,1,9.99,0.0,9.99
100920,1032,2,81.99,0.0,163.98
100921,1080,3,134.99,0.0,404.97
100922,1020,1,54.99,0.0,54.99
100923,1020,1,54.99,0.0,54.99
100923,1049,1,126.99,0.0,126.99
100923,1056,1,239.99,0.0,239.99
100923,1019,1,77.99,0.0,77.99
100924,1054,1,229.99,34.5,195.49
100924,1074,2,19.99,6.0,33.98
100925,1020,1,54.99,8.25,46.74
100925,1016,2,180.99,54.3,307.68
100925,1052,1,208.99,31.35,177.64000000000001
100926,1078,1,85.99,0.0,85.99
100927,1088,1,20.99,0.0,20.99
100928,1065,2,164.99,0.0,329.98
100928,1043,1,127.99,0.0,127.99
100929,1011,1,34.99,3.5,31.490000000000002
100930,1039,1,483.99,0.0,483.99
100930,1009,2,131.99,0.0,263.98
100930,1008,1,43.99,0.0,43.99
100930,1066,1,171.99,0.0,171.99
100931,1081,1,74.99,0.0,74.99
100931,1076,1,138.99,0.0,138.99
100932,1083,1,19.99,0.0,19.99
100933,1018,1,212.99,0.0,212.99
100934,1066,1,171.99,0.0,171.99
100934,1063,1,245.99,0.0,245.99
100934,1060,1,134.99,0.0,134.99
100935,1032,1,81.99,0.0,81.99
100936,1045,1,506.99,0.0,506.99
100937,1009,1,131.99,19.8,112.19000000000001
100937,1083,1,19.99,3.0,16.99
100938,1014,2,36.99,0.0,73.98
100939,1074,3,19.99,0.0,59.97
100939,1087,1,45.99,0.0,45.99
100940,1078,1,85.99,0.0,85.99
100940,1090,1,17.99,0.0,17.99
100941,1066,2,171.99,0.0,343.98
100942,1021,1,123.99,0.0,123.99
100943,1088,1,20.99,0.0,20.99
100943,1042,1,773.99,0.0,773.99
100944,1001,2,61.99,0.0,123.98
100944,1053,2,37.99,0.0,75.98
100945,1006,2,16.99,0.0,33.98
100945,1033,1,85.99,0.0,85.99
100945,1064,1,153.99,0.0,153.99
100946,1049,1,126.99,0.0,126.99
100946,1065,1,164.99,0.0,164.99
100947,1026,1,161.99,0.0,161.99
100948,1021,1,123.99,0.0,123.99
100949,1018,1,212.99,0.0,212.99
100950,1015,1,96.99,0.0,96.99
100950,1089,2,53.99,0.0,107.98
100951,1047,1,194.99,0.0,194.99
100951,1007,1,71.99,0.0,71.99
100952,1032,1,81.99,8.2,73.78999999999999
100953,1057,1,205.99,0.0,205.99
100954,1017,3,86.99,0.0,260.96999999999997
100955,1039,1,483.99,0.0,483.99
100956,1090,1,17.99,0.0,17.99
100956,1009,1,131.99,0.0,131.99
100957,1029,2,30.99,0.0,61.98
100958,1011,1,34.99,0.0,34.99
100958,1061,1,45.99,0.0,45.99
100958,1088,1,20.99,0.0,20.99
100959,1064,1,153.99,0.0,153.99
100960,1066,1,171.99,0.0,171.99
100960,1007,1,71.99,0.0,71.99
100960,1052,1,208.99,0.0,208.99
100961,1040,1,476.99,0.0,476.99
100962,1013,1,124.99,18.75,106.24
100963,1055,1,200.99,30.15,170.84
100964,1088,1,20.99,0.0,20.99
100965,1031,1,38.99,0.0,38.99
100965,1088,1,20.99,0.0,20.99
100966,1076,1,138.99,0.0,138.99
100966,1060,1,134.99,0.0,134.99
100967,1058,1,93.99,0.0,93.99
100968,1069,1,26.99,4.05,22.939999999999998
100968,1003,1,22.99,3.45,19.54
100968,1009,1,131.99,19.8,112.19000000000001
100969,1034,1,68.99,0.0,68.99
100970,1032,1,81.99,0.0,81.99
100970,1057,1,205.99,0.0,205.99
100971,1066,2,171.99,0.0,343.98
100972,1005,1,79.99,0.0,79.99
100973,1023,1,135.99,0.0,135.99
100974,1028,1,77.99,11.7,66.28999999999999
100975,1019,1,77.99,0.0,77.99
100976,1085,1,115.99,0.0,115.99
100977,1078,1,85.99,0.0,85.99
100978,1036,1,58.99,0.0,58.99
100979,1017,1,86.99,0.0,86.99
100979,1069,2,26.99,0.0,53.98
100980,1090,1,17.99,0.0,17.99
100980,1087,1,45.99,0.0,45.99
100981,1027,1,90.99,0.0,90.99
100982,1009,1,131.99,0.0,131.99
100982,1012,2,109.99,0.0,219.98
100983,1003,1,22.99,0.0,22.99
100983,1051,1,53.99,0.0,53.99
100984,1010,1,96.99,0.0,96.99
100984,1050,1,146.99,0.0,146.99
100985,1016,1,180.99,0.0,180.99
100986,1063,1,245.99,0.0,245.99
100987,1079,1,61.99,6.2,55.79
100987,1074,1,19.99,2.0,17.99
100987,1075,1,50.99,5.1,45.89
100988,1080,1,134.99,0.0,134.99
100989,1088,2,20.99,6.3,35.68
100989,1080,2,134.99,40.5,229.48000000000002
100989,1064,4,153.99,92.39,523.57
100990,1061,1,45.99,0.0,45.99
100990,1089,1,53.99,0.0,53.99
100991,1003,2,22.99,0.0,45.98
100991,1029,1,30.99,0.0,30.99
100991,1082,1,104.99,0.0,104.99
100992,1042,1,773.99,116.1,657.89
100993,1041,1,553.99,0.0,553.99
100993,1062,1,152.99,0.0,152.99
100994,1029,1,30.99,0.0,30.99
100994,1061,1,45.99,0.0,45.99
100995,1065,1,164.99,24.75,140.24
100996,1027,2,90.99,0.0,181.98
100997,1050,1,146.99,0.0,146.99
100998,1069,1,26.99,4.05,22.939999999999998
100998,1063,1,245.99,36.9,209.09
100999,1034,1,68.99,0.0,68.99
100999,1069,1,26.99,0.0,26.99
101000,1009,1,131.99,0.0,131.99
101001,1015,2,96.99,0.0,193.98
101002,1033,1,85.99,0.0,85.99
101002,1090,2,17.99,0.0,35.98
101002,1019,1,77.99,0.0,77.99
101003,1065,1,164.99,0.0,164.99
101004,1027,1,90.99,0.0,90.99
101004,1034,1,68.99,0.0,68.99
101004,1052,1,208.99,0.0,208.99
101005,1015,3,96.99,0.0,290.96999999999997
101005,1070,1,122.99,0.0,122.99
101005,1087,2,45.99,0.0,91.98
101006,1035,1,51.99,0.0,51.99
101007,1032,1,81.99,0.0,81.99
101007,1026,1,161.99,0.0,161.99
101007,1060,1,134.99,0.0,134.99
101008,1047,1,194.99,0.0,194.99
101008,1069,1,26.99,0.0,26.99
101009,1080,1,134.99,0.0,134.99
101010,1021,4,123.99,74.39,421.57
101011,1034,1,68.99,0.0,68.99
101011,1047,1,194.99,0.0,194.99
101011,1077,2,25.99,0.0,51.98
101012,1089,1,53.99,5.4,48.59
101013,1027,1,90.99,0.0,90.99
101014,1054,1,229.99,0.0,229.99
101014,1066,1,171.99,0.0,171.99
101014,1060,1,134.99,0.0,134.99
101015,1009,1,131.99,0.0,131.99
101016,1089,1,53.99,0.0,53.99
101017,1088,3,20.99,0.0,62.97
101017,1052,1,208.99,0.0,208.99
101018,1069,1,26.99,0.0,26.99
101019,1012,1,109.99,0.0,109.99
101020,1055,2,200.99,60.3,341.68
101021,1007,1,71.99,0.0,71.99
101021,1017,1,86.99,0.0,86.99
101022,1014,3,36.99,0.0,110.97
101023,1073,1,69.99,0.0,69.99
101024,1031,1,38.99,3.9,35.09
101025,1007,1,71.99,0.0,71.99
101025,1004,1,75.99,0.0,75.99
101025,1086,2,97.99,0.0,195.98
101025,1089,2,53.99,0.0,107.98
101026,1012,2,109.99,0.0,219.98
101026,1072,1,141.99,0.0,141.99
101027,1030,1,7.99,0.0,7.99
101027,1033,1,85.99,0.0,85.99
101028,1076,1,138.99,20.85,118.14000000000001
101028,1084,1,112.99,16.95,96.03999999999999
101029,1010,1,96.99,0.0,96.99
101030,1084,1,112.99,11.3,101.69
101031,1067,1,34.99,0.0,34.99
101031,1066,1,171.99,0.0,171.99
101032,1063,1,245.99,0.0,245.99
101033,1073,2,69.99,21.0,118.97999999999999
101034,1013,1,124.99,0.0,124.99
101034,1071,1,9.99,0.0,9.99
101034,1028,1,77.99,0.0,77.99
101034,1087,1,45.99,0.0,45.99
101035,1080,1,134.99,0.0,134.99
101035,1015,2,96.99,0.0,193.98
101036,1010,1,96.99,0.0,96.99
101036,1071,1,9.99,0.0,9.99
101036,1021,1,123.99,0.0,123.99
101037,1032,1,81.99,0.0,81.99
101038,1081,1,74.99,0.0,74.99
101038,1050,2,146.99,0.0,293.98
101039,1073,1,69.99,7.0,62.989999999999995
101040,1055,1,200.99,0.0,200.99
101041,1066,2,171.99,0.0,343.98
101041,1088,2,20.99,0.0,41.98
101042,1024,2,59.99,0.0,119.98
101043,1067,1,34.99,3.5,31.490000000000002
101043,1020,1,54.99,5.5,49.49
101044,1076,1,138.99,0.0,138.99
101044,1085,2,115.99,0.0,231.98
101044,1074,1,19.99,0.0,19.99
101044,1012,2,109.99,0.0,219.98
101045,1060,1,134.99,0.0,134.99
101046,1062,1,152.99,0.0,152.99
101046,1021,1,123.99,0.0,123.99
101046,1051,1,53.99,0.0,53.99
101046,1022,3,88.99,0.0,266.96999999999997
101047,1079,1,61.99,0.0,61.99
101048,1025,3,166.99,0.0,500.97
101049,1068,1,49.99,7.5,42.49
101050,1058,1,93.99,0.0,93.99
101051,1055,1,200.99,0.0,200.99
101052,1078,1,85.99,0.0,85.99
101053,1074,1,19.99,0.0,19.99
101053,1023,1,135.99,0.0,135.99
101054,1023,1,135.99,0.0,135.99
101054,1066,1,171.99,0.0,171.99
101054,1067,2,34.99,0.0,69.98
101054,1069,1,26.99,0.0,26.99
101055,1064,1,153.99,0.0,153.99
101055,1080,1,134.99,0.0,134.99
101056,1024,1,59.99,0.0,59.99
101057,1074,1,19.99,2.0,17.99
101058,1003,1,22.99,0.0,22.99
101059,1080,1,134.99,0.0,134.99
101060,1049,1,126.99,0.0,126.99
101061,1090,1,17.99,0.0,17.99
101061,1067,1,34.99,0.0,34.99
101061,1065,1,164.99,0.0,164.99
101061,1079,1,61.99,0.0,61.99
101062,1062,1,152.99,0.0,152.99
101062,1072,4,141.99,0.0,567.96
101062,1016,1,180.99,0.0,180.99
101063,1051,1,53.99,0.0,53.99
101063,1087,1,45.99,0.0,45.99
101064,1056,1,239.99,0.0,239.99
101064,1079,1,61.99,0.0,61.99
101065,1077,1,25.99,0.0,25.99
101066,1005,1,79.99,0.0,79.99
101067,1012,2,109.99,0.0,219.98
101067,1085,1,115.99,0.0,115.99
101067,1003,1,22.99,0.0,22.99
101068,1010,1,96.99,0.0,96.99
101068,1041,1,553.99,0.0,553.99
101068,1077,1,25.99,0.0,25.99
101069,1068,1,49.99,0.0,49.99
101070,1075,1,50.99,7.65,43.34
101071,1068,1,49.99,0.0,49.99
101072,1026,1,161.99,0.0,161.99
101073,1089,1,53.99,0.0,53.99
101073,1071,1,9.99,0.0,9.99
101073,1007,1,71.99,0.0,71.99
101074,1003,2,22.99,0.0,45.98
101074,1031,1,38.99,0.0,38.99
101075,1050,1,146.99,0.0,146.99
101076,1010,4,96.99,0.0,387.96
101076,1058,1,93.99,0.0,93.99
101077,1020,1,54.99,0.0,54.99
101077,1073,1,69.99,0.0,69.99
101077,1041,1,553.99,0.0,553.99
101078,1090,1,17.99,0.0,17.99
101078,1053,1,37.99,0.0,37.99
101079,1019,1,77.99,0.0,77.99
101080,1087,1,45.99,6.9,39.09
101080,1051,1,53.99,8.1,45.89
101081,1071,1,9.99,0.0,9.99
101082,1061,1,45.99,0.0,45.99
101082,1028,1,77.99,0.0,77.99
101083,1010,1,96.99,14.55,82.44
101083,1075,1,50.99,7.65,43.34
101083,1060,1,134.99,20.25,114.74000000000001
101083,1029,1,30.99,4.65,26.339999999999996
101084,1076,1,138.99,0.0,138.99
101085,1054,3,229.99,0.0,689.97
101085,1088,2,20.99,0.0,41.98
101085,1034,1,68.99,0.0,68.99
101086,1086,1,97.99,9.8,88.19
101086,1073,1,69.99,7.0,62.989999999999995
101086,1063,1,245.99,24.6,221.39000000000001
101087,1031,2,38.99,0.0,77.98
101087,1088,1,20.99,0.0,20.99
101087,1053,1,37.99,0.0,37.99
101088,1064,1,153.99,15.4,138.59
101088,1016,2,180.99,36.2,325.78000000000003
101088,1024,1,59.99,6.0,53.99
101089,1015,1,96.99,0.0,96.99
101090,1061,1,45.99,0.0,45.99
101091,1079,4,61.99,0.0,247.96
101091,1046,1,142.99,0.0,142.99
101092,1008,1,43.99,0.0,43.99
101092,1082,1,104.99,0.0,104.99
101092,1017,1,86.99,0.0,86.99
101093,1061,1,45.99,0.0,45.99
101094,1011,1,34.99,0.0,34.99
101094,1015,1,96.99,0.0,96.99
101094,1017,1,86.99,0.0,86.99
101095,1008,1,43.99,0.0,43.99
101096,1052,1,208.99,0.0,208.99
101097,1077,1,25.99,0.0,25.99
101098,1022,1,88.99,0.0,88.99
101099,1066,1,171.99,0.0,171.99
101100,1063,1,245.99,0.0,245.99
101100,1052,1,208.99,0.0,208.99
101100,1068,1,49.99,0.0,49.99
101101,1059,1,467.99,0.0,467.99
101101,1082,1,104.99,0.0,104.99
101102,1004,1,75.99,0.0,75.99
101103,1036,4,58.99,0.0,235.96
101103,1006,1,16.99,0.0,16.99
101104,1015,1,96.99,0.0,96.99
101104,1061,2,45.99,0.0,91.98
101104,1067,1,34.99,0.0,34.99
101104,1077,1,25.99,0.0,25.99
101105,1006,1,16.99,0.0,16.99
101106,1071,2,9.99,0.0,19.98
101107,1088,1,20.99,0.0,20.99
101108,1063,1,245.99,0.0,245.99
101108,1003,1,22.99,0.0,22.99
101109,1088,1,20.99,0.0,20.99
101110,1066,1,171.99,0.0,171.99
101111,1014,1,36.99,0.0,36.99
101111,1078,1,85.99,0.0,85.99
101111,1037,1,28.99,0.0,28.99
101112,1010,1,96.99,0.0,96.99
101113,1012,2,109.99,0.0,219.98
101114,1082,1,104.99,0.0,104.99
101115,1071,1,9.99,0.0,9.99
101115,1089,1,53.99,0.0,53.99
101116,1026,1,161.99,0.0,161.99
101117,1065,1,164.99,0.0,164.99
101118,1062,1,152.99,0.0,152.99
101119,1040,1,476.99,0.0,476.99
101120,1003,2,22.99,0.0,45.98
101120,1034,1,68.99,0.0,68.99
101121,1024,1,59.99,0.0,59.99
101122,1009,1,131.99,0.0,131.99
101122,1077,1,25.99,0.0,25.99
101122,1041,1,553.99,0.0,553.99
101123,1035,1,51.99,0.0,51.99
101123,1012,1,109.99,0.0,109.99
101124,1041,1,553.99,0.0,553.99
101125,1012,1,109.99,0.0,109.99
101126,1037,1,28.99,0.0,28.99
101126,1084,1,112.99,0.0,112.99
101126,1087,1,45.99,0.0,45.99
101127,1060,3,134.99,0.0,404.97
101128,1006,2,16.99,5.1,28.879999999999995
101129,1055,2,200.99,0.0,401.98
101129,1079,1,61.99,0.0,61.99
101130,1061,2,45.99,0.0,91.98
101130,1033,1,85.99,0.0,85.99
101131,1023,1,135.99,20.4,115.59
101131,1062,1,152.99,22.95,130.04000000000002
101132,1072,1,141.99,0.0,141.99
101133,1061,1,45.99,0.0,45.99
101134,1081,1,74.99,0.0,74.99
101135,1024,1,59.99,0.0,59.99
101135,1080,1,134.99,0.0,134.99
101135,1076,1,138.99,0.0,138.99
101136,1007,1,71.99,0.0,71.99
101137,1070,1,122.99,0.0,122.99
101138,1071,1,9.99,0.0,9.99
101138,1007,1,71.99,0.0,71.99
101138,1065,1,164.99,0.0,164.99
101138,1079,1,61.99,0.0,61.99
101139,1012,1,109.99,0.0,109.99
101139,1081,1,74.99,0.0,74.99
101140,1068,1,49.99,0.0,49.99
101141,1004,4,75.99,0.0,303.96
101142,1054,1,229.99,0.0,229.99
101143,1002,2,138.99,41.7,236.28000000000003
101144,1010,1,96.99,0.0,96.99
101145,1014,1,36.99,0.0,36.99
101146,1087,1,45.99,0.0,45.99
101147,1005,2,79.99,0.0,159.98
101148,1070,1,122.99,18.45,104.53999999999999
101149,1010,1,96.99,0.0,96.99
101150,1085,1,115.99,0.0,115.99
101151,1041,1,553.99,0.0,553.99
101152,1070,1,122.99,0.0,122.99
101152,1059,2,467.99,0.0,935.98
101153,1068,1,49.99,0.0,49.99
101153,1034,1,68.99,0.0,68.99
101153,1001,1,61.99,0.0,61.99
101154,1038,1,313.99,0.0,313.99
101155,1068,2,49.99,0.0,99.98
101156,1086,1,97.99,9.8,88.19
101157,1004,1,75.99,0.0,75.99
101158,1071,1,9.99,0.0,9.99
101159,1049,1,126.99,0.0,126.99
101159,1030,1,7.99,0.0,7.99
101159,1059,1,467.99,0.0,467.99
101160,1020,1,54.99,0.0,54.99
101160,1025,1,166.99,0.0,166.99
101160,1029,2,30.99,0.0,61.98
101161,1068,1,49.99,0.0,49.99
101161,1074,1,19.99,0.0,19.99
101161,1072,1,141.99,0.0,141.99
101162,1064,1,153.99,0.0,153.99
101162,1004,1,75.99,0.0,75.99
101163,1087,1,45.99,6.9,39.09
101164,1051,1,53.99,0.0,53.99
101165,1064,1,153.99,0.0,153.99
101165,1028,1,77.99,0.0,77.99
101165,1044,1,529.99,0.0,529.99
101165,1070,1,122.99,0.0,122.99
101166,1082,1,104.99,0.0,104.99
101167,1024,2,59.99,0.0,119.98
101168,1073,1,69.99,0.0,69.99
101168,1072,1,141.99,0.0,141.99
101169,1019,1,77.99,0.0,77.99
101169,1058,1,93.99,0.0,93.99
101170,1041,1,553.99,0.0,553.99
101170,1034,1,68.99,0.0,68.99
101171,1005,1,79.99,12.0,67.99
101172,1037,1,28.99,4.35,24.64
101173,1004,1,75.99,0.0,75.99
101174,1035,1,51.99,0.0,51.99
101174,1028,2,77.99,0.0,155.98
101174,1020,2,54.99,0.0,109.98
101174,1073,1,69.99,0.0,69.99
101175,1072,1,141.99,14.2,127.79
101176,1069,1,26.99,2.7,24.29
101177,1020,1,54.99,0.0,54.99
101177,1029,1,30.99,0.0,30.99
101177,1054,1,229.99,0.0,229.99
101178,1024,1,59.99,0.0,59.99
101178,1040,1,476.99,0.0,476.99
101179,1022,1,88.99,0.0,88.99
101179,1021,1,123.99,0.0,123.99
101180,1089,1,53.99,0.0,53.99
101181,1002,2,138.99,0.0,277.98
101182,1062,1,152.99,0.0,152.99
101183,1078,1,85.99,0.0,85.99
101183,1024,2,59.99,0.0,119.98
101183,1055,1,200.99,0.0,200.99
101183,1079,1,61.99,0.0,61.99
101184,1040,1,476.99,0.0,476.99
101184,1086,1,97.99,0.0,97.99
101184,1029,2,30.99,0.0,61.98
101185,1027,1,90.99,0.0,90.99
101186,1004,1,75.99,0.0,75.99
101186,1066,1,171.99,0.0,171.99
101186,1085,1,115.99,0.0,115.99
101186,1081,1,74.99,0.0,74.99
101187,1075,1,50.99,0.0,50.99
101187,1076,1,138.99,0.0,138.99
101188,1004,1,75.99,0.0,75.99
101188,1054,2,229.99,0.0,459.98
101189,1059,1,467.99,0.0,467.99
101190,1043,1,127.99,0.0,127.99
101191,1040,1,476.99,0.0,476.99
101191,1006,1,16.99,0.0,16.99
101191,1056,1,239.99,0.0,239.99
101191,1088,1,20.99,0.0,20.99
101192,1081,1,74.99,7.5,67.49
101192,1087,1,45.99,4.6,41.39
101193,1020,1,54.99,0.0,54.99
101194,1068,3,49.99,0.0,149.97
101195,1065,1,164.99,16.5,148.49
101196,1079,2,61.99,0.0,123.98
101196,1049,1,126.99,0.0,126.99
101197,1084,1,112.99,0.0,112.99
101198,1078,1,85.99,0.0,85.99
101199,1037,1,28.99,4.35,24.64
101199,1026,1,161.99,24.3,137.69
101199,1056,1,239.99,36.0,203.99
101200,1063,1,245.99,0.0,245.99
101200,1019,1,77.99,0.0,77.99
101201,1077,1,25.99,0.0,25.99
101202,1071,1,9.99,0.0,9.99
101203,1045,1,506.99,0.0,506.99
101203,1012,1,109.99,0.0,109.99
101203,1032,1,81.99,0.0,81.99
101204,1030,1,7.99,0.0,7.99
101205,1073,1,69.99,0.0,69.99
101206,1060,1,134.99,0.0,134.99
101206,1013,1,124.99,0.0,124.99
101207,1010,2,96.99,0.0,193.98
101207,1074,1,19.99,0.0,19.99
101207,1040,1,476.99,0.0,476.99
101207,1072,1,141.99,0.0,141.99
101208,1052,1,208.99,0.0,208.99
101208,1060,1,134.99,0.0,134.99
101209,1052,2,208.99,0.0,417.98
101210,1089,1,53.99,0.0,53.99
101211,1069,1,26.99,0.0,26.99
101212,1077,1,25.99,0.0,25.99
101213,1040,1,476.99,0.0,476.99
101213,1058,2,93.99,0.0,187.98
101213,1018,1,212.99,0.0,212.99
101213,1075,1,50.99,0.0,50.99
101214,1085,1,115.99,0.0,115.99
101214,1065,1,164.99,0.0,164.99
101214,1063,1,245.99,0.0,245.99
101214,1079,1,61.99,0.0,61.99
101215,1034,1,68.99,0.0,68.99
101216,1043,1,127.99,0.0,127.99
101217,1067,1,34.99,5.25,29.740000000000002
101217,1089,1,53.99,8.1,45.89
101218,1081,1,74.99,0.0,74.99
101219,1007,1,71.99,0.0,71.99
101220,1007,2,71.99,0.0,143.98
101220,1060,2,134.99,0.0,269.98
101221,1059,1,467.99,0.0,467.99
101222,1003,1,22.99,2.3,20.689999999999998
101222,1063,2,245.99,49.2,442.78000000000003
101223,1005,3,79.99,0.0,239.96999999999997
101223,1061,1,45.99,0.0,45.99
101224,1060,1,134.99,0.0,134.99
101225,1013,1,124.99,0.0,124.99
101226,1024,1,59.99,0.0,59.99
101226,1078,4,85.99,0.0,343.96
101226,1013,1,124.99,0.0,124.99
101227,1006,1,16.99,0.0,16.99
101228,1030,1,7.99,0.0,7.99
101229,1055,1,200.99,0.0,200.99
101230,1086,1,97.99,9.8,88.19
101231,1024,1,59.99,0.0,59.99
101231,1038,1,313.99,0.0,313.99
101231,1019,1,77.99,0.0,77.99
101232,1018,1,212.99,0.0,212.99
101233,1031,2,38.99,0.0,77.98
101234,1022,1,88.99,0.0,88.99
101234,1067,1,34.99,0.0,34.99
101235,1010,1,96.99,0.0,96.99
101235,1004,1,75.99,0.0,75.99
101236,1031,1,38.99,3.9,35.09
101237,1003,2,22.99,6.9,39.08
101237,1067,1,34.99,5.25,29.740000000000002
101238,1001,1,61.99,9.3,52.69
101238,1090,1,17.99,2.7,15.29
101239,1090,1,17.99,0.0,17.99
101240,1049,1,126.99,0.0,126.99
101240,1085,1,115.99,0.0,115.99
101241,1021,1,123.99,0.0,123.99
101241,1058,1,93.99,0.0,93.99
101242,1065,1,164.99,0.0,164.99
101242,1052,1,208.99,0.0,208.99
101242,1006,3,16.99,0.0,50.97
101243,1066,1,171.99,0.0,171.99
101244,1067,1,34.99,0.0,34.99
101245,1027,1,90.99,0.0,90.99
101245,1065,1,164.99,0.0,164.99
101246,1077,1,25.99,0.0,25.99
101246,1080,1,134.99,0.0,134.99
101246,1081,1,74.99,0.0,74.99
101247,1069,1,26.99,0.0,26.99
101248,1002,2,138.99,0.0,277.98
101248,1001,1,61.99,0.0,61.99
101249,1056,1,239.99,0.0,239.99
101250,1089,1,53.99,5.4,48.59
101250,1086,1,97.99,9.8,88.19
101250,1057,1,205.99,20.6,185.39000000000001
101251,1067,1,34.99,0.0,34.99
101252,1084,1,112.99,0.0,112.99
101252,1069,4,26.99,0.0,107.96
101253,1090,2,17.99,0.0,35.98
101253,1012,1,109.99,0.0,109.99
101253,1058,1,93.99,0.0,93.99
101254,1016,1,180.99,0.0,180.99
101255,1015,1,96.99,14.55,82.44
101255,1069,1,26.99,4.05,22.939999999999998
101255,1020,2,54.99,16.5,93.48
101256,1089,1,53.99,0.0,53.99
101257,1008,1,43.99,0.0,43.99
101257,1056,1,239.99,0.0,239.99
101258,1008,1,43.99,0.0,43.99
101258,1025,1,166.99,0.0,166.99
101258,1054,1,229.99,0.0,229.99
101258,1015,1,96.99,0.0,96.99
101259,1059,1,467.99,0.0,467.99
101260,1062,2,152.99,0.0,305.98
101260,1081,1,74.99,0.0,74.99
101261,1008,1,43.99,6.6,37.39
101261,1002,2,138.99,41.7,236.28000000000003
101262,1061,1,45.99,0.0,45.99
101263,1068,1,49.99,0.0,49.99
101263,1080,2,134.99,0.0,269.98
101263,1077,1,25.99,0.0,25.99
101263,1013,1,124.99,0.0,124.99
101264,1036,1,58.99,5.9,53.09
101265,1007,2,71.99,0.0,143.98
101266,1080,1,134.99,20.25,114.74000000000001
101266,1089,1,53.99,8.1,45.89
101267,1058,1,93.99,0.0,93.99
101267,1009,1,131.99,0.0,131.99
101267,1067,2,34.99,0.0,69.98
101268,1047,1,194.99,0.0,194.99
101269,1005,1,79.99,0.0,79.99
101269,1015,1,96.99,0.0,96.99
101269,1090,1,17.99,0.0,17.99
101269,1068,1,49.99,0.0,49.99
101270,1039,1,483.99,0.0,483.99
101270,1036,1,58.99,0.0,58.99
101270,1015,1,96.99,0.0,96.99
101270,1033,1,85.99,0.0,85.99
101271,1075,1,50.99,0.0,50.99
101272,1088,1,20.99,0.0,20.99
101272,1032,1,81.99,0.0,81.99
101272,1049,1,126.99,0.0,126.99
101273,1055,3,200.99,0.0,602.97
101273,1066,1,171.99,0.0,171.99
101274,1077,1,25.99,0.0,25.99
101274,1036,1,58.99,0.0,58.99
101275,1067,1,34.99,0.0,34.99
101275,1042,1,773.99,0.0,773.99
101276,1082,1,104.99,0.0,104.99
101277,1060,1,134.99,0.0,134.99
101278,1023,1,135.99,0.0,135.99
101279,1019,1,77.99,11.7,66.28999999999999
101279,1027,1,90.99,13.65,77.33999999999999
101279,1064,2,153.99,46.2,261.78000000000003
101279,1039,1,483.99,72.6,411.39
101280,1011,1,34.99,0.0,34.99
101281,1033,1,85.99,0.0,85.99
101281,1063,1,245.99,0.0,245.99
101282,1071,1,9.99,1.5,8.49
101283,1085,1,115.99,17.4,98.59
101283,1090,1,17.99,2.7,15.29
101284,1042,1,773.99,0.0,773.99
101284,1082,1,104.99,0.0,104.99
101285,1058,2,93.99,0.0,187.98
101285,1057,1,205.99,0.0,205.99
101286,1065,1,164.99,0.0,164.99
101286,1084,2,112.99,0.0,225.98
101286,1045,1,506.99,0.0,506.99
101287,1067,1,34.99,0.0,34.99
101287,1036,1,58.99,0.0,58.99
101288,1046,1,142.99,0.0,142.99
101289,1076,1,138.99,0.0,138.99
101289,1051,2,53.99,0.0,107.98
101290,1090,1,17.99,0.0,17.99
101290,1056,1,239.99,0.0,239.99
101291,1073,1,69.99,7.0,62.989999999999995
101291,1009,1,131.99,13.2,118.79
101291,1002,1,138.99,13.9,125.09
101291,1090,1,17.99,1.8,16.189999999999998
101292,1022,1,88.99,0.0,88.99
101293,1074,1,19.99,0.0,19.99
101294,1075,2,50.99,0.0,101.98
101295,1083,1,19.99,0.0,19.99
101296,1004,1,75.99,0.0,75.99
101297,1050,1,146.99,0.0,146.99
101298,1004,1,75.99,0.0,75.99
101299,1068,1,49.99,0.0,49.99
101299,1048,1,139.99,0.0,139.99
101300,1044,1,529.99,0.0,529.99
101300,1049,1,126.99,0.0,126.99
101300,1090,1,17.99,0.0,17.99
101300,1073,1,69.99,0.0,69.99
101301,1016,2,180.99,54.3,307.68
101301,1010,1,96.99,14.55,82.44
101302,1014,1,36.99,0.0,36.99
101303,1078,1,85.99,0.0,85.99
101304,1021,1,123.99,0.0,123.99
101304,1011,2,34.99,0.0,69.98
101305,1050,2,146.99,0.0,293.98
101305,1012,1,109.99,0.0,109.99
101305,1068,1,49.99,0.0,49.99
101305,1070,1,122.99,0.0,122.99
101306,1054,1,229.99,0.0,229.99
101307,1020,1,54.99,0.0,54.99
101307,1048,1,139.99,0.0,139.99
101308,1071,1,9.99,0.0,9.99
101309,1018,1,212.99,31.95,181.04000000000002
101309,1057,1,205.99,30.9,175.09
101310,1068,1,49.99,0.0,49.99
101311,1059,1,467.99,0.0,467.99
101312,1036,1,58.99,0.0,58.99
101313,1074,1,19.99,0.0,19.99
101314,1004,2,75.99,0.0,151.98
101315,1033,1,85.99,12.9,73.08999999999999
101316,1057,1,205.99,0.0,205.99
101316,1024,1,59.99,0.0,59.99
101317,1010,2,96.99,0.0,193.98
101318,1078,1,85.99,0.0,85.99
101318,1089,1,53.99,0.0,53.99
101319,1040,1,476.99,0.0,476.99
101319,1038,1,313.99,0.0,313.99
101320,1089,1,53.99,0.0,53.99
101321,1047,1,194.99,0.0,194.99
101321,1042,1,773.99,0.0,773.99
101321,1077,2,25.99,0.0,51.98
101322,1078,1,85.99,0.0,85.99
101322,1089,1,53.99,0.0,53.99
101323,1067,2,34.99,0.0,69.98
101324,1063,1,245.99,36.9,209.09
101325,1064,4,153.99,0.0,615.96
101325,1039,1,483.99,0.0,483.99
101325,1006,2,16.99,0.0,33.98
101326,1052,1,208.99,0.0,208.99
101326,1051,1,53.99,0.0,53.99
101327,1081,1,74.99,0.0,74.99
101328,1060,1,134.99,0.0,134.99
101328,1033,3,85.99,0.0,257.96999999999997
101328,1061,1,45.99,0.0,45.99
101328,1084,1,112.99,0.0,112.99
101329,1001,1,61.99,0.0,61.99
101330,1064,1,153.99,0.0,153.99
101330,1029,1,30.99,0.0,30.99
101330,1070,2,122.99,0.0,245.98
101331,1085,1,115.99,0.0,115.99
101332,1087,2,45.99,0.0,91.98
101333,1020,2,54.99,0.0,109.98
101334,1024,1,59.99,0.0,59.99
101334,1054,1,229.99,0.0,229.99
101334,1068,1,49.99,0.0,49.99
101334,1016,1,180.99,0.0,180.99
101335,1070,3,122.99,36.9,332.07
101336,1070,1,122.99,0.0,122.99
101337,1062,1,152.99,0.0,152.99
101337,1034,1,68.99,0.0,68.99
101338,1086,2,97.99,0.0,195.98
101338,1062,1,152.99,0.0,152.99
101338,1048,1,139.99,0.0,139.99
101339,1021,2,123.99,0.0,247.98
101339,1034,1,68.99,0.0,68.99
101339,1025,1,166.99,0.0,166.99
101340,1001,1,61.99,9.3,52.69
101341,1013,1,124.99,0.0,124.99
101342,1019,1,77.99,0.0,77.99
101343,1088,1,20.99,0.0,20.99
101344,1003,1,22.99,0.0,22.99
101344,1032,1,81.99,0.0,81.99
101344,1067,1,34.99,0.0,34.99
101345,1072,1,141.99,0.0,141.99
101346,1072,1,141.99,0.0,141.99
101346,1069,1,26.99,0.0,26.99
101347,1075,3,50.99,0.0,152.97
101348,1055,1,200.99,0.0,200.99
101348,1064,2,153.99,0.0,307.98
101348,1060,2,134.99,0.0,269.98
101349,1073,1,69.99,0.0,69.99
101349,1085,1,115.99,0.0,115.99
101350,1018,1,212.99,0.0,212.99
101351,1007,1,71.99,7.2,64.78999999999999
101352,1058,1,93.99,0.0,93.99
101352,1056,1,239.99,0.0,239.99
101352,1034,1,68.99,0.0,68.99
101352,1007,1,71.99,0.0,71.99
101353,1020,1,54.99,0.0,54.99
101354,1068,1,49.99,0.0,49.99
101355,1049,1,126.99,0.0,126.99
101355,1030,1,7.99,0.0,7.99
101355,1009,1,131.99,0.0,131.99
101356,1077,1,25.99,3.9,22.09
101356,1007,1,71.99,10.8,61.19
101356,1067,1,34.99,5.25,29.740000000000002
101357,1004,1,75.99,0.0,75.99
101357,1073,1,69.99,0.0,69.99
101357,1034,3,68.99,0.0,206.96999999999997
101358,1027,1,90.99,0.0,90.99
101358,1051,1,53.99,0.0,53.99
101358,1075,1,50.99,0.0,50.99
101358,1060,1,134.99,0.0,134.99
101359,1059,1,467.99,0.0,467.99
101360,1078,1,85.99,0.0,85.99
101360,1033,1,85.99,0.0,85.99
101361,1069,1,26.99,0.0,26.99
101361,1086,1,97.99,0.0,97.99
101362,1037,1,28.99,0.0,28.99
101362,1045,1,506.99,0.0,506.99
101363,1032,1,81.99,0.0,81.99
101364,1072,1,141.99,21.3,120.69000000000001
101364,1047,1,194.99,29.25,165.74
101365,1010,1,96.99,9.7,87.28999999999999
101366,1072,1,141.99,21.3,120.69000000000001
101367,1008,1,43.99,0.0,43.99
101367,1028,1,77.99,0.0,77.99
101368,1027,1,90.99,0.0,90.99
101368,1066,2,171.99,0.0,343.98
101368,1059,2,467.99,0.0,935.98
101369,1011,1,34.99,5.25,29.740000000000002
101369,1052,1,208.99,31.35,177.64000000000001
101370,1073,1,69.99,0.0,69.99
101370,1052,2,208.99,0.0,417.98
101370,1069,1,26.99,0.0,26.99
101371,1088,1,20.99,0.0,20.99
101371,1058,1,93.99,0.0,93.99
101372,1038,1,313.99,0.0,313.99
101373,1033,1,85.99,0.0,85.99
101373,1069,1,26.99,0.0,26.99
101374,1027,1,90.99,0.0,90.99
101374,1064,1,153.99,0.0,153.99
101374,1080,1,134.99,0.0,134.99
101375,1067,2,34.99,0.0,69.98
101375,1068,1,49.99,0.0,49.99
101376,1021,2,123.99,0.0,247.98
101377,1039,1,483.99,72.6,411.39
101378,1064,1,153.99,0.0,153.99
101379,1025,1,166.99,0.0,166.99
101379,1063,1,245.99,0.0,245.99
101380,1012,1,109.99,0.0,109.99
101381,1050,1,146.99,0.0,146.99
101382,1023,1,135.99,0.0,135.99
101383,1068,1,49.99,0.0,49.99
101383,1012,1,109.99,0.0,109.99
101383,1081,4,74.99,0.0,299.96
101383,1031,1,38.99,0.0,38.99
101384,1026,1,161.99,0.0,161.99
101385,1021,2,123.99,24.8,223.17999999999998
101386,1037,1,28.99,0.0,28.99
101387,1055,2,200.99,0.0,401.98
101387,1011,1,34.99,0.0,34.99
101388,1050,2,146.99,0.0,293.98
101388,1081,1,74.99,0.0,74.99
101388,1026,1,161.99,0.0,161.99
101389,1027,1,90.99,0.0,90.99
101389,1058,1,93.99,0.0,93.99
101390,1063,1,245.99,0.0,245.99
101390,1011,1,34.99,0.0,34.99
101391,1064,1,153.99,0.0,153.99
101391,1034,1,68.99,0.0,68.99
101391,1012,1,109.99,0.0,109.99
101391,1088,1,20.99,0.0,20.99
101392,1055,1,200.99,0.0,200.99
101392,1025,1,166.99,0.0,166.99
101393,1029,1,30.99,4.65,26.339999999999996
101393,1036,1,58.99,8.85,50.14
101393,1074,1,19.99,3.0,16.99
101393,1005,2,79.99,24.0,135.98
101394,1013,3,124.99,0.0,374.96999999999997
101395,1077,1,25.99,0.0,25.99
101396,1088,2,20.99,0.0,41.98
101396,1050,1,146.99,0.0,146.99
101397,1021,1,123.99,12.4,111.58999999999999
101397,1052,1,208.99,20.9,188.09
101398,1027,1,90.99,0.0,90.99
101398,1049,1,126.99,0.0,126.99
101398,1082,1,104.99,0.0,104.99
101399,1062,1,152.99,22.95,130.04000000000002
101400,1072,1,141.99,0.0,141.99
101400,1071,1,9.99,0.0,9.99
101400,1033,1,85.99,0.0,85.99
101400,1067,1,34.99,0.0,34.99
101401,1062,1,152.99,0.0,152.99
101401,1059,1,467.99,0.0,467.99
101401,1048,1,139.99,0.0,139.99
101401,1089,2,53.99,0.0,107.98
101402,1010,1,96.99,0.0,96.99
101403,1061,1,45.99,0.0,45.99
101403,1058,2,93.99,0.0,187.98
101404,1079,1,61.99,0.0,61.99
101405,1072,2,141.99,0.0,283.98
101405,1010,1,96.99,0.0,96.99
101406,1059,1,467.99,0.0,467.99
101406,1090,1,17.99,0.0,17.99
101406,1041,1,553.99,0.0,553.99
101407,1014,1,36.99,0.0,36.99
101407,1057,1,205.99,0.0,205.99
101407,1034,1,68.99,0.0,68.99
101408,1060,1,134.99,0.0,134.99
101409,1015,2,96.99,0.0,193.98
101409,1067,1,34.99,0.0,34.99
101409,1084,1,112.99,0.0,112.99
101410,1062,1,152.99,0.0,152.99
101410,1064,1,153.99,0.0,153.99
101411,1007,1,71.99,0.0,71.99
101412,1087,1,45.99,0.0,45.99
101412,1035,2,51.99,0.0,103.98
101412,1065,1,164.99,0.0,164.99
101412,1014,1,36.99,0.0,36.99
101413,1049,1,126.99,19.05,107.94
101413,1032,1,81.99,12.3,69.69
101414,1078,3,85.99,0.0,257.96999999999997
101414,1068,3,49.99,0.0,149.97
101415,1070,1,122.99,12.3,110.69
101416,1070,1,122.99,0.0,122.99
101416,1071,1,9.99,0.0,9.99
101416,1008,1,43.99,0.0,43.99
101416,1028,1,77.99,0.0,77.99
101417,1021,1,123.99,0.0,123.99
101417,1069,1,26.99,0.0,26.99
101418,1047,1,194.99,0.0,194.99
101418,1076,1,138.99,0.0,138.99
101419,1001,2,61.99,0.0,123.98
101420,1032,2,81.99,24.6,139.38
101421,1080,1,134.99,20.25,114.74000000000001
101422,1029,1,30.99,0.0,30.99
101422,1076,1,138.99,0.0,138.99
101422,1061,1,45.99,0.0,45.99
101423,1046,1,142.99,0.0,142.99
101424,1007,1,71.99,0.0,71.99
101424,1074,1,19.99,0.0,19.99
101424,1004,1,75.99,0.0,75.99
101425,1003,2,22.99,0.0,45.98
101426,1032,1,81.99,0.0,81.99
101426,1077,1,25.99,0.0,25.99
101426,1068,1,49.99,0.0,49.99
101426,1011,1,34.99,0.0,34.99
101427,1061,2,45.99,0.0,91.98
101427,1083,2,19.99,0.0,39.98
101428,1048,1,139.99,0.0,139.99
101429,1052,1,208.99,0.0,208.99
101430,1068,2,49.99,0.0,99.98
101431,1031,1,38.99,0.0,38.99
101432,1006,3,16.99,7.65,43.32
101432,1027,1,90.99,13.65,77.33999999999999
101433,1026,1,161.99,0.0,161.99
101433,1001,2,61.99,0.0,123.98
101433,1078,1,85.99,0.0,85.99
101433,1044,1,529.99,0.0,529.99
101434,1061,1,45.99,0.0,45.99
101435,1075,1,50.99,0.0,50.99
101436,1042,1,773.99,0.0,773.99
101437,1074,1,19.99,0.0,19.99
101437,1084,1,112.99,0.0,112.99
101437,1075,1,50.99,0.0,50.99
101438,1080,1,134.99,0.0,134.99
101438,1048,1,139.99,0.0,139.99
101439,1054,2,229.99,0.0,459.98
101440,1059,1,467.99,0.0,467.99
101441,1019,1,77.99,0.0,77.99
101442,1037,1,28.99,0.0,28.99
101442,1004,1,75.99,0.0,75.99
101443,1039,1,483.99,48.4,435.59000000000003
101443,1055,1,200.99,20.1,180.89000000000001
101444,1020,2,54.99,0.0,109.98
101444,1073,1,69.99,0.0,69.99
101444,1047,1,194.99,0.0,194.99
101444,1065,1,164.99,0.0,164.99
101445,1073,1,69.99,0.0,69.99
101446,1084,4,112.99,0.0,451.96
101447,1062,1,152.99,0.0,152.99
101447,1065,1,164.99,0.0,164.99
101448,1065,2,164.99,0.0,329.98
101448,1083,1,19.99,0.0,19.99
101448,1013,1,124.99,0.0,124.99
101448,1054,1,229.99,0.0,229.99
101449,1055,1,200.99,0.0,200.99
101450,1026,1,161.99,0.0,161.99
101451,1008,1,43.99,0.0,43.99
101452,1027,1,90.99,0.0,90.99
101453,1037,2,28.99,0.0,57.98
101454,1069,2,26.99,0.0,53.98
101455,1001,1,61.99,0.0,61.99
101456,1015,1,96.99,0.0,96.99
101456,1010,1,96.99,0.0,96.99
101457,1013,1,124.99,0.0,124.99
101458,1026,1,161.99,0.0,161.99
101459,1076,3,138.99,0.0,416.97
101460,1056,1,239.99,0.0,239.99
101460,1066,2,171.99,0.0,343.98
101461,1016,1,180.99,0.0,180.99
101462,1087,4,45.99,0.0,183.96
101463,1070,1,122.99,0.0,122.99
101463,1036,1,58.99,0.0,58.99
101464,1020,2,54.99,0.0,109.98
101464,1028,1,77.99,0.0,77.99
101464,1062,1,152.99,0.0,152.99
101465,1080,3,134.99,0.0,404.97
101466,1059,3,467.99,0.0,1403.97
101466,1065,1,164.99,0.0,164.99
101467,1020,1,54.99,0.0,54.99
101468,1018,3,212.99,0.0,638.97
101468,1073,1,69.99,0.0,69.99
101469,1075,1,50.99,0.0,50.99
101469,1061,1,45.99,0.0,45.99
101470,1089,1,53.99,0.0,53.99
101471,1076,1,138.99,0.0,138.99
101471,1002,1,138.99,0.0,138.99
101471,1017,1,86.99,0.0,86.99
101472,1069,1,26.99,0.0,26.99
101473,1068,1,49.99,0.0,49.99
101474,1082,2,104.99,0.0,209.98
101474,1034,3,68.99,0.0,206.96999999999997
101475,1056,1,239.99,0.0,239.99
101476,1022,1,88.99,0.0,88.99
101477,1045,1,506.99,0.0,506.99
101478,1020,1,54.99,8.25,46.74
101479,1086,1,97.99,0.0,97.99
101480,1021,1,123.99,18.6,105.38999999999999
101481,1016,1,180.99,0.0,180.99
101482,1072,1,141.99,0.0,141.99
101482,1069,1,26.99,0.0,26.99
101483,1031,1,38.99,0.0,38.99
101483,1088,1,20.99,0.0,20.99
101484,1069,1,26.99,0.0,26.99
101485,1076,1,138.99,0.0,138.99
101485,1036,2,58.99,0.0,117.98
101486,1086,1,97.99,0.0,97.99
101487,1067,1,34.99,0.0,34.99
101487,1033,1,85.99,0.0,85.99
101487,1037,1,28.99,0.0,28.99
101487,1007,1,71.99,0.0,71.99
101488,1069,1,26.99,0.0,26.99
101488,1068,1,49.99,0.0,49.99
101488,1039,1,483.99,0.0,483.99
101488,1066,1,171.99,0.0,171.99
101489,1022,2,88.99,0.0,177.98
101489,1077,1,25.99,0.0,25.99
101490,1016,4,180.99,72.4,651.5600000000001
101491,1023,1,135.99,0.0,135.99
101492,1082,1,104.99,15.75,89.24
101493,1063,1,245.99,24.6,221.39000000000001
101493,1031,2,38.99,7.8,70.18
101494,1079,2,61.99,0.0,123.98
101495,1020,1,54.99,0.0,54.99
101495,1026,1,161.99,0.0,161.99
101495,1021,1,123.99,0.0,123.99
101496,1014,1,36.99,0.0,36.99
101497,1070,1,122.99,0.0,122.99
101497,1071,3,9.99,0.0,29.97
101498,1061,2,45.99,0.0,91.98
101499,1086,1,97.99,0.0,97.99
101499,1065,1,164.99,0.0,164.99
101500,1074,1,19.99,0.0,19.99
101500,1071,1,9.99,0.0,9.99
101500,1048,1,139.99,0.0,139.99
101501,1049,1,126.99,0.0,126.99
101502,1070,1,122.99,0.0,122.99
101503,1071,1,9.99,0.0,9.99
101503,1073,1,69.99,0.0,69.99
101503,1001,2,61.99,0.0,123.98
101503,1067,1,34.99,0.0,34.99
101504,1036,1,58.99,0.0,58.99
101505,1087,4,45.99,0.0,183.96
101506,1074,1,19.99,0.0,19.99
101506,1055,1,200.99,0.0,200.99
101507,1017,2,86.99,17.4,156.57999999999998
101507,1033,1,85.99,8.6,77.39
101507,1064,1,153.99,15.4,138.59
101508,1007,1,71.99,0.0,71.99
101509,1037,1,28.99,0.0,28.99
101509,1071,1,9.99,0.0,9.99
101510,1063,1,245.99,0.0,245.99
101511,1075,2,50.99,0.0,101.98
101512,1012,1,109.99,0.0,109.99
101513,1013,1,124.99,0.0,124.99
101514,1063,1,245.99,0.0,245.99
101515,1058,2,93.99,0.0,187.98
101515,1001,1,61.99,0.0,61.99
101516,1024,1,59.99,9.0,50.99
101516,1067,1,34.99,5.25,29.740000000000002
101517,1067,2,34.99,0.0,69.98
101518,1049,1,126.99,0.0,126.99
101519,1050,1,146.99,0.0,146.99
101520,1042,1,773.99,0.0,773.99
101520,1068,1,49.99,0.0,49.99
101521,1024,2,59.99,0.0,119.98
101522,1080,1,134.99,0.0,134.99
101523,1039,1,483.99,0.0,483.99
101523,1068,1,49.99,0.0,49.99
101524,1037,1,28.99,0.0,28.99
101525,1028,1,77.99,0.0,77.99
101526,1067,1,34.99,0.0,34.99
101526,1036,4,58.99,0.0,235.96
101527,1065,2,164.99,0.0,329.98
101527,1084,1,112.99,0.0,112.99
101527,1027,1,90.99,0.0,90.99
101527,1011,1,34.99,0.0,34.99
101528,1071,1,9.99,0.0,9.99
101528,1050,1,146.99,0.0,146.99
101529,1009,1,131.99,0.0,131.99
101529,1068,1,49.99,0.0,49.99
101530,1043,1,127.99,12.8,115.19
101530,1002,1,138.99,13.9,125.09
101531,1059,1,467.99,0.0,467.99
101532,1004,1,75.99,7.6,68.39
101532,1030,1,7.99,0.8,7.19
101533,1090,1,17.99,0.0,17.99
101533,1063,2,245.99,0.0,491.98
101534,1087,1,45.99,0.0,45.99
101534,1052,1,208.99,0.0,208.99
101534,1007,1,71.99,0.0,71.99
101535,1019,3,77.99,0.0,233.96999999999997
101535,1072,1,141.99,0.0,141.99
101535,1001,2,61.99,0.0,123.98
101536,1023,1,135.99,0.0,135.99
101536,1046,1,142.99,0.0,142.99
101536,1073,1,69.99,0.0,69.99
101536,1031,1,38.99,0.0,38.99
101537,1048,1,139.99,0.0,139.99
101538,1030,2,7.99,0.0,15.98
101538,1024,1,59.99,0.0,59.99
101538,1062,1,152.99,0.0,152.99
101539,1001,1,61.99,0.0,61.99
101539,1037,1,28.99,0.0,28.99
101539,1061,1,45.99,0.0,45.99
101540,1013,1,124.99,0.0,124.99
101541,1070,2,122.99,0.0,245.98
101542,1034,1,68.99,0.0,68.99
101542,1035,1,51.99,0.0,51.99
101543,1065,1,164.99,24.75,140.24
101544,1073,1,69.99,0.0,69.99
101544,1010,1,96.99,0.0,96.99
101545,1067,3,34.99,0.0,104.97
101545,1085,1,115.99,0.0,115.99
101546,1038,1,313.99,0.0,313.99
101547,1053,1,37.99,0.0,37.99
101548,1084,1,112.99,0.0,112.99
101548,1068,1,49.99,0.0,49.99
101548,1060,1,134.99,0.0,134.99
101549,1007,1,71.99,0.0,71.99
101550,1083,1,19.99,0.0,19.99
101551,1090,1,17.99,0.0,17.99
101552,1023,1,135.99,13.6,122.39000000000001
101553,1036,4,58.99,35.39,200.57
101554,1055,1,200.99,0.0,200.99
101555,1007,1,71.99,0.0,71.99
101556,1010,2,96.99,0.0,193.98
101557,1061,1,45.99,0.0,45.99
101557,1072,1,141.99,0.0,141.99
101558,1029,1,30.99,4.65,26.339999999999996
101559,1009,1,131.99,0.0,131.99
101560,1005,1,79.99,0.0,79.99
101561,1009,1,131.99,0.0,131.99
101561,1030,2,7.99,0.0,15.98
101562,1032,2,81.99,0.0,163.98
101563,1085,1,115.99,0.0,115.99
101564,1077,1,25.99,0.0,25.99
101564,1086,1,97.99,0.0,97.99
101564,1066,1,171.99,0.0,171.99
101565,1018,1,212.99,0.0,212.99
101566,1016,1,180.99,0.0,180.99
101567,1066,1,171.99,0.0,171.99
101568,1087,1,45.99,0.0,45.99
101569,1064,1,153.99,15.4,138.59
101570,1071,1,9.99,0.0,9.99
101570,1039,1,483.99,0.0,483.99
101571,1011,1,34.99,0.0,34.99
101571,1060,1,134.99,0.0,134.99
101571,1043,1,127.99,0.0,127.99
101571,1032,1,81.99,0.0,81.99
101572,1001,1,61.99,0.0,61.99
101573,1065,2,164.99,0.0,329.98
101573,1033,1,85.99,0.0,85.99
101574,1076,1,138.99,0.0,138.99
101574,1064,1,153.99,0.0,153.99
101575,1001,1,61.99,0.0,61.99
101575,1015,1,96.99,0.0,96.99
101576,1083,1,19.99,0.0,19.99
101577,1054,1,229.99,0.0,229.99
101578,1015,1,96.99,0.0,96.99
101579,1009,1,131.99,0.0,131.99
101580,1088,1,20.99,2.1,18.889999999999997
101581,1080,1,134.99,0.0,134.99
101581,1031,1,38.99,0.0,38.99
101582,1082,1,104.99,0.0,104.99
101582,1055,1,200.99,0.0,200.99
101583,1019,1,77.99,0.0,77.99
101583,1060,1,134.99,0.0,134.99
101583,1004,1,75.99,0.0,75.99
101583,1032,3,81.99,0.0,245.96999999999997
101584,1068,1,49.99,0.0,49.99
101584,1064,2,153.99,0.0,307.98
101585,1064,1,153.99,0.0,153.99
101586,1033,1,85.99,0.0,85.99
101586,1064,1,153.99,0.0,153.99
101587,1088,2,20.99,0.0,41.98
101587,1076,1,138.99,0.0,138.99
101588,1046,1,142.99,0.0,142.99
101589,1075,1,50.99,0.0,50.99
101589,1003,1,22.99,0.0,22.99
101590,1032,1,81.99,0.0,81.99
101591,1078,1,85.99,0.0,85.99
101592,1083,1,19.99,0.0,19.99
101592,1035,1,51.99,0.0,51.99
101593,1069,1,26.99,0.0,26.99
101594,1026,1,161.99,0.0,161.99
101595,1004,1,75.99,0.0,75.99
101596,1079,4,61.99,0.0,247.96
101596,1087,2,45.99,0.0,91.98
101597,1016,1,180.99,0.0,180.99
101598,1032,1,81.99,0.0,81.99
101598,1001,1,61.99,0.0,61.99
101599,1060,1,134.99,0.0,134.99
101600,1006,1,16.99,0.0,16.99
101600,1058,3,93.99,0.0,281.96999999999997
101601,1015,1,96.99,0.0,96.99
101602,1009,1,131.99,0.0,131.99
101603,1064,1,153.99,0.0,153.99
101604,1068,1,49.99,0.0,49.99
101604,1077,4,25.99,0.0,103.96
101605,1007,1,71.99,0.0,71.99
101605,1034,1,68.99,0.0,68.99
101605,1001,1,61.99,0.0,61.99
101606,1064,1,153.99,0.0,153.99
101607,1087,1,45.99,0.0,45.99
101607,1025,1,166.99,0.0,166.99
101608,1052,1,208.99,0.0,208.99
101608,1062,1,152.99,0.0,152.99
101608,1073,2,69.99,0.0,139.98
101609,1008,2,43.99,0.0,87.98
101609,1073,1,69.99,0.0,69.99
101609,1067,1,34.99,0.0,34.99
101609,1001,1,61.99,0.0,61.99
101610,1048,1,139.99,0.0,139.99
101611,1023,1,135.99,0.0,135.99
101612,1032,1,81.99,0.0,81.99
101613,1056,1,239.99,0.0,239.99
101613,1010,1,96.99,0.0,96.99
101614,1027,1,90.99,0.0,90.99
101614,1079,1,61.99,0.0,61.99
101615,1006,1,16.99,0.0,16.99
101615,1007,1,71.99,0.0,71.99
101616,1071,1,9.99,0.0,9.99
101617,1028,1,77.99,0.0,77.99
101617,1012,1,109.99,0.0,109.99
101618,1059,1,467.99,0.0,467.99
101619,1069,3,26.99,0.0,80.97
101620,1036,1,58.99,0.0,58.99
101620,1005,1,79.99,0.0,79.99
101621,1021,1,123.99,0.0,123.99
101621,1069,1,26.99,0.0,26.99
101622,1078,3,85.99,0.0,257.96999999999997
101622,1054,1,229.99,0.0,229.99
101622,1062,1,152.99,0.0,152.99
101622,1002,1,138.99,0.0,138.99
101623,1088,1,20.99,0.0,20.99
101623,1078,2,85.99,0.0,171.98
101624,1031,1,38.99,0.0,38.99
101625,1068,1,49.99,0.0,49.99
101626,1002,1,138.99,0.0,138.99
101627,1056,2,239.99,0.0,479.98
101628,1064,1,153.99,0.0,153.99
101629,1066,1,171.99,0.0,171.99
101630,1085,1,115.99,0.0,115.99
101630,1079,1,61.99,0.0,61.99
101630,1060,1,134.99,0.0,134.99
101630,1006,1,16.99,0.0,16.99
101631,1064,1,153.99,0.0,153.99
101632,1070,1,122.99,0.0,122.99
101633,1010,2,96.99,0.0,193.98
101633,1020,4,54.99,0.0,219.96
101634,1068,1,49.99,0.0,49.99
101635,1083,1,19.99,0.0,19.99
101636,1084,2,112.99,0.0,225.98
101637,1026,1,161.99,0.0,161.99
101638,1050,2,146.99,0.0,293.98
101639,1066,1,171.99,0.0,171.99
101640,1036,1,58.99,0.0,58.99
101640,1024,1,59.99,0.0,59.99
101640,1051,1,53.99,0.0,53.99
101641,1066,1,171.99,0.0,171.99
101641,1054,1,229.99,0.0,229.99
101641,1078,1,85.99,0.0,85.99
101641,1067,2,34.99,0.0,69.98
101642,1014,1,36.99,0.0,36.99
101642,1086,1,97.99,0.0,97.99
101643,1060,1,134.99,0.0,134.99
101643,1083,1,19.99,0.0,19.99
101643,1067,1,34.99,0.0,34.99
101644,1036,1,58.99,0.0,58.99
101645,1003,2,22.99,0.0,45.98
101645,1059,2,467.99,0.0,935.98
101646,1064,1,153.99,0.0,153.99
101646,1066,1,171.99,0.0,171.99
101646,1004,2,75.99,0.0,151.98
101646,1067,1,34.99,0.0,34.99
101647,1023,1,135.99,0.0,135.99
101648,1007,1,71.99,0.0,71.99
101649,1009,1,131.99,0.0,131.99
101649,1087,1,45.99,0.0,45.99
101650,1005,2,79.99,0.0,159.98
101651,1047,1,194.99,0.0,194.99
101652,1062,1,152.99,0.0,152.99
101652,1031,1,38.99,0.0,38.99
101653,1083,1,19.99,0.0,19.99
101653,1050,1,146.99,0.0,146.99
101654,1051,1,53.99,0.0,53.99
101654,1063,1,245.99,0.0,245.99
101654,1026,2,161.99,0.0,323.98
101655,1008,1,43.99,0.0,43.99
101655,1001,1,61.99,0.0,61.99
101655,1087,1,45.99,0.0,45.99
101655,1054,1,229.99,0.0,229.99
101656,1006,1,16.99,1.7,15.29
101657,1073,1,69.99,0.0,69.99
101658,1071,1,9.99,0.0,9.99
101658,1009,3,131.99,0.0,395.97
101659,1071,1,9.99,0.0,9.99
101660,1002,1,138.99,0.0,138.99
101660,1059,1,467.99,0.0,467.99
101661,1066,1,171.99,0.0,171.99
101662,1010,1,96.99,0.0,96.99
101663,1069,1,26.99,0.0,26.99
101664,1005,1,79.99,0.0,79.99
101665,1022,1,88.99,0.0,88.99
101666,1026,1,161.99,16.2,145.79000000000002
101666,1073,1,69.99,7.0,62.989999999999995
101667,1040,1,476.99,0.0,476.99
101667,1037,1,28.99,0.0,28.99
101668,1003,1,22.99,0.0,22.99
101668,1005,1,79.99,0.0,79.99
101668,1007,2,71.99,0.0,143.98
101668,1083,1,19.99,0.0,19.99
101669,1028,2,77.99,0.0,155.98
101670,1048,1,139.99,0.0,139.99
101670,1080,1,134.99,0.0,134.99
101670,1002,1,138.99,0.0,138.99
101670,1071,1,9.99,0.0,9.99
101671,1089,2,53.99,0.0,107.98
101672,1033,1,85.99,0.0,85.99
101672,1050,2,146.99,0.0,293.98
101673,1004,1,75.99,0.0,75.99
101673,1090,2,17.99,0.0,35.98
101673,1086,1,97.99,0.0,97.99
101674,1088,1,20.99,0.0,20.99
101675,1045,1,506.99,0.0,506.99
101676,1089,2,53.99,0.0,107.98
101677,1070,1,122.99,0.0,122.99
101677,1087,1,45.99,0.0,45.99
101678,1081,1,74.99,0.0,74.99
101678,1018,1,212.99,0.0,212.99
101679,1087,2,45.99,0.0,91.98
101680,1003,1,22.99,0.0,22.99
101681,1031,1,38.99,0.0,38.99
101681,1064,1,153.99,0.0,153.99
101682,1037,1,28.99,0.0,28.99
101683,1069,2,26.99,0.0,53.98
101684,1059,1,467.99,0.0,467.99
101684,1006,1,16.99,0.0,16.99
101684,1063,1,245.99,0.0,245.99
101684,1080,1,134.99,0.0,134.99
101685,1007,1,71.99,0.0,71.99
101686,1081,2,74.99,0.0,149.98
101686,1034,1,68.99,0.0,68.99
101687,1067,1,34.99,0.0,34.99
101687,1075,2,50.99,0.0,101.98
101688,1060,1,134.99,0.0,134.99
101688,1061,2,45.99,0.0,91.98
101688,1064,1,153.99,0.0,153.99
101689,1013,1,124.99,0.0,124.99
101690,1011,1,34.99,0.0,34.99
101691,1040,1,476.99,0.0,476.99
101692,1032,2,81.99,0.0,163.98
101692,1060,1,134.99,0.0,134.99
101693,1012,2,109.99,0.0,219.98
101694,1023,2,135.99,0.0,271.98
101694,1021,2,123.99,0.0,247.98
101695,1083,1,19.99,0.0,19.99
101696,1017,1,86.99,0.0,86.99
101697,1020,2,54.99,0.0,109.98
101698,1065,2,164.99,0.0,329.98
101699,1009,1,131.99,0.0,131.99
101699,1065,1,164.99,0.0,164.99
101699,1023,1,135.99,0.0,135.99
101700,1078,1,85.99,0.0,85.99
101701,1030,2,7.99,0.0,15.98
101701,1020,1,54.99,0.0,54.99
101702,1070,3,122.99,0.0,368.96999999999997
101702,1062,1,152.99,0.0,152.99
101703,1004,1,75.99,0.0,75.99
101704,1079,1,61.99,0.0,61.99
101704,1032,1,81.99,0.0,81.99
101705,1051,1,53.99,0.0,53.99
101706,1071,2,9.99,0.0,19.98
101706,1060,1,134.99,0.0,134.99
101707,1080,2,134.99,0.0,269.98
101707,1050,4,146.99,0.0,587.96
101707,1065,1,164.99,0.0,164.99
101708,1026,1,161.99,0.0,161.99
101709,1071,1,9.99,0.0,9.99
101709,1052,1,208.99,0.0,208.99
101709,1059,1,467.99,0.0,467.99
101710,1036,1,58.99,0.0,58.99
101711,1001,1,61.99,0.0,61.99
101711,1072,1,141.99,0.0,141.99
101712,1071,2,9.99,0.0,19.98
101712,1023,1,135.99,0.0,135.99
101713,1089,2,53.99,0.0,107.98
101713,1024,1,59.99,0.0,59.99
101714,1018,1,212.99,0.0,212.99
101715,1005,1,79.99,0.0,79.99
101716,1080,1,134.99,0.0,134.99
101716,1087,1,45.99,0.0,45.99
101717,1061,1,45.99,0.0,45.99
101717,1062,1,152.99,0.0,152.99
101718,1022,1,88.99,0.0,88.99
101718,1025,1,166.99,0.0,166.99
101719,1061,1,45.99,0.0,45.99
101720,1015,1,96.99,9.7,87.28999999999999
101720,1057,1,205.99,20.6,185.39000000000001
101720,1076,1,138.99,13.9,125.09
101721,1079,1,61.99,0.0,61.99
101721,1063,1,245.99,0.0,245.99
101721,1062,1,152.99,0.0,152.99
101722,1071,3,9.99,0.0,29.97
101722,1063,2,245.99,0.0,491.98
101722,1065,1,164.99,0.0,164.99
101723,1061,1,45.99,0.0,45.99
101724,1062,1,152.99,0.0,152.99
101724,1064,1,153.99,0.0,153.99
101724,1089,1,53.99,0.0,53.99
101725,1056,1,239.99,0.0,239.99
101726,1037,1,28.99,0.0,28.99
101727,1011,1,34.99,0.0,34.99
101727,1061,1,45.99,0.0,45.99
101727,1008,1,43.99,0.0,43.99
101728,1012,1,109.99,0.0,109.99
101729,1070,1,122.99,0.0,122.99
101730,1067,1,34.99,0.0,34.99
101730,1005,1,79.99,0.0,79.99
101731,1002,1,138.99,0.0,138.99
101731,1052,1,208.99,0.0,208.99
101732,1038,1,313.99,0.0,313.99
101732,1002,2,138.99,0.0,277.98
101732,1062,2,152.99,0.0,305.98
101733,1063,1,245.99,0.0,245.99
101733,1049,1,126.99,0.0,126.99
101734,1083,1,19.99,2.0,17.99
101735,1028,2,77.99,0.0,155.98
101736,1018,1,212.99,0.0,212.99
101737,1073,2,69.99,0.0,139.98
101738,1020,1,54.99,0.0,54.99
101739,1060,1,134.99,0.0,134.99
101739,1066,1,171.99,0.0,171.99
101739,1013,1,124.99,0.0,124.99
101740,1018,1,212.99,0.0,212.99
101741,1066,1,171.99,0.0,171.99
101742,1076,1,138.99,13.9,125.09
101742,1068,1,49.99,5.0,44.99
101742,1088,1,20.99,2.1,18.889999999999997
101743,1089,2,53.99,0.0,107.98
101743,1045,1,506.99,0.0,506.99
101743,1075,1,50.99,0.0,50.99
101744,1063,1,245.99,24.6,221.39000000000001
101744,1048,1,139.99,14.0,125.99000000000001
101745,1019,1,77.99,0.0,77.99
101746,1089,1,53.99,0.0,53.99
101746,1059,1,467.99,0.0,467.99
101746,1062,1,152.99,0.0,152.99
101746,1011,1,34.99,0.0,34.99
101747,1077,1,25.99,0.0,25.99
101748,1073,1,69.99,0.0,69.99
101749,1088,1,20.99,0.0,20.99
101749,1003,1,22.99,0.0,22.99
101749,1026,1,161.99,0.0,161.99
101750,1090,1,17.99,0.0,17.99
101750,1033,1,85.99,0.0,85.99
101750,1089,1,53.99,0.0,53.99
101751,1014,1,36.99,0.0,36.99
101752,1014,1,36.99,0.0,36.99
101753,1067,1,34.99,0.0,34.99
101754,1074,1,19.99,0.0,19.99
101754,1083,1,19.99,0.0,19.99
101754,1067,1,34.99,0.0,34.99
101754,1007,2,71.99,0.0,143.98
101755,1056,1,239.99,0.0,239.99
101755,1051,1,53.99,0.0,53.99
101756,1027,1,90.99,0.0,90.99
101757,1060,1,134.99,0.0,134.99
101758,1021,1,123.99,0.0,123.99
101759,1014,1,36.99,0.0,36.99
101760,1031,1,38.99,0.0,38.99
101761,1013,1,124.99,0.0,124.99
101762,1009,1,131.99,0.0,131.99
101762,1019,1,77.99,0.0,77.99
101763,1090,1,17.99,0.0,17.99
101764,1053,1,37.99,0.0,37.99
101764,1036,1,58.99,0.0,58.99
101765,1079,1,61.99,0.0,61.99
101765,1038,1,313.99,0.0,313.99
101766,1068,1,49.99,0.0,49.99
101766,1081,1,74.99,0.0,74.99
101767,1010,1,96.99,0.0,96.99
101767,1020,1,54.99,0.0,54.99
101768,1025,1,166.99,0.0,166.99
101768,1062,1,152.99,0.0,152.99
101768,1014,4,36.99,0.0,147.96
101769,1065,1,164.99,0.0,164.99
101770,1034,1,68.99,0.0,68.99
101771,1056,2,239.99,0.0,479.98
101772,1035,1,51.99,0.0,51.99
101773,1010,1,96.99,0.0,96.99
101773,1031,2,38.99,0.0,77.98
101774,1018,1,212.99,0.0,212.99
101774,1007,1,71.99,0.0,71.99
101774,1033,1,85.99,0.0,85.99
101775,1025,1,166.99,0.0,166.99
101776,1089,1,53.99,0.0,53.99
101777,1047,1,194.99,0.0,194.99
101778,1016,3,180.99,0.0,542.97
101778,1061,1,45.99,0.0,45.99
101779,1013,1,124.99,0.0,124.99
101779,1066,2,171.99,0.0,343.98
101780,1083,1,19.99,0.0,19.99
101780,1080,1,134.99,0.0,134.99
101781,1059,1,467.99,0.0,467.99
101781,1074,1,19.99,0.0,19.99
101782,1058,1,93.99,0.0,93.99
101782,1031,1,38.99,0.0,38.99
101783,1072,1,141.99,0.0,141.99
101783,1015,1,96.99,0.0,96.99
101784,1080,1,134.99,0.0,134.99
101785,1084,2,112.99,0.0,225.98
101785,1061,1,45.99,0.0,45.99
101786,1052,1,208.99,0.0,208.99
101786,1068,1,49.99,0.0,49.99
101786,1066,2,171.99,0.0,343.98
101787,1090,2,17.99,0.0,35.98
101788,1013,1,124.99,0.0,124.99
101789,1033,1,85.99,0.0,85.99
101790,1068,1,49.99,0.0,49.99
101791,1069,2,26.99,0.0,53.98
101792,1066,1,171.99,0.0,171.99
101793,1010,1,96.99,0.0,96.99
101793,1007,2,71.99,0.0,143.98
101793,1087,1,45.99,0.0,45.99
101794,1070,2,122.99,0.0,245.98
101795,1028,1,77.99,0.0,77.99
101796,1070,1,122.99,0.0,122.99
101796,1089,1,53.99,0.0,53.99
101797,1063,1,245.99,0.0,245.99
101797,1013,1,124.99,0.0,124.99
101798,1065,1,164.99,0.0,164.99
101799,1058,1,93.99,0.0,93.99
101799,1057,1,205.99,0.0,205.99
101799,1031,1,38.99,0.0,38.99
101799,1028,3,77.99,0.0,233.96999999999997
101800,1021,1,123.99,0.0,123.99
101800,1066,2,171.99,0.0,343.98
101800,1067,1,34.99,0.0,34.99
101801,1064,1,153.99,0.0,153.99
101802,1031,1,38.99,0.0,38.99
101803,1015,1,96.99,0.0,96.99
101803,1005,1,79.99,0.0,79.99
101804,1084,1,112.99,0.0,112.99
101805,1080,1,134.99,0.0,134.99
101805,1038,1,313.99,0.0,313.99
101805,1022,1,88.99,0.0,88.99
101806,1022,1,88.99,0.0,88.99
101807,1013,2,124.99,0.0,249.98
101807,1078,1,85.99,0.0,85.99
101807,1063,4,245.99,0.0,983.96
101808,1009,1,131.99,0.0,131.99
101809,1086,1,97.99,0.0,97.99
101810,1001,1,61.99,0.0,61.99
101810,1013,1,124.99,0.0,124.99
101810,1083,1,19.99,0.0,19.99
101811,1089,1,53.99,0.0,53.99
101812,1012,1,109.99,0.0,109.99
101813,1012,2,109.99,0.0,219.98
101814,1058,1,93.99,0.0,93.99
101815,1071,1,9.99,0.0,9.99
101816,1010,1,96.99,0.0,96.99
101816,1063,1,245.99,0.0,245.99
101817,1062,1,152.99,0.0,152.99
101817,1024,1,59.99,0.0,59.99
101818,1031,1,38.99,0.0,38.99
101818,1059,4,467.99,0.0,1871.96
101819,1088,1,20.99,0.0,20.99
101819,1063,1,245.99,0.0,245.99
101820,1029,1,30.99,0.0,30.99
101821,1007,1,71.99,0.0,71.99
101822,1013,1,124.99,0.0,124.99
101823,1030,1,7.99,0.0,7.99
101823,1054,1,229.99,0.0,229.99
101824,1085,1,115.99,0.0,115.99
101825,1025,1,166.99,0.0,166.99
101826,1066,2,171.99,0.0,343.98
101827,1029,1,30.99,0.0,30.99
101828,1027,1,90.99,0.0,90.99
101829,1033,1,85.99,0.0,85.99
101830,1073,1,69.99,0.0,69.99
101830,1008,1,43.99,0.0,43.99
101831,1036,1,58.99,0.0,58.99
101832,1057,4,205.99,0.0,823.96
101833,1088,1,20.99,0.0,20.99
101834,1032,1,81.99,0.0,81.99
101834,1036,1,58.99,0.0,58.99
101835,1076,1,138.99,0.0,138.99
101835,1068,1,49.99,0.0,49.99
101836,1078,1,85.99,8.6,77.39
101837,1077,2,25.99,0.0,51.98
101837,1063,1,245.99,0.0,245.99
101837,1050,1,146.99,0.0,146.99
101838,1034,1,68.99,0.0,68.99
101838,1068,1,49.99,0.0,49.99
101839,1006,1,16.99,0.0,16.99
101840,1054,1,229.99,0.0,229.99
101841,1037,2,28.99,0.0,57.98
101842,1059,1,467.99,0.0,467.99
101842,1057,1,205.99,0.0,205.99
101843,1004,1,75.99,7.6,68.39
101843,1009,2,131.99,26.4,237.58
101844,1017,1,86.99,0.0,86.99
101844,1060,1,134.99,0.0,134.99
101844,1072,1,141.99,0.0,141.99
101845,1024,1,59.99,0.0,59.99
101845,1027,3,90.99,0.0,272.96999999999997
101845,1062,1,152.99,0.0,152.99
101846,1070,1,122.99,0.0,122.99
101847,1052,1,208.99,0.0,208.99
101848,1073,1,69.99,0.0,69.99
101848,1084,1,112.99,0.0,112.99
101849,1050,1,146.99,0.0,146.99
101850,1034,1,68.99,0.0,68.99
101851,1003,2,22.99,0.0,45.98
101851,1010,1,96.99,0.0,96.99
101851,1070,1,122.99,0.0,122.99
101852,1028,1,77.99,0.0,77.99
101853,1063,1,245.99,0.0,245.99
101853,1001,1,61.99,0.0,61.99
101853,1064,2,153.99,0.0,307.98
101854,1017,1,86.99,0.0,86.99
101854,1066,1,171.99,0.0,171.99
101855,1065,1,164.99,0.0,164.99
101856,1087,1,45.99,0.0,45.99
101856,1015,1,96.99,0.0,96.99
101857,1035,1,51.99,0.0,51.99
101858,1036,2,58.99,0.0,117.98
101859,1039,1,483.99,0.0,483.99
101859,1055,1,200.99,0.0,200.99
101860,1061,1,45.99,0.0,45.99
101860,1011,2,34.99,0.0,69.98
101861,1082,1,104.99,0.0,104.99
101862,1087,2,45.99,0.0,91.98
101863,1063,1,245.99,0.0,245.99
101864,1084,1,112.99,0.0,112.99
101865,1002,1,138.99,0.0,138.99
101866,1056,1,239.99,0.0,239.99
101867,1030,1,7.99,0.0,7.99
101868,1075,2,50.99,0.0,101.98
101869,1062,2,152.99,30.6,275.38
101869,1055,1,200.99,20.1,180.89000000000001
101870,1008,1,43.99,0.0,43.99
101871,1068,4,49.99,0.0,199.96
101872,1014,1,36.99,0.0,36.99
101873,1074,1,19.99,0.0,19.99
101874,1083,1,19.99,0.0,19.99
101874,1052,1,208.99,0.0,208.99
101874,1051,1,53.99,0.0,53.99
101874,1059,2,467.99,0.0,935.98
101875,1062,1,152.99,0.0,152.99
101876,1076,1,138.99,13.9,125.09
101877,1067,1,34.99,0.0,34.99
101877,1073,1,69.99,0.0,69.99
101878,1063,1,245.99,0.0,245.99
101878,1055,1,200.99,0.0,200.99
101878,1014,1,36.99,0.0,36.99
101879,1080,1,134.99,0.0,134.99
101880,1015,1,96.99,0.0,96.99
101880,1080,1,134.99,0.0,134.99
101881,1011,1,34.99,0.0,34.99
101881,1002,1,138.99,0.0,138.99
101882,1004,1,75.99,0.0,75.99
101883,1004,2,75.99,0.0,151.98
101883,1069,2,26.99,0.0,53.98
101883,1074,1,19.99,0.0,19.99
101884,1004,1,75.99,0.0,75.99
101885,1070,1,122.99,0.0,122.99
101885,1080,1,134.99,0.0,134.99
101886,1088,1,20.99,0.0,20.99
101887,1043,1,127.99,0.0,127.99
101887,1082,3,104.99,0.0,314.96999999999997
101887,1056,1,239.99,0.0,239.99
101888,1063,2,245.99,0.0,491.98
101888,1002,1,138.99,0.0,138.99
101889,1027,1,90.99,0.0,90.99
101889,1078,1,85.99,0.0,85.99
101890,1060,1,134.99,0.0,134.99
101890,1082,1,104.99,0.0,104.99
101891,1032,1,81.99,0.0,81.99
101891,1078,2,85.99,0.0,171.98
101892,1059,1,467.99,0.0,467.99
101893,1026,1,161.99,0.0,161.99
101893,1018,1,212.99,0.0,212.99
101893,1050,2,146.99,0.0,293.98
101894,1029,1,30.99,0.0,30.99
101894,1019,1,77.99,0.0,77.99
101895,1079,2,61.99,0.0,123.98
101895,1007,1,71.99,0.0,71.99
101896,1075,1,50.99,0.0,50.99
101896,1064,2,153.99,0.0,307.98
101896,1059,1,467.99,0.0,467.99
101897,1015,4,96.99,0.0,387.96
101898,1051,1,53.99,0.0,53.99
101898,1010,1,96.99,0.0,96.99
101899,1083,1,19.99,0.0,19.99
101899,1013,2,124.99,0.0,249.98
101900,1064,1,153.99,0.0,153.99
101900,1002,1,138.99,0.0,138.99
101900,1088,1,20.99,0.0,20.99
101900,1085,1,115.99,0.0,115.99
101901,1074,1,19.99,0.0,19.99
101902,1070,1,122.99,0.0,122.99
101903,1067,1,34.99,0.0,34.99
101903,1069,1,26.99,0.0,26.99
101903,1065,1,164.99,0.0,164.99
101904,1075,1,50.99,0.0,50.99
101904,1083,1,19.99,0.0,19.99
101904,1029,1,30.99,0.0,30.99
101905,1029,1,30.99,0.0,30.99
101905,1089,1,53.99,0.0,53.99
101906,1013,1,124.99,0.0,124.99
101907,1020,1,54.99,0.0,54.99
101907,1062,2,152.99,0.0,305.98
101908,1077,1,25.99,0.0,25.99
101908,1067,2,34.99,0.0,69.98
101908,1018,1,212.99,0.0,212.99
101909,1082,1,104.99,0.0,104.99
101909,1001,1,61.99,0.0,61.99
101910,1053,1,37.99,0.0,37.99
101911,1013,1,124.99,0.0,124.99
101912,1080,1,134.99,0.0,134.99
101912,1053,1,37.99,0.0,37.99
101913,1026,1,161.99,0.0,161.99
101913,1010,1,96.99,0.0,96.99
101914,1059,1,467.99,0.0,467.99
101915,1051,1,53.99,0.0,53.99
101916,1071,1,9.99,0.0,9.99
101916,1014,1,36.99,0.0,36.99
101917,1081,1,74.99,0.0,74.99
101918,1065,1,164.99,0.0,164.99
101919,1004,1,75.99,0.0,75.99
101920,1038,1,313.99,0.0,313.99
101921,1074,1,19.99,0.0,19.99
101922,1076,1,138.99,0.0,138.99
101922,1061,4,45.99,0.0,183.96
101923,1004,1,75.99,0.0,75.99
101924,1023,1,135.99,0.0,135.99
101924,1059,1,467.99,0.0,467.99
101924,1027,1,90.99,0.0,90.99
101925,1014,1,36.99,0.0,36.99
101926,1087,2,45.99,0.0,91.98
101926,1083,1,19.99,0.0,19.99
101927,1019,1,77.99,0.0,77.99
101928,1074,1,19.99,0.0,19.99
101928,1004,1,75.99,0.0,75.99
101928,1063,1,245.99,0.0,245.99
101929,1022,1,88.99,0.0,88.99
101929,1008,1,43.99,0.0,43.99
101930,1001,1,61.99,0.0,61.99
101931,1006,1,16.99,0.0,16.99
101931,1030,1,7.99,0.0,7.99
101932,1083,3,19.99,0.0,59.97
101933,1070,1,122.99,0.0,122.99
101934,1075,1,50.99,0.0,50.99
101935,1056,1,239.99,0.0,239.99
101936,1074,1,19.99,0.0,19.99
101937,1061,1,45.99,0.0,45.99
101938,1082,1,104.99,0.0,104.99
101938,1062,2,152.99,0.0,305.98
101938,1065,1,164.99,0.0,164.99
101939,1047,1,194.99,0.0,194.99
101940,1071,2,9.99,0.0,19.98
101940,1076,1,138.99,0.0,138.99
101941,1018,1,212.99,0.0,212.99
101942,1049,1,126.99,0.0,126.99
101942,1017,1,86.99,0.0,86.99
101942,1062,1,152.99,0.0,152.99
101942,1066,1,171.99,0.0,171.99
101943,1034,1,68.99,6.9,62.089999999999996
101944,1089,1,53.99,0.0,53.99
101945,1073,1,69.99,0.0,69.99
101946,1071,1,9.99,0.0,9.99
101946,1079,1,61.99,0.0,61.99
101946,1011,1,34.99,0.0,34.99
101947,1041,1,553.99,0.0,553.99
101948,1006,3,16.99,0.0,50.97
101949,1048,1,139.99,0.0,139.99
101950,1028,1,77.99,0.0,77.99
101951,1060,1,134.99,13.5,121.49000000000001
101952,1035,1,51.99,0.0,51.99
101953,1078,1,85.99,0.0,85.99
101954,1012,1,109.99,0.0,109.99
101955,1033,1,85.99,8.6,77.39
101956,1063,1,245.99,0.0,245.99
101956,1080,1,134.99,0.0,134.99
101956,1023,1,135.99,0.0,135.99
101957,1083,1,19.99,0.0,19.99
101957,1046,1,142.99,0.0,142.99
101958,1013,1,124.99,0.0,124.99
101958,1081,1,74.99,0.0,74.99
101959,1026,1,161.99,0.0,161.99
101960,1072,1,141.99,0.0,141.99
101960,1085,1,115.99,0.0,115.99
101960,1087,1,45.99,0.0,45.99
101960,1014,2,36.99,0.0,73.98
101961,1009,2,131.99,0.0,263.98
101962,1007,1,71.99,7.2,64.78999999999999
101962,1004,1,75.99,7.6,68.39
101962,1040,1,476.99,47.7,429.29
101963,1083,1,19.99,0.0,19.99
101963,1032,2,81.99,0.0,163.98
101963,1048,1,139.99,0.0,139.99
101963,1010,3,96.99,0.0,290.96999999999997
101964,1062,1,152.99,0.0,152.99
101964,1018,1,212.99,0.0,212.99
101964,1012,1,109.99,0.0,109.99
101965,1061,1,45.99,0.0,45.99
101966,1087,1,45.99,0.0,45.99
101967,1088,1,20.99,0.0,20.99
101967,1036,2,58.99,0.0,117.98
101968,1080,1,134.99,0.0,134.99
101969,1005,2,79.99,0.0,159.98
101970,1015,1,96.99,0.0,96.99
101971,1007,1,71.99,0.0,71.99
101971,1041,1,553.99,0.0,553.99
101972,1020,1,54.99,0.0,54.99
101973,1070,1,122.99,0.0,122.99
101974,1014,1,36.99,0.0,36.99
101975,1004,2,75.99,0.0,151.98
101976,1073,1,69.99,0.0,69.99
101976,1003,1,22.99,0.0,22.99
101976,1029,2,30.99,0.0,61.98
101976,1027,1,90.99,0.0,90.99
101977,1089,1,53.99,0.0,53.99
101978,1024,1,59.99,0.0,59.99
101979,1086,1,97.99,0.0,97.99
101979,1063,1,245.99,0.0,245.99
101979,1084,1,112.99,0.0,112.99
101980,1005,1,79.99,0.0,79.99
101980,1056,1,239.99,0.0,239.99
101981,1086,1,97.99,0.0,97.99
101982,1041,1,553.99,0.0,553.99
101982,1080,2,134.99,0.0,269.98
101983,1024,1,59.99,0.0,59.99
101984,1035,1,51.99,0.0,51.99
101985,1030,1,7.99,0.0,7.99
101985,1069,1,26.99,0.0,26.99
101986,1084,1,112.99,0.0,112.99
101987,1065,1,164.99,0.0,164.99
101988,1028,1,77.99,0.0,77.99
101988,1080,1,134.99,0.0,134.99
101989,1085,1,115.99,0.0,115.99
101989,1066,1,171.99,0.0,171.99
101990,1061,1,45.99,4.6,41.39
101990,1005,1,79.99,8.0,71.99
101991,1056,1,239.99,0.0,239.99
101991,1009,1,131.99,0.0,131.99
101992,1081,1,74.99,0.0,74.99
101992,1063,2,245.99,0.0,491.98
101993,1014,4,36.99,0.0,147.96
101994,1019,1,77.99,0.0,77.99
101995,1059,1,467.99,0.0,467.99
101996,1019,1,77.99,0.0,77.99
101996,1079,1,61.99,0.0,61.99
101997,1014,1,36.99,0.0,36.99
101998,1002,3,138.99,0.0,416.97
101998,1080,1,134.99,0.0,134.99
101999,1017,3,86.99,0.0,260.96999999999997
101999,1044,1,529.99,0.0,529.99
101999,1063,1,245.99,0.0,245.99
102000,1039,1,483.99,0.0,483.99
102001,1075,1,50.99,0.0,50.99
102002,1068,3,49.99,0.0,149.97
102003,1071,1,9.99,0.0,9.99
102003,1001,2,61.99,0.0,123.98
102003,1027,1,90.99,0.0,90.99
102004,1069,2,26.99,0.0,53.98
102005,1076,1,138.99,0.0,138.99
102006,1090,1,17.99,0.0,17.99
102007,1060,1,134.99,0.0,134.99
102008,1066,1,171.99,0.0,171.99
102009,1017,1,86.99,0.0,86.99
102009,1051,2,53.99,0.0,107.98
102010,1025,1,166.99,0.0,166.99
102010,1089,1,53.99,0.0,53.99
102010,1044,1,529.99,0.0,529.99
102010,1082,1,104.99,0.0,104.99
102011,1039,1,483.99,0.0,483.99
102012,1021,3,123.99,0.0,371.96999999999997
102013,1025,1,166.99,0.0,166.99
102014,1086,1,97.99,0.0,97.99
102015,1066,1,171.99,0.0,171.99
102016,1034,1,68.99,0.0,68.99
102016,1090,1,17.99,0.0,17.99
102017,1081,3,74.99,0.0,224.96999999999997
102018,1013,1,124.99,0.0,124.99
102018,1063,1,245.99,0.0,245.99
102019,1077,2,25.99,0.0,51.98
102019,1079,1,61.99,0.0,61.99
102020,1025,1,166.99,0.0,166.99
102020,1027,1,90.99,0.0,90.99
102020,1016,1,180.99,0.0,180.99
102021,1075,1,50.99,0.0,50.99
102021,1014,2,36.99,0.0,73.98
102021,1027,1,90.99,0.0,90.99
102021,1032,1,81.99,0.0,81.99
102022,1081,1,74.99,0.0,74.99
102023,1089,2,53.99,0.0,107.98
102024,1088,1,20.99,0.0,20.99
102025,1001,1,61.99,0.0,61.99
102025,1045,1,506.99,0.0,506.99
102025,1004,2,75.99,0.0,151.98
102025,1052,1,208.99,0.0,208.99
102026,1005,1,79.99,0.0,79.99
102027,1067,1,34.99,0.0,34.99
102028,1006,1,16.99,0.0,16.99
102029,1065,1,164.99,0.0,164.99
102030,1004,1,75.99,0.0,75.99
102031,1027,1,90.99,0.0,90.99
102032,1022,1,88.99,0.0,88.99
102033,1077,1,25.99,0.0,25.99
102034,1013,1,124.99,0.0,124.99
102035,1031,1,38.99,0.0,38.99
102035,1010,1,96.99,0.0,96.99
102036,1016,1,180.99,0.0,180.99
102037,1018,1,212.99,0.0,212.99
102037,1015,1,96.99,0.0,96.99
102038,1042,1,773.99,77.4,696.59
102038,1075,1,50.99,5.1,45.89
102038,1053,1,37.99,3.8,34.190000000000005
102038,1037,1,28.99,2.9,26.09
102039,1065,1,164.99,0.0,164.99
102040,1065,1,164.99,0.0,164.99
102041,1020,1,54.99,0.0,54.99
102041,1037,3,28.99,0.0,86.97
102042,1067,2,34.99,0.0,69.98
102042,1009,1,131.99,0.0,131.99
102043,1048,1,139.99,14.0,125.99000000000001
102044,1050,1,146.99,0.0,146.99
102044,1034,1,68.99,0.0,68.99
102044,1044,1,529.99,0.0,529.99
102045,1053,2,37.99,0.0,75.98
102046,1081,1,74.99,0.0,74.99
102047,1059,1,467.99,0.0,467.99
102047,1065,1,164.99,0.0,164.99
102048,1021,2,123.99,0.0,247.98
102048,1016,1,180.99,0.0,180.99
102049,1009,1,131.99,0.0,131.99
102049,1004,2,75.99,0.0,151.98
102050,1067,1,34.99,0.0,34.99
102050,1064,1,153.99,0.0,153.99
102050,1090,1,17.99,0.0,17.99
102050,1016,2,180.99,0.0,361.98
102051,1063,1,245.99,0.0,245.99
102052,1083,2,19.99,0.0,39.98
102052,1009,1,131.99,0.0,131.99
102052,1052,1,208.99,0.0,208.99
102052,1087,2,45.99,0.0,91.98
102053,1030,1,7.99,0.0,7.99
102053,1045,1,506.99,0.0,506.99
102053,1018,1,212.99,0.0,212.99
102054,1085,1,115.99,11.6,104.39
102054,1019,2,77.99,15.6,140.38
102054,1067,1,34.99,3.5,31.490000000000002
102055,1033,1,85.99,0.0,85.99
102055,1006,4,16.99,0.0,67.96
102056,1039,1,483.99,0.0,483.99
102057,1082,1,104.99,0.0,104.99
102057,1020,2,54.99,0.0,109.98
102058,1027,1,90.99,0.0,90.99
102058,1077,1,25.99,0.0,25.99
102059,1016,1,180.99,0.0,180.99
102059,1018,1,212.99,0.0,212.99
102059,1069,1,26.99,0.0,26.99
102060,1070,1,122.99,0.0,122.99
102060,1086,1,97.99,0.0,97.99
102061,1023,4,135.99,0.0,543.96
102062,1001,1,61.99,6.2,55.79
102063,1029,1,30.99,0.0,30.99
102064,1019,1,77.99,0.0,77.99
102065,1022,2,88.99,0.0,177.98
102066,1002,1,138.99,0.0,138.99
102066,1069,2,26.99,0.0,53.98
102067,1048,1,139.99,0.0,139.99
102068,1032,1,81.99,0.0,81.99
102069,1041,1,553.99,0.0,553.99
102069,1090,1,17.99,0.0,17.99
102070,1034,1,68.99,0.0,68.99
102071,1023,1,135.99,0.0,135.99
102072,1020,1,54.99,0.0,54.99
102073,1086,1,97.99,0.0,97.99
102074,1050,3,146.99,0.0,440.97
102074,1029,1,30.99,0.0,30.99
102075,1018,1,212.99,0.0,212.99
102075,1082,1,104.99,0.0,104.99
102076,1025,1,166.99,0.0,166.99
102076,1060,1,134.99,0.0,134.99
102077,1063,1,245.99,0.0,245.99
102078,1017,1,86.99,0.0,86.99
102078,1085,1,115.99,0.0,115.99
102079,1059,2,467.99,0.0,935.98
102079,1062,1,152.99,0.0,152.99
102080,1002,1,138.99,0.0,138.99
102081,1063,1,245.99,0.0,245.99
102081,1050,2,146.99,0.0,293.98
102082,1064,1,153.99,0.0,153.99
102083,1083,1,19.99,0.0,19.99
102084,1077,1,25.99,0.0,25.99
102085,1040,1,476.99,0.0,476.99
102085,1032,2,81.99,0.0,163.98
102085,1061,1,45.99,0.0,45.99
102086,1022,1,88.99,0.0,88.99
102087,1006,1,16.99,0.0,16.99
102087,1022,1,88.99,0.0,88.99
102087,1015,1,96.99,0.0,96.99
102087,1007,1,71.99,0.0,71.99
102088,1079,2,61.99,0.0,123.98
102089,1006,1,16.99,0.0,16.99
102090,1085,1,115.99,0.0,115.99
102091,1037,1,28.99,0.0,28.99
102092,1013,1,124.99,0.0,124.99
102093,1064,1,153.99,0.0,153.99
102094,1022,1,88.99,0.0,88.99
102094,1067,1,34.99,0.0,34.99
102094,1036,1,58.99,0.0,58.99
102095,1056,1,239.99,0.0,239.99
102096,1036,1,58.99,0.0,58.99
102097,1001,1,61.99,0.0,61.99
102098,1007,1,71.99,0.0,71.99
102098,1079,1,61.99,0.0,61.99
102099,1049,1,126.99,0.0,126.99
102100,1066,3,171.99,0.0,515.97
102100,1059,1,467.99,0.0,467.99
102100,1043,1,127.99,0.0,127.99
102101,1032,4,81.99,0.0,327.96
102102,1008,1,43.99,0.0,43.99
102103,1055,1,200.99,0.0,200.99
102104,1027,1,90.99,0.0,90.99
102105,1071,2,9.99,0.0,19.98
102106,1011,4,34.99,0.0,139.96
102107,1063,1,245.99,0.0,245.99
102108,1008,1,43.99,0.0,43.99
102109,1064,1,153.99,0.0,153.99
102110,1026,2,161.99,0.0,323.98
102110,1067,1,34.99,0.0,34.99
102111,1005,1,79.99,0.0,79.99
102111,1068,1,49.99,0.0,49.99
102112,1085,4,115.99,46.4,417.56
102113,1076,2,138.99,0.0,277.98
102113,1050,1,146.99,0.0,146.99
102114,1029,3,30.99,0.0,92.97
102114,1054,1,229.99,0.0,229.99
102114,1073,1,69.99,0.0,69.99
102115,1002,1,138.99,13.9,125.09
102116,1016,2,180.99,0.0,361.98
102116,1007,1,71.99,0.0,71.99
102116,1088,1,20.99,0.0,20.99
102117,1006,1,16.99,0.0,16.99
102118,1062,1,152.99,0.0,152.99
102118,1024,1,59.99,0.0,59.99
102118,1009,1,131.99,0.0,131.99
102119,1060,1,134.99,0.0,134.99
102120,1059,1,467.99,0.0,467.99
102121,1077,3,25.99,0.0,77.97
102121,1048,1,139.99,0.0,139.99
102122,1017,1,86.99,0.0,86.99
102122,1035,1,51.99,0.0,51.99
102123,1021,1,123.99,0.0,123.99
102124,1030,1,7.99,0.0,7.99
102124,1060,1,134.99,0.0,134.99
102125,1006,2,16.99,0.0,33.98
102126,1041,1,553.99,0.0,553.99
102126,1019,1,77.99,0.0,77.99
102127,1070,1,122.99,0.0,122.99
102127,1083,1,19.99,0.0,19.99
102127,1066,1,171.99,0.0,171.99
102127,1005,1,79.99,0.0,79.99
102128,1065,1,164.99,0.0,164.99
102129,1006,2,16.99,0.0,33.98
102130,1087,1,45.99,0.0,45.99
102131,1007,1,71.99,0.0,71.99
102131,1013,1,124.99,0.0,124.99
102132,1017,3,86.99,0.0,260.96999999999997
102132,1081,1,74.99,0.0,74.99
102132,1060,1,134.99,0.0,134.99
102133,1014,3,36.99,0.0,110.97
102133,1065,1,164.99,0.0,164.99
102134,1062,1,152.99,0.0,152.99
102134,1056,1,239.99,0.0,239.99
102135,1015,1,96.99,0.0,96.99
102136,1007,2,71.99,0.0,143.98
102137,1039,1,483.99,0.0,483.99
102138,1068,2,49.99,10.0,89.98
102138,1060,1,134.99,13.5,121.49000000000001
102138,1063,1,245.99,24.6,221.39000000000001
102139,1010,1,96.99,0.0,96.99
102140,1060,1,134.99,0.0,134.99
102140,1055,1,200.99,0.0,200.99
102140,1069,1,26.99,0.0,26.99
102140,1074,1,19.99,0.0,19.99
102141,1050,2,146.99,29.4,264.58000000000004
102141,1082,3,104.99,31.5,283.46999999999997
102142,1019,1,77.99,0.0,77.99
102142,1024,1,59.99,0.0,59.99
102142,1083,1,19.99,0.0,19.99
102143,1078,1,85.99,0.0,85.99
102144,1041,1,553.99,0.0,553.99
102144,1070,1,122.99,0.0,122.99
102145,1025,1,166.99,0.0,166.99
102145,1010,1,96.99,0.0,96.99
102145,1023,2,135.99,0.0,271.98
102146,1070,1,122.99,0.0,122.99
102147,1052,1,208.99,0.0,208.99
102148,1011,1,34.99,0.0,34.99
102149,1043,1,127.99,0.0,127.99
102150,1085,1,115.99,0.0,115.99
102151,1078,2,85.99,0.0,171.98
102152,1034,1,68.99,0.0,68.99
102152,1057,4,205.99,0.0,823.96
102152,1028,2,77.99,0.0,155.98
102153,1074,1,19.99,0.0,19.99
102153,1072,1,141.99,0.0,141.99
102154,1018,1,212.99,0.0,212.99
102154,1052,1,208.99,0.0,208.99
102154,1033,4,85.99,0.0,343.96
102154,1032,1,81.99,0.0,81.99
102155,1080,1,134.99,0.0,134.99
102156,1086,1,97.99,0.0,97.99
102157,1058,2,93.99,0.0,187.98
102158,1014,1,36.99,0.0,36.99
102159,1077,1,25.99,0.0,25.99
102159,1081,1,74.99,0.0,74.99
102160,1056,1,239.99,0.0,239.99
102161,1008,1,43.99,0.0,43.99
102162,1067,1,34.99,0.0,34.99
102163,1060,1,134.99,0.0,134.99
102163,1035,1,51.99,0.0,51.99
102164,1071,1,9.99,0.0,9.99
102165,1064,1,153.99,0.0,153.99
102166,1059,2,467.99,0.0,935.98
102167,1081,1,74.99,0.0,74.99
102168,1026,1,161.99,0.0,161.99
102168,1081,1,74.99,0.0,74.99
102168,1070,1,122.99,0.0,122.99
102169,1064,2,153.99,0.0,307.98
102170,1087,1,45.99,0.0,45.99
102170,1026,1,161.99,0.0,161.99
102171,1015,3,96.99,0.0,290.96999999999997
102171,1067,1,34.99,0.0,34.99
102171,1028,1,77.99,0.0,77.99
102172,1084,1,112.99,0.0,112.99
102172,1037,1,28.99,0.0,28.99
102172,1088,1,20.99,0.0,20.99
102173,1032,1,81.99,0.0,81.99
102174,1075,2,50.99,0.0,101.98
102174,1005,1,79.99,0.0,79.99
102174,1088,1,20.99,0.0,20.99
102175,1059,1,467.99,0.0,467.99
102175,1001,2,61.99,0.0,123.98
102176,1085,1,115.99,0.0,115.99
102176,1082,2,104.99,0.0,209.98
102177,1024,2,59.99,0.0,119.98
102178,1069,1,26.99,0.0,26.99
102178,1054,1,229.99,0.0,229.99
102179,1065,1,164.99,0.0,164.99
102179,1032,1,81.99,0.0,81.99
102180,1028,1,77.99,0.0,77.99
102181,1009,1,131.99,0.0,131.99
102181,1069,2,26.99,0.0,53.98
102181,1032,1,81.99,0.0,81.99
102181,1014,1,36.99,0.0,36.99
102182,1012,1,109.99,0.0,109.99
102182,1031,1,38.99,0.0,38.99
102182,1080,1,134.99,0.0,134.99
102183,1056,1,239.99,0.0,239.99
102183,1028,1,77.99,0.0,77.99
102183,1062,1,152.99,0.0,152.99
102183,1059,1,467.99,0.0,467.99
102184,1069,1,26.99,0.0,26.99
102184,1007,1,71.99,0.0,71.99
102185,1060,1,134.99,0.0,134.99
102186,1053,1,37.99,0.0,37.99
102186,1069,1,26.99,0.0,26.99
102187,1072,1,141.99,0.0,141.99
102187,1086,2,97.99,0.0,195.98
102188,1030,2,7.99,0.0,15.98
102188,1058,2,93.99,0.0,187.98
102188,1008,1,43.99,0.0,43.99
102189,1030,2,7.99,1.6,14.38
102189,1009,1,131.99,13.2,118.79
102189,1024,1,59.99,6.0,53.99
102189,1042,1,773.99,77.4,696.59
102190,1062,2,152.99,0.0,305.98
102191,1049,1,126.99,0.0,126.99
102192,1079,1,61.99,0.0,61.99
102192,1080,1,134.99,0.0,134.99
102193,1038,1,313.99,0.0,313.99
102194,1069,1,26.99,0.0,26.99
102194,1040,1,476.99,0.0,476.99
102194,1083,1,19.99,0.0,19.99
102195,1066,1,171.99,0.0,171.99
102196,1030,1,7.99,0.0,7.99
102197,1033,1,85.99,0.0,85.99
102198,1035,2,51.99,0.0,103.98
102199,1014,1,36.99,0.0,36.99
102199,1075,2,50.99,0.0,101.98
102200,1031,2,38.99,0.0,77.98
102201,1065,1,164.99,0.0,164.99
102202,1082,1,104.99,0.0,104.99
102203,1005,1,79.99,0.0,79.99
102204,1027,1,90.99,0.0,90.99
102205,1076,1,138.99,0.0,138.99
102205,1047,1,194.99,0.0,194.99
102205,1009,1,131.99,0.0,131.99
102206,1014,1,36.99,0.0,36.99
102206,1082,1,104.99,0.0,104.99
102206,1013,1,124.99,0.0,124.99
102206,1063,1,245.99,0.0,245.99
102207,1006,1,16.99,0.0,16.99
102207,1083,4,19.99,0.0,79.96
102208,1074,1,19.99,0.0,19.99
102208,1050,1,146.99,0.0,146.99
102208,1064,1,153.99,0.0,153.99
102209,1034,1,68.99,0.0,68.99
102209,1083,4,19.99,0.0,79.96
102210,1026,1,161.99,0.0,161.99
102211,1003,2,22.99,0.0,45.98
102211,1059,1,467.99,0.0,467.99
102212,1062,1,152.99,0.0,152.99
102212,1046,1,142.99,0.0,142.99
102212,1060,1,134.99,0.0,134.99
102213,1028,1,77.99,0.0,77.99
102214,1004,1,75.99,0.0,75.99
102215,1022,1,88.99,0.0,88.99
102216,1069,1,26.99,0.0,26.99
102216,1059,1,467.99,0.0,467.99
102216,1048,1,139.99,0.0,139.99
102217,1031,1,38.99,0.0,38.99
102218,1035,1,51.99,0.0,51.99
102218,1031,1,38.99,0.0,38.99
102219,1013,2,124.99,0.0,249.98
102219,1004,1,75.99,0.0,75.99
102220,1078,1,85.99,0.0,85.99
102221,1079,1,61.99,0.0,61.99
102221,1015,1,96.99,0.0,96.99
102222,1050,1,146.99,0.0,146.99
102222,1059,2,467.99,0.0,935.98
102222,1079,1,61.99,0.0,61.99
102223,1018,1,212.99,0.0,212.99
102223,1036,1,58.99,0.0,58.99
102224,1016,1,180.99,0.0,180.99
102225,1034,1,68.99,6.9,62.089999999999996
102226,1039,1,483.99,0.0,483.99
102227,1023,2,135.99,0.0,271.98
102228,1002,1,138.99,13.9,125.09
102228,1077,1,25.99,2.6,23.389999999999997
102228,1035,1,51.99,5.2,46.79
102229,1085,1,115.99,0.0,115.99
102229,1023,1,135.99,0.0,135.99
102230,1054,3,229.99,0.0,689.97
102230,1050,1,146.99,0.0,146.99
102231,1014,1,36.99,0.0,36.99
102232,1065,1,164.99,16.5,148.49
102232,1083,1,19.99,2.0,17.99
102233,1046,1,142.99,0.0,142.99
102234,1032,1,81.99,0.0,81.99
102235,1002,2,138.99,0.0,277.98
102236,1072,1,141.99,0.0,141.99
102236,1050,1,146.99,0.0,146.99
102237,1012,1,109.99,0.0,109.99
102238,1068,1,49.99,0.0,49.99
102239,1012,1,109.99,0.0,109.99
102240,1034,1,68.99,6.9,62.089999999999996
102240,1085,1,115.99,11.6,104.39
102240,1058,1,93.99,9.4,84.58999999999999
102240,1067,1,34.99,3.5,31.490000000000002
102241,1056,1,239.99,0.0,239.99
102242,1031,1,38.99,0.0,38.99
102243,1036,1,58.99,0.0,58.99
102243,1060,1,134.99,0.0,134.99
102244,1051,1,53.99,0.0,53.99
102245,1011,1,34.99,0.0,34.99
102245,1070,1,122.99,0.0,122.99
102246,1031,1,38.99,0.0,38.99
102247,1032,1,81.99,0.0,81.99
102247,1052,1,208.99,0.0,208.99
102248,1068,1,49.99,5.0,44.99
102248,1056,2,239.99,48.0,431.98
102248,1057,2,205.99,41.2,370.78000000000003
102249,1079,1,61.99,0.0,61.99
102249,1028,1,77.99,0.0,77.99
102250,1021,2,123.99,0.0,247.98
102251,1064,1,153.99,0.0,153.99
102251,1060,1,134.99,0.0,134.99
102252,1009,1,131.99,0.0,131.99
102253,1065,1,164.99,0.0,164.99
102254,1004,1,75.99,0.0,75.99
102254,1071,1,9.99,0.0,9.99
102255,1009,1,131.99,0.0,131.99
102255,1053,1,37.99,0.0,37.99
102256,1069,1,26.99,0.0,26.99
102257,1075,1,50.99,0.0,50.99
102257,1029,1,30.99,0.0,30.99
102257,1040,1,476.99,0.0,476.99
102257,1042,1,773.99,0.0,773.99
102258,1048,1,139.99,0.0,139.99
102259,1075,1,50.99,0.0,50.99
102260,1072,1,141.99,0.0,141.99
102261,1067,1,34.99,0.0,34.99
102262,1019,2,77.99,0.0,155.98
102263,1077,1,25.99,0.0,25.99
102264,1086,1,97.99,0.0,97.99
102265,1064,1,153.99,0.0,153.99
102265,1018,1,212.99,0.0,212.99
102266,1090,2,17.99,0.0,35.98
102267,1019,1,77.99,0.0,77.99
102267,1018,1,212.99,0.0,212.99
102268,1056,1,239.99,0.0,239.99
102269,1035,1,51.99,0.0,51.99
102269,1066,1,171.99,0.0,171.99
102269,1046,1,142.99,0.0,142.99
102270,1070,1,122.99,0.0,122.99
102270,1087,1,45.99,0.0,45.99
102271,1059,1,467.99,0.0,467.99
102271,1023,1,135.99,0.0,135.99
102271,1071,1,9.99,0.0,9.99
102272,1001,2,61.99,0.0,123.98
102273,1059,2,467.99,0.0,935.98
102273,1061,1,45.99,0.0,45.99
102274,1015,1,96.99,0.0,96.99
102275,1014,1,36.99,0.0,36.99
102276,1041,1,553.99,0.0,553.99
102277,1007,1,71.99,0.0,71.99
102278,1086,1,97.99,0.0,97.99
102278,1060,1,134.99,0.0,134.99
102279,1009,1,131.99,0.0,131.99
102280,1017,1,86.99,0.0,86.99
102281,1024,3,59.99,0.0,179.97
102282,1064,1,153.99,0.0,153.99
102283,1029,1,30.99,0.0,30.99
102283,1089,1,53.99,0.0,53.99
102284,1052,1,208.99,0.0,208.99
102285,1006,1,16.99,0.0,16.99
102286,1015,1,96.99,0.0,96.99
102287,1004,1,75.99,0.0,75.99
102287,1002,1,138.99,0.0,138.99
102288,1002,1,138.99,0.0,138.99
102289,1084,1,112.99,0.0,112.99
102289,1052,2,208.99,0.0,417.98
102289,1071,2,9.99,0.0,19.98
102289,1082,1,104.99,0.0,104.99
102290,1019,1,77.99,0.0,77.99
102290,1076,1,138.99,0.0,138.99
102290,1075,1,50.99,0.0,50.99
102291,1046,1,142.99,0.0,142.99
102291,1030,1,7.99,0.0,7.99
102291,1076,1,138.99,0.0,138.99
102292,1056,1,239.99,0.0,239.99
102292,1005,1,79.99,0.0,79.99
102293,1070,1,122.99,0.0,122.99
102294,1002,1,138.99,0.0,138.99
102295,1054,1,229.99,0.0,229.99
102296,1074,1,19.99,0.0,19.99
102296,1061,1,45.99,0.0,45.99
102296,1067,1,34.99,0.0,34.99
102297,1010,1,96.99,0.0,96.99
102298,1065,1,164.99,0.0,164.99
102299,1039,1,483.99,0.0,483.99
102300,1084,1,112.99,0.0,112.99
102301,1028,4,77.99,0.0,311.96
102302,1023,4,135.99,0.0,543.96
102302,1013,1,124.99,0.0,124.99
102303,1045,1,506.99,0.0,506.99
102304,1077,1,25.99,0.0,25.99
102304,1011,1,34.99,0.0,34.99
102304,1009,1,131.99,0.0,131.99
102305,1051,1,53.99,0.0,53.99
102306,1007,2,71.99,0.0,143.98
102306,1062,1,152.99,0.0,152.99
102307,1055,2,200.99,0.0,401.98
102308,1017,2,86.99,0.0,173.98
102309,1089,1,53.99,0.0,53.99
102310,1033,1,85.99,0.0,85.99
102311,1045,1,506.99,0.0,506.99
102311,1011,1,34.99,0.0,34.99
102312,1046,1,142.99,0.0,142.99
102312,1025,1,166.99,0.0,166.99
102313,1003,2,22.99,0.0,45.98
102314,1016,1,180.99,0.0,180.99
102314,1013,1,124.99,0.0,124.99
102315,1064,1,153.99,0.0,153.99
102316,1090,1,17.99,0.0,17.99
102317,1064,1,153.99,0.0,153.99
102318,1085,1,115.99,0.0,115.99
102318,1036,1,58.99,0.0,58.99
102319,1003,1,22.99,0.0,22.99
102320,1085,1,115.99,0.0,115.99
102321,1011,1,34.99,0.0,34.99
102322,1042,1,773.99,0.0,773.99
102323,1003,2,22.99,0.0,45.98
102323,1014,3,36.99,0.0,110.97
102323,1009,1,131.99,0.0,131.99
102324,1083,1,19.99,0.0,19.99
102325,1085,1,115.99,0.0,115.99
102325,1015,1,96.99,0.0,96.99
102325,1012,3,109.99,0.0,329.96999999999997
102326,1047,1,194.99,0.0,194.99
102327,1071,1,9.99,0.0,9.99
102328,1061,1,45.99,0.0,45.99
102329,1022,1,88.99,0.0,88.99
102330,1074,3,19.99,0.0,59.97
102330,1009,1,131.99,0.0,131.99
102331,1008,2,43.99,0.0,87.98
102331,1040,1,476.99,0.0,476.99
102331,1007,1,71.99,0.0,71.99
102332,1060,1,134.99,0.0,134.99
102332,1008,1,43.99,0.0,43.99
102332,1068,1,49.99,0.0,49.99
102332,1058,1,93.99,0.0,93.99
102333,1086,1,97.99,0.0,97.99
102333,1072,1,141.99,0.0,141.99
102334,1083,1,19.99,0.0,19.99
102335,1087,2,45.99,0.0,91.98
102336,1058,1,93.99,0.0,93.99
102336,1065,1,164.99,0.0,164.99
102337,1047,1,194.99,0.0,194.99
102338,1069,1,26.99,0.0,26.99
102338,1063,1,245.99,0.0,245.99
102339,1078,1,85.99,0.0,85.99
102340,1060,1,134.99,0.0,134.99
102341,1086,1,97.99,0.0,97.99
102341,1001,1,61.99,0.0,61.99
102342,1059,1,467.99,0.0,467.99
102343,1001,1,61.99,6.2,55.79
102343,1003,1,22.99,2.3,20.689999999999998
102344,1078,2,85.99,0.0,171.98
102344,1088,1,20.99,0.0,20.99
102345,1067,1,34.99,0.0,34.99
102345,1066,1,171.99,0.0,171.99
102346,1035,2,51.99,10.4,93.58
102346,1019,1,77.99,7.8,70.19
102347,1077,1,25.99,0.0,25.99
102347,1006,2,16.99,0.0,33.98
102348,1009,1,131.99,0.0,131.99
102348,1023,1,135.99,0.0,135.99
102349,1058,1,93.99,0.0,93.99
102350,1086,1,97.99,0.0,97.99
102351,1069,1,26.99,0.0,26.99
102351,1090,2,17.99,0.0,35.98
102352,1065,1,164.99,0.0,164.99
102352,1080,1,134.99,0.0,134.99
102352,1054,1,229.99,0.0,229.99
102353,1080,1,134.99,0.0,134.99
102354,1013,1,124.99,0.0,124.99
102354,1011,2,34.99,0.0,69.98
102355,1084,1,112.99,0.0,112.99
102356,1087,1,45.99,0.0,45.99
102357,1067,1,34.99,0.0,34.99
102358,1068,1,49.99,0.0,49.99
102359,1073,2,69.99,14.0,125.97999999999999
102359,1057,1,205.99,20.6,185.39000000000001
102359,1071,1,9.99,1.0,8.99
102359,1025,1,166.99,16.7,150.29000000000002
102360,1059,3,467.99,140.4,1263.57
102360,1084,1,112.99,11.3,101.69
102360,1072,1,141.99,14.2,127.79
102360,1024,1,59.99,6.0,53.99
102361,1027,1,90.99,0.0,90.99
102362,1015,1,96.99,0.0,96.99
102363,1024,1,59.99,0.0,59.99
102364,1018,1,212.99,0.0,212.99
102365,1082,1,104.99,0.0,104.99
102366,1074,2,19.99,0.0,39.98
102367,1079,1,61.99,0.0,61.99
102368,1048,1,139.99,0.0,139.99
102369,1058,2,93.99,0.0,187.98
102370,1060,2,134.99,0.0,269.98
102371,1051,1,53.99,0.0,53.99
102371,1087,1,45.99,0.0,45.99
102372,1030,1,7.99,0.0,7.99
102372,1016,1,180.99,0.0,180.99
102373,1068,4,49.99,0.0,199.96
102373,1028,1,77.99,0.0,77.99
102374,1074,1,19.99,0.0,19.99
102375,1015,3,96.99,0.0,290.96999999999997
102376,1087,1,45.99,0.0,45.99
102377,1038,1,313.99,0.0,313.99
102377,1076,2,138.99,0.0,277.98
102377,1021,1,123.99,0.0,123.99
102378,1086,1,97.99,0.0,97.99
102378,1064,1,153.99,0.0,153.99
102378,1028,1,77.99,0.0,77.99
102379,1007,1,71.99,0.0,71.99
102379,1010,1,96.99,0.0,96.99
102379,1085,2,115.99,0.0,231.98
102380,1025,1,166.99,16.7,150.29000000000002
102381,1022,1,88.99,0.0,88.99
102382,1023,1,135.99,0.0,135.99
102383,1003,1,22.99,0.0,22.99
102383,1059,3,467.99,0.0,1403.97
102384,1083,1,19.99,0.0,19.99
102384,1013,1,124.99,0.0,124.99
102384,1037,2,28.99,0.0,57.98
102385,1073,1,69.99,0.0,69.99
102385,1013,1,124.99,0.0,124.99
102386,1012,1,109.99,0.0,109.99
102387,1023,1,135.99,0.0,135.99
102387,1004,1,75.99,0.0,75.99
102387,1089,1,53.99,0.0,53.99
102387,1062,1,152.99,0.0,152.99
102388,1034,1,68.99,0.0,68.99
102389,1012,2,109.99,0.0,219.98
102390,1002,1,138.99,0.0,138.99
102391,1008,1,43.99,0.0,43.99
102391,1080,1,134.99,0.0,134.99
102391,1016,1,180.99,0.0,180.99
102391,1072,1,141.99,0.0,141.99
102392,1077,3,25.99,0.0,77.97
102393,1033,1,85.99,0.0,85.99
102393,1057,2,205.99,0.0,411.98
102393,1065,2,164.99,0.0,329.98
102394,1067,1,34.99,3.5,31.490000000000002
102395,1066,1,171.99,0.0,171.99
102395,1006,1,16.99,0.0,16.99
102395,1044,1,529.99,0.0,529.99
102395,1069,1,26.99,0.0,26.99
102396,1073,2,69.99,0.0,139.98
102396,1032,1,81.99,0.0,81.99
102397,1013,1,124.99,0.0,124.99
102397,1058,1,93.99,0.0,93.99
102398,1089,1,53.99,0.0,53.99
102398,1079,1,61.99,0.0,61.99
102398,1032,1,81.99,0.0,81.99
102399,1025,1,166.99,0.0,166.99
102400,1024,1,59.99,0.0,59.99
102400,1021,1,123.99,0.0,123.99
102400,1034,4,68.99,0.0,275.96
102401,1078,1,85.99,0.0,85.99
102401,1072,1,141.99,0.0,141.99
102402,1080,1,134.99,0.0,134.99
102402,1078,1,85.99,0.0,85.99
102403,1017,1,86.99,8.7,78.28999999999999
102403,1010,1,96.99,9.7,87.28999999999999
102404,1007,1,71.99,0.0,71.99
102405,1051,1,53.99,0.0,53.99
102406,1031,1,38.99,0.0,38.99
102407,1078,1,85.99,8.6,77.39
102408,1080,1,134.99,0.0,134.99
102408,1009,1,131.99,0.0,131.99
102409,1001,1,61.99,0.0,61.99
102410,1072,1,141.99,0.0,141.99
102411,1050,1,146.99,0.0,146.99
102411,1078,1,85.99,0.0,85.99
102411,1052,1,208.99,0.0,208.99
102412,1048,1,139.99,0.0,139.99
102412,1007,2,71.99,0.0,143.98
102412,1008,1,43.99,0.0,43.99
102413,1019,1,77.99,0.0,77.99
102413,1030,1,7.99,0.0,7.99
102414,1069,1,26.99,0.0,26.99
102414,1076,4,138.99,0.0,555.96
102415,1003,1,22.99,0.0,22.99
102416,1005,1,79.99,0.0,79.99
102417,1044,1,529.99,0.0,529.99
102417,1076,2,138.99,0.0,277.98
102417,1079,1,61.99,0.0,61.99
102417,1023,1,135.99,0.0,135.99
102418,1008,1,43.99,0.0,43.99
102419,1068,2,49.99,0.0,99.98
102419,1013,1,124.99,0.0,124.99
102420,1052,2,208.99,0.0,417.98
102420,1036,3,58.99,0.0,176.97
102420,1048,1,139.99,0.0,139.99
102421,1049,1,126.99,0.0,126.99
102422,1014,1,36.99,0.0,36.99
102423,1087,1,45.99,0.0,45.99
102423,1069,1,26.99,0.0,26.99
102424,1062,2,152.99,0.0,305.98
102425,1081,1,74.99,0.0,74.99
102426,1048,1,139.99,0.0,139.99
102426,1090,1,17.99,0.0,17.99
102427,1016,2,180.99,0.0,361.98
102428,1045,1,506.99,0.0,506.99
102429,1001,2,61.99,0.0,123.98
102430,1055,1,200.99,0.0,200.99
102431,1078,1,85.99,0.0,85.99
102431,1026,1,161.99,0.0,161.99
102432,1080,1,134.99,0.0,134.99
102433,1036,2,58.99,11.8,106.18
102433,1037,1,28.99,2.9,26.09
102434,1014,1,36.99,0.0,36.99
102435,1008,1,43.99,0.0,43.99
102435,1051,2,53.99,0.0,107.98
102436,1073,2,69.99,14.0,125.97999999999999
102437,1029,1,30.99,0.0,30.99
102438,1052,2,208.99,0.0,417.98
102438,1088,1,20.99,0.0,20.99
102439,1051,1,53.99,0.0,53.99
102440,1073,1,69.99,0.0,69.99
102440,1015,1,96.99,0.0,96.99
102440,1087,1,45.99,0.0,45.99
102441,1020,1,54.99,0.0,54.99
102442,1019,1,77.99,0.0,77.99
102442,1085,1,115.99,0.0,115.99
102443,1027,3,90.99,0.0,272.96999999999997
102444,1078,3,85.99,0.0,257.96999999999997
102445,1001,1,61.99,0.0,61.99
102446,1024,1,59.99,0.0,59.99
102446,1008,1,43.99,0.0,43.99
102446,1067,1,34.99,0.0,34.99
102447,1049,1,126.99,0.0,126.99
102448,1079,1,61.99,0.0,61.99
102449,1078,1,85.99,0.0,85.99
102450,1075,1,50.99,5.1,45.89
102451,1084,1,112.99,0.0,112.99
102451,1016,1,180.99,0.0,180.99
102452,1005,1,79.99,0.0,79.99
102452,1075,1,50.99,0.0,50.99
102453,1075,1,50.99,0.0,50.99
102453,1081,1,74.99,0.0,74.99
102454,1035,1,51.99,0.0,51.99
102454,1027,1,90.99,0.0,90.99
102454,1031,1,38.99,0.0,38.99
102455,1032,1,81.99,0.0,81.99
102455,1014,1,36.99,0.0,36.99
102456,1048,1,139.99,0.0,139.99
102456,1009,1,131.99,0.0,131.99
102457,1063,1,245.99,0.0,245.99
102457,1057,1,205.99,0.0,205.99
102457,1003,1,22.99,0.0,22.99
102458,1010,1,96.99,0.0,96.99
102458,1089,1,53.99,0.0,53.99
102458,1086,1,97.99,0.0,97.99
102458,1063,1,245.99,0.0,245.99
102459,1026,1,161.99,0.0,161.99
102460,1016,1,180.99,0.0,180.99
102460,1071,2,9.99,0.0,19.98
102461,1021,1,123.99,0.0,123.99
102461,1046,1,142.99,0.0,142.99
102461,1066,1,171.99,0.0,171.99
102462,1071,1,9.99,0.0,9.99
102462,1006,1,16.99,0.0,16.99
102462,1063,1,245.99,0.0,245.99
102462,1088,1,20.99,0.0,20.99
102463,1030,1,7.99,0.0,7.99
102464,1065,1,164.99,0.0,164.99
102464,1078,1,85.99,0.0,85.99
102464,1039,1,483.99,0.0,483.99
102465,1005,1,79.99,0.0,79.99
102466,1084,1,112.99,0.0,112.99
102466,1059,1,467.99,0.0,467.99
102466,1080,1,134.99,0.0,134.99
102466,1075,1,50.99,0.0,50.99
102467,1086,2,97.99,0.0,195.98
102468,1054,1,229.99,0.0,229.99
102468,1087,1,45.99,0.0,45.99
102469,1023,1,135.99,0.0,135.99
102470,1011,3,34.99,0.0,104.97
102470,1080,1,134.99,0.0,134.99
102470,1086,1,97.99,0.0,97.99
102471,1041,1,553.99,0.0,553.99
102472,1048,1,139.99,0.0,139.99
102473,1056,1,239.99,0.0,239.99
102474,1027,1,90.99,0.0,90.99
102475,1008,1,43.99,0.0,43.99
102476,1043,1,127.99,0.0,127.99
102477,1088,1,20.99,0.0,20.99
102478,1005,1,79.99,0.0,79.99
102478,1021,1,123.99,0.0,123.99
102479,1021,1,123.99,0.0,123.99
102480,1054,1,229.99,0.0,229.99
102480,1008,1,43.99,0.0,43.99
102480,1014,2,36.99,0.0,73.98
102481,1029,3,30.99,0.0,92.97
102482,1067,1,34.99,0.0,34.99
102482,1070,1,122.99,0.0,122.99
102483,1075,1,50.99,0.0,50.99
102484,1063,1,245.99,24.6,221.39000000000001
102484,1022,3,88.99,26.7,240.26999999999998
102485,1014,2,36.99,0.0,73.98
102486,1015,3,96.99,0.0,290.96999999999997
102486,1001,1,61.99,0.0,61.99
102487,1024,1,59.99,0.0,59.99
102487,1073,1,69.99,0.0,69.99
102488,1075,3,50.99,0.0,152.97
102488,1087,2,45.99,0.0,91.98
102489,1047,1,194.99,0.0,194.99
102490,1079,1,61.99,0.0,61.99
102491,1060,1,134.99,0.0,134.99
102492,1035,1,51.99,0.0,51.99
102493,1024,1,59.99,0.0,59.99
102494,1056,1,239.99,0.0,239.99
102495,1058,1,93.99,0.0,93.99
102495,1061,1,45.99,0.0,45.99
102496,1025,1,166.99,0.0,166.99
102497,1072,2,141.99,0.0,283.98
102497,1058,1,93.99,0.0,93.99
102498,1073,1,69.99,0.0,69.99
102499,1037,2,28.99,0.0,57.98
102500,1073,1,69.99,0.0,69.99
102501,1068,1,49.99,0.0,49.99
102502,1090,1,17.99,0.0,17.99
102503,1021,1,123.99,0.0,123.99
102503,1004,1,75.99,0.0,75.99
102504,1004,1,75.99,0.0,75.99
102505,1017,1,86.99,0.0,86.99
102505,1032,1,81.99,0.0,81.99
102506,1033,2,85.99,0.0,171.98
102506,1030,1,7.99,0.0,7.99
102507,1066,1,171.99,0.0,171.99
102507,1069,1,26.99,0.0,26.99
102507,1090,1,17.99,0.0,17.99
102508,1034,1,68.99,0.0,68.99
102509,1078,1,85.99,0.0,85.99
102509,1068,1,49.99,0.0,49.99
102510,1012,1,109.99,0.0,109.99
102511,1028,1,77.99,0.0,77.99
102512,1032,1,81.99,0.0,81.99
102512,1066,2,171.99,0.0,343.98
102512,1005,1,79.99,0.0,79.99
102512,1081,1,74.99,0.0,74.99
102513,1073,1,69.99,0.0,69.99
102514,1016,1,180.99,0.0,180.99
102515,1008,1,43.99,0.0,43.99
102516,1054,1,229.99,0.0,229.99
102516,1071,1,9.99,0.0,9.99
102517,1038,1,313.99,0.0,313.99
102518,1068,1,49.99,0.0,49.99
102518,1043,1,127.99,0.0,127.99
102518,1081,1,74.99,0.0,74.99
102518,1021,1,123.99,0.0,123.99
102519,1076,3,138.99,0.0,416.97
102519,1020,3,54.99,0.0,164.97
102520,1050,1,146.99,0.0,146.99
102521,1082,1,104.99,0.0,104.99
102522,1046,1,142.99,0.0,142.99
102522,1053,1,37.99,0.0,37.99
102522,1001,1,61.99,0.0,61.99
102522,1075,1,50.99,0.0,50.99
102523,1026,1,161.99,0.0,161.99
102523,1012,1,109.99,0.0,109.99
102523,1057,1,205.99,0.0,205.99
102524,1029,1,30.99,0.0,30.99
102524,1066,1,171.99,0.0,171.99
102525,1004,1,75.99,0.0,75.99
102526,1054,1,229.99,0.0,229.99
102527,1088,1,20.99,0.0,20.99
102528,1021,1,123.99,0.0,123.99
102528,1086,2,97.99,0.0,195.98
102529,1070,1,122.99,0.0,122.99
102529,1023,2,135.99,0.0,271.98
102530,1071,1,9.99,0.0,9.99
102530,1039,1,483.99,0.0,483.99
102531,1019,2,77.99,0.0,155.98
102531,1070,2,122.99,0.0,245.98
102531,1077,1,25.99,0.0,25.99
102532,1001,2,61.99,0.0,123.98
102533,1012,1,109.99,0.0,109.99
102534,1037,1,28.99,0.0,28.99
102535,1013,1,124.99,0.0,124.99
102535,1007,1,71.99,0.0,71.99
102535,1075,1,50.99,0.0,50.99
102536,1016,1,180.99,0.0,180.99
102537,1078,1,85.99,0.0,85.99
102537,1058,1,93.99,0.0,93.99
102538,1067,1,34.99,0.0,34.99
102538,1090,1,17.99,0.0,17.99
102538,1081,1,74.99,0.0,74.99
102539,1089,1,53.99,0.0,53.99
102539,1069,1,26.99,0.0,26.99
102540,1012,1,109.99,0.0,109.99
102541,1058,1,93.99,0.0,93.99
102541,1072,1,141.99,0.0,141.99
102542,1088,1,20.99,0.0,20.99
102543,1079,1,61.99,0.0,61.99
102544,1021,1,123.99,0.0,123.99
102545,1074,1,19.99,0.0,19.99
102546,1071,1,9.99,0.0,9.99
102547,1008,4,43.99,17.6,158.36
102547,1084,1,112.99,11.3,101.69
102547,1087,1,45.99,4.6,41.39
102548,1051,1,53.99,0.0,53.99
102549,1010,1,96.99,0.0,96.99
102549,1081,1,74.99,0.0,74.99
102550,1027,1,90.99,0.0,90.99
102551,1001,1,61.99,0.0,61.99
102551,1035,1,51.99,0.0,51.99
102551,1050,1,146.99,0.0,146.99
102552,1013,1,124.99,0.0,124.99
102553,1058,1,93.99,0.0,93.99
102553,1054,1,229.99,0.0,229.99
102554,1090,3,17.99,0.0,53.97
102555,1059,1,467.99,0.0,467.99
102556,1052,2,208.99,0.0,417.98
102556,1005,4,79.99,0.0,319.96
102557,1059,2,467.99,0.0,935.98
102557,1028,2,77.99,0.0,155.98
102558,1029,1,30.99,0.0,30.99
102559,1025,1,166.99,0.0,166.99
102559,1019,2,77.99,0.0,155.98
102560,1015,1,96.99,0.0,96.99
102561,1077,1,25.99,0.0,25.99
102561,1003,1,22.99,0.0,22.99
102561,1045,1,506.99,0.0,506.99
102562,1015,1,96.99,0.0,96.99
102562,1011,1,34.99,0.0,34.99
102562,1013,1,124.99,0.0,124.99
102563,1009,1,131.99,0.0,131.99
102564,1089,1,53.99,0.0,53.99
102564,1018,2,212.99,0.0,425.98
102565,1034,1,68.99,0.0,68.99
102565,1051,1,53.99,0.0,53.99
102565,1014,1,36.99,0.0,36.99
102566,1013,1,124.99,0.0,124.99
102566,1050,1,146.99,0.0,146.99
102567,1021,1,123.99,0.0,123.99
102568,1084,1,112.99,0.0,112.99
102568,1077,1,25.99,0.0,25.99
102568,1081,1,74.99,0.0,74.99
102569,1077,1,25.99,0.0,25.99
102569,1005,1,79.99,0.0,79.99
102570,1063,1,245.99,0.0,245.99
102570,1058,2,93.99,0.0,187.98
102571,1046,1,142.99,0.0,142.99
102572,1075,1,50.99,5.1,45.89
102573,1039,1,483.99,0.0,483.99
102574,1026,2,161.99,0.0,323.98
102575,1011,1,34.99,0.0,34.99
102575,1047,1,194.99,0.0,194.99
102576,1088,1,20.99,0.0,20.99
102576,1047,1,194.99,0.0,194.99
102577,1020,1,54.99,0.0,54.99
102577,1076,1,138.99,0.0,138.99
102577,1050,1,146.99,0.0,146.99
102578,1003,1,22.99,2.3,20.689999999999998
102578,1054,1,229.99,23.0,206.99
102578,1062,1,152.99,15.3,137.69
102579,1072,1,141.99,0.0,141.99
102579,1026,2,161.99,0.0,323.98
102579,1017,1,86.99,0.0,86.99
102580,1066,1,171.99,17.2,154.79000000000002
102581,1039,1,483.99,0.0,483.99
102581,1059,1,467.99,0.0,467.99
102582,1001,1,61.99,0.0,61.99
102583,1007,1,71.99,0.0,71.99
102584,1085,1,115.99,0.0,115.99
102584,1025,1,166.99,0.0,166.99
102584,1081,2,74.99,0.0,149.98
102585,1089,1,53.99,0.0,53.99
102586,1076,2,138.99,0.0,277.98
102587,1033,1,85.99,0.0,85.99
102588,1057,1,205.99,0.0,205.99
102588,1089,2,53.99,0.0,107.98
102589,1011,1,34.99,0.0,34.99
102590,1080,2,134.99,27.0,242.98000000000002
102590,1078,1,85.99,8.6,77.39
102591,1052,1,208.99,0.0,208.99
102592,1061,2,45.99,0.0,91.98
102593,1002,1,138.99,0.0,138.99
102593,1052,1,208.99,0.0,208.99
102593,1042,1,773.99,0.0,773.99
102594,1001,1,61.99,6.2,55.79
102595,1054,2,229.99,0.0,459.98
102595,1051,1,53.99,0.0,53.99
102595,1025,1,166.99,0.0,166.99
102596,1020,1,54.99,0.0,54.99
102597,1053,1,37.99,0.0,37.99
102598,1002,2,138.99,0.0,277.98
102599,1060,1,134.99,0.0,134.99
102600,1061,1,45.99,0.0,45.99
102601,1079,2,61.99,0.0,123.98
102602,1034,1,68.99,0.0,68.99
102602,1017,2,86.99,0.0,173.98
102602,1040,1,476.99,0.0,476.99
102603,1054,1,229.99,0.0,229.99
102603,1064,1,153.99,0.0,153.99
102603,1061,1,45.99,0.0,45.99
102604,1031,1,38.99,0.0,38.99
102605,1016,1,180.99,18.1,162.89000000000001
102605,1073,1,69.99,7.0,62.989999999999995
102605,1017,1,86.99,8.7,78.28999999999999
102606,1066,1,171.99,0.0,171.99
102607,1078,1,85.99,0.0,85.99
102608,1032,1,81.99,0.0,81.99
102608,1073,2,69.99,0.0,139.98
102609,1002,1,138.99,0.0,138.99
102609,1032,2,81.99,0.0,163.98
102609,1054,1,229.99,0.0,229.99
102610,1031,1,38.99,0.0,38.99
102611,1011,1,34.99,0.0,34.99
102611,1028,4,77.99,0.0,311.96
102612,1032,3,81.99,0.0,245.96999999999997
102613,1001,1,61.99,0.0,61.99
102613,1072,1,141.99,0.0,141.99
102613,1090,1,17.99,0.0,17.99
102614,1038,1,313.99,0.0,313.99
102614,1030,1,7.99,0.0,7.99
102615,1013,1,124.99,0.0,124.99
102615,1011,1,34.99,0.0,34.99
102616,1030,1,7.99,0.8,7.19
102617,1059,1,467.99,0.0,467.99
102618,1073,1,69.99,0.0,69.99
102618,1026,1,161.99,0.0,161.99
102619,1070,2,122.99,0.0,245.98
102620,1006,2,16.99,0.0,33.98
102620,1053,1,37.99,0.0,37.99
102620,1083,1,19.99,0.0,19.99
102621,1063,1,245.99,0.0,245.99
102622,1045,1,506.99,0.0,506.99
102622,1090,2,17.99,0.0,35.98
102622,1079,1,61.99,0.0,61.99
102622,1088,2,20.99,0.0,41.98
102623,1001,1,61.99,0.0,61.99
102624,1021,1,123.99,0.0,123.99
102624,1003,1,22.99,0.0,22.99
102624,1013,1,124.99,0.0,124.99
102625,1004,1,75.99,0.0,75.99
102625,1070,1,122.99,0.0,122.99
102626,1055,1,200.99,0.0,200.99
102626,1035,1,51.99,0.0,51.99
102627,1044,1,529.99,0.0,529.99
102628,1008,1,43.99,0.0,43.99
102628,1043,1,127.99,0.0,127.99
102628,1071,1,9.99,0.0,9.99
102628,1029,1,30.99,0.0,30.99
102629,1036,1,58.99,0.0,58.99
102630,1069,1,26.99,0.0,26.99
102631,1077,4,25.99,0.0,103.96
102631,1011,1,34.99,0.0,34.99
102632,1026,1,161.99,0.0,161.99
102632,1027,2,90.99,0.0,181.98
102632,1031,1,38.99,0.0,38.99
102632,1086,1,97.99,0.0,97.99
102633,1020,1,54.99,0.0,54.99
102634,1075,1,50.99,0.0,50.99
102634,1052,1,208.99,0.0,208.99
102635,1090,1,17.99,0.0,17.99
102636,1055,1,200.99,0.0,200.99
102637,1034,1,68.99,0.0,68.99
102638,1010,1,96.99,0.0,96.99
102639,1085,2,115.99,0.0,231.98
102640,1026,2,161.99,0.0,323.98
102641,1086,1,97.99,0.0,97.99
102641,1072,1,141.99,0.0,141.99
102641,1061,1,45.99,0.0,45.99
102642,1052,1,208.99,0.0,208.99
102643,1079,2,61.99,0.0,123.98
102643,1027,1,90.99,0.0,90.99
102644,1074,4,19.99,0.0,79.96
102644,1087,1,45.99,0.0,45.99
102645,1075,1,50.99,0.0,50.99
102645,1018,1,212.99,0.0,212.99
102645,1015,1,96.99,0.0,96.99
102646,1036,1,58.99,0.0,58.99
102646,1082,1,104.99,0.0,104.99
102647,1018,1,212.99,0.0,212.99
102647,1019,1,77.99,0.0,77.99
102647,1071,1,9.99,0.0,9.99
102647,1076,1,138.99,0.0,138.99
102648,1044,1,529.99,0.0,529.99
102648,1090,1,17.99,0.0,17.99
102648,1077,1,25.99,0.0,25.99
102648,1070,1,122.99,0.0,122.99
102649,1027,1,90.99,0.0,90.99
102650,1049,1,126.99,0.0,126.99
102650,1035,1,51.99,0.0,51.99
102651,1032,1,81.99,0.0,81.99
102651,1065,1,164.99,0.0,164.99
102651,1026,2,161.99,0.0,323.98
102652,1079,1,61.99,0.0,61.99
102652,1018,1,212.99,0.0,212.99
102652,1083,1,19.99,0.0,19.99
102653,1078,2,85.99,0.0,171.98
102654,1037,1,28.99,0.0,28.99
102655,1076,3,138.99,0.0,416.97
102656,1012,1,109.99,0.0,109.99
102656,1014,2,36.99,0.0,73.98
102657,1076,1,138.99,0.0,138.99
102658,1084,1,112.99,0.0,112.99
102658,1023,1,135.99,0.0,135.99
102659,1090,1,17.99,0.0,17.99
102660,1039,1,483.99,0.0,483.99
102661,1004,1,75.99,0.0,75.99
102662,1080,1,134.99,0.0,134.99
102662,1010,1,96.99,0.0,96.99
102662,1033,1,85.99,0.0,85.99
102663,1076,1,138.99,0.0,138.99
102664,1032,1,81.99,0.0,81.99
102665,1065,1,164.99,0.0,164.99
102666,1063,1,245.99,0.0,245.99
102666,1082,1,104.99,0.0,104.99
102667,1006,1,16.99,0.0,16.99
102667,1028,1,77.99,0.0,77.99
102668,1088,1,20.99,0.0,20.99
102668,1077,2,25.99,0.0,51.98
102669,1079,1,61.99,0.0,61.99
102669,1059,1,467.99,0.0,467.99
102669,1006,1,16.99,0.0,16.99
102670,1084,1,112.99,0.0,112.99
102671,1089,1,53.99,0.0,53.99
102671,1063,1,245.99,0.0,245.99
102671,1020,1,54.99,0.0,54.99
102672,1026,1,161.99,0.0,161.99
102673,1088,2,20.99,0.0,41.98
102674,1061,1,45.99,0.0,45.99
102674,1027,1,90.99,0.0,90.99
102674,1040,1,476.99,0.0,476.99
102675,1001,1,61.99,0.0,61.99
102676,1081,1,74.99,0.0,74.99
102676,1065,3,164.99,0.0,494.97
102676,1027,1,90.99,0.0,90.99
102676,1079,1,61.99,0.0,61.99
102677,1021,1,123.99,12.4,111.58999999999999
102677,1048,1,139.99,14.0,125.99000000000001
102677,1034,1,68.99,6.9,62.089999999999996
102678,1018,2,212.99,0.0,425.98
102679,1005,2,79.99,0.0,159.98
102680,1077,1,25.99,0.0,25.99
102681,1085,1,115.99,0.0,115.99
102681,1011,1,34.99,0.0,34.99
102681,1088,1,20.99,0.0,20.99
102682,1012,1,109.99,11.0,98.99
102683,1025,1,166.99,0.0,166.99
102683,1023,1,135.99,0.0,135.99
102684,1026,1,161.99,0.0,161.99
102684,1031,1,38.99,0.0,38.99
102684,1034,1,68.99,0.0,68.99
102685,1066,2,171.99,0.0,343.98
102685,1070,1,122.99,0.0,122.99
102685,1008,1,43.99,0.0,43.99
102686,1032,1,81.99,0.0,81.99
102686,1003,1,22.99,0.0,22.99
102687,1032,1,81.99,0.0,81.99
102688,1057,1,205.99,0.0,205.99
102689,1071,1,9.99,0.0,9.99
102689,1054,1,229.99,0.0,229.99
102690,1089,2,53.99,0.0,107.98
102691,1088,1,20.99,0.0,20.99
102692,1043,1,127.99,0.0,127.99
102692,1001,1,61.99,0.0,61.99
102692,1033,1,85.99,0.0,85.99
102693,1046,1,142.99,0.0,142.99
102694,1066,1,171.99,17.2,154.79000000000002
102694,1086,1,97.99,9.8,88.19
102695,1029,1,30.99,0.0,30.99
102695,1058,2,93.99,0.0,187.98
102696,1043,1,127.99,0.0,127.99
102696,1077,1,25.99,0.0,25.99
102697,1086,1,97.99,9.8,88.19
102697,1035,1,51.99,5.2,46.79
102698,1084,1,112.99,0.0,112.99
102699,1081,1,74.99,0.0,74.99
102700,1010,1,96.99,0.0,96.99
102700,1063,1,245.99,0.0,245.99
102700,1050,1,146.99,0.0,146.99
102701,1029,1,30.99,3.1,27.889999999999997
102702,1089,1,53.99,0.0,53.99
102703,1021,1,123.99,0.0,123.99
102704,1003,1,22.99,0.0,22.99
102704,1027,1,90.99,0.0,90.99
102704,1078,1,85.99,0.0,85.99
102704,1031,1,38.99,0.0,38.99
102705,1026,1,161.99,0.0,161.99
102705,1030,1,7.99,0.0,7.99
102706,1057,1,205.99,0.0,205.99
102707,1036,1,58.99,0.0,58.99
102708,1023,1,135.99,0.0,135.99
102709,1009,1,131.99,0.0,131.99
102710,1014,1,36.99,0.0,36.99
102710,1044,1,529.99,0.0,529.99
102710,1002,1,138.99,0.0,138.99
102711,1016,2,180.99,36.2,325.78000000000003
102711,1010,1,96.99,9.7,87.28999999999999
102712,1076,1,138.99,13.9,125.09
102713,1084,4,112.99,0.0,451.96
102713,1087,1,45.99,0.0,45.99
102713,1036,1,58.99,0.0,58.99
102714,1060,1,134.99,0.0,134.99
102715,1086,1,97.99,0.0,97.99
102716,1027,1,90.99,0.0,90.99
102716,1022,1,88.99,0.0,88.99
102717,1022,1,88.99,0.0,88.99
102717,1088,1,20.99,0.0,20.99
102717,1025,1,166.99,0.0,166.99
102717,1043,1,127.99,0.0,127.99
102718,1071,2,9.99,0.0,19.98
102719,1087,1,45.99,0.0,45.99
102720,1075,1,50.99,0.0,50.99
102721,1059,1,467.99,0.0,467.99
102721,1086,1,97.99,0.0,97.99
102722,1081,1,74.99,0.0,74.99
102722,1016,2,180.99,0.0,361.98
102722,1023,1,135.99,0.0,135.99
102723,1083,1,19.99,0.0,19.99
102724,1032,1,81.99,0.0,81.99
102725,1077,1,25.99,0.0,25.99
102725,1031,1,38.99,0.0,38.99
102726,1023,3,135.99,0.0,407.97
102726,1090,1,17.99,0.0,17.99
102727,1026,1,161.99,0.0,161.99
102728,1086,1,97.99,0.0,97.99
102728,1011,1,34.99,0.0,34.99
102729,1003,1,22.99,0.0,22.99
102729,1007,1,71.99,0.0,71.99
102729,1002,2,138.99,0.0,277.98
102730,1071,2,9.99,0.0,19.98
102730,1008,1,43.99,0.0,43.99
102731,1047,1,194.99,0.0,194.99
102732,1062,1,152.99,0.0,152.99
102733,1027,1,90.99,0.0,90.99
102734,1076,3,138.99,0.0,416.97
102735,1062,1,152.99,0.0,152.99
102735,1014,1,36.99,0.0,36.99
102735,1002,1,138.99,0.0,138.99
102736,1081,1,74.99,0.0,74.99
102736,1066,1,171.99,0.0,171.99
102736,1009,1,131.99,0.0,131.99
102737,1015,1,96.99,0.0,96.99
102737,1066,1,171.99,0.0,171.99
102738,1071,1,9.99,0.0,9.99
102739,1015,1,96.99,0.0,96.99
102740,1051,1,53.99,0.0,53.99
102741,1081,1,74.99,0.0,74.99
102742,1022,1,88.99,0.0,88.99
102743,1081,1,74.99,0.0,74.99
102743,1043,1,127.99,0.0,127.99
102744,1045,1,506.99,0.0,506.99
102745,1080,1,134.99,0.0,134.99
102746,1023,2,135.99,0.0,271.98
102747,1046,1,142.99,0.0,142.99
102747,1034,1,68.99,0.0,68.99
102748,1003,1,22.99,0.0,22.99
102749,1075,1,50.99,0.0,50.99
102749,1088,1,20.99,0.0,20.99
102749,1071,1,9.99,0.0,9.99
102749,1020,1,54.99,0.0,54.99
102750,1085,1,115.99,0.0,115.99
102750,1088,1,20.99,0.0,20.99
102751,1033,1,85.99,0.0,85.99
102751,1039,1,483.99,0.0,483.99
102752,1072,2,141.99,0.0,283.98
102753,1016,1,180.99,0.0,180.99
102753,1077,2,25.99,0.0,51.98
102753,1078,1,85.99,0.0,85.99
102754,1016,1,180.99,0.0,180.99
102755,1014,1,36.99,0.0,36.99
102756,1027,1,90.99,0.0,90.99
102756,1078,1,85.99,0.0,85.99
102757,1065,1,164.99,0.0,164.99
102757,1015,1,96.99,0.0,96.99
102758,1004,1,75.99,0.0,75.99
102758,1079,1,61.99,0.0,61.99
102759,1010,1,96.99,0.0,96.99
102759,1068,1,49.99,0.0,49.99
102760,1053,1,37.99,0.0,37.99
102760,1002,1,138.99,0.0,138.99
102761,1023,1,135.99,0.0,135.99
102762,1086,1,97.99,0.0,97.99
102762,1084,1,112.99,0.0,112.99
102763,1067,1,34.99,0.0,34.99
102764,1078,1,85.99,0.0,85.99
102765,1015,1,96.99,0.0,96.99
102766,1027,1,90.99,0.0,90.99
102767,1053,2,37.99,0.0,75.98
102767,1033,2,85.99,0.0,171.98
102767,1022,1,88.99,0.0,88.99
102767,1028,1,77.99,0.0,77.99
102768,1087,1,45.99,0.0,45.99
102769,1005,1,79.99,0.0,79.99
102769,1048,1,139.99,0.0,139.99
102769,1007,2,71.99,0.0,143.98
102770,1005,1,79.99,0.0,79.99
102770,1001,1,61.99,0.0,61.99
102770,1007,1,71.99,0.0,71.99
102770,1019,1,77.99,0.0,77.99
102771,1078,4,85.99,0.0,343.96
102771,1080,1,134.99,0.0,134.99
102772,1015,3,96.99,0.0,290.96999999999997
102772,1004,1,75.99,0.0,75.99
102773,1058,2,93.99,0.0,187.98
102774,1074,4,19.99,0.0,79.96
102775,1076,1,138.99,0.0,138.99
102775,1044,1,529.99,0.0,529.99
102776,1073,1,69.99,0.0,69.99
102777,1087,2,45.99,0.0,91.98
102778,1019,1,77.99,0.0,77.99
102779,1041,1,553.99,0.0,553.99
102779,1055,1,200.99,0.0,200.99
102779,1027,2,90.99,0.0,181.98
102780,1036,1,58.99,0.0,58.99
102780,1052,1,208.99,0.0,208.99
102781,1006,1,16.99,0.0,16.99
102781,1002,1,138.99,0.0,138.99
102782,1080,2,134.99,0.0,269.98
102783,1086,1,97.99,0.0,97.99
102784,1022,1,88.99,0.0,88.99
102784,1032,1,81.99,0.0,81.99
102784,1046,1,142.99,0.0,142.99
102785,1087,1,45.99,0.0,45.99
102785,1083,1,19.99,0.0,19.99
102786,1071,1,9.99,0.0,9.99
102786,1018,1,212.99,0.0,212.99
102786,1012,1,109.99,0.0,109.99
102786,1041,1,553.99,0.0,553.99
102787,1032,1,81.99,0.0,81.99
102787,1060,1,134.99,0.0,134.99
102787,1019,1,77.99,0.0,77.99
102788,1025,3,166.99,50.1,450.87
102788,1010,1,96.99,9.7,87.28999999999999
102788,1056,1,239.99,24.0,215.99
102789,1061,1,45.99,0.0,45.99
102790,1073,3,69.99,0.0,209.96999999999997
102791,1040,1,476.99,0.0,476.99
102791,1027,1,90.99,0.0,90.99
102792,1031,1,38.99,0.0,38.99
102793,1025,2,166.99,0.0,333.98
102793,1029,1,30.99,0.0,30.99
102793,1013,1,124.99,0.0,124.99
102793,1005,1,79.99,0.0,79.99
102794,1077,1,25.99,0.0,25.99
102795,1014,1,36.99,0.0,36.99
102795,1076,2,138.99,0.0,277.98
102796,1073,1,69.99,0.0,69.99
102796,1006,1,16.99,0.0,16.99
102797,1034,1,68.99,0.0,68.99
102798,1008,1,43.99,0.0,43.99
102798,1082,1,104.99,0.0,104.99
102798,1052,2,208.99,0.0,417.98
102798,1005,1,79.99,0.0,79.99
102799,1004,1,75.99,0.0,75.99
102799,1009,1,131.99,0.0,131.99
102799,1025,1,166.99,0.0,166.99
102800,1017,1,86.99,0.0,86.99
102801,1024,1,59.99,0.0,59.99
102802,1037,1,28.99,0.0,28.99
102803,1052,1,208.99,0.0,208.99
102804,1046,1,142.99,0.0,142.99
102805,1042,1,773.99,0.0,773.99
102805,1018,1,212.99,0.0,212.99
102806,1074,1,19.99,0.0,19.99
102806,1011,1,34.99,0.0,34.99
102807,1072,1,141.99,0.0,141.99
102807,1055,1,200.99,0.0,200.99
102808,1070,3,122.99,0.0,368.96999999999997
102809,1003,1,22.99,0.0,22.99
102810,1020,1,54.99,0.0,54.99
102811,1029,1,30.99,0.0,30.99
102811,1017,2,86.99,0.0,173.98
102811,1033,2,85.99,0.0,171.98
102812,1040,1,476.99,0.0,476.99
102812,1053,2,37.99,0.0,75.98
102812,1014,1,36.99,0.0,36.99
102813,1078,2,85.99,0.0,171.98
102813,1063,1,245.99,0.0,245.99
102813,1028,1,77.99,0.0,77.99
102813,1081,1,74.99,0.0,74.99
102814,1072,1,141.99,0.0,141.99
102814,1084,1,112.99,0.0,112.99
102814,1002,3,138.99,0.0,416.97
102815,1083,1,19.99,0.0,19.99
102816,1015,1,96.99,0.0,96.99
102816,1073,1,69.99,0.0,69.99
102817,1032,1,81.99,0.0,81.99
102817,1006,1,16.99,0.0,16.99
102817,1088,1,20.99,0.0,20.99
102818,1026,1,161.99,0.0,161.99
102818,1058,1,93.99,0.0,93.99
102818,1054,1,229.99,0.0,229.99
102818,1050,1,146.99,0.0,146.99
102819,1013,1,124.99,0.0,124.99
102819,1058,2,93.99,0.0,187.98
102819,1032,1,81.99,0.0,81.99
102819,1088,1,20.99,0.0,20.99
102820,1013,1,124.99,0.0,124.99
102820,1020,1,54.99,0.0,54.99
102820,1054,2,229.99,0.0,459.98
102821,1032,1,81.99,0.0,81.99
102822,1087,1,45.99,0.0,45.99
102823,1053,1,37.99,0.0,37.99
102824,1083,1,19.99,0.0,19.99
102825,1079,1,61.99,0.0,61.99
102826,1060,2,134.99,0.0,269.98
102826,1044,1,529.99,0.0,529.99
102827,1004,1,75.99,0.0,75.99
102828,1086,1,97.99,0.0,97.99
102828,1082,1,104.99,0.0,104.99
102828,1031,1,38.99,0.0,38.99
102828,1072,2,141.99,0.0,283.98
102829,1036,1,58.99,0.0,58.99
102829,1007,1,71.99,0.0,71.99
102830,1050,1,146.99,0.0,146.99
102831,1025,1,166.99,0.0,166.99
102831,1071,3,9.99,0.0,29.97
102832,1019,1,77.99,0.0,77.99
102832,1009,1,131.99,0.0,131.99
102832,1051,1,53.99,0.0,53.99
102833,1011,1,34.99,0.0,34.99
102833,1030,1,7.99,0.0,7.99
102834,1003,1,22.99,0.0,22.99
102834,1055,1,200.99,0.0,200.99
102834,1031,1,38.99,0.0,38.99
102835,1011,1,34.99,0.0,34.99
102836,1035,2,51.99,0.0,103.98
102837,1022,1,88.99,0.0,88.99
102838,1054,1,229.99,0.0,229.99
102839,1070,1,122.99,0.0,122.99
102839,1073,1,69.99,0.0,69.99
102840,1054,1,229.99,0.0,229.99
102841,1063,2,245.99,0.0,491.98
102842,1018,1,212.99,0.0,212.99
102842,1087,1,45.99,0.0,45.99
102843,1026,2,161.99,0.0,323.98
102843,1069,1,26.99,0.0,26.99
102844,1040,1,476.99,0.0,476.99
102844,1087,1,45.99,0.0,45.99
102845,1034,1,68.99,0.0,68.99
102846,1013,1,124.99,12.5,112.49
102846,1084,1,112.99,11.3,101.69
102847,1089,2,53.99,0.0,107.98
102847,1090,1,17.99,0.0,17.99
102847,1086,2,97.99,0.0,195.98
102847,1037,2,28.99,0.0,57.98
102848,1083,1,19.99,0.0,19.99
102849,1050,1,146.99,0.0,146.99
102849,1032,1,81.99,0.0,81.99
102850,1011,1,34.99,0.0,34.99
102850,1089,3,53.99,0.0,161.97
102851,1008,1,43.99,0.0,43.99
102851,1079,1,61.99,0.0,61.99
102852,1074,1,19.99,0.0,19.99
102852,1017,1,86.99,0.0,86.99
102853,1032,1,81.99,0.0,81.99
102854,1021,2,123.99,0.0,247.98
102855,1009,1,131.99,0.0,131.99
102855,1069,1,26.99,0.0,26.99
102856,1043,1,127.99,0.0,127.99
102856,1010,1,96.99,0.0,96.99
102857,1079,2,61.99,0.0,123.98
102858,1074,1,19.99,0.0,19.99
102858,1087,1,45.99,0.0,45.99
102859,1038,1,313.99,0.0,313.99
102859,1042,1,773.99,0.0,773.99
102859,1034,3,68.99,0.0,206.96999999999997
102859,1048,1,139.99,0.0,139.99
102860,1077,1,25.99,0.0,25.99
102861,1031,1,38.99,0.0,38.99
102862,1054,2,229.99,46.0,413.98
102863,1054,3,229.99,0.0,689.97
102863,1001,1,61.99,0.0,61.99
102864,1013,1,124.99,0.0,124.99
102865,1044,1,529.99,0.0,529.99
102866,1084,1,112.99,0.0,112.99
102866,1026,1,161.99,0.0,161.99
102867,1085,1,115.99,0.0,115.99
102867,1026,1,161.99,0.0,161.99
102868,1014,1,36.99,0.0,36.99
102868,1077,1,25.99,0.0,25.99
102869,1080,1,134.99,0.0,134.99
102869,1043,1,127.99,0.0,127.99
102869,1037,2,28.99,0.0,57.98
102870,1090,1,17.99,0.0,17.99
102871,1080,1,134.99,0.0,134.99
102871,1076,2,138.99,0.0,277.98
102872,1036,1,58.99,0.0,58.99
102873,1075,1,50.99,0.0,50.99
102873,1011,1,34.99,0.0,34.99
102874,1052,1,208.99,0.0,208.99
102875,1055,1,200.99,0.0,200.99
102876,1074,1,19.99,0.0,19.99
102877,1090,1,17.99,0.0,17.99
102878,1025,1,166.99,0.0,166.99
102878,1010,1,96.99,0.0,96.99
102878,1062,1,152.99,0.0,152.99
102879,1047,1,194.99,0.0,194.99
102879,1053,1,37.99,0.0,37.99
102879,1084,1,112.99,0.0,112.99
102880,1014,1,36.99,0.0,36.99
102880,1016,2,180.99,0.0,361.98
102880,1030,1,7.99,0.0,7.99
102881,1035,1,51.99,5.2,46.79
102882,1070,2,122.99,0.0,245.98
102883,1010,1,96.99,0.0,96.99
102883,1087,2,45.99,0.0,91.98
102883,1083,4,19.99,0.0,79.96
102883,1014,1,36.99,0.0,36.99
102884,1010,1,96.99,0.0,96.99
102885,1024,1,59.99,0.0,59.99
102885,1057,1,205.99,0.0,205.99
102886,1018,1,212.99,0.0,212.99
102887,1008,1,43.99,0.0,43.99
102888,1054,1,229.99,0.0,229.99
102889,1036,1,58.99,0.0,58.99
102889,1024,1,59.99,0.0,59.99
102889,1084,1,112.99,0.0,112.99
102889,1086,1,97.99,0.0,97.99
102890,1080,1,134.99,0.0,134.99
102890,1071,2,9.99,0.0,19.98
102891,1007,1,71.99,0.0,71.99
102892,1079,1,61.99,0.0,61.99
102892,1001,1,61.99,0.0,61.99
102892,1074,1,19.99,0.0,19.99
102893,1070,2,122.99,0.0,245.98
102894,1083,4,19.99,0.0,79.96
102895,1020,3,54.99,0.0,164.97
102896,1062,1,152.99,0.0,152.99
102897,1089,2,53.99,0.0,107.98
102898,1050,1,146.99,0.0,146.99
102898,1043,1,127.99,0.0,127.99
102899,1022,1,88.99,0.0,88.99
102900,1018,1,212.99,0.0,212.99
102900,1012,1,109.99,0.0,109.99
102901,1081,1,74.99,0.0,74.99
102902,1071,1,9.99,1.0,8.99
102903,1039,1,483.99,0.0,483.99
102903,1022,1,88.99,0.0,88.99
102903,1006,1,16.99,0.0,16.99
102904,1038,1,313.99,31.4,282.59000000000003
102904,1035,1,51.99,5.2,46.79
102905,1078,2,85.99,0.0,171.98
102906,1055,1,200.99,0.0,200.99
102907,1075,1,50.99,0.0,50.99
102908,1080,1,134.99,0.0,134.99
102909,1088,4,20.99,0.0,83.96
102910,1046,1,142.99,0.0,142.99
102910,1018,1,212.99,0.0,212.99
102910,1071,2,9.99,0.0,19.98
102910,1079,1,61.99,0.0,61.99
102911,1057,1,205.99,0.0,205.99
102911,1019,1,77.99,0.0,77.99
102911,1008,1,43.99,0.0,43.99
102912,1080,1,134.99,0.0,134.99
102912,1071,1,9.99,0.0,9.99
102913,1032,1,81.99,0.0,81.99
102914,1076,1,138.99,0.0,138.99
102914,1033,1,85.99,0.0,85.99
102915,1053,1,37.99,0.0,37.99
102915,1020,1,54.99,0.0,54.99
102916,1029,1,30.99,0.0,30.99
102916,1087,1,45.99,0.0,45.99
102917,1089,1,53.99,0.0,53.99
102918,1024,1,59.99,0.0,59.99
102918,1011,1,34.99,0.0,34.99
102918,1067,1,34.99,0.0,34.99
102919,1013,1,124.99,0.0,124.99
102919,1041,1,553.99,0.0,553.99
102920,1085,1,115.99,0.0,115.99
102921,1046,1,142.99,0.0,142.99
102922,1024,1,59.99,0.0,59.99
102923,1036,1,58.99,0.0,58.99
102924,1063,2,245.99,0.0,491.98
102925,1031,1,38.99,0.0,38.99
102925,1009,1,131.99,0.0,131.99
102926,1014,1,36.99,0.0,36.99
102927,1079,1,61.99,0.0,61.99
102927,1078,2,85.99,0.0,171.98
102928,1084,2,112.99,0.0,225.98
102928,1006,1,16.99,0.0,16.99
102929,1056,1,239.99,24.0,215.99
102929,1050,2,146.99,29.4,264.58000000000004
102930,1040,1,476.99,0.0,476.99
102930,1005,1,79.99,0.0,79.99
102931,1078,2,85.99,0.0,171.98
102931,1084,1,112.99,0.0,112.99
102931,1072,1,141.99,0.0,141.99
102931,1010,1,96.99,0.0,96.99
102932,1087,1,45.99,0.0,45.99
102932,1082,1,104.99,0.0,104.99
102932,1080,1,134.99,0.0,134.99
102933,1002,1,138.99,0.0,138.99
102933,1068,1,49.99,0.0,49.99
102933,1037,1,28.99,0.0,28.99
102934,1030,1,7.99,0.0,7.99
102935,1022,2,88.99,0.0,177.98
102935,1027,1,90.99,0.0,90.99
102936,1020,1,54.99,0.0,54.99
102937,1057,1,205.99,0.0,205.99
102937,1082,1,104.99,0.0,104.99
102938,1022,1,88.99,0.0,88.99
102938,1001,1,61.99,0.0,61.99
102938,1057,1,205.99,0.0,205.99
102939,1019,3,77.99,0.0,233.96999999999997
102940,1042,1,773.99,0.0,773.99
102941,1015,1,96.99,0.0,96.99
102941,1085,1,115.99,0.0,115.99
102942,1037,1,28.99,0.0,28.99
102942,1060,1,134.99,0.0,134.99
102942,1025,1,166.99,0.0,166.99
102942,1069,3,26.99,0.0,80.97
102943,1001,1,61.99,0.0,61.99
102944,1027,1,90.99,0.0,90.99
102945,1019,1,77.99,0.0,77.99
102946,1006,1,16.99,0.0,16.99
102946,1084,1,112.99,0.0,112.99
102946,1054,1,229.99,0.0,229.99
102947,1045,1,506.99,0.0,506.99
102947,1001,1,61.99,0.0,61.99
102947,1006,1,16.99,0.0,16.99
102948,1007,1,71.99,7.2,64.78999999999999
102948,1022,1,88.99,8.9,80.08999999999999
102948,1032,2,81.99,16.4,147.57999999999998
102949,1015,2,96.99,0.0,193.98
102950,1071,3,9.99,0.0,29.97
102951,1003,1,22.99,0.0,22.99
102952,1013,1,124.99,0.0,124.99
102952,1033,1,85.99,0.0,85.99
102953,1015,1,96.99,0.0,96.99
102954,1089,1,53.99,0.0,53.99
102954,1003,1,22.99,0.0,22.99
102955,1040,1,476.99,0.0,476.99
102956,1079,1,61.99,0.0,61.99
102956,1072,1,141.99,0.0,141.99
102956,1074,1,19.99,0.0,19.99
102957,1002,1,138.99,0.0,138.99
102958,1012,1,109.99,0.0,109.99
102958,1041,1,553.99,0.0,553.99
102958,1045,1,506.99,0.0,506.99
102958,1055,2,200.99,0.0,401.98
102959,1033,1,85.99,0.0,85.99
102959,1062,1,152.99,0.0,152.99
102959,1054,2,229.99,0.0,459.98
102960,1056,3,239.99,0.0,719.97
102961,1007,1,71.99,0.0,71.99
102962,1070,1,122.99,0.0,122.99
102963,1081,1,74.99,0.0,74.99
102963,1033,1,85.99,0.0,85.99
102963,1031,1,38.99,0.0,38.99
102964,1057,1,205.99,0.0,205.99
102965,1050,1,146.99,0.0,146.99
102965,1072,1,141.99,0.0,141.99
102965,1017,1,86.99,0.0,86.99
102966,1075,1,50.99,0.0,50.99
102966,1023,1,135.99,0.0,135.99
102966,1024,1,59.99,0.0,59.99
102967,1018,2,212.99,0.0,425.98
102967,1071,2,9.99,0.0,19.98
102967,1035,1,51.99,0.0,51.99
102968,1011,1,34.99,0.0,34.99
102969,1069,3,26.99,0.0,80.97
102970,1052,2,208.99,0.0,417.98
102971,1090,1,17.99,0.0,17.99
102971,1015,3,96.99,0.0,290.96999999999997
102971,1073,2,69.99,0.0,139.98
102972,1077,1,25.99,0.0,25.99
102973,1035,1,51.99,0.0,51.99
102973,1024,2,59.99,0.0,119.98
102974,1052,1,208.99,0.0,208.99
102974,1087,1,45.99,0.0,45.99
102974,1046,1,142.99,0.0,142.99
102975,1042,1,773.99,0.0,773.99
102976,1040,1,476.99,47.7,429.29
102976,1024,1,59.99,6.0,53.99
102976,1033,1,85.99,8.6,77.39
102977,1003,1,22.99,0.0,22.99
102978,1005,1,79.99,0.0,79.99
102979,1084,1,112.99,0.0,112.99
102979,1030,2,7.99,0.0,15.98
102980,1052,2,208.99,0.0,417.98
102981,1008,2,43.99,0.0,87.98
102982,1050,2,146.99,0.0,293.98
102982,1041,1,553.99,0.0,553.99
102982,1005,1,79.99,0.0,79.99
102982,1039,1,483.99,0.0,483.99
102983,1045,1,506.99,0.0,506.99
102984,1046,1,142.99,0.0,142.99
102984,1071,1,9.99,0.0,9.99
102985,1060,1,134.99,0.0,134.99
102986,1013,2,124.99,0.0,249.98
102986,1032,2,81.99,0.0,163.98
102986,1046,1,142.99,0.0,142.99
102987,1077,1,25.99,0.0,25.99
102988,1032,1,81.99,8.2,73.78999999999999
102988,1089,1,53.99,5.4,48.59
102988,1053,1,37.99,3.8,34.190000000000005
102989,1070,1,122.99,0.0,122.99
102989,1082,1,104.99,0.0,104.99
102989,1014,2,36.99,0.0,73.98
102990,1047,1,194.99,0.0,194.99
102990,1066,2,171.99,0.0,343.98
102991,1078,1,85.99,0.0,85.99
102992,1010,1,96.99,0.0,96.99
102992,1050,2,146.99,0.0,293.98
102993,1090,1,17.99,0.0,17.99
102994,1023,2,135.99,0.0,271.98
102995,1077,2,25.99,0.0,51.98
102996,1031,1,38.99,0.0,38.99
102997,1015,1,96.99,0.0,96.99
102998,1051,2,53.99,0.0,107.98
102999,1014,2,36.99,0.0,73.98
103000,1085,1,115.99,0.0,115.99
103000,1024,1,59.99,0.0,59.99
103001,1075,1,50.99,0.0,50.99
103002,1014,2,36.99,0.0,73.98
103003,1070,1,122.99,12.3,110.69
103004,1032,2,81.99,0.0,163.98
103005,1008,4,43.99,0.0,175.96
103006,1032,1,81.99,0.0,81.99
103007,1012,1,109.99,0.0,109.99
103008,1070,1,122.99,0.0,122.99
103008,1073,1,69.99,0.0,69.99
103009,1052,1,208.99,20.9,188.09
103010,1087,1,45.99,0.0,45.99
103011,1054,1,229.99,0.0,229.99
103011,1019,1,77.99,0.0,77.99
103011,1050,1,146.99,0.0,146.99
103011,1052,1,208.99,0.0,208.99
103012,1010,1,96.99,0.0,96.99
103013,1077,2,25.99,0.0,51.98
103013,1072,1,141.99,0.0,141.99
103014,1002,1,138.99,0.0,138.99
103015,1022,1,88.99,0.0,88.99
103015,1074,1,19.99,0.0,19.99
103015,1014,1,36.99,0.0,36.99
103016,1012,2,109.99,0.0,219.98
103017,1021,1,123.99,0.0,123.99
103018,1070,2,122.99,0.0,245.98
103019,1084,1,112.99,0.0,112.99
103019,1060,1,134.99,0.0,134.99
103020,1068,2,49.99,0.0,99.98
103021,1078,1,85.99,0.0,85.99
103022,1036,1,58.99,0.0,58.99
103023,1026,1,161.99,0.0,161.99
103023,1030,1,7.99,0.0,7.99
103024,1058,1,93.99,0.0,93.99
103024,1088,1,20.99,0.0,20.99
103025,1035,1,51.99,0.0,51.99
103026,1089,2,53.99,0.0,107.98
103026,1074,2,19.99,0.0,39.98
103027,1082,3,104.99,0.0,314.96999999999997
103027,1011,1,34.99,0.0,34.99
103028,1088,1,20.99,0.0,20.99
103028,1025,2,166.99,0.0,333.98
103028,1005,1,79.99,0.0,79.99
103029,1061,1,45.99,0.0,45.99
103030,1050,1,146.99,0.0,146.99
103031,1086,1,97.99,0.0,97.99
103031,1009,1,131.99,0.0,131.99
103032,1081,1,74.99,0.0,74.99
103033,1031,1,38.99,0.0,38.99
103034,1010,1,96.99,0.0,96.99
103035,1072,2,141.99,0.0,283.98
103035,1070,1,122.99,0.0,122.99
103036,1072,1,141.99,0.0,141.99
103036,1020,1,54.99,0.0,54.99
103037,1040,1,476.99,0.0,476.99
103038,1081,2,74.99,0.0,149.98
103038,1080,1,134.99,0.0,134.99
103039,1020,1,54.99,0.0,54.99
103040,1015,2,96.99,0.0,193.98
103041,1031,1,38.99,0.0,38.99
103042,1034,1,68.99,0.0,68.99
103043,1063,1,245.99,0.0,245.99
103044,1008,4,43.99,0.0,175.96
103045,1072,1,141.99,0.0,141.99
103046,1028,1,77.99,0.0,77.99
103047,1029,1,30.99,0.0,30.99
103047,1024,1,59.99,0.0,59.99
103047,1055,1,200.99,0.0,200.99
103047,1020,1,54.99,0.0,54.99
103048,1043,1,127.99,12.8,115.19
103048,1034,1,68.99,6.9,62.089999999999996
103049,1088,1,20.99,0.0,20.99
103049,1008,1,43.99,0.0,43.99
103049,1055,1,200.99,0.0,200.99
103049,1028,1,77.99,0.0,77.99
103050,1061,1,45.99,0.0,45.99
103051,1055,1,200.99,0.0,200.99
103052,1024,2,59.99,12.0,107.98
103053,1013,1,124.99,0.0,124.99
103053,1025,1,166.99,0.0,166.99
103053,1028,1,77.99,0.0,77.99
103053,1017,1,86.99,0.0,86.99
103054,1051,1,53.99,0.0,53.99
103055,1011,1,34.99,0.0,34.99
103055,1027,1,90.99,0.0,90.99
103056,1026,1,161.99,0.0,161.99
103057,1001,1,61.99,0.0,61.99
103057,1002,1,138.99,0.0,138.99
103058,1063,1,245.99,0.0,245.99
103058,1049,1,126.99,0.0,126.99
103058,1043,1,127.99,0.0,127.99
103059,1012,2,109.99,0.0,219.98
103059,1080,1,134.99,0.0,134.99
103060,1029,1,30.99,0.0,30.99
103061,1011,1,34.99,0.0,34.99
103061,1084,2,112.99,0.0,225.98
103062,1027,1,90.99,0.0,90.99
103062,1002,3,138.99,0.0,416.97
103063,1090,1,17.99,0.0,17.99
103063,1068,1,49.99,0.0,49.99
103064,1077,1,25.99,0.0,25.99
103064,1080,1,134.99,0.0,134.99
103065,1087,1,45.99,0.0,45.99
103066,1038,1,313.99,0.0,313.99
103067,1075,1,50.99,0.0,50.99
103067,1014,1,36.99,0.0,36.99
103068,1081,1,74.99,0.0,74.99
103069,1075,2,50.99,10.2,91.78
103069,1007,1,71.99,7.2,64.78999999999999
103070,1007,1,71.99,0.0,71.99
103071,1085,2,115.99,23.2,208.78
103072,1078,1,85.99,0.0,85.99
103072,1043,1,127.99,0.0,127.99
103072,1057,1,205.99,0.0,205.99
103073,1056,1,239.99,0.0,239.99
103074,1080,1,134.99,0.0,134.99
103074,1090,1,17.99,0.0,17.99
103075,1076,1,138.99,0.0,138.99
103076,1086,1,97.99,0.0,97.99
103077,1016,1,180.99,0.0,180.99
103078,1045,1,506.99,0.0,506.99
103079,1084,1,112.99,0.0,112.99
103079,1017,1,86.99,0.0,86.99
103080,1080,1,134.99,0.0,134.99
103081,1076,2,138.99,27.8,250.18
103082,1035,2,51.99,0.0,103.98
103082,1014,1,36.99,0.0,36.99
103083,1053,2,37.99,0.0,75.98
103083,1090,1,17.99,0.0,17.99
103083,1083,2,19.99,0.0,39.98
103084,1079,1,61.99,0.0,61.99
103085,1020,1,54.99,0.0,54.99
103086,1080,1,134.99,0.0,134.99
103086,1048,1,139.99,0.0,139.99
103087,1071,1,9.99,0.0,9.99
103088,1051,2,53.99,0.0,107.98
103089,1023,1,135.99,0.0,135.99
103090,1088,1,20.99,0.0,20.99
103091,1077,1,25.99,0.0,25.99
103091,1084,1,112.99,0.0,112.99
103091,1023,1,135.99,0.0,135.99
103092,1088,1,20.99,0.0,20.99
103092,1079,1,61.99,0.0,61.99
103093,1086,1,97.99,0.0,97.99
103094,1083,1,19.99,0.0,19.99
103095,1021,1,123.99,0.0,123.99
103095,1049,1,126.99,0.0,126.99
103095,1011,1,34.99,0.0,34.99
103096,1073,1,69.99,0.0,69.99
103097,1010,2,96.99,0.0,193.98
103098,1055,1,200.99,0.0,200.99
103099,1014,1,36.99,0.0,36.99
103100,1037,1,28.99,0.0,28.99
103100,1012,2,109.99,0.0,219.98
103100,1083,1,19.99,0.0,19.99
103101,1018,1,212.99,0.0,212.99
103102,1012,1,109.99,0.0,109.99
103103,1058,1,93.99,0.0,93.99
103104,1059,1,467.99,0.0,467.99
103104,1052,1,208.99,0.0,208.99
103105,1027,1,90.99,0.0,90.99
103106,1047,1,194.99,0.0,194.99
103106,1015,1,96.99,0.0,96.99
103107,1072,1,141.99,0.0,141.99
103108,1001,1,61.99,6.2,55.79
103108,1025,1,166.99,16.7,150.29000000000002
103108,1037,3,28.99,8.7,78.27
103108,1051,1,53.99,5.4,48.59
103109,1024,2,59.99,0.0,119.98
103109,1007,1,71.99,0.0,71.99
103109,1044,1,529.99,0.0,529.99
103110,1090,1,17.99,0.0,17.99
103110,1024,1,59.99,0.0,59.99
103110,1049,1,126.99,0.0,126.99
103111,1007,1,71.99,0.0,71.99
103111,1029,1,30.99,0.0,30.99
103111,1087,2,45.99,0.0,91.98
103111,1089,2,53.99,0.0,107.98
103112,1084,1,112.99,0.0,112.99
103113,1015,1,96.99,0.0,96.99
103114,1066,1,171.99,0.0,171.99
103115,1021,2,123.99,0.0,247.98
103116,1083,1,19.99,0.0,19.99
103117,1006,1,16.99,0.0,16.99
103118,1089,1,53.99,0.0,53.99
103118,1017,1,86.99,0.0,86.99
103119,1010,1,96.99,0.0,96.99
103120,1003,1,22.99,0.0,22.99
103121,1024,1,59.99,0.0,59.99
103122,1010,2,96.99,0.0,193.98
103122,1084,1,112.99,0.0,112.99
103122,1075,1,50.99,0.0,50.99
103123,1049,1,126.99,0.0,126.99
103124,1074,1,19.99,0.0,19.99
103124,1047,1,194.99,0.0,194.99
103125,1027,1,90.99,0.0,90.99
103125,1075,1,50.99,0.0,50.99
103126,1031,1,38.99,0.0,38.99
103127,1011,1,34.99,0.0,34.99
103128,1034,2,68.99,0.0,137.98
103129,1009,1,131.99,0.0,131.99
103129,1074,1,19.99,0.0,19.99
103129,1073,1,69.99,0.0,69.99
103130,1029,1,30.99,0.0,30.99
103130,1010,3,96.99,0.0,290.96999999999997
103131,1024,1,59.99,0.0,59.99
103132,1034,1,68.99,0.0,68.99
103133,1065,1,164.99,0.0,164.99
103133,1077,1,25.99,0.0,25.99
103134,1005,1,79.99,0.0,79.99
103135,1047,1,194.99,0.0,194.99
103135,1009,1,131.99,0.0,131.99
103136,1025,1,166.99,0.0,166.99
103137,1044,1,529.99,0.0,529.99
103137,1022,2,88.99,0.0,177.98
103138,1066,1,171.99,0.0,171.99
103138,1084,1,112.99,0.0,112.99
103138,1032,1,81.99,0.0,81.99
103139,1012,1,109.99,0.0,109.99
103139,1083,1,19.99,0.0,19.99
103139,1087,1,45.99,0.0,45.99
103139,1066,1,171.99,0.0,171.99
103140,1053,1,37.99,0.0,37.99
103141,1005,1,79.99,0.0,79.99
103141,1085,1,115.99,0.0,115.99
103142,1020,2,54.99,0.0,109.98
103143,1030,1,7.99,0.0,7.99
103143,1053,1,37.99,0.0,37.99
103144,1013,2,124.99,0.0,249.98
103145,1035,1,51.99,0.0,51.99
103145,1034,1,68.99,0.0,68.99
103146,1078,1,85.99,8.6,77.39
103147,1004,1,75.99,0.0,75.99
103147,1077,1,25.99,0.0,25.99
103147,1005,2,79.99,0.0,159.98
103148,1026,2,161.99,0.0,323.98
103149,1072,1,141.99,0.0,141.99
103149,1058,1,93.99,0.0,93.99
103150,1088,1,20.99,0.0,20.99
103150,1081,1,74.99,0.0,74.99
103150,1085,1,115.99,0.0,115.99
103151,1077,1,25.99,0.0,25.99
103151,1015,1,96.99,0.0,96.99
103151,1014,1,36.99,0.0,36.99
103152,1009,1,131.99,0.0,131.99
103153,1017,1,86.99,0.0,86.99
103153,1021,1,123.99,0.0,123.99
103154,1007,1,71.99,0.0,71.99
103155,1077,1,25.99,0.0,25.99
103155,1035,1,51.99,0.0,51.99
103155,1052,1,208.99,0.0,208.99
103155,1082,1,104.99,0.0,104.99
103156,1019,1,77.99,0.0,77.99
103156,1047,1,194.99,0.0,194.99
103157,1073,1,69.99,0.0,69.99
103157,1011,1,34.99,0.0,34.99
103158,1073,1,69.99,0.0,69.99
103159,1079,1,61.99,0.0,61.99
103159,1030,1,7.99,0.0,7.99
103160,1032,1,81.99,0.0,81.99
103160,1035,2,51.99,0.0,103.98
103160,1017,1,86.99,0.0,86.99
103161,1063,1,245.99,0.0,245.99
103162,1009,1,131.99,0.0,131.99
103163,1080,1,134.99,0.0,134.99
103163,1033,2,85.99,0.0,171.98
103164,1018,1,212.99,0.0,212.99
103165,1029,1,30.99,0.0,30.99
103166,1077,1,25.99,0.0,25.99
103167,1053,1,37.99,3.8,34.190000000000005
103167,1073,1,69.99,7.0,62.989999999999995
103168,1055,1,200.99,0.0,200.99
103168,1078,1,85.99,0.0,85.99
103168,1036,1,58.99,0.0,58.99
103168,1090,1,17.99,0.0,17.99
103169,1034,1,68.99,0.0,68.99
103169,1007,1,71.99,0.0,71.99
103170,1072,1,141.99,0.0,141.99
103171,1076,1,138.99,13.9,125.09
103172,1070,1,122.99,0.0,122.99
103172,1003,1,22.99,0.0,22.99
103173,1057,1,205.99,20.6,185.39000000000001
103174,1042,1,773.99,0.0,773.99
103175,1027,1,90.99,18.2,72.78999999999999
103175,1010,2,96.99,38.8,155.18
103176,1073,1,69.99,14.0,55.989999999999995
103176,1036,1,58.99,11.8,47.19
103176,1086,1,97.99,19.6,78.38999999999999
103176,1087,1,45.99,9.2,36.790000000000006
103177,1074,1,19.99,0.0,19.99
103178,1017,2,86.99,0.0,173.98
103179,1048,1,139.99,14.0,125.99000000000001
103180,1016,1,180.99,0.0,180.99
103180,1073,1,69.99,0.0,69.99
103181,1016,1,180.99,0.0,180.99
103181,1001,4,61.99,0.0,247.96
103182,1011,1,34.99,0.0,34.99
103183,1033,1,85.99,0.0,85.99
103184,1003,1,22.99,4.6,18.39
103184,1002,1,138.99,27.8,111.19000000000001
103184,1047,1,194.99,39.0,155.99
103184,1073,1,69.99,14.0,55.989999999999995
103185,1077,1,25.99,5.2,20.79
103185,1045,1,506.99,101.4,405.59000000000003
103185,1018,2,212.99,85.2,340.78000000000003
103185,1024,1,59.99,12.0,47.99
103186,1075,1,50.99,10.2,40.790000000000006
103186,1079,1,61.99,12.4,49.59
103187,1047,1,194.99,39.0,155.99
103187,1005,1,79.99,16.0,63.989999999999995
103188,1073,1,69.99,14.0,55.989999999999995
103189,1036,1,58.99,0.0,58.99
103189,1081,1,74.99,0.0,74.99
103190,1011,1,34.99,0.0,34.99
103191,1082,1,104.99,21.0,83.99
103191,1048,1,139.99,28.0,111.99000000000001
103192,1058,3,93.99,56.39,225.57999999999998
103193,1011,1,34.99,7.0,27.990000000000002
103194,1082,2,104.99,0.0,209.98
103194,1020,1,54.99,0.0,54.99
103194,1072,1,141.99,0.0,141.99
103195,1085,1,115.99,0.0,115.99
103196,1051,3,53.99,0.0,161.97
103197,1070,1,122.99,0.0,122.99
103197,1079,1,61.99,0.0,61.99
103198,1075,3,50.99,30.59,122.38
103199,1012,1,109.99,0.0,109.99
103199,1057,1,205.99,0.0,205.99
103200,1090,1,17.99,0.0,17.99
103200,1053,3,37.99,0.0,113.97
103201,1074,1,19.99,0.0,19.99
103202,1031,1,38.99,0.0,38.99
103203,1088,1,20.99,4.2,16.79
103204,1075,1,50.99,0.0,50.99
103204,1073,1,69.99,0.0,69.99
103205,1041,1,553.99,0.0,553.99
103205,1088,1,20.99,0.0,20.99
103206,1086,1,97.99,0.0,97.99
103206,1078,1,85.99,0.0,85.99
103207,1004,3,75.99,0.0,227.96999999999997
103207,1025,1,166.99,0.0,166.99
103208,1032,1,81.99,0.0,81.99
103208,1028,1,77.99,0.0,77.99
103209,1022,1,88.99,8.9,80.08999999999999
103210,1061,1,45.99,0.0,45.99
103211,1033,1,85.99,17.2,68.78999999999999
103211,1003,1,22.99,4.6,18.39
103211,1075,2,50.99,20.4,81.58000000000001
103211,1009,1,131.99,26.4,105.59
103212,1067,1,34.99,7.0,27.990000000000002
103213,1036,1,58.99,0.0,58.99
103213,1084,1,112.99,0.0,112.99
103214,1088,2,20.99,0.0,41.98
103215,1079,1,61.99,0.0,61.99
103216,1012,1,109.99,22.0,87.99
103216,1014,1,36.99,7.4,29.590000000000003
103216,1020,1,54.99,11.0,43.99
103216,1043,1,127.99,25.6,102.38999999999999
103217,1044,1,529.99,0.0,529.99
103217,1005,1,79.99,0.0,79.99
103218,1070,3,122.99,73.79,295.17999999999995
103218,1075,1,50.99,10.2,40.790000000000006
103218,1012,1,109.99,22.0,87.99
103219,1075,1,50.99,0.0,50.99
103220,1076,4,138.99,0.0,555.96
103221,1076,1,138.99,0.0,138.99
103221,1006,1,16.99,0.0,16.99
103221,1012,1,109.99,0.0,109.99
103221,1008,1,43.99,0.0,43.99
103222,1070,1,122.99,24.6,98.38999999999999
103222,1003,1,22.99,4.6,18.39
103223,1009,1,131.99,0.0,131.99
103223,1010,1,96.99,0.0,96.99
103224,1032,2,81.99,0.0,163.98
103224,1075,1,50.99,0.0,50.99
103225,1071,1,9.99,0.0,9.99
103226,1026,3,161.99,97.19,388.78000000000003
103227,1048,1,139.99,28.0,111.99000000000001
103227,1052,2,208.99,83.6,334.38
103228,1003,1,22.99,4.6,18.39
103229,1014,1,36.99,7.4,29.590000000000003
103230,1019,3,77.99,46.79,187.17999999999998
103230,1024,1,59.99,12.0,47.99
103230,1087,1,45.99,9.2,36.790000000000006
103230,1031,1,38.99,7.8,31.19
103231,1023,1,135.99,27.2,108.79
103232,1027,1,90.99,18.2,72.78999999999999
103233,1076,1,138.99,27.8,111.19000000000001
103233,1082,1,104.99,21.0,83.99
103234,1055,1,200.99,0.0,200.99
103235,1064,1,153.99,30.8,123.19000000000001
103236,1037,1,28.99,0.0,28.99
103237,1076,1,138.99,0.0,138.99
103237,1020,1,54.99,0.0,54.99
103238,1036,1,58.99,0.0,58.99
103238,1039,1,483.99,0.0,483.99
103239,1070,1,122.99,0.0,122.99
103240,1085,1,115.99,23.2,92.78999999999999
103240,1032,1,81.99,16.4,65.59
103241,1018,2,212.99,0.0,425.98
103242,1080,1,134.99,0.0,134.99
103243,1003,1,22.99,0.0,22.99
103243,1070,1,122.99,0.0,122.99
103244,1082,1,104.99,0.0,104.99
103244,1077,1,25.99,0.0,25.99
103244,1078,1,85.99,0.0,85.99
103245,1012,1,109.99,0.0,109.99
103245,1070,1,122.99,0.0,122.99
103246,1062,1,152.99,30.6,122.39000000000001
103246,1071,1,9.99,2.0,7.99
103246,1084,1,112.99,22.6,90.38999999999999
103247,1070,2,122.99,0.0,245.98
103248,1090,2,17.99,7.2,28.779999999999998
103249,1084,1,112.99,0.0,112.99
103250,1003,2,22.99,0.0,45.98
103250,1088,1,20.99,0.0,20.99
103251,1070,2,122.99,0.0,245.98
103252,1072,1,141.99,28.4,113.59
103253,1015,2,96.99,0.0,193.98
103254,1082,1,104.99,10.5,94.49
103254,1021,1,123.99,12.4,111.58999999999999
103255,1039,1,483.99,0.0,483.99
103256,1082,1,104.99,0.0,104.99
103257,1076,1,138.99,27.8,111.19000000000001
103257,1058,1,93.99,18.8,75.19
103258,1078,1,85.99,0.0,85.99
103259,1090,1,17.99,0.0,17.99
103260,1046,1,142.99,0.0,142.99
103260,1064,1,153.99,0.0,153.99
103261,1081,1,74.99,15.0,59.989999999999995
103262,1011,1,34.99,0.0,34.99
103263,1071,1,9.99,0.0,9.99
103264,1090,1,17.99,3.6,14.389999999999999
103264,1055,1,200.99,40.2,160.79000000000002
103265,1057,3,205.99,0.0,617.97
103266,1029,1,30.99,6.2,24.79
103267,1030,1,7.99,0.0,7.99
103268,1076,2,138.99,0.0,277.98
103269,1015,2,96.99,38.8,155.18
103270,1025,1,166.99,0.0,166.99
103270,1003,1,22.99,0.0,22.99
103271,1074,1,19.99,0.0,19.99
103271,1003,1,22.99,0.0,22.99
103272,1022,1,88.99,0.0,88.99
103272,1013,1,124.99,0.0,124.99
103272,1058,3,93.99,0.0,281.96999999999997
103272,1028,1,77.99,0.0,77.99
103273,1077,1,25.99,5.2,20.79
103274,1047,1,194.99,0.0,194.99
103275,1073,1,69.99,0.0,69.99
103276,1083,1,19.99,0.0,19.99
103277,1076,1,138.99,0.0,138.99
103278,1056,1,239.99,48.0,191.99
103278,1085,1,115.99,23.2,92.78999999999999
103278,1013,1,124.99,25.0,99.99
103278,1001,2,61.99,24.8,99.18
103279,1076,2,138.99,55.6,222.38000000000002
103280,1002,1,138.99,27.8,111.19000000000001
103280,1027,1,90.99,18.2,72.78999999999999
103281,1085,1,115.99,23.2,92.78999999999999
103282,1012,2,109.99,44.0,175.98
103283,1036,2,58.99,0.0,117.98
103284,1079,2,61.99,0.0,123.98
103284,1089,1,53.99,0.0,53.99
103284,1074,1,19.99,0.0,19.99
103284,1032,1,81.99,0.0,81.99
103285,1031,1,38.99,0.0,38.99
103285,1010,2,96.99,0.0,193.98
103285,1035,1,51.99,0.0,51.99
103286,1082,1,104.99,21.0,83.99
103287,1029,1,30.99,0.0,30.99
103288,1021,1,123.99,0.0,123.99
103288,1085,1,115.99,0.0,115.99
103289,1071,1,9.99,0.0,9.99
103289,1044,1,529.99,0.0,529.99
103290,1080,1,134.99,27.0,107.99000000000001
103290,1029,1,30.99,6.2,24.79
103290,1034,1,68.99,13.8,55.19
103290,1075,1,50.99,10.2,40.790000000000006
103291,1013,1,124.99,0.0,124.99
103291,1014,1,36.99,0.0,36.99
103292,1048,1,139.99,28.0,111.99000000000001
103292,1029,1,30.99,6.2,24.79
103292,1063,1,245.99,49.2,196.79000000000002
103293,1072,1,141.99,28.4,113.59
103294,1083,1,19.99,4.0,15.989999999999998
103294,1042,1,773.99,154.8,619.19
103295,1008,1,43.99,0.0,43.99
103295,1005,1,79.99,0.0,79.99
103295,1017,1,86.99,0.0,86.99
103296,1007,1,71.99,0.0,71.99
103296,1013,1,124.99,0.0,124.99
103297,1009,1,131.99,26.4,105.59
103297,1081,1,74.99,15.0,59.989999999999995
103298,1002,1,138.99,27.8,111.19000000000001
103298,1066,1,171.99,34.4,137.59
103299,1077,4,25.99,20.79,83.16999999999999
103299,1081,2,74.99,30.0,119.97999999999999
103299,1072,1,141.99,28.4,113.59
103299,1017,1,86.99,17.4,69.59
103300,1081,1,74.99,0.0,74.99
103301,1004,1,75.99,0.0,75.99
103301,1078,1,85.99,0.0,85.99
103302,1078,1,85.99,0.0,85.99
103302,1026,1,161.99,0.0,161.99
103302,1028,1,77.99,0.0,77.99
103302,1088,2,20.99,0.0,41.98
103303,1023,2,135.99,0.0,271.98
103304,1058,3,93.99,0.0,281.96999999999997
103305,1005,1,79.99,0.0,79.99
103305,1007,1,71.99,0.0,71.99
103306,1041,1,553.99,110.8,443.19
103307,1082,1,104.99,0.0,104.99
103307,1090,1,17.99,0.0,17.99
103308,1075,1,50.99,10.2,40.790000000000006
103309,1017,2,86.99,0.0,173.98
103310,1003,1,22.99,2.3,20.689999999999998
103311,1073,2,69.99,28.0,111.97999999999999
103311,1037,1,28.99,5.8,23.189999999999998
103312,1038,1,313.99,31.4,282.59000000000003
103312,1072,1,141.99,14.2,127.79
103313,1078,1,85.99,17.2,68.78999999999999
103313,1069,1,26.99,5.4,21.589999999999996
103313,1079,1,61.99,12.4,49.59
103314,1080,1,134.99,0.0,134.99
103315,1002,1,138.99,27.8,111.19000000000001
103316,1072,2,141.99,0.0,283.98
103317,1085,1,115.99,0.0,115.99
103317,1032,1,81.99,0.0,81.99
103318,1033,2,85.99,0.0,171.98
103319,1078,1,85.99,0.0,85.99
103319,1001,1,61.99,0.0,61.99
103319,1022,1,88.99,0.0,88.99
103320,1010,2,96.99,0.0,193.98
103321,1072,1,141.99,28.4,113.59
103322,1073,1,69.99,0.0,69.99
103323,1090,2,17.99,0.0,35.98
103324,1037,1,28.99,0.0,28.99
103324,1007,1,71.99,0.0,71.99
103324,1036,2,58.99,0.0,117.98
103324,1090,2,17.99,0.0,35.98
103325,1028,1,77.99,15.6,62.38999999999999
103326,1032,1,81.99,0.0,81.99
103327,1087,1,45.99,0.0,45.99
103328,1015,4,96.99,0.0,387.96
103328,1072,1,141.99,0.0,141.99
103328,1029,1,30.99,0.0,30.99
103329,1078,2,85.99,0.0,171.98
103329,1074,1,19.99,0.0,19.99
103330,1075,1,50.99,0.0,50.99
103330,1074,2,19.99,0.0,39.98
103331,1010,1,96.99,0.0,96.99
103332,1036,1,58.99,11.8,47.19
103332,1006,1,16.99,3.4,13.589999999999998
103333,1038,1,313.99,0.0,313.99
103334,1070,1,122.99,12.3,110.69
103334,1036,2,58.99,11.8,106.18
103334,1073,1,69.99,7.0,62.989999999999995
103334,1078,1,85.99,8.6,77.39
103335,1075,1,50.99,0.0,50.99
103336,1028,1,77.99,0.0,77.99
103337,1072,1,141.99,0.0,141.99
103337,1084,2,112.99,0.0,225.98
103337,1009,1,131.99,0.0,131.99
103338,1055,1,200.99,0.0,200.99
103338,1028,1,77.99,0.0,77.99
103339,1065,1,164.99,0.0,164.99
103340,1079,1,61.99,0.0,61.99
103341,1073,1,69.99,0.0,69.99
103341,1014,2,36.99,0.0,73.98
103342,1048,1,139.99,0.0,139.99
103342,1009,1,131.99,0.0,131.99
103342,1007,1,71.99,0.0,71.99
103343,1090,2,17.99,7.2,28.779999999999998
103344,1002,2,138.99,0.0,277.98
103345,1015,1,96.99,0.0,96.99
103346,1050,1,146.99,29.4,117.59
103347,1025,1,166.99,16.7,150.29000000000002
103348,1019,2,77.99,0.0,155.98
103349,1004,1,75.99,0.0,75.99
103350,1004,1,75.99,0.0,75.99
103350,1089,1,53.99,0.0,53.99
103351,1024,1,59.99,0.0,59.99
103352,1002,1,138.99,27.8,111.19000000000001
103353,1027,2,90.99,0.0,181.98
103354,1079,4,61.99,49.59,198.37
103354,1056,1,239.99,48.0,191.99
103354,1083,1,19.99,4.0,15.989999999999998
103355,1079,1,61.99,12.4,49.59
103356,1056,1,239.99,0.0,239.99
103357,1072,1,141.99,0.0,141.99
103358,1031,1,38.99,0.0,38.99
103358,1082,1,104.99,0.0,104.99
103359,1002,2,138.99,0.0,277.98
103359,1080,2,134.99,0.0,269.98
103359,1071,1,9.99,0.0,9.99
103360,1082,1,104.99,10.5,94.49
103361,1052,1,208.99,20.9,188.09
103361,1071,1,9.99,1.0,8.99
103361,1011,2,34.99,7.0,62.980000000000004
103361,1080,1,134.99,13.5,121.49000000000001
103362,1024,1,59.99,0.0,59.99
103363,1089,1,53.99,10.8,43.19
103364,1087,1,45.99,0.0,45.99
103364,1006,1,16.99,0.0,16.99
103364,1050,1,146.99,0.0,146.99
103364,1088,1,20.99,0.0,20.99
103365,1070,1,122.99,24.6,98.38999999999999
103365,1006,3,16.99,10.19,40.78
103366,1080,1,134.99,27.0,107.99000000000001
103366,1014,1,36.99,7.4,29.590000000000003
103367,1077,1,25.99,5.2,20.79
103367,1073,1,69.99,14.0,55.989999999999995
103368,1075,1,50.99,10.2,40.790000000000006
103369,1020,1,54.99,0.0,54.99
103370,1033,3,85.99,51.59,206.37999999999997
103370,1088,1,20.99,4.2,16.79
103371,1011,1,34.99,0.0,34.99
103371,1013,1,124.99,0.0,124.99
103371,1061,1,45.99,0.0,45.99
103372,1076,1,138.99,27.8,111.19000000000001
103373,1045,1,506.99,0.0,506.99
103373,1036,1,58.99,0.0,58.99
103373,1074,1,19.99,0.0,19.99
103374,1002,2,138.99,55.6,222.38000000000002
103374,1010,1,96.99,19.4,77.59
103375,1032,1,81.99,0.0,81.99
103376,1006,2,16.99,0.0,33.98
103376,1018,1,212.99,0.0,212.99
103376,1071,1,9.99,0.0,9.99
103377,1030,1,7.99,0.0,7.99
103378,1073,3,69.99,41.99,167.97999999999996
103379,1051,1,53.99,0.0,53.99
103380,1070,1,122.99,0.0,122.99
103380,1018,1,212.99,0.0,212.99
103381,1071,1,9.99,0.0,9.99
103382,1067,1,34.99,0.0,34.99
103382,1028,1,77.99,0.0,77.99
103382,1002,1,138.99,0.0,138.99
103383,1078,1,85.99,17.2,68.78999999999999
103384,1048,1,139.99,28.0,111.99000000000001
103384,1056,2,239.99,96.0,383.98
103385,1078,2,85.99,34.4,137.57999999999998
103385,1073,1,69.99,14.0,55.989999999999995
103386,1086,1,97.99,19.6,78.38999999999999
103386,1036,1,58.99,11.8,47.19
103386,1024,1,59.99,12.0,47.99
103386,1074,1,19.99,4.0,15.989999999999998
103387,1022,1,88.99,0.0,88.99
103387,1071,2,9.99,0.0,19.98
103388,1004,1,75.99,0.0,75.99
103388,1030,1,7.99,0.0,7.99
103389,1088,1,20.99,0.0,20.99
103390,1050,3,146.99,0.0,440.97
103390,1037,1,28.99,0.0,28.99
103390,1074,2,19.99,0.0,39.98
103391,1062,1,152.99,0.0,152.99
103392,1011,1,34.99,0.0,34.99
103393,1010,2,96.99,0.0,193.98
103394,1056,1,239.99,0.0,239.99
103395,1073,1,69.99,0.0,69.99
103395,1074,1,19.99,0.0,19.99
103396,1075,1,50.99,0.0,50.99
103396,1037,1,28.99,0.0,28.99
103397,1080,1,134.99,0.0,134.99
103398,1032,1,81.99,16.4,65.59
103399,1081,1,74.99,0.0,74.99
103400,1008,1,43.99,0.0,43.99
103400,1083,1,19.99,0.0,19.99
103401,1026,1,161.99,0.0,161.99
103401,1032,1,81.99,0.0,81.99
103401,1043,1,127.99,0.0,127.99
103402,1013,1,124.99,25.0,99.99
103403,1079,1,61.99,0.0,61.99
103404,1073,2,69.99,28.0,111.97999999999999
103405,1013,1,124.99,0.0,124.99
103405,1089,1,53.99,0.0,53.99
103405,1071,1,9.99,0.0,9.99
103405,1081,1,74.99,0.0,74.99
103406,1024,2,59.99,0.0,119.98
103406,1071,1,9.99,0.0,9.99
103407,1074,1,19.99,0.0,19.99
103407,1086,1,97.99,0.0,97.99
103407,1073,4,69.99,0.0,279.96
103408,1070,3,122.99,0.0,368.96999999999997
103408,1030,1,7.99,0.0,7.99
103409,1080,1,134.99,27.0,107.99000000000001
103409,1082,1,104.99,21.0,83.99
103410,1030,1,7.99,1.6,6.390000000000001
103411,1019,1,77.99,0.0,77.99
103411,1005,1,79.99,0.0,79.99
103411,1085,1,115.99,0.0,115.99
103412,1080,3,134.99,80.99,323.98
103413,1012,2,109.99,0.0,219.98
103413,1080,2,134.99,0.0,269.98
103414,1024,1,59.99,12.0,47.99
103414,1087,2,45.99,18.4,73.58000000000001
103415,1013,3,124.99,0.0,374.96999999999997
103416,1002,1,138.99,0.0,138.99
103417,1037,2,28.99,11.6,46.379999999999995
103418,1026,1,161.99,32.4,129.59
103418,1002,1,138.99,27.8,111.19000000000001
103419,1031,1,38.99,0.0,38.99
103419,1077,2,25.99,0.0,51.98
103420,1029,1,30.99,0.0,30.99
103421,1024,1,59.99,0.0,59.99
103421,1083,1,19.99,0.0,19.99
103422,1028,1,77.99,0.0,77.99
103423,1001,1,61.99,0.0,61.99
103424,1052,1,208.99,0.0,208.99
103424,1032,1,81.99,0.0,81.99
103425,1073,1,69.99,0.0,69.99
103426,1026,1,161.99,0.0,161.99
103427,1012,1,109.99,22.0,87.99
103427,1080,1,134.99,27.0,107.99000000000001
103427,1089,1,53.99,10.8,43.19
103428,1089,1,53.99,0.0,53.99
103428,1031,1,38.99,0.0,38.99
103428,1051,1,53.99,0.0,53.99
103429,1044,1,529.99,0.0,529.99
103429,1026,1,161.99,0.0,161.99
103429,1014,1,36.99,0.0,36.99
103430,1031,1,38.99,0.0,38.99
103431,1037,1,28.99,5.8,23.189999999999998
103431,1002,2,138.99,55.6,222.38000000000002
103432,1056,2,239.99,0.0,479.98
103432,1078,2,85.99,0.0,171.98
103433,1026,1,161.99,0.0,161.99
103434,1003,1,22.99,4.6,18.39
103434,1066,2,171.99,68.8,275.18
103434,1079,2,61.99,24.8,99.18
103434,1005,2,79.99,32.0,127.97999999999999
103435,1074,1,19.99,0.0,19.99
103436,1086,3,97.99,0.0,293.96999999999997
103436,1004,1,75.99,0.0,75.99
103437,1072,1,141.99,0.0,141.99
103437,1002,1,138.99,0.0,138.99
103437,1071,1,9.99,0.0,9.99
103438,1028,1,77.99,0.0,77.99
103438,1085,2,115.99,0.0,231.98
103439,1042,1,773.99,0.0,773.99
103440,1045,1,506.99,101.4,405.59000000000003
103441,1019,1,77.99,0.0,77.99
103442,1082,1,104.99,21.0,83.99
103443,1030,1,7.99,1.6,6.390000000000001
103443,1072,1,141.99,28.4,113.59
103443,1087,1,45.99,9.2,36.790000000000006
103444,1040,1,476.99,0.0,476.99
103444,1030,1,7.99,0.0,7.99
103445,1005,1,79.99,16.0,63.989999999999995
103446,1077,2,25.99,0.0,51.98
103447,1078,1,85.99,0.0,85.99
103447,1055,1,200.99,0.0,200.99
103448,1019,1,77.99,0.0,77.99
103449,1015,1,96.99,19.4,77.59
103449,1014,1,36.99,7.4,29.590000000000003
103450,1028,1,77.99,15.6,62.38999999999999
103451,1072,1,141.99,0.0,141.99
103452,1071,3,9.99,0.0,29.97
103453,1086,1,97.99,0.0,97.99
103454,1076,2,138.99,55.6,222.38000000000002
103455,1018,1,212.99,0.0,212.99
103455,1033,1,85.99,0.0,85.99
103456,1081,1,74.99,0.0,74.99
103457,1012,1,109.99,0.0,109.99
103458,1085,1,115.99,23.2,92.78999999999999
103459,1034,2,68.99,0.0,137.98
103459,1088,1,20.99,0.0,20.99
103460,1073,2,69.99,28.0,111.97999999999999
103461,1087,1,45.99,9.2,36.790000000000006
103462,1078,2,85.99,0.0,171.98
103463,1058,2,93.99,37.6,150.38
103464,1013,1,124.99,12.5,112.49
103464,1057,1,205.99,20.6,185.39000000000001
103465,1023,1,135.99,0.0,135.99
103465,1077,2,25.99,0.0,51.98
103465,1068,2,49.99,0.0,99.98
103466,1025,1,166.99,0.0,166.99
103467,1071,1,9.99,2.0,7.99
103467,1048,1,139.99,28.0,111.99000000000001
103467,1027,1,90.99,18.2,72.78999999999999
103468,1070,1,122.99,24.6,98.38999999999999
103468,1023,1,135.99,27.2,108.79
103469,1072,1,141.99,0.0,141.99
103470,1072,1,141.99,0.0,141.99
103470,1088,1,20.99,0.0,20.99
103471,1081,1,74.99,0.0,74.99
103471,1010,1,96.99,0.0,96.99
103471,1033,1,85.99,0.0,85.99
103472,1007,1,71.99,14.4,57.589999999999996
103473,1021,1,123.99,0.0,123.99
103474,1010,2,96.99,0.0,193.98
103475,1024,1,59.99,12.0,47.99
103476,1074,3,19.99,11.99,47.98
103476,1004,1,75.99,15.2,60.78999999999999
103476,1005,1,79.99,16.0,63.989999999999995
103477,1004,1,75.99,0.0,75.99
103477,1036,1,58.99,0.0,58.99
103478,1013,1,124.99,0.0,124.99
103478,1030,1,7.99,0.0,7.99
103478,1074,1,19.99,0.0,19.99
103479,1004,2,75.99,0.0,151.98
103479,1009,1,131.99,0.0,131.99
103479,1030,1,7.99,0.0,7.99
103480,1020,1,54.99,0.0,54.99
103480,1019,1,77.99,0.0,77.99
103481,1090,1,17.99,3.6,14.389999999999999
103482,1006,1,16.99,1.7,15.29
103483,1001,3,61.99,37.19,148.78
103483,1073,4,69.99,55.99,223.96999999999997
103484,1007,1,71.99,0.0,71.99
103485,1023,2,135.99,54.4,217.58
103486,1083,2,19.99,4.0,35.98
103486,1085,1,115.99,11.6,104.39
103487,1037,1,28.99,0.0,28.99
103487,1019,1,77.99,0.0,77.99
103487,1015,1,96.99,0.0,96.99
103487,1036,2,58.99,0.0,117.98
103488,1008,1,43.99,8.8,35.19
103489,1086,1,97.99,0.0,97.99
103490,1083,1,19.99,0.0,19.99
103491,1072,1,141.99,0.0,141.99
103491,1036,2,58.99,0.0,117.98
103492,1014,1,36.99,7.4,29.590000000000003
103493,1025,1,166.99,0.0,166.99
103494,1024,1,59.99,0.0,59.99
103495,1043,1,127.99,0.0,127.99
103496,1057,1,205.99,41.2,164.79000000000002
103496,1079,1,61.99,12.4,49.59
103497,1036,1,58.99,0.0,58.99
103498,1029,1,30.99,6.2,24.79
103499,1083,1,19.99,0.0,19.99
103500,1022,1,88.99,0.0,88.99
103500,1016,1,180.99,0.0,180.99
103501,1010,1,96.99,0.0,96.99
103502,1088,1,20.99,4.2,16.79
103503,1083,1,19.99,4.0,15.989999999999998
103504,1027,1,90.99,0.0,90.99
103505,1083,1,19.99,0.0,19.99
103506,1072,1,141.99,0.0,141.99
103506,1029,1,30.99,0.0,30.99
103507,1038,1,313.99,0.0,313.99
103508,1010,1,96.99,0.0,96.99
103508,1074,1,19.99,0.0,19.99
103508,1076,1,138.99,0.0,138.99
103509,1005,1,79.99,0.0,79.99
103509,1032,1,81.99,0.0,81.99
103510,1009,1,131.99,0.0,131.99
103510,1071,1,9.99,0.0,9.99
103511,1078,2,85.99,0.0,171.98
103512,1072,1,141.99,0.0,141.99
103512,1078,2,85.99,0.0,171.98
103512,1086,1,97.99,0.0,97.99
103513,1069,2,26.99,0.0,53.98
103514,1037,1,28.99,5.8,23.189999999999998
103514,1066,1,171.99,34.4,137.59
103515,1078,1,85.99,0.0,85.99
103516,1071,1,9.99,0.0,9.99
103517,1082,1,104.99,0.0,104.99
103518,1072,1,141.99,0.0,141.99
103518,1088,1,20.99,0.0,20.99
103518,1005,2,79.99,0.0,159.98
103518,1001,1,61.99,0.0,61.99
103519,1025,1,166.99,33.4,133.59
103519,1006,1,16.99,3.4,13.589999999999998
103519,1017,1,86.99,17.4,69.59
103519,1056,1,239.99,48.0,191.99
103520,1069,1,26.99,0.0,26.99
103521,1030,1,7.99,1.6,6.390000000000001
103521,1055,1,200.99,40.2,160.79000000000002
103522,1047,1,194.99,0.0,194.99
103523,1041,1,553.99,0.0,553.99
103523,1079,1,61.99,0.0,61.99
103523,1013,1,124.99,0.0,124.99
103524,1028,2,77.99,0.0,155.98
103524,1036,1,58.99,0.0,58.99
103525,1054,1,229.99,0.0,229.99
103525,1015,2,96.99,0.0,193.98
103526,1009,1,131.99,0.0,131.99
103527,1075,1,50.99,0.0,50.99
103528,1008,1,43.99,0.0,43.99
103529,1040,1,476.99,0.0,476.99
103530,1085,2,115.99,0.0,231.98
103530,1090,1,17.99,0.0,17.99
103531,1073,2,69.99,0.0,139.98
103531,1009,1,131.99,0.0,131.99
103531,1089,1,53.99,0.0,53.99
103532,1016,1,180.99,0.0,180.99
103532,1090,1,17.99,0.0,17.99
103533,1054,1,229.99,23.0,206.99
103533,1021,1,123.99,12.4,111.58999999999999
103534,1077,1,25.99,0.0,25.99
103535,1052,1,208.99,41.8,167.19
103536,1058,1,93.99,0.0,93.99
103536,1051,1,53.99,0.0,53.99
103537,1087,1,45.99,9.2,36.790000000000006
103538,1004,1,75.99,15.2,60.78999999999999
103539,1078,1,85.99,0.0,85.99
103540,1028,1,77.99,0.0,77.99
103540,1068,2,49.99,0.0,99.98
103541,1055,3,200.99,120.59,482.38
103541,1025,4,166.99,133.59,534.37
103542,1013,1,124.99,25.0,99.99
103542,1085,1,115.99,23.2,92.78999999999999
103543,1076,1,138.99,0.0,138.99
103543,1065,1,164.99,0.0,164.99
103544,1072,1,141.99,0.0,141.99
103545,1030,1,7.99,0.0,7.99
103545,1087,1,45.99,0.0,45.99
103546,1031,1,38.99,0.0,38.99
103547,1054,1,229.99,0.0,229.99
103547,1031,4,38.99,0.0,155.96
103547,1026,2,161.99,0.0,323.98
103548,1031,1,38.99,0.0,38.99
103549,1021,1,123.99,0.0,123.99
103549,1078,2,85.99,0.0,171.98
103549,1049,1,126.99,0.0,126.99
103549,1058,1,93.99,0.0,93.99
103550,1078,1,85.99,17.2,68.78999999999999
103551,1071,1,9.99,0.0,9.99
103551,1081,1,74.99,0.0,74.99
103552,1046,1,142.99,0.0,142.99
103553,1035,1,51.99,0.0,51.99
103554,1028,1,77.99,15.6,62.38999999999999
103555,1085,1,115.99,0.0,115.99
103555,1039,1,483.99,0.0,483.99
103555,1026,1,161.99,0.0,161.99
103556,1072,1,141.99,0.0,141.99
103557,1002,1,138.99,27.8,111.19000000000001
103558,1016,3,180.99,0.0,542.97
103559,1081,1,74.99,15.0,59.989999999999995
103559,1006,1,16.99,3.4,13.589999999999998
103559,1052,1,208.99,41.8,167.19
103560,1022,2,88.99,0.0,177.98
103560,1008,3,43.99,0.0,131.97
103561,1055,3,200.99,0.0,602.97
103561,1002,1,138.99,0.0,138.99
103562,1027,1,90.99,18.2,72.78999999999999
103562,1087,1,45.99,9.2,36.790000000000006
103563,1001,1,61.99,0.0,61.99
103563,1077,1,25.99,0.0,25.99
103563,1002,1,138.99,0.0,138.99
103564,1047,1,194.99,0.0,194.99
103565,1080,1,134.99,0.0,134.99
103565,1012,1,109.99,0.0,109.99
103566,1037,3,28.99,8.7,78.27
103567,1014,1,36.99,7.4,29.590000000000003
103568,1076,1,138.99,27.8,111.19000000000001
103568,1016,1,180.99,36.2,144.79000000000002
103568,1007,1,71.99,14.4,57.589999999999996
103569,1081,2,74.99,30.0,119.97999999999999
103569,1072,2,141.99,56.8,227.18
103570,1055,1,200.99,0.0,200.99
103570,1025,1,166.99,0.0,166.99
103571,1011,1,34.99,0.0,34.99
103571,1073,1,69.99,0.0,69.99
103572,1008,1,43.99,8.8,35.19
103573,1075,1,50.99,5.1,45.89
103574,1005,1,79.99,0.0,79.99
103575,1088,1,20.99,0.0,20.99
103575,1002,1,138.99,0.0,138.99
103575,1050,1,146.99,0.0,146.99
103576,1090,2,17.99,7.2,28.779999999999998
103577,1072,1,141.99,0.0,141.99
103577,1002,1,138.99,0.0,138.99
103577,1057,2,205.99,0.0,411.98
103577,1053,1,37.99,0.0,37.99
103578,1078,4,85.99,68.79,275.16999999999996
103578,1082,1,104.99,21.0,83.99
103578,1030,1,7.99,1.6,6.390000000000001
103578,1073,2,69.99,28.0,111.97999999999999
103579,1015,1,96.99,19.4,77.59
103579,1089,1,53.99,10.8,43.19
103580,1015,1,96.99,19.4,77.59
103581,1019,2,77.99,0.0,155.98
103582,1033,2,85.99,0.0,171.98
103583,1017,2,86.99,0.0,173.98
103583,1011,1,34.99,0.0,34.99
103584,1049,1,126.99,0.0,126.99
103585,1052,2,208.99,83.6,334.38
103585,1078,1,85.99,17.2,68.78999999999999
103586,1086,1,97.99,0.0,97.99
103587,1006,1,16.99,0.0,16.99
103587,1070,1,122.99,0.0,122.99
103588,1074,1,19.99,4.0,15.989999999999998
103588,1077,2,25.99,10.4,41.58
103589,1079,1,61.99,0.0,61.99
103590,1009,1,131.99,26.4,105.59
103590,1077,1,25.99,5.2,20.79
103590,1006,1,16.99,3.4,13.589999999999998
103591,1076,1,138.99,0.0,138.99
103591,1018,1,212.99,0.0,212.99
103591,1038,1,313.99,0.0,313.99
103591,1017,1,86.99,0.0,86.99
103592,1073,2,69.99,0.0,139.98
103593,1080,1,134.99,27.0,107.99000000000001
103593,1028,1,77.99,15.6,62.38999999999999
103593,1075,1,50.99,10.2,40.790000000000006
103594,1081,1,74.99,0.0,74.99
103594,1040,1,476.99,0.0,476.99
103594,1055,1,200.99,0.0,200.99
103595,1028,1,77.99,0.0,77.99
103596,1090,1,17.99,0.0,17.99
103596,1077,2,25.99,0.0,51.98
103596,1008,1,43.99,0.0,43.99
103596,1050,1,146.99,0.0,146.99
103597,1034,1,68.99,0.0,68.99
103598,1030,1,7.99,1.6,6.390000000000001
103599,1089,2,53.99,0.0,107.98
103599,1081,2,74.99,0.0,149.98
103599,1058,2,93.99,0.0,187.98
103600,1011,2,34.99,14.0,55.980000000000004
103601,1080,1,134.99,0.0,134.99
103602,1073,1,69.99,0.0,69.99
103603,1018,1,212.99,0.0,212.99
103604,1076,1,138.99,27.8,111.19000000000001
103605,1073,1,69.99,14.0,55.989999999999995
103605,1055,1,200.99,40.2,160.79000000000002
103605,1081,1,74.99,15.0,59.989999999999995
103606,1078,2,85.99,34.4,137.57999999999998
103607,1036,2,58.99,0.0,117.98
103608,1081,1,74.99,15.0,59.989999999999995
103608,1036,1,58.99,11.8,47.19
103608,1075,1,50.99,10.2,40.790000000000006
103609,1077,1,25.99,0.0,25.99
103610,1043,1,127.99,0.0,127.99
103610,1081,1,74.99,0.0,74.99
103611,1075,1,50.99,0.0,50.99
103612,1086,2,97.99,0.0,195.98
103613,1079,1,61.99,0.0,61.99
103614,1079,1,61.99,12.4,49.59
103614,1010,1,96.99,19.4,77.59
103615,1021,1,123.99,0.0,123.99
103616,1071,1,9.99,2.0,7.99
103616,1033,1,85.99,17.2,68.78999999999999
103616,1079,1,61.99,12.4,49.59
103617,1030,1,7.99,0.0,7.99
103618,1036,1,58.99,0.0,58.99
103619,1061,1,45.99,0.0,45.99
103619,1035,1,51.99,0.0,51.99
103620,1031,1,38.99,0.0,38.99
103620,1008,1,43.99,0.0,43.99
103620,1077,1,25.99,0.0,25.99
103621,1072,1,141.99,28.4,113.59
103621,1048,1,139.99,28.0,111.99000000000001
103621,1005,1,79.99,16.0,63.989999999999995
103622,1018,1,212.99,21.3,191.69
103622,1080,1,134.99,13.5,121.49000000000001
103623,1012,1,109.99,0.0,109.99
103623,1089,1,53.99,0.0,53.99
103624,1074,1,19.99,4.0,15.989999999999998
103625,1020,1,54.99,11.0,43.99
103625,1006,1,16.99,3.4,13.589999999999998
103626,1015,1,96.99,0.0,96.99
103627,1035,1,51.99,10.4,41.59
103628,1026,1,161.99,0.0,161.99
103628,1007,2,71.99,0.0,143.98
103629,1044,1,529.99,0.0,529.99
103630,1035,1,51.99,10.4,41.59
103630,1089,1,53.99,10.8,43.19
103631,1084,1,112.99,22.6,90.38999999999999
103632,1040,1,476.99,0.0,476.99
103633,1032,1,81.99,16.4,65.59
103633,1072,1,141.99,28.4,113.59
103634,1088,1,20.99,0.0,20.99
103635,1044,1,529.99,106.0,423.99
103635,1086,1,97.99,19.6,78.38999999999999
103636,1090,1,17.99,0.0,17.99
103636,1074,2,19.99,0.0,39.98
103636,1080,1,134.99,0.0,134.99
103636,1021,2,123.99,0.0,247.98
103637,1031,1,38.99,7.8,31.19
103637,1051,1,53.99,10.8,43.19
103637,1075,1,50.99,10.2,40.790000000000006
103638,1086,1,97.99,0.0,97.99
103639,1016,1,180.99,0.0,180.99
103640,1017,1,86.99,17.4,69.59
103641,1028,1,77.99,15.6,62.38999999999999
103642,1036,1,58.99,5.9,53.09
103643,1087,1,45.99,0.0,45.99
103643,1071,1,9.99,0.0,9.99
103644,1078,1,85.99,17.2,68.78999999999999
103645,1050,1,146.99,0.0,146.99
103645,1036,1,58.99,0.0,58.99
103645,1070,1,122.99,0.0,122.99
103646,1055,1,200.99,20.1,180.89000000000001
103647,1005,2,79.99,0.0,159.98
103648,1089,4,53.99,43.19,172.77
103648,1014,1,36.99,7.4,29.590000000000003
103649,1033,2,85.99,0.0,171.98
103649,1066,1,171.99,0.0,171.99
103649,1050,2,146.99,0.0,293.98
103649,1045,1,506.99,0.0,506.99
103650,1080,1,134.99,0.0,134.99
103650,1081,3,74.99,0.0,224.96999999999997
103650,1028,1,77.99,0.0,77.99
103650,1070,1,122.99,0.0,122.99
103651,1078,4,85.99,0.0,343.96
103652,1055,2,200.99,40.2,361.78000000000003
103653,1078,1,85.99,0.0,85.99
103653,1031,1,38.99,0.0,38.99
103654,1006,1,16.99,1.7,15.29
103655,1027,1,90.99,0.0,90.99
103655,1077,1,25.99,0.0,25.99
103655,1002,1,138.99,0.0,138.99
103656,1087,1,45.99,0.0,45.99
103656,1044,1,529.99,0.0,529.99
103657,1026,1,161.99,0.0,161.99
103657,1013,1,124.99,0.0,124.99
103657,1002,1,138.99,0.0,138.99
103658,1073,1,69.99,0.0,69.99
103658,1050,1,146.99,0.0,146.99
103659,1003,1,22.99,4.6,18.39
103659,1079,1,61.99,12.4,49.59
103660,1028,1,77.99,15.6,62.38999999999999
103660,1032,1,81.99,16.4,65.59
103660,1054,1,229.99,46.0,183.99
103661,1003,1,22.99,0.0,22.99
103662,1053,1,37.99,7.6,30.39
103663,1002,2,138.99,55.6,222.38000000000002
103663,1081,3,74.99,44.99,179.97999999999996
103664,1072,2,141.99,0.0,283.98
103665,1068,1,49.99,0.0,49.99
103665,1074,1,19.99,0.0,19.99
103665,1073,1,69.99,0.0,69.99
103666,1073,1,69.99,14.0,55.989999999999995
103667,1076,1,138.99,0.0,138.99
103668,1045,1,506.99,101.4,405.59000000000003
103669,1018,1,212.99,0.0,212.99
103670,1078,1,85.99,17.2,68.78999999999999
103670,1080,3,134.99,80.99,323.98
103670,1070,1,122.99,24.6,98.38999999999999
103671,1085,1,115.99,0.0,115.99
103672,1008,1,43.99,0.0,43.99
103673,1075,1,50.99,0.0,50.99
103673,1070,1,122.99,0.0,122.99
103674,1013,1,124.99,0.0,124.99
103674,1089,1,53.99,0.0,53.99
103674,1018,3,212.99,0.0,638.97
103675,1033,1,85.99,0.0,85.99
103676,1050,1,146.99,29.4,117.59
103677,1051,1,53.99,0.0,53.99
103678,1066,2,171.99,68.8,275.18
103679,1034,1,68.99,13.8,55.19
103679,1009,1,131.99,26.4,105.59
103679,1032,1,81.99,16.4,65.59
103679,1090,1,17.99,3.6,14.389999999999999
103680,1001,1,61.99,12.4,49.59
103681,1027,1,90.99,0.0,90.99
103682,1053,1,37.99,7.6,30.39
103683,1081,1,74.99,0.0,74.99
103684,1040,1,476.99,0.0,476.99
103685,1010,1,96.99,0.0,96.99
103686,1082,1,104.99,21.0,83.99
103687,1009,1,131.99,0.0,131.99
103687,1010,1,96.99,0.0,96.99
103687,1041,1,553.99,0.0,553.99
103688,1006,2,16.99,0.0,33.98
103688,1017,1,86.99,0.0,86.99
103689,1037,1,28.99,0.0,28.99
103689,1072,1,141.99,0.0,141.99
103690,1027,1,90.99,0.0,90.99
103690,1028,1,77.99,0.0,77.99
103690,1090,2,17.99,0.0,35.98
103691,1078,1,85.99,17.2,68.78999999999999
103691,1002,1,138.99,27.8,111.19000000000001
103692,1090,1,17.99,3.6,14.389999999999999
103693,1034,1,68.99,13.8,55.19
103693,1090,1,17.99,3.6,14.389999999999999
103694,1075,1,50.99,10.2,40.790000000000006
103695,1088,1,20.99,0.0,20.99
103696,1029,1,30.99,0.0,30.99
103696,1052,1,208.99,0.0,208.99
103697,1015,1,96.99,0.0,96.99
103698,1005,2,79.99,32.0,127.97999999999999
103698,1079,2,61.99,24.8,99.18
103698,1070,1,122.99,24.6,98.38999999999999
103698,1075,4,50.99,40.79,163.17000000000002
103699,1051,1,53.99,0.0,53.99
103700,1071,1,9.99,0.0,9.99
103701,1041,1,553.99,0.0,553.99
103701,1072,1,141.99,0.0,141.99
103702,1006,1,16.99,3.4,13.589999999999998
103703,1018,1,212.99,42.6,170.39000000000001
103704,1035,1,51.99,10.4,41.59
103705,1021,2,123.99,49.6,198.38
103706,1014,1,36.99,7.4,29.590000000000003
103706,1024,2,59.99,24.0,95.98
103707,1083,3,19.99,0.0,59.97
103707,1085,1,115.99,0.0,115.99
103707,1051,2,53.99,0.0,107.98
103708,1058,1,93.99,18.8,75.19
103709,1076,1,138.99,27.8,111.19000000000001
103710,1014,1,36.99,0.0,36.99
103710,1073,1,69.99,0.0,69.99
103710,1021,1,123.99,0.0,123.99
103711,1020,1,54.99,11.0,43.99
103711,1075,1,50.99,10.2,40.790000000000006
103711,1027,1,90.99,18.2,72.78999999999999
103712,1041,1,553.99,0.0,553.99
103713,1017,1,86.99,17.4,69.59
103713,1080,3,134.99,80.99,323.98
103713,1014,1,36.99,7.4,29.590000000000003
103713,1081,2,74.99,30.0,119.97999999999999
103714,1086,1,97.99,0.0,97.99
103714,1075,1,50.99,0.0,50.99
103715,1025,1,166.99,0.0,166.99
103716,1072,1,141.99,28.4,113.59
103717,1031,1,38.99,0.0,38.99
103718,1074,1,19.99,0.0,19.99
103718,1019,1,77.99,0.0,77.99
103718,1053,3,37.99,0.0,113.97
103719,1030,1,7.99,0.0,7.99
103720,1020,1,54.99,11.0,43.99
103721,1034,3,68.99,41.39,165.57999999999998
103721,1072,1,141.99,28.4,113.59
103722,1032,1,81.99,0.0,81.99
103723,1001,2,61.99,0.0,123.98
103723,1032,2,81.99,0.0,163.98
103724,1001,3,61.99,0.0,185.97
103724,1075,1,50.99,0.0,50.99
103724,1071,1,9.99,0.0,9.99
103725,1005,1,79.99,0.0,79.99
103726,1078,1,85.99,0.0,85.99
103727,1009,1,131.99,26.4,105.59
103727,1070,1,122.99,24.6,98.38999999999999
103728,1079,1,61.99,12.4,49.59
103729,1057,1,205.99,0.0,205.99
103729,1012,1,109.99,0.0,109.99
103730,1008,1,43.99,0.0,43.99
103731,1079,1,61.99,0.0,61.99
103732,1056,1,239.99,0.0,239.99
103733,1071,2,9.99,0.0,19.98
103734,1002,1,138.99,0.0,138.99
103735,1035,1,51.99,10.4,41.59
103736,1020,1,54.99,0.0,54.99
103737,1006,2,16.99,0.0,33.98
103738,1035,1,51.99,10.4,41.59
103739,1017,1,86.99,0.0,86.99
103739,1078,1,85.99,0.0,85.99
103740,1077,1,25.99,5.2,20.79
103741,1056,1,239.99,0.0,239.99
103742,1001,1,61.99,12.4,49.59
103743,1007,1,71.99,0.0,71.99
103743,1040,1,476.99,0.0,476.99
103744,1011,2,34.99,0.0,69.98
103744,1022,1,88.99,0.0,88.99
103745,1029,1,30.99,0.0,30.99
103745,1072,1,141.99,0.0,141.99
103746,1073,1,69.99,0.0,69.99
103747,1077,1,25.99,5.2,20.79
103747,1023,1,135.99,27.2,108.79
103748,1032,1,81.99,16.4,65.59
103749,1001,1,61.99,0.0,61.99
103749,1080,1,134.99,0.0,134.99
103750,1074,3,19.99,0.0,59.97
103751,1078,1,85.99,17.2,68.78999999999999
103752,1071,3,9.99,0.0,29.97
103752,1009,1,131.99,0.0,131.99
103752,1074,1,19.99,0.0,19.99
103753,1028,1,77.99,0.0,77.99
103753,1040,1,476.99,0.0,476.99
103753,1024,1,59.99,0.0,59.99
103753,1081,1,74.99,0.0,74.99
103754,1070,1,122.99,24.6,98.38999999999999
103754,1043,1,127.99,25.6,102.38999999999999
103755,1090,1,17.99,3.6,14.389999999999999
103756,1017,3,86.99,0.0,260.96999999999997
103756,1045,1,506.99,0.0,506.99
103756,1002,1,138.99,0.0,138.99
103757,1085,1,115.99,0.0,115.99
103758,1061,1,45.99,9.2,36.790000000000006
103758,1075,1,50.99,10.2,40.790000000000006
103758,1087,1,45.99,9.2,36.790000000000006
103759,1074,1,19.99,0.0,19.99
103759,1070,2,122.99,0.0,245.98
103760,1044,1,529.99,0.0,529.99
103761,1078,1,85.99,0.0,85.99
103761,1005,1,79.99,0.0,79.99
103762,1084,1,112.99,22.6,90.38999999999999
103763,1040,1,476.99,0.0,476.99
103764,1032,1,81.99,16.4,65.59
103765,1078,1,85.99,17.2,68.78999999999999
103766,1065,1,164.99,33.0,131.99
103767,1081,1,74.99,15.0,59.989999999999995
103768,1035,1,51.99,0.0,51.99
103769,1010,1,96.99,0.0,96.99
103769,1031,4,38.99,0.0,155.96
103770,1004,3,75.99,0.0,227.96999999999997
103771,1053,1,37.99,7.6,30.39
103772,1010,1,96.99,19.4,77.59
103772,1090,1,17.99,3.6,14.389999999999999
103773,1068,1,49.99,0.0,49.99
103773,1013,1,124.99,0.0,124.99
103773,1071,2,9.99,0.0,19.98
103773,1026,2,161.99,0.0,323.98
103774,1076,1,138.99,27.8,111.19000000000001
103774,1001,1,61.99,12.4,49.59
103774,1080,1,134.99,27.0,107.99000000000001
103775,1034,1,68.99,13.8,55.19
103775,1001,1,61.99,12.4,49.59
103776,1026,1,161.99,0.0,161.99
103776,1006,1,16.99,0.0,16.99
103777,1088,1,20.99,0.0,20.99
103778,1031,2,38.99,0.0,77.98
103779,1020,3,54.99,0.0,164.97
103780,1075,1,50.99,0.0,50.99
103780,1077,1,25.99,0.0,25.99
103781,1077,2,25.99,10.4,41.58
103782,1013,1,124.99,25.0,99.99
103782,1019,2,77.99,31.2,124.77999999999999
103782,1009,1,131.99,26.4,105.59
103782,1030,1,7.99,1.6,6.390000000000001
103783,1036,1,58.99,0.0,58.99
103784,1076,1,138.99,0.0,138.99
103785,1059,1,467.99,93.6,374.39
103785,1073,1,69.99,14.0,55.989999999999995
103785,1065,2,164.99,66.0,263.98
103785,1077,1,25.99,5.2,20.79
103786,1055,1,200.99,40.2,160.79000000000002
103787,1082,1,104.99,21.0,83.99
103788,1083,2,19.99,0.0,39.98
103788,1006,1,16.99,0.0,16.99
103788,1080,1,134.99,0.0,134.99
103789,1017,1,86.99,0.0,86.99
103789,1010,1,96.99,0.0,96.99
103789,1016,1,180.99,0.0,180.99
103789,1032,1,81.99,0.0,81.99
103790,1077,1,25.99,0.0,25.99
103790,1021,1,123.99,0.0,123.99
103790,1023,1,135.99,0.0,135.99
103791,1078,1,85.99,0.0,85.99
103791,1002,2,138.99,0.0,277.98
103791,1049,1,126.99,0.0,126.99
103792,1023,1,135.99,27.2,108.79
103792,1016,1,180.99,36.2,144.79000000000002
103793,1030,2,7.99,0.0,15.98
103793,1065,2,164.99,0.0,329.98
103794,1067,2,34.99,14.0,55.980000000000004
103794,1062,1,152.99,30.6,122.39000000000001
103794,1027,1,90.99,18.2,72.78999999999999
103795,1033,1,85.99,0.0,85.99
103795,1035,1,51.99,0.0,51.99
103795,1045,1,506.99,0.0,506.99
103796,1090,1,17.99,0.0,17.99
103797,1065,1,164.99,33.0,131.99
103797,1019,2,77.99,31.2,124.77999999999999
103797,1080,2,134.99,54.0,215.98000000000002
103798,1062,1,152.99,0.0,152.99
103798,1076,4,138.99,0.0,555.96
103798,1030,1,7.99,0.0,7.99
103799,1017,1,86.99,0.0,86.99
103799,1030,1,7.99,0.0,7.99
103800,1015,1,96.99,0.0,96.99
103801,1056,1,239.99,0.0,239.99
103801,1004,1,75.99,0.0,75.99
103802,1012,1,109.99,0.0,109.99
103803,1034,1,68.99,0.0,68.99
103804,1079,1,61.99,12.4,49.59
103804,1015,1,96.99,19.4,77.59
103804,1078,1,85.99,17.2,68.78999999999999
103805,1088,1,20.99,4.2,16.79
103806,1084,2,112.99,0.0,225.98
103807,1023,1,135.99,0.0,135.99
103808,1003,1,22.99,4.6,18.39
103808,1021,3,123.99,74.39,297.58
103809,1078,1,85.99,0.0,85.99
103809,1076,1,138.99,0.0,138.99
103810,1076,1,138.99,27.8,111.19000000000001
103811,1033,1,85.99,0.0,85.99
103812,1020,1,54.99,11.0,43.99
103813,1007,1,71.99,0.0,71.99
103814,1008,1,43.99,8.8,35.19
103814,1013,1,124.99,25.0,99.99
103815,1081,1,74.99,15.0,59.989999999999995
103816,1081,1,74.99,15.0,59.989999999999995
103816,1027,1,90.99,18.2,72.78999999999999
103817,1001,1,61.99,0.0,61.99
103817,1081,1,74.99,0.0,74.99
103817,1086,4,97.99,0.0,391.96
103818,1020,1,54.99,11.0,43.99
103818,1073,1,69.99,14.0,55.989999999999995
103818,1082,1,104.99,21.0,83.99
103819,1058,1,93.99,0.0,93.99
103819,1017,1,86.99,0.0,86.99
103820,1070,1,122.99,0.0,122.99
103820,1073,1,69.99,0.0,69.99
103821,1041,1,553.99,110.8,443.19
103821,1002,1,138.99,27.8,111.19000000000001
103822,1029,1,30.99,0.0,30.99
103823,1069,1,26.99,5.4,21.589999999999996
103823,1030,2,7.99,3.2,12.780000000000001
103824,1041,1,553.99,0.0,553.99
103824,1028,1,77.99,0.0,77.99
103825,1012,1,109.99,0.0,109.99
103826,1087,2,45.99,0.0,91.98
103826,1077,1,25.99,0.0,25.99
103827,1040,1,476.99,0.0,476.99
103828,1071,1,9.99,0.0,9.99
103828,1015,1,96.99,0.0,96.99
103829,1079,1,61.99,0.0,61.99
103829,1085,1,115.99,0.0,115.99
103829,1045,1,506.99,0.0,506.99
103830,1023,1,135.99,0.0,135.99
103831,1014,1,36.99,0.0,36.99
103832,1031,1,38.99,0.0,38.99
103833,1050,1,146.99,0.0,146.99
103833,1023,1,135.99,0.0,135.99
103833,1054,1,229.99,0.0,229.99
103834,1036,1,58.99,0.0,58.99
103834,1046,1,142.99,0.0,142.99
103835,1018,1,212.99,42.6,170.39000000000001
103835,1007,2,71.99,28.8,115.17999999999999
103836,1014,1,36.99,7.4,29.590000000000003
103837,1003,2,22.99,9.2,36.78
103838,1016,1,180.99,0.0,180.99
103839,1082,1,104.99,21.0,83.99
103839,1041,1,553.99,110.8,443.19
103840,1032,1,81.99,16.4,65.59
103841,1079,1,61.99,12.4,49.59
103842,1018,1,212.99,42.6,170.39000000000001
103843,1020,1,54.99,11.0,43.99
103843,1087,1,45.99,9.2,36.790000000000006
103844,1087,1,45.99,0.0,45.99
103844,1078,1,85.99,0.0,85.99
103845,1015,1,96.99,9.7,87.28999999999999
103846,1072,1,141.99,0.0,141.99
103846,1051,1,53.99,0.0,53.99
103847,1085,1,115.99,23.2,92.78999999999999
103848,1001,3,61.99,37.19,148.78
103849,1070,1,122.99,24.6,98.38999999999999
103849,1024,1,59.99,12.0,47.99
103849,1031,2,38.99,15.6,62.38
103850,1080,1,134.99,0.0,134.99
103851,1012,1,109.99,22.0,87.99
103851,1004,1,75.99,15.2,60.78999999999999
103852,1089,1,53.99,10.8,43.19
103853,1009,1,131.99,0.0,131.99
103853,1024,1,59.99,0.0,59.99
103854,1052,1,208.99,41.8,167.19
103855,1011,1,34.99,0.0,34.99
103856,1062,1,152.99,0.0,152.99
103856,1012,1,109.99,0.0,109.99
103857,1086,1,97.99,0.0,97.99
103858,1080,1,134.99,0.0,134.99
103859,1079,1,61.99,12.4,49.59
103860,1074,1,19.99,4.0,15.989999999999998
103861,1017,1,86.99,0.0,86.99
103861,1057,1,205.99,0.0,205.99
103861,1079,1,61.99,0.0,61.99
103861,1026,2,161.99,0.0,323.98
103862,1013,1,124.99,25.0,99.99
103863,1042,1,773.99,154.8,619.19
103863,1080,1,134.99,27.0,107.99000000000001
103864,1070,2,122.99,0.0,245.98
103864,1042,1,773.99,0.0,773.99
103865,1014,1,36.99,7.4,29.590000000000003
103866,1077,1,25.99,0.0,25.99
103866,1049,1,126.99,0.0,126.99
103866,1074,2,19.99,0.0,39.98
103867,1048,1,139.99,0.0,139.99
103868,1040,1,476.99,95.4,381.59000000000003
103869,1009,1,131.99,0.0,131.99
103869,1073,1,69.99,0.0,69.99
103870,1078,1,85.99,17.2,68.78999999999999
103871,1042,1,773.99,0.0,773.99
103871,1071,1,9.99,0.0,9.99
103872,1015,3,96.99,58.19,232.77999999999997
103872,1036,2,58.99,23.6,94.38
103872,1006,1,16.99,3.4,13.589999999999998
103872,1059,1,467.99,93.6,374.39
103873,1001,1,61.99,0.0,61.99
103874,1078,1,85.99,0.0,85.99
103875,1074,1,19.99,2.0,17.99
103876,1022,2,88.99,35.6,142.38
103877,1033,1,85.99,17.2,68.78999999999999
103877,1008,1,43.99,8.8,35.19
103878,1076,1,138.99,27.8,111.19000000000001
103878,1049,1,126.99,25.4,101.59
103879,1074,2,19.99,0.0,39.98
103879,1087,1,45.99,0.0,45.99
103880,1079,1,61.99,0.0,61.99
103881,1031,2,38.99,15.6,62.38
103881,1077,1,25.99,5.2,20.79
103882,1034,1,68.99,13.8,55.19
103882,1024,1,59.99,12.0,47.99
103883,1071,1,9.99,0.0,9.99
103883,1080,1,134.99,0.0,134.99
103884,1071,1,9.99,0.0,9.99
103885,1012,1,109.99,11.0,98.99
103885,1002,1,138.99,13.9,125.09
103886,1087,1,45.99,0.0,45.99
103887,1081,1,74.99,0.0,74.99
103887,1057,1,205.99,0.0,205.99
103887,1072,1,141.99,0.0,141.99
103887,1004,1,75.99,0.0,75.99
103888,1025,1,166.99,33.4,133.59
103888,1029,1,30.99,6.2,24.79
103889,1084,2,112.99,45.2,180.77999999999997
103890,1041,1,553.99,0.0,553.99
103891,1008,2,43.99,8.8,79.18
103892,1075,1,50.99,0.0,50.99
103892,1081,1,74.99,0.0,74.99
103893,1036,1,58.99,0.0,58.99
103894,1054,1,229.99,0.0,229.99
103894,1017,1,86.99,0.0,86.99
103895,1040,1,476.99,0.0,476.99
103896,1053,1,37.99,7.6,30.39
103897,1013,3,124.99,74.99,299.97999999999996
103897,1041,1,553.99,110.8,443.19
103898,1042,1,773.99,0.0,773.99
103898,1011,1,34.99,0.0,34.99
103899,1080,2,134.99,0.0,269.98
103900,1066,1,171.99,0.0,171.99
103900,1024,1,59.99,0.0,59.99
103900,1002,1,138.99,0.0,138.99
103900,1087,4,45.99,0.0,183.96
103901,1084,1,112.99,0.0,112.99
103901,1052,1,208.99,0.0,208.99
103901,1017,1,86.99,0.0,86.99
103901,1043,1,127.99,0.0,127.99
103902,1051,1,53.99,10.8,43.19
103902,1024,1,59.99,12.0,47.99
103902,1075,1,50.99,10.2,40.790000000000006
103903,1085,1,115.99,23.2,92.78999999999999
103903,1075,1,50.99,10.2,40.790000000000006
103904,1066,1,171.99,34.4,137.59
103905,1048,1,139.99,0.0,139.99
103906,1057,1,205.99,0.0,205.99
103906,1017,1,86.99,0.0,86.99
103906,1078,1,85.99,0.0,85.99
103906,1011,1,34.99,0.0,34.99
103907,1070,1,122.99,0.0,122.99
103908,1005,1,79.99,16.0,63.989999999999995
103908,1007,1,71.99,14.4,57.589999999999996
103909,1001,1,61.99,12.4,49.59
103909,1065,1,164.99,33.0,131.99
103909,1078,1,85.99,17.2,68.78999999999999
103910,1070,1,122.99,0.0,122.99
103911,1075,1,50.99,0.0,50.99
103912,1048,1,139.99,28.0,111.99000000000001
103912,1090,1,17.99,3.6,14.389999999999999
103913,1070,1,122.99,24.6,98.38999999999999
103914,1010,1,96.99,0.0,96.99
103915,1041,1,553.99,110.8,443.19
103916,1008,1,43.99,8.8,35.19
103916,1023,1,135.99,27.2,108.79
103916,1043,1,127.99,25.6,102.38999999999999
103917,1056,1,239.99,48.0,191.99
103918,1070,2,122.99,0.0,245.98
103919,1070,1,122.99,0.0,122.99
103919,1079,1,61.99,0.0,61.99
103919,1086,2,97.99,0.0,195.98
103919,1071,1,9.99,0.0,9.99
103920,1020,1,54.99,0.0,54.99
103921,1089,3,53.99,0.0,161.97
103922,1073,4,69.99,0.0,279.96
103922,1076,2,138.99,0.0,277.98
103923,1089,1,53.99,0.0,53.99
103923,1012,1,109.99,0.0,109.99
103924,1076,2,138.99,0.0,277.98
103925,1049,1,126.99,25.4,101.59
103925,1003,1,22.99,4.6,18.39
103925,1086,1,97.99,19.6,78.38999999999999
103925,1021,1,123.99,24.8,99.19
103926,1055,1,200.99,40.2,160.79000000000002
103927,1014,1,36.99,7.4,29.590000000000003
103928,1074,1,19.99,0.0,19.99
103928,1006,1,16.99,0.0,16.99
103928,1010,2,96.99,0.0,193.98
103929,1085,1,115.99,0.0,115.99
103930,1080,1,134.99,0.0,134.99
103931,1030,1,7.99,0.0,7.99
103931,1034,2,68.99,0.0,137.98
103932,1076,2,138.99,0.0,277.98
103932,1017,2,86.99,0.0,173.98
103933,1073,2,69.99,0.0,139.98
103934,1075,1,50.99,10.2,40.790000000000006
103935,1017,1,86.99,17.4,69.59
103936,1059,1,467.99,0.0,467.99
103937,1084,1,112.99,0.0,112.99
103938,1073,1,69.99,0.0,69.99
103938,1010,1,96.99,0.0,96.99
103938,1002,1,138.99,0.0,138.99
103938,1007,1,71.99,0.0,71.99
103939,1040,1,476.99,0.0,476.99
103939,1024,1,59.99,0.0,59.99
103940,1006,2,16.99,0.0,33.98
103941,1030,1,7.99,0.0,7.99
103942,1022,1,88.99,0.0,88.99
103943,1076,1,138.99,0.0,138.99
103944,1077,1,25.99,5.2,20.79
103944,1006,4,16.99,13.59,54.36999999999999
103944,1005,1,79.99,16.0,63.989999999999995
103945,1083,1,19.99,0.0,19.99
103946,1009,1,131.99,0.0,131.99
103947,1041,1,553.99,0.0,553.99
103947,1074,1,19.99,0.0,19.99
103948,1018,2,212.99,0.0,425.98
103949,1016,1,180.99,0.0,180.99
103949,1076,1,138.99,0.0,138.99
103950,1072,1,141.99,28.4,113.59
103951,1086,2,97.99,0.0,195.98
103952,1009,1,131.99,26.4,105.59
103952,1011,1,34.99,7.0,27.990000000000002
103953,1008,1,43.99,0.0,43.99
103954,1012,1,109.99,22.0,87.99
103955,1008,3,43.99,0.0,131.97
103955,1059,1,467.99,0.0,467.99
103955,1080,1,134.99,0.0,134.99
103956,1046,1,142.99,0.0,142.99
103957,1070,1,122.99,0.0,122.99
103958,1079,2,61.99,0.0,123.98
103958,1018,1,212.99,0.0,212.99
103959,1052,1,208.99,41.8,167.19
103960,1070,1,122.99,12.3,110.69
103960,1055,1,200.99,20.1,180.89000000000001
103960,1019,1,77.99,7.8,70.19
103961,1075,1,50.99,0.0,50.99
103961,1073,1,69.99,0.0,69.99
103962,1072,1,141.99,28.4,113.59
103963,1007,1,71.99,14.4,57.589999999999996
103964,1014,1,36.99,0.0,36.99
103965,1079,1,61.99,0.0,61.99
103966,1070,1,122.99,0.0,122.99
103967,1073,1,69.99,0.0,69.99
103968,1075,1,50.99,0.0,50.99
103968,1077,1,25.99,0.0,25.99
103969,1036,1,58.99,0.0,58.99
103970,1076,1,138.99,27.8,111.19000000000001
103970,1007,2,71.99,28.8,115.17999999999999
103970,1078,1,85.99,17.2,68.78999999999999
103971,1005,1,79.99,0.0,79.99
103971,1031,2,38.99,0.0,77.98
103971,1085,1,115.99,0.0,115.99
103972,1058,1,93.99,0.0,93.99
103973,1070,1,122.99,24.6,98.38999999999999
103974,1080,1,134.99,27.0,107.99000000000001
103974,1085,1,115.99,23.2,92.78999999999999
103975,1078,2,85.99,0.0,171.98
103975,1008,1,43.99,0.0,43.99
103976,1078,1,85.99,17.2,68.78999999999999
103976,1026,1,161.99,32.4,129.59
103976,1030,3,7.99,4.79,19.18
103977,1070,1,122.99,24.6,98.38999999999999
103977,1023,1,135.99,27.2,108.79
103978,1077,1,25.99,0.0,25.99
103978,1082,2,104.99,0.0,209.98
103979,1007,1,71.99,0.0,71.99
103979,1009,1,131.99,0.0,131.99
103980,1037,1,28.99,0.0,28.99
103981,1076,2,138.99,0.0,277.98
103982,1042,1,773.99,0.0,773.99
103983,1001,1,61.99,0.0,61.99
103983,1089,1,53.99,0.0,53.99
103984,1037,1,28.99,0.0,28.99
103984,1005,1,79.99,0.0,79.99
103985,1076,1,138.99,27.8,111.19000000000001
103985,1056,1,239.99,48.0,191.99
103986,1009,1,131.99,26.4,105.59
103986,1013,2,124.99,50.0,199.98
103987,1081,1,74.99,0.0,74.99
103988,1050,1,146.99,0.0,146.99
103989,1086,2,97.99,0.0,195.98
103989,1081,1,74.99,0.0,74.99
103989,1007,1,71.99,0.0,71.99
103990,1019,1,77.99,0.0,77.99
103990,1024,2,59.99,0.0,119.98
103991,1035,1,51.99,0.0,51.99
103991,1071,1,9.99,0.0,9.99
103991,1052,1,208.99,0.0,208.99
103992,1087,1,45.99,0.0,45.99
103992,1079,2,61.99,0.0,123.98
103993,1008,1,43.99,0.0,43.99
103993,1037,1,28.99,0.0,28.99
103994,1015,1,96.99,0.0,96.99
103994,1090,1,17.99,0.0,17.99
103995,1022,3,88.99,0.0,266.96999999999997
103996,1010,1,96.99,19.4,77.59
103997,1084,1,112.99,0.0,112.99
103998,1080,1,134.99,27.0,107.99000000000001
103999,1077,1,25.99,0.0,25.99
104000,1014,1,36.99,0.0,36.99
104001,1052,2,208.99,83.6,334.38
104002,1015,1,96.99,0.0,96.99
104003,1073,1,69.99,14.0,55.989999999999995
104004,1078,2,85.99,0.0,171.98
104005,1001,1,61.99,12.4,49.59
104005,1077,1,25.99,5.2,20.79
104006,1072,1,141.99,0.0,141.99
104006,1087,1,45.99,0.0,45.99
104007,1084,1,112.99,0.0,112.99
104008,1078,2,85.99,0.0,171.98
104008,1076,1,138.99,0.0,138.99
104009,1079,2,61.99,0.0,123.98
104010,1009,1,131.99,0.0,131.99
104011,1034,1,68.99,0.0,68.99
104012,1011,1,34.99,7.0,27.990000000000002
104013,1073,4,69.99,0.0,279.96
104013,1060,1,134.99,0.0,134.99
104013,1070,2,122.99,0.0,245.98
104014,1021,1,123.99,0.0,123.99
104014,1081,4,74.99,0.0,299.96
104015,1053,1,37.99,0.0,37.99
104016,1014,1,36.99,7.4,29.590000000000003
104016,1055,2,200.99,80.4,321.58000000000004
104017,1007,1,71.99,0.0,71.99
104017,1009,4,131.99,0.0,527.96
104018,1073,1,69.99,0.0,69.99
104018,1031,1,38.99,0.0,38.99
104019,1025,1,166.99,0.0,166.99
104019,1042,1,773.99,0.0,773.99
104020,1082,1,104.99,21.0,83.99
104020,1070,1,122.99,24.6,98.38999999999999
104020,1054,2,229.99,92.0,367.98
104021,1032,1,81.99,16.4,65.59
104021,1090,1,17.99,3.6,14.389999999999999
104021,1014,1,36.99,7.4,29.590000000000003
104022,1071,2,9.99,0.0,19.98
104023,1034,2,68.99,27.6,110.38
104024,1081,1,74.99,0.0,74.99
104025,1061,1,45.99,0.0,45.99
104026,1007,1,71.99,0.0,71.99
104026,1008,1,43.99,0.0,43.99
104026,1051,3,53.99,0.0,161.97
104026,1012,1,109.99,0.0,109.99
104027,1012,2,109.99,0.0,219.98
104027,1076,1,138.99,0.0,138.99
104027,1013,1,124.99,0.0,124.99
104027,1039,1,483.99,0.0,483.99
104028,1034,1,68.99,13.8,55.19
104028,1006,1,16.99,3.4,13.589999999999998
104029,1074,1,19.99,4.0,15.989999999999998
104030,1035,1,51.99,10.4,41.59
104030,1016,1,180.99,36.2,144.79000000000002
104030,1032,1,81.99,16.4,65.59
104031,1040,1,476.99,0.0,476.99
104032,1024,1,59.99,0.0,59.99
104033,1077,1,25.99,5.2,20.79
104033,1011,1,34.99,7.0,27.990000000000002
104033,1058,2,93.99,37.6,150.38
104034,1005,2,79.99,0.0,159.98
104034,1035,1,51.99,0.0,51.99
104034,1023,1,135.99,0.0,135.99
104035,1064,2,153.99,0.0,307.98
104035,1048,1,139.99,0.0,139.99
104035,1018,1,212.99,0.0,212.99
104035,1057,1,205.99,0.0,205.99
104036,1043,1,127.99,25.6,102.38999999999999
104037,1089,3,53.99,32.39,129.57999999999998
104037,1016,1,180.99,36.2,144.79000000000002
104038,1074,1,19.99,0.0,19.99
104039,1007,4,71.99,0.0,287.96
104039,1079,1,61.99,0.0,61.99
104039,1078,1,85.99,0.0,85.99
104040,1041,1,553.99,0.0,553.99
104041,1089,1,53.99,10.8,43.19
104042,1029,1,30.99,6.2,24.79
104043,1054,1,229.99,0.0,229.99
104043,1046,1,142.99,0.0,142.99
104043,1004,1,75.99,0.0,75.99
104043,1083,1,19.99,0.0,19.99
104044,1075,1,50.99,10.2,40.790000000000006
104044,1022,1,88.99,17.8,71.19
104045,1072,1,141.99,0.0,141.99
104046,1073,1,69.99,14.0,55.989999999999995
104047,1074,1,19.99,0.0,19.99
104048,1003,1,22.99,0.0,22.99
104048,1020,1,54.99,0.0,54.99
104049,1022,1,88.99,0.0,88.99
104049,1014,3,36.99,0.0,110.97
104050,1047,1,194.99,0.0,194.99
104050,1070,1,122.99,0.0,122.99
104051,1003,1,22.99,0.0,22.99
104052,1043,1,127.99,0.0,127.99
104052,1003,1,22.99,0.0,22.99
104052,1072,1,141.99,0.0,141.99
104053,1072,1,141.99,0.0,141.99
104054,1081,1,74.99,15.0,59.989999999999995
104054,1077,1,25.99,5.2,20.79
104055,1007,2,71.99,28.8,115.17999999999999
104055,1017,1,86.99,17.4,69.59
104055,1038,1,313.99,62.8,251.19
104055,1020,2,54.99,22.0,87.98
104056,1010,1,96.99,0.0,96.99
104057,1071,1,9.99,0.0,9.99
104057,1087,1,45.99,0.0,45.99
104058,1010,1,96.99,0.0,96.99
104059,1078,3,85.99,51.59,206.37999999999997
104060,1042,1,773.99,154.8,619.19
104060,1009,1,131.99,26.4,105.59
104060,1078,1,85.99,17.2,68.78999999999999
104060,1015,1,96.99,19.4,77.59
104061,1028,2,77.99,0.0,155.98
104062,1074,1,19.99,0.0,19.99
104062,1008,1,43.99,0.0,43.99
104063,1090,1,17.99,0.0,17.99
104064,1076,1,138.99,0.0,138.99
104065,1079,1,61.99,12.4,49.59
104065,1070,1,122.99,24.6,98.38999999999999
104065,1081,1,74.99,15.0,59.989999999999995
104066,1009,1,131.99,0.0,131.99
104066,1015,1,96.99,0.0,96.99
104067,1068,1,49.99,0.0,49.99
104068,1074,1,19.99,0.0,19.99
104069,1006,1,16.99,0.0,16.99
104069,1055,1,200.99,0.0,200.99
104069,1008,1,43.99,0.0,43.99
104070,1075,1,50.99,0.0,50.99
104070,1088,1,20.99,0.0,20.99
104071,1058,1,93.99,18.8,75.19
104071,1079,2,61.99,24.8,99.18
104072,1036,2,58.99,23.6,94.38
104073,1006,1,16.99,0.0,16.99
104074,1051,1,53.99,0.0,53.99
104074,1053,1,37.99,0.0,37.99
104075,1015,1,96.99,19.4,77.59
104076,1052,1,208.99,41.8,167.19
104076,1008,1,43.99,8.8,35.19
104077,1086,1,97.99,9.8,88.19
104078,1038,1,313.99,62.8,251.19
104079,1042,1,773.99,0.0,773.99
104080,1081,1,74.99,15.0,59.989999999999995
104081,1073,2,69.99,14.0,125.97999999999999
104081,1079,1,61.99,6.2,55.79
104081,1074,2,19.99,4.0,35.98
104081,1026,2,161.99,32.4,291.58000000000004
104082,1076,1,138.99,0.0,138.99
104083,1073,2,69.99,28.0,111.97999999999999
104083,1005,1,79.99,16.0,63.989999999999995
104084,1090,1,17.99,0.0,17.99
104084,1007,1,71.99,0.0,71.99
104084,1009,1,131.99,0.0,131.99
104085,1032,1,81.99,0.0,81.99
104086,1040,1,476.99,0.0,476.99
104087,1024,1,59.99,0.0,59.99
104087,1022,1,88.99,0.0,88.99
104088,1001,1,61.99,12.4,49.59
104088,1082,1,104.99,21.0,83.99
104089,1033,1,85.99,17.2,68.78999999999999
104090,1078,1,85.99,0.0,85.99
104090,1010,1,96.99,0.0,96.99
104091,1027,3,90.99,0.0,272.96999999999997
104091,1080,1,134.99,0.0,134.99
104092,1088,1,20.99,0.0,20.99
104092,1046,1,142.99,0.0,142.99
104092,1017,3,86.99,0.0,260.96999999999997
104093,1074,2,19.99,0.0,39.98
104094,1083,4,19.99,0.0,79.96
104095,1034,2,68.99,0.0,137.98
104096,1079,2,61.99,0.0,123.98
104096,1073,1,69.99,0.0,69.99
104097,1079,1,61.99,0.0,61.99
104097,1032,1,81.99,0.0,81.99
104098,1018,2,212.99,0.0,425.98
104098,1090,2,17.99,0.0,35.98
104099,1074,1,19.99,0.0,19.99
104100,1020,1,54.99,0.0,54.99
104101,1038,1,313.99,0.0,313.99
104101,1024,1,59.99,0.0,59.99
104102,1081,1,74.99,0.0,74.99
104103,1005,1,79.99,0.0,79.99
104103,1090,1,17.99,0.0,17.99
104103,1035,2,51.99,0.0,103.98
104103,1085,1,115.99,0.0,115.99
104104,1011,1,34.99,0.0,34.99
104104,1083,1,19.99,0.0,19.99
104105,1079,1,61.99,0.0,61.99
104106,1009,1,131.99,0.0,131.99
104107,1038,1,313.99,0.0,313.99
104107,1078,1,85.99,0.0,85.99
104107,1072,1,141.99,0.0,141.99
104108,1087,1,45.99,9.2,36.790000000000006
104109,1024,1,59.99,0.0,59.99
104110,1006,1,16.99,0.0,16.99
104111,1080,1,134.99,0.0,134.99
104112,1030,1,7.99,1.6,6.390000000000001
104113,1021,2,123.99,49.6,198.38
104114,1075,1,50.99,0.0,50.99
104115,1081,1,74.99,0.0,74.99
104115,1074,1,19.99,0.0,19.99
104116,1075,1,50.99,0.0,50.99
104117,1024,1,59.99,0.0,59.99
104117,1012,3,109.99,0.0,329.96999999999997
104117,1074,1,19.99,0.0,19.99
104118,1012,4,109.99,0.0,439.96
104119,1076,1,138.99,27.8,111.19000000000001
104119,1018,1,212.99,42.6,170.39000000000001
104119,1074,1,19.99,4.0,15.989999999999998
104119,1017,1,86.99,17.4,69.59
104120,1021,1,123.99,0.0,123.99
104121,1019,1,77.99,15.6,62.38999999999999
104122,1014,1,36.99,7.4,29.590000000000003
104122,1084,1,112.99,22.6,90.38999999999999
104123,1030,2,7.99,0.0,15.98
104123,1078,1,85.99,0.0,85.99
104124,1084,1,112.99,22.6,90.38999999999999
104124,1018,1,212.99,42.6,170.39000000000001
104125,1024,1,59.99,12.0,47.99
104125,1088,1,20.99,4.2,16.79
104126,1083,1,19.99,0.0,19.99
104126,1035,1,51.99,0.0,51.99
104126,1013,1,124.99,0.0,124.99
104126,1055,1,200.99,0.0,200.99
104127,1090,1,17.99,0.0,17.99
104128,1048,1,139.99,0.0,139.99
104129,1030,3,7.99,4.79,19.18
104129,1051,1,53.99,10.8,43.19
104130,1005,1,79.99,16.0,63.989999999999995
104130,1028,1,77.99,15.6,62.38999999999999
104131,1076,1,138.99,27.8,111.19000000000001
104132,1067,1,34.99,7.0,27.990000000000002
104132,1082,1,104.99,21.0,83.99
104133,1013,1,124.99,25.0,99.99
104134,1077,2,25.99,10.4,41.58
104135,1037,1,28.99,2.9,26.09
104136,1036,1,58.99,0.0,58.99
104137,1070,1,122.99,0.0,122.99
104137,1076,1,138.99,0.0,138.99
104138,1027,1,90.99,9.1,81.89
104139,1079,1,61.99,0.0,61.99
104140,1071,1,9.99,0.0,9.99
104141,1071,3,9.99,0.0,29.97
104142,1055,1,200.99,20.1,180.89000000000001
104142,1015,1,96.99,9.7,87.28999999999999
104142,1074,1,19.99,2.0,17.99
104142,1019,1,77.99,7.8,70.19
104143,1047,1,194.99,0.0,194.99
104144,1080,1,134.99,27.0,107.99000000000001
104145,1074,1,19.99,4.0,15.989999999999998
104146,1014,1,36.99,0.0,36.99
104146,1070,1,122.99,0.0,122.99
104146,1078,1,85.99,0.0,85.99
104146,1081,1,74.99,0.0,74.99
104147,1075,1,50.99,0.0,50.99
104147,1009,2,131.99,0.0,263.98
104147,1005,3,79.99,0.0,239.96999999999997
104148,1002,1,138.99,0.0,138.99
104149,1024,1,59.99,12.0,47.99
104150,1028,1,77.99,0.0,77.99
104150,1003,1,22.99,0.0,22.99
104151,1002,1,138.99,0.0,138.99
104151,1032,1,81.99,0.0,81.99
104151,1001,1,61.99,0.0,61.99
104151,1080,2,134.99,0.0,269.98
104152,1060,1,134.99,0.0,134.99
104153,1022,1,88.99,17.8,71.19
104154,1045,1,506.99,0.0,506.99
104155,1070,1,122.99,24.6,98.38999999999999
104155,1022,1,88.99,17.8,71.19
104156,1012,1,109.99,22.0,87.99
104156,1019,1,77.99,15.6,62.38999999999999
104156,1070,1,122.99,24.6,98.38999999999999
104157,1022,1,88.99,17.8,71.19
104157,1014,1,36.99,7.4,29.590000000000003
104158,1079,1,61.99,0.0,61.99
104159,1021,1,123.99,24.8,99.19
104160,1074,2,19.99,0.0,39.98
104161,1031,2,38.99,15.6,62.38
104161,1007,2,71.99,28.8,115.17999999999999
104162,1029,2,30.99,0.0,61.98
104163,1017,1,86.99,0.0,86.99
104164,1071,1,9.99,0.0,9.99
104164,1007,1,71.99,0.0,71.99
104164,1077,1,25.99,0.0,25.99
104165,1030,3,7.99,4.79,19.18
104166,1081,1,74.99,0.0,74.99
104166,1070,1,122.99,0.0,122.99
104167,1083,1,19.99,2.0,17.99
104167,1028,1,77.99,7.8,70.19
104167,1080,1,134.99,13.5,121.49000000000001
104168,1074,1,19.99,0.0,19.99
104168,1039,1,483.99,0.0,483.99
104169,1055,1,200.99,0.0,200.99
104170,1001,1,61.99,0.0,61.99
104170,1076,1,138.99,0.0,138.99
104171,1032,1,81.99,16.4,65.59
104172,1083,1,19.99,4.0,15.989999999999998
104173,1034,1,68.99,0.0,68.99
104174,1077,3,25.99,15.59,62.379999999999995
104175,1015,2,96.99,38.8,155.18
104176,1010,1,96.99,0.0,96.99
104176,1086,1,97.99,0.0,97.99
104177,1042,1,773.99,0.0,773.99
104178,1042,1,773.99,0.0,773.99
104179,1032,1,81.99,16.4,65.59
104180,1008,1,43.99,8.8,35.19
104180,1072,2,141.99,56.8,227.18
104181,1076,2,138.99,0.0,277.98
104181,1088,2,20.99,0.0,41.98
104181,1010,1,96.99,0.0,96.99
104182,1031,1,38.99,7.8,31.19
104182,1002,1,138.99,27.8,111.19000000000001
104182,1034,2,68.99,27.6,110.38
104182,1020,1,54.99,11.0,43.99
104183,1010,1,96.99,0.0,96.99
104184,1073,1,69.99,0.0,69.99
104184,1007,1,71.99,0.0,71.99
104185,1074,1,19.99,0.0,19.99
104186,1023,1,135.99,27.2,108.79
104186,1076,1,138.99,27.8,111.19000000000001
104186,1015,1,96.99,19.4,77.59
104186,1074,1,19.99,4.0,15.989999999999998
104187,1001,1,61.99,0.0,61.99
104188,1009,1,131.99,0.0,131.99
104188,1032,1,81.99,0.0,81.99
104189,1058,1,93.99,0.0,93.99
104190,1081,1,74.99,15.0,59.989999999999995
104190,1080,1,134.99,27.0,107.99000000000001
104191,1014,1,36.99,7.4,29.590000000000003
104192,1022,2,88.99,35.6,142.38
104192,1075,1,50.99,10.2,40.790000000000006
104193,1007,2,71.99,0.0,143.98
104193,1071,4,9.99,0.0,39.96
104194,1034,1,68.99,6.9,62.089999999999996
104195,1007,2,71.99,0.0,143.98
104195,1082,1,104.99,0.0,104.99
104196,1085,1,115.99,0.0,115.99
104196,1039,1,483.99,0.0,483.99
104197,1005,1,79.99,0.0,79.99
104198,1010,1,96.99,0.0,96.99
104199,1081,4,74.99,0.0,299.96
104199,1074,4,19.99,0.0,79.96
104200,1003,2,22.99,0.0,45.98
104201,1049,1,126.99,0.0,126.99
104202,1073,1,69.99,0.0,69.99
104203,1070,1,122.99,0.0,122.99
104204,1058,1,93.99,0.0,93.99
104204,1057,1,205.99,0.0,205.99
104205,1078,1,85.99,0.0,85.99
104206,1020,1,54.99,11.0,43.99
104206,1024,1,59.99,12.0,47.99
104206,1023,3,135.99,81.59,326.38
104207,1029,1,30.99,6.2,24.79
104208,1037,1,28.99,5.8,23.189999999999998
104208,1057,1,205.99,41.2,164.79000000000002
104209,1060,1,134.99,0.0,134.99
104209,1001,1,61.99,0.0,61.99
104210,1020,2,54.99,22.0,87.98
104210,1034,1,68.99,13.8,55.19
104210,1015,1,96.99,19.4,77.59
104211,1071,2,9.99,4.0,15.98
104211,1043,1,127.99,25.6,102.38999999999999
104212,1040,1,476.99,95.4,381.59000000000003
104212,1055,2,200.99,80.4,321.58000000000004
104212,1002,1,138.99,27.8,111.19000000000001
104212,1013,2,124.99,50.0,199.98
104213,1082,1,110.24,0.0,110.24
104213,1004,1,79.79,0.0,79.79
104213,1079,2,61.99,0.0,123.98
104213,1090,3,18.89,0.0,56.67
104214,1055,1,211.04,0.0,211.04
104215,1079,1,65.09,0.0,65.09
104216,1051,1,56.69,0.0,56.69
104217,1090,1,18.89,0.0,18.89
104217,1026,3,170.09,0.0,510.27
104217,1047,1,204.74,0.0,204.74
104218,1002,3,145.94,0.0,437.82
104218,1022,1,93.44,0.0,93.44
104219,1028,1,81.89,0.0,81.89
104219,1036,1,61.94,0.0,61.94
104219,1017,1,91.34,0.0,91.34
104219,1005,2,83.99,0.0,167.98
104220,1040,1,500.84,0.0,500.84
104221,1006,1,17.84,0.0,17.84
104221,1016,1,190.04,0.0,190.04
104222,1007,1,75.59,0.0,75.59
104223,1080,1,141.74,0.0,141.74
104224,1086,1,102.89,10.29,92.6
104225,1044,1,556.49,0.0,556.49
104226,1003,1,24.14,0.0,24.14
104226,1027,1,95.54,0.0,95.54
104227,1028,1,81.89,0.0,81.89
104228,1024,1,62.99,0.0,62.99
104229,1087,1,48.29,0.0,48.29
104230,1029,2,32.54,0.0,65.08
104230,1044,1,556.49,0.0,556.49
104230,1085,1,115.99,0.0,115.99
104231,1075,2,53.54,0.0,107.08
104232,1029,1,32.54,0.0,32.54
104232,1037,1,30.44,0.0,30.44
104232,1031,1,40.94,0.0,40.94
104232,1030,1,8.39,0.0,8.39
104233,1037,1,30.44,0.0,30.44
104234,1083,1,20.99,0.0,20.99
104234,1049,1,133.34,0.0,133.34
104235,1054,2,241.49,0.0,482.98
104236,1058,1,98.69,0.0,98.69
104237,1083,1,20.99,0.0,20.99
104237,1007,1,75.59,0.0,75.59
104238,1052,1,219.44,0.0,219.44
104238,1032,1,86.09,0.0,86.09
104239,1015,2,101.84,0.0,203.68
104239,1021,1,130.19,0.0,130.19
104239,1038,1,329.69,0.0,329.69
104240,1019,1,81.89,0.0,81.89
104240,1058,1,98.69,0.0,98.69
104241,1036,1,61.94,0.0,61.94
104242,1014,1,38.84,0.0,38.84
104243,1053,1,37.99,0.0,37.99
104243,1011,1,36.74,0.0,36.74
104243,1080,1,141.74,0.0,141.74
104244,1071,1,10.49,0.0,10.49
104245,1016,2,190.04,0.0,380.08
104245,1009,4,138.59,0.0,554.36
104246,1076,2,145.94,0.0,291.88
104246,1029,1,32.54,0.0,32.54
104246,1057,1,216.29,0.0,216.29
104247,1045,1,532.34,0.0,532.34
104247,1062,1,160.64,0.0,160.64
104248,1001,1,65.09,0.0,65.09
104248,1015,1,101.84,0.0,101.84
104248,1074,2,20.99,0.0,41.98
104248,1065,1,173.24,0.0,173.24
104249,1054,3,241.49,0.0,724.47
104250,1072,1,149.09,0.0,149.09
104250,1001,1,65.09,0.0,65.09
104251,1032,1,86.09,8.61,77.48
104251,1009,1,138.59,13.86,124.73
104252,1016,1,190.04,0.0,190.04
104252,1041,1,581.69,0.0,581.69
104252,1066,1,180.59,0.0,180.59
104252,1086,1,102.89,0.0,102.89
104253,1037,1,30.44,0.0,30.44
104254,1084,1,118.64,0.0,118.64
104254,1020,2,57.74,0.0,115.48
104254,1032,1,86.09,0.0,86.09
104254,1049,1,133.34,0.0,133.34
104255,1005,1,83.99,0.0,83.99
104256,1050,2,154.34,0.0,308.68
104256,1034,1,72.44,0.0,72.44
104257,1007,1,75.59,7.56,68.03
104258,1048,1,146.99,0.0,146.99
104259,1072,1,149.09,14.91,134.18
104260,1035,1,54.59,0.0,54.59
104260,1073,3,73.49,0.0,220.46999999999997
104260,1036,1,61.94,0.0,61.94
104261,1086,1,102.89,0.0,102.89
104262,1084,1,118.64,0.0,118.64
104263,1080,1,141.74,0.0,141.74
104264,1077,3,27.29,0.0,81.87
104264,1074,1,20.99,0.0,20.99
104265,1050,1,154.34,0.0,154.34
104266,1085,1,121.79,0.0,121.79
104266,1050,1,154.34,0.0,154.34
104266,1056,1,251.99,0.0,251.99
104267,1070,1,129.14,0.0,129.14
104268,1027,1,95.54,0.0,95.54
104269,1026,1,170.09,0.0,170.09
104269,1009,1,138.59,0.0,138.59
104270,1062,2,160.64,0.0,321.28
104270,1077,1,27.29,0.0,27.29
104271,1049,1,133.34,0.0,133.34
104272,1004,1,79.79,0.0,79.79
104272,1005,3,83.99,0.0,251.96999999999997
104272,1038,1,329.69,0.0,329.69
104272,1003,1,24.14,0.0,24.14
104273,1042,1,812.69,81.27,731.4200000000001
104274,1009,1,138.59,0.0,138.59
104274,1087,1,48.29,0.0,48.29
104275,1009,1,138.59,0.0,138.59
104276,1017,1,91.34,9.13,82.21000000000001
104277,1047,1,204.74,0.0,204.74
104277,1070,1,129.14,0.0,129.14
104278,1002,1,145.94,0.0,145.94
104278,1028,1,81.89,0.0,81.89
104278,1086,1,102.89,0.0,102.89
104278,1084,2,112.99,0.0,225.98
104279,1006,1,17.84,0.0,17.84
104279,1004,2,79.79,0.0,159.58
104280,1034,1,72.44,0.0,72.44
104280,1013,1,131.24,0.0,131.24
104280,1007,1,75.59,0.0,75.59
104281,1013,1,131.24,13.12,118.12
104282,1080,1,141.74,0.0,141.74
104283,1047,1,204.74,0.0,204.74
104283,1057,1,216.29,0.0,216.29
104284,1052,1,219.44,0.0,219.44
104284,1055,3,211.04,0.0,633.12
104284,1072,1,149.09,0.0,149.09
104285,1049,1,133.34,0.0,133.34
104286,1073,1,73.49,0.0,73.49
104286,1019,1,81.89,0.0,81.89
104287,1072,2,149.09,0.0,298.18
104287,1082,3,110.24,0.0,330.71999999999997
104288,1047,1,204.74,0.0,204.74
104289,1069,1,28.34,0.0,28.34
104290,1086,1,102.89,0.0,102.89
104291,1086,1,102.89,0.0,102.89
104291,1055,1,211.04,0.0,211.04
104291,1002,1,145.94,0.0,145.94
104292,1021,1,123.99,0.0,123.99
104293,1030,1,8.39,0.0,8.39
104293,1044,1,556.49,0.0,556.49
104293,1004,1,79.79,0.0,79.79
104293,1042,1,812.69,0.0,812.69
104294,1078,1,90.29,0.0,90.29
104294,1075,1,53.54,0.0,53.54
104295,1053,2,39.89,0.0,79.78
104296,1019,3,81.89,0.0,245.67000000000002
104296,1089,1,53.99,0.0,53.99
104296,1036,1,61.94,0.0,61.94
104296,1027,1,95.54,0.0,95.54
104297,1089,2,56.69,0.0,113.38
104298,1084,1,118.64,0.0,118.64
104299,1051,2,56.69,0.0,113.38
104300,1006,2,17.84,0.0,35.68
104301,1058,2,98.69,0.0,197.38
104301,1056,1,251.99,0.0,251.99
104302,1056,1,251.99,0.0,251.99
104302,1015,1,101.84,0.0,101.84
104303,1057,1,216.29,0.0,216.29
104303,1089,1,56.69,0.0,56.69
104303,1021,1,130.19,0.0,130.19
104304,1034,1,72.44,0.0,72.44
104304,1076,1,145.94,0.0,145.94
104304,1039,1,508.19,0.0,508.19
104305,1002,1,145.94,0.0,145.94
104306,1014,1,38.84,0.0,38.84
104306,1053,1,37.99,0.0,37.99
104306,1072,1,149.09,0.0,149.09
104307,1064,2,161.69,0.0,323.38
104307,1051,2,56.69,0.0,113.38
104307,1081,1,78.74,0.0,78.74
104308,1086,1,102.89,0.0,102.89
104308,1008,1,46.19,0.0,46.19
104309,1052,1,219.44,0.0,219.44
104309,1076,1,145.94,0.0,145.94
104310,1013,2,131.24,0.0,262.48
104310,1023,2,142.79,0.0,285.58
104310,1090,1,18.89,0.0,18.89
104310,1074,2,20.99,0.0,41.98
104311,1058,1,98.69,0.0,98.69
104311,1021,1,130.19,0.0,130.19
104312,1056,1,251.99,0.0,251.99
104313,1089,1,56.69,0.0,56.69
104314,1006,2,17.84,0.0,35.68
104315,1019,1,81.89,0.0,81.89
104316,1070,1,129.14,0.0,129.14
104316,1054,1,241.49,0.0,241.49
104316,1034,1,72.44,0.0,72.44
104316,1020,1,57.74,0.0,57.74
104317,1078,2,90.29,0.0,180.58
104317,1005,2,83.99,0.0,167.98
104318,1015,1,101.84,0.0,101.84
104319,1005,1,83.99,0.0,83.99
104320,1057,1,216.29,0.0,216.29
104321,1076,1,145.94,0.0,145.94
104321,1032,1,86.09,0.0,86.09
104321,1036,1,61.94,0.0,61.94
104321,1010,1,101.84,0.0,101.84
104322,1081,2,78.74,0.0,157.48
104323,1016,1,190.04,0.0,190.04
104324,1010,1,101.84,0.0,101.84
104325,1055,1,211.04,0.0,211.04
104325,1049,1,133.34,0.0,133.34
104326,1072,1,149.09,0.0,149.09
104326,1084,2,118.64,0.0,237.28
104327,1029,1,32.54,0.0,32.54
104327,1022,2,93.44,0.0,186.88
104328,1073,1,73.49,0.0,73.49
104329,1064,1,161.69,0.0,161.69
104329,1012,1,115.49,0.0,115.49
104329,1007,1,75.59,0.0,75.59
104329,1009,1,138.59,0.0,138.59
104330,1009,1,138.59,0.0,138.59
104331,1001,1,65.09,6.51,58.580000000000005
104332,1072,1,149.09,0.0,149.09
104332,1016,1,190.04,0.0,190.04
104333,1001,1,65.09,0.0,65.09
104334,1025,2,175.34,0.0,350.68
104334,1030,1,8.39,0.0,8.39
104335,1055,1,211.04,0.0,211.04
104335,1077,4,27.29,0.0,109.16
104335,1012,1,115.49,0.0,115.49
104336,1074,1,20.99,0.0,20.99
104337,1088,1,22.04,0.0,22.04
104338,1054,1,241.49,24.15,217.34
104339,1010,1,101.84,0.0,101.84
104339,1013,1,131.24,0.0,131.24
104340,1083,3,20.99,0.0,62.97
104341,1036,1,61.94,0.0,61.94
104342,1045,1,532.34,0.0,532.34
104343,1074,1,20.99,0.0,20.99
104344,1050,1,154.34,0.0,154.34
104344,1077,1,27.29,0.0,27.29
104344,1023,1,142.79,0.0,142.79
104344,1076,1,145.94,0.0,145.94
104345,1085,2,121.79,0.0,243.58
104345,1084,1,118.64,0.0,118.64
104346,1033,2,90.29,0.0,180.58
104346,1027,2,95.54,0.0,191.08
104347,1021,1,130.19,0.0,130.19
104348,1076,1,145.94,0.0,145.94
104349,1073,1,73.49,0.0,73.49
104350,1078,1,90.29,0.0,90.29
104351,1010,1,101.84,0.0,101.84
104351,1044,1,556.49,0.0,556.49
104352,1090,1,18.89,0.0,18.89
104353,1013,1,131.24,0.0,131.24
104354,1017,1,91.34,0.0,91.34
104355,1016,1,190.04,0.0,190.04
104356,1088,1,22.04,0.0,22.04
104356,1015,2,101.84,0.0,203.68
104356,1073,1,73.49,0.0,73.49
104357,1006,1,17.84,0.0,17.84
104357,1088,1,22.04,0.0,22.04
104358,1089,1,56.69,0.0,56.69
104359,1032,3,86.09,0.0,258.27
104359,1009,1,138.59,0.0,138.59
104359,1011,1,36.74,0.0,36.74
104360,1071,2,10.49,2.1,18.88
104361,1021,1,130.19,0.0,130.19
104362,1011,1,36.74,0.0,36.74
104362,1090,1,18.89,0.0,18.89
104363,1008,3,46.19,0.0,138.57
104363,1044,1,556.49,0.0,556.49
104364,1018,1,223.64,0.0,223.64
104365,1025,1,175.34,0.0,175.34
104365,1017,1,91.34,0.0,91.34
104366,1016,1,190.04,19.0,171.04
104366,1020,1,57.74,5.77,51.97
104367,1011,1,36.74,0.0,36.74
104368,1017,1,91.34,0.0,91.34
104369,1077,1,27.29,0.0,27.29
104369,1037,1,30.44,0.0,30.44
104369,1080,1,141.74,0.0,141.74
104369,1006,1,17.84,0.0,17.84
104370,1076,1,145.94,0.0,145.94
104371,1071,1,10.49,0.0,10.49
104372,1085,1,121.79,0.0,121.79
104372,1028,1,81.89,0.0,81.89
104373,1034,2,72.44,0.0,144.88
104374,1074,1,20.99,0.0,20.99
104375,1084,1,118.64,0.0,118.64
104375,1073,1,73.49,0.0,73.49
104376,1086,1,102.89,0.0,102.89
104377,1026,2,170.09,0.0,340.18
104378,1073,1,73.49,0.0,73.49
104379,1027,1,95.54,0.0,95.54
104379,1037,1,30.44,0.0,30.44
104379,1072,1,149.09,0.0,149.09
104380,1078,1,90.29,0.0,90.29
104381,1021,3,130.19,0.0,390.57
104381,1001,1,65.09,0.0,65.09
104381,1027,2,95.54,0.0,191.08
104382,1072,2,149.09,0.0,298.18
104383,1031,1,40.94,0.0,40.94
104383,1022,1,93.44,0.0,93.44
104383,1073,3,73.49,0.0,220.46999999999997
104384,1012,1,115.49,0.0,115.49
104385,1017,2,91.34,0.0,182.68
104385,1037,1,30.44,0.0,30.44
104386,1085,1,121.79,12.18,109.61000000000001
104387,1006,1,17.84,0.0,17.84
104387,1008,1,46.19,0.0,46.19
104388,1087,1,48.29,0.0,48.29
104389,1001,1,65.09,0.0,65.09
104390,1036,1,61.94,0.0,61.94
104390,1087,1,48.29,0.0,48.29
104391,1050,1,154.34,0.0,154.34
104392,1084,2,118.64,0.0,237.28
104392,1062,1,160.64,0.0,160.64
104392,1043,1,134.39,0.0,134.39
104392,1072,1,149.09,0.0,149.09
104393,1071,1,10.49,0.0,10.49
104394,1051,1,56.69,0.0,56.69
104395,1024,1,62.99,0.0,62.99
104396,1035,1,54.59,0.0,54.59
104396,1086,1,102.89,0.0,102.89
104396,1016,1,190.04,0.0,190.04
104396,1013,2,131.24,0.0,262.48
104397,1005,1,83.99,0.0,83.99
104398,1049,1,133.34,0.0,133.34
104399,1014,1,38.84,0.0,38.84
104399,1083,2,20.99,0.0,41.98
104400,1027,1,95.54,0.0,95.54
104401,1080,1,141.74,0.0,141.74
104402,1090,1,18.89,0.0,18.89
104403,1053,1,39.89,0.0,39.89
104403,1043,1,134.39,0.0,134.39
104403,1016,1,190.04,0.0,190.04
104404,1070,1,129.14,0.0,129.14
104404,1010,3,101.84,0.0,305.52
104405,1036,1,61.94,0.0,61.94
104406,1008,1,46.19,0.0,46.19
104406,1086,2,102.89,0.0,205.78
104407,1076,1,145.94,0.0,145.94
104408,1010,1,101.84,0.0,101.84
104408,1090,1,18.89,0.0,18.89
104409,1011,2,36.74,0.0,73.48
104410,1044,1,556.49,0.0,556.49
104410,1075,1,50.99,0.0,50.99
104411,1073,1,73.49,7.35,66.14
104411,1017,1,91.34,9.13,82.21000000000001
104412,1013,1,131.24,0.0,131.24
104413,1075,1,53.54,0.0,53.54
104414,1057,1,216.29,0.0,216.29
104414,1014,1,38.84,0.0,38.84
104414,1086,2,102.89,0.0,205.78
104415,1037,1,30.44,0.0,30.44
104416,1057,1,216.29,0.0,216.29
104416,1049,1,133.34,0.0,133.34
104416,1023,2,142.79,0.0,285.58
104417,1087,1,48.29,4.83,43.46
104418,1011,1,36.74,0.0,36.74
104419,1084,1,118.64,0.0,118.64
104419,1085,1,121.79,0.0,121.79
104420,1004,1,79.79,0.0,79.79
104420,1037,1,30.44,0.0,30.44
104421,1005,1,83.99,0.0,83.99
104421,1078,1,90.29,0.0,90.29
104422,1002,1,145.94,0.0,145.94
104422,1054,1,241.49,0.0,241.49
104423,1090,1,18.89,1.89,17.0
104424,1051,2,56.69,0.0,113.38
104424,1006,2,17.84,0.0,35.68
104425,1037,1,30.44,0.0,30.44
104426,1015,1,101.84,0.0,101.84
104426,1085,1,121.79,0.0,121.79
104427,1079,1,65.09,0.0,65.09
104427,1024,1,62.99,0.0,62.99
104428,1029,1,32.54,0.0,32.54
104429,1031,1,40.94,0.0,40.94
104429,1020,1,57.74,0.0,57.74
104429,1012,1,115.49,0.0,115.49
104430,1053,2,39.89,0.0,79.78
104431,1027,1,95.54,0.0,95.54
104431,1085,1,121.79,0.0,121.79
104431,1087,2,48.29,0.0,96.58
104431,1071,1,10.49,0.0,10.49
104432,1083,1,20.99,2.1,18.889999999999997
104432,1054,1,241.49,24.15,217.34
104432,1022,1,93.44,9.34,84.1
104433,1084,1,118.64,0.0,118.64
104433,1051,1,56.69,0.0,56.69
104433,1081,1,78.74,0.0,78.74
104434,1052,1,219.44,0.0,219.44
104435,1026,1,170.09,17.01,153.08
104435,1017,1,91.34,9.13,82.21000000000001
104435,1084,1,118.64,11.86,106.78
104436,1086,1,102.89,0.0,102.89
104436,1071,1,10.49,0.0,10.49
104436,1008,2,46.19,0.0,92.38
104437,1005,1,83.99,0.0,83.99
104438,1010,2,101.84,0.0,203.68
104438,1044,1,556.49,0.0,556.49
104439,1024,1,62.99,0.0,62.99
104440,1088,1,20.99,0.0,20.99
104440,1085,1,121.79,0.0,121.79
104441,1075,1,53.54,0.0,53.54
104442,1016,1,190.04,0.0,190.04
104442,1080,1,141.74,0.0,141.74
104443,1037,1,30.44,0.0,30.44
104444,1072,1,149.09,0.0,149.09
104445,1011,2,36.74,0.0,73.48
104445,1035,1,54.59,0.0,54.59
104446,1005,1,83.99,0.0,83.99
104447,1015,1,101.84,0.0,101.84
104447,1028,1,81.89,0.0,81.89
104447,1020,1,57.74,0.0,57.74
104448,1027,1,95.54,0.0,95.54
104449,1037,1,30.44,0.0,30.44
104449,1077,1,27.29,0.0,27.29
104449,1090,1,18.89,0.0,18.89
104450,1087,1,48.29,0.0,48.29
104451,1019,1,81.89,0.0,81.89
104452,1082,1,110.24,0.0,110.24
104453,1069,1,28.34,0.0,28.34
104454,1080,3,141.74,0.0,425.22
104455,1016,1,180.99,0.0,180.99
104455,1011,1,36.74,0.0,36.74
104455,1017,1,91.34,0.0,91.34
104456,1082,2,110.24,0.0,220.48
104456,1083,1,20.99,0.0,20.99
104456,1047,1,204.74,0.0,204.74
104457,1088,3,22.04,0.0,66.12
104457,1026,1,170.09,0.0,170.09
104458,1034,1,72.44,0.0,72.44
104459,1003,1,24.14,0.0,24.14
104459,1088,1,22.04,0.0,22.04
104460,1030,2,8.39,0.0,16.78
104461,1019,1,81.89,0.0,81.89
104461,1054,1,241.49,0.0,241.49
104461,1007,1,75.59,0.0,75.59
104462,1021,1,130.19,0.0,130.19
104463,1039,1,508.19,0.0,508.19
104464,1025,1,175.34,0.0,175.34
104465,1017,4,91.34,0.0,365.36
104466,1072,2,149.09,0.0,298.18
104467,1054,1,241.49,0.0,241.49
104468,1014,1,38.84,0.0,38.84
104469,1080,1,141.74,0.0,141.74
104470,1073,1,73.49,0.0,73.49
104471,1002,2,145.94,0.0,291.88
104472,1006,2,17.84,0.0,35.68
104472,1050,1,154.34,0.0,154.34
104473,1056,1,251.99,0.0,251.99
104473,1002,1,145.94,0.0,145.94
104474,1070,1,129.14,0.0,129.14
104474,1006,1,17.84,0.0,17.84
104475,1071,1,10.49,0.0,10.49
104476,1035,1,54.59,0.0,54.59
104477,1007,1,75.59,0.0,75.59
104477,1048,1,146.99,0.0,146.99
104478,1054,1,241.49,0.0,241.49
104478,1080,1,141.74,0.0,141.74
104479,1017,2,91.34,0.0,182.68
104480,1013,1,131.24,13.12,118.12
104481,1057,1,216.29,0.0,216.29
104482,1071,1,10.49,0.0,10.49
104483,1012,2,115.49,0.0,230.98
104484,1007,1,75.59,0.0,75.59
104485,1008,1,46.19,0.0,46.19
104485,1058,1,98.69,0.0,98.69
104485,1029,1,32.54,0.0,32.54
104486,1036,1,61.94,0.0,61.94
104487,1052,1,219.44,0.0,219.44
104487,1005,2,83.99,0.0,167.98
104488,1033,3,90.29,0.0,270.87
104489,1034,1,72.44,7.24,65.2
104489,1021,1,130.19,13.02,117.17
104489,1008,1,46.19,4.62,41.57
104490,1012,1,115.49,11.55,103.94
104491,1007,1,75.59,7.56,68.03
104491,1055,1,211.04,21.1,189.94
104492,1082,1,110.24,0.0,110.24
104493,1040,1,500.84,0.0,500.84
104493,1010,2,101.84,0.0,203.68
104494,1083,2,20.99,4.2,37.779999999999994
104495,1036,1,61.94,0.0,61.94
104495,1055,1,211.04,0.0,211.04
104495,1057,2,216.29,0.0,432.58
104496,1044,1,556.49,0.0,556.49
104496,1011,1,36.74,0.0,36.74
104497,1043,1,134.39,0.0,134.39
104497,1086,1,102.89,0.0,102.89
104498,1078,1,90.29,0.0,90.29
104499,1004,1,79.79,0.0,79.79
104499,1016,1,190.04,0.0,190.04
104499,1072,1,149.09,0.0,149.09
104499,1085,1,121.79,0.0,121.79
104500,1013,1,131.24,0.0,131.24
104500,1051,2,56.69,0.0,113.38
104501,1061,1,48.29,0.0,48.29
104501,1038,1,329.69,0.0,329.69
104502,1087,1,48.29,0.0,48.29
104503,1087,1,48.29,0.0,48.29
104503,1032,1,86.09,0.0,86.09
104504,1009,1,138.59,0.0,138.59
104505,1072,1,149.09,0.0,149.09
104506,1051,1,56.69,0.0,56.69
104507,1081,1,78.74,0.0,78.74
104507,1021,3,130.19,0.0,390.57
104508,1010,1,101.84,0.0,101.84
104509,1028,1,81.89,0.0,81.89
104510,1072,1,149.09,0.0,149.09
104511,1019,1,81.89,0.0,81.89
104511,1009,2,138.59,0.0,277.18
104511,1004,1,79.79,0.0,79.79
104512,1086,1,102.89,0.0,102.89
104513,1034,1,72.44,0.0,72.44
104514,1011,1,36.74,0.0,36.74
104514,1086,1,102.89,0.0,102.89
104514,1044,1,556.49,0.0,556.49
104514,1015,2,101.84,0.0,203.68
104515,1080,3,141.74,0.0,425.22
104515,1089,1,56.69,0.0,56.69
104515,1028,1,81.89,0.0,81.89
104516,1003,2,24.14,0.0,48.28
104516,1077,1,27.29,0.0,27.29
104516,1075,1,53.54,0.0,53.54
104517,1083,1,20.99,0.0,20.99
104518,1005,2,83.99,0.0,167.98
104519,1027,1,95.54,0.0,95.54
104520,1081,1,78.74,0.0,78.74
104521,1021,1,130.19,0.0,130.19
104521,1077,1,27.29,0.0,27.29
104522,1072,1,149.09,0.0,149.09
104523,1078,1,90.29,0.0,90.29
104524,1031,1,40.94,0.0,40.94
104525,1089,1,56.69,0.0,56.69
104525,1024,2,62.99,0.0,125.98
104526,1015,1,101.84,0.0,101.84
104526,1050,1,154.34,0.0,154.34
104526,1030,1,8.39,0.0,8.39
104526,1088,1,22.04,0.0,22.04
104527,1006,1,17.84,0.0,17.84
104528,1031,1,40.94,0.0,40.94
104528,1056,1,251.99,0.0,251.99
104529,1039,1,508.19,0.0,508.19
104530,1081,1,78.74,0.0,78.74
104530,1054,3,241.49,0.0,724.47
104531,1048,1,146.99,0.0,146.99
104531,1004,1,79.79,0.0,79.79
104531,1041,1,581.69,0.0,581.69
104531,1052,1,219.44,0.0,219.44
104532,1073,1,73.49,0.0,73.49
104532,1071,2,10.49,0.0,20.98
104533,1082,1,110.24,0.0,110.24
104534,1023,1,142.79,0.0,142.79
104535,1024,1,62.99,0.0,62.99
104535,1031,1,40.94,0.0,40.94
104535,1016,1,190.04,0.0,190.04
104536,1029,1,32.54,0.0,32.54
104537,1080,1,141.74,0.0,141.74
104537,1002,1,145.94,0.0,145.94
104538,1015,1,101.84,0.0,101.84
104539,1042,1,812.69,0.0,812.69
104540,1075,1,53.54,0.0,53.54
104540,1090,1,18.89,0.0,18.89
104541,1087,2,48.29,0.0,96.58
104541,1042,1,812.69,0.0,812.69
104541,1072,1,149.09,0.0,149.09
104542,1009,1,138.59,0.0,138.59
104543,1087,1,48.29,0.0,48.29
104544,1008,1,46.19,0.0,46.19
104544,1032,4,86.09,0.0,344.36
104545,1078,1,90.29,0.0,90.29
104546,1053,1,39.89,0.0,39.89
104547,1070,1,129.14,0.0,129.14
104547,1023,1,142.79,0.0,142.79
104548,1002,2,145.94,0.0,291.88
104548,1049,1,133.34,0.0,133.34
104548,1087,1,48.29,0.0,48.29
104549,1017,1,91.34,0.0,91.34
104550,1026,1,170.09,0.0,170.09
104551,1008,1,46.19,0.0,46.19
104552,1019,1,81.89,0.0,81.89
104552,1024,1,62.99,0.0,62.99
104553,1074,1,20.99,0.0,20.99
104553,1078,1,90.29,0.0,90.29
104553,1079,1,65.09,0.0,65.09
104554,1037,1,30.44,0.0,30.44
104555,1055,1,211.04,0.0,211.04
104555,1011,2,36.74,0.0,73.48
104555,1053,3,39.89,0.0,119.67
104556,1013,1,131.24,0.0,131.24
104557,1013,1,131.24,0.0,131.24
104558,1049,1,133.34,0.0,133.34
104558,1021,1,130.19,0.0,130.19
104559,1073,1,73.49,0.0,73.49
104560,1086,1,102.89,0.0,102.89
104560,1025,1,175.34,0.0,175.34
104560,1036,2,61.94,0.0,123.88
104561,1017,1,91.34,0.0,91.34
104562,1088,1,22.04,0.0,22.04
104562,1071,1,10.49,0.0,10.49
104563,1013,1,131.24,0.0,131.24
104564,1019,1,81.89,0.0,81.89
104565,1007,1,75.59,0.0,75.59
104566,1054,1,241.49,0.0,241.49
104566,1030,1,8.39,0.0,8.39
104567,1030,1,8.39,0.0,8.39
104568,1011,1,36.74,0.0,36.74
104569,1015,3,101.84,0.0,305.52
104570,1073,1,73.49,0.0,73.49
104571,1084,1,118.64,0.0,118.64
104572,1080,2,141.74,0.0,283.48
104573,1007,1,75.59,7.56,68.03
104574,1014,1,38.84,0.0,38.84
104574,1089,1,56.69,0.0,56.69
104575,1083,2,20.99,0.0,41.98
104576,1029,1,32.54,0.0,32.54
104577,1019,1,81.89,0.0,81.89
104578,1011,1,36.74,3.67,33.07
104579,1040,1,500.84,0.0,500.84
104579,1020,1,57.74,0.0,57.74
104579,1080,1,141.74,0.0,141.74
104580,1031,1,40.94,0.0,40.94
104580,1089,1,56.69,0.0,56.69
104580,1058,1,98.69,0.0,98.69
104581,1038,1,329.69,0.0,329.69
104582,1059,1,491.39,0.0,491.39
104583,1021,1,130.19,0.0,130.19
104584,1045,1,532.34,0.0,532.34
104584,1070,1,129.14,0.0,129.14
104584,1079,1,65.09,0.0,65.09
104584,1001,1,65.09,0.0,65.09
104585,1088,1,22.04,0.0,22.04
104586,1017,3,91.34,0.0,274.02
104587,1013,2,131.24,0.0,262.48
104588,1005,1,83.99,0.0,83.99
104588,1089,1,56.69,0.0,56.69
104588,1022,1,93.44,0.0,93.44
104588,1037,1,30.44,0.0,30.44
104589,1034,2,72.44,0.0,144.88
104590,1018,2,223.64,44.73,402.54999999999995
104591,1004,1,79.79,0.0,79.79
104591,1033,1,90.29,0.0,90.29
104592,1048,1,146.99,0.0,146.99
104592,1002,1,145.94,0.0,145.94
104593,1027,1,95.54,0.0,95.54
104594,1014,1,38.84,0.0,38.84
104595,1009,1,138.59,0.0,138.59
104596,1084,1,118.64,0.0,118.64
104596,1019,1,81.89,0.0,81.89
104597,1021,3,130.19,0.0,390.57
104598,1031,1,40.94,0.0,40.94
104598,1015,1,96.99,0.0,96.99
104599,1035,2,54.59,0.0,109.18
104600,1080,1,141.74,0.0,141.74
104600,1034,1,72.44,0.0,72.44
104600,1083,2,20.99,0.0,41.98
104600,1028,1,81.89,0.0,81.89
104601,1026,2,170.09,0.0,340.18
104602,1081,1,78.74,0.0,78.74
104603,1052,1,219.44,0.0,219.44
104603,1002,1,145.94,0.0,145.94
104603,1078,4,90.29,0.0,361.16
104604,1078,1,90.29,9.03,81.26
104605,1016,1,190.04,0.0,190.04
104605,1051,1,56.69,0.0,56.69
104605,1026,1,170.09,0.0,170.09
104606,1080,1,141.74,0.0,141.74
104606,1053,1,39.89,0.0,39.89
104606,1012,2,115.49,0.0,230.98
104606,1011,1,36.74,0.0,36.74
104607,1009,1,131.99,0.0,131.99
104608,1057,1,216.29,0.0,216.29
104609,1076,2,145.94,0.0,291.88
104610,1016,1,190.04,0.0,190.04
104610,1015,1,96.99,0.0,96.99
104611,1060,1,134.99,0.0,134.99
104611,1039,1,508.19,0.0,508.19
104611,1004,1,79.79,0.0,79.79
104611,1072,1,149.09,0.0,149.09
104612,1012,1,115.49,0.0,115.49
104612,1051,3,56.69,0.0,170.07
104612,1033,1,90.29,0.0,90.29
104613,1042,1,812.69,0.0,812.69
104613,1085,1,121.79,0.0,121.79
104614,1007,1,75.59,0.0,75.59
104615,1045,1,532.34,53.23,479.11
104616,1011,1,36.74,0.0,36.74
104617,1015,1,101.84,0.0,101.84
104618,1006,1,17.84,0.0,17.84
104618,1087,2,48.29,0.0,96.58
104619,1073,1,73.49,0.0,73.49
104620,1039,1,508.19,0.0,508.19
104621,1031,1,40.94,0.0,40.94
104621,1079,1,65.09,0.0,65.09
104622,1062,1,160.64,0.0,160.64
104623,1025,1,175.34,0.0,175.34
104624,1089,1,56.69,0.0,56.69
104625,1013,1,131.24,13.12,118.12
104626,1060,3,141.74,0.0,425.22
104627,1032,1,86.09,0.0,86.09
104628,1074,1,20.99,0.0,20.99
104629,1087,1,48.29,0.0,48.29
104629,1032,3,86.09,0.0,258.27
104630,1088,1,22.04,0.0,22.04
104631,1087,4,48.29,0.0,193.16
104631,1054,1,241.49,0.0,241.49
104631,1001,1,65.09,0.0,65.09
104631,1070,1,129.14,0.0,129.14
104632,1090,1,18.89,0.0,18.89
104633,1036,3,61.94,0.0,185.82
104634,1025,3,175.34,0.0,526.02
104634,1078,1,90.29,0.0,90.29
104634,1052,2,219.44,0.0,438.88
104635,1088,1,22.04,0.0,22.04
104635,1007,1,75.59,0.0,75.59
104635,1055,1,211.04,0.0,211.04
104636,1034,1,72.44,0.0,72.44
104637,1014,1,38.84,0.0,38.84
104637,1073,1,73.49,0.0,73.49
104637,1034,1,72.44,0.0,72.44
104637,1075,1,53.54,0.0,53.54
104638,1070,2,129.14,0.0,258.28
104638,1011,1,36.74,0.0,36.74
104639,1087,1,48.29,0.0,48.29
104639,1058,2,98.69,0.0,197.38
104640,1008,1,43.99,4.62,39.370000000000005
104641,1061,2,48.29,0.0,96.58
104642,1071,1,10.49,0.0,10.49
104642,1080,1,141.74,0.0,141.74
104643,1072,2,149.09,0.0,298.18
104644,1014,1,38.84,0.0,38.84
104645,1046,1,150.14,0.0,150.14
104645,1050,1,154.34,0.0,154.34
104645,1018,1,223.64,0.0,223.64
104645,1020,1,57.74,0.0,57.74
104646,1002,1,145.94,0.0,145.94
104647,1061,1,48.29,0.0,48.29
104647,1016,1,190.04,0.0,190.04
104647,1079,1,65.09,0.0,65.09
104647,1034,1,72.44,0.0,72.44
104648,1077,1,27.29,0.0,27.29
104648,1025,2,175.34,0.0,350.68
104649,1002,1,145.94,0.0,145.94
104650,1089,2,56.69,0.0,113.38
104651,1085,1,121.79,0.0,121.79
104652,1062,1,160.64,0.0,160.64
104653,1087,1,48.29,0.0,48.29
104653,1037,1,30.44,0.0,30.44
104654,1046,1,150.14,0.0,150.14
104655,1074,1,20.99,0.0,20.99
104655,1019,2,81.89,0.0,163.78
104655,1008,1,46.19,0.0,46.19
104656,1012,1,115.49,0.0,115.49
104657,1002,1,145.94,0.0,145.94
104657,1053,1,39.89,0.0,39.89
104657,1039,1,508.19,0.0,508.19
104658,1073,1,73.49,0.0,73.49
104659,1075,1,53.54,0.0,53.54
104660,1078,1,90.29,0.0,90.29
104660,1015,2,101.84,0.0,203.68
104660,1075,2,53.54,0.0,107.08
104661,1077,2,27.29,0.0,54.58
104661,1051,1,56.69,0.0,56.69
104661,1001,2,65.09,0.0,130.18
104661,1021,3,130.19,0.0,390.57
104662,1018,3,223.64,0.0,670.92
104663,1034,1,72.44,0.0,72.44
104664,1003,1,24.14,0.0,24.14
104665,1085,1,121.79,0.0,121.79
104665,1008,2,46.19,0.0,92.38
104665,1037,2,30.44,0.0,60.88
104665,1046,1,150.14,0.0,150.14
104666,1010,1,101.84,0.0,101.84
104667,1082,1,110.24,0.0,110.24
104668,1034,1,72.44,0.0,72.44
104669,1009,1,138.59,0.0,138.59
104670,1040,1,500.84,50.08,450.76
104671,1078,4,90.29,0.0,361.16
104672,1005,1,83.99,0.0,83.99
104673,1085,1,121.79,0.0,121.79
104674,1038,1,329.69,0.0,329.69
104675,1011,1,36.74,0.0,36.74
104676,1026,2,170.09,0.0,340.18
104677,1007,2,75.59,0.0,151.18
104678,1028,1,81.89,0.0,81.89
104679,1044,1,556.49,0.0,556.49
104679,1090,1,18.89,0.0,18.89
104680,1001,1,65.09,0.0,65.09
104680,1006,2,17.84,0.0,35.68
104681,1036,1,61.94,0.0,61.94
104682,1001,1,65.09,0.0,65.09
104683,1085,2,121.79,0.0,243.58
104684,1061,2,48.29,0.0,96.58
104684,1015,1,101.84,0.0,101.84
104684,1080,1,134.99,0.0,134.99
104685,1079,1,65.09,6.51,58.580000000000005
104686,1029,1,32.54,0.0,32.54
104686,1050,1,154.34,0.0,154.34
104687,1028,3,81.89,0.0,245.67000000000002
104688,1056,1,251.99,0.0,251.99
104688,1005,1,83.99,0.0,83.99
104689,1021,1,130.19,0.0,130.19
104689,1033,1,90.29,0.0,90.29
104690,1010,1,101.84,0.0,101.84
104690,1012,2,115.49,0.0,230.98
104691,1042,1,812.69,0.0,812.69
104692,1012,1,115.49,0.0,115.49
104692,1015,1,101.84,0.0,101.84
104692,1077,1,27.29,0.0,27.29
104693,1079,1,65.09,0.0,65.09
104693,1089,4,56.69,0.0,226.76
104693,1064,2,161.69,0.0,323.38
104693,1077,2,27.29,0.0,54.58
104694,1004,1,79.79,0.0,79.79
104694,1022,1,93.44,0.0,93.44
104695,1084,1,118.64,0.0,118.64
104695,1056,1,251.99,0.0,251.99
104695,1065,1,173.24,0.0,173.24
104695,1076,1,145.94,0.0,145.94
104696,1002,4,145.94,0.0,583.76
104697,1010,2,101.84,0.0,203.68
104697,1054,1,241.49,0.0,241.49
104697,1062,1,160.64,0.0,160.64
104698,1055,2,211.04,42.21,379.87
104698,1081,1,78.74,7.87,70.86999999999999
104699,1020,2,57.74,0.0,115.48
104700,1013,1,131.24,0.0,131.24
104700,1025,1,175.34,0.0,175.34
104701,1030,1,8.39,0.0,8.39
104702,1080,1,141.74,0.0,141.74
104703,1083,3,20.99,0.0,62.97
104704,1029,1,32.54,0.0,32.54
104705,1023,2,142.79,0.0,285.58
104706,1085,1,121.79,0.0,121.79
104707,1005,2,83.99,0.0,167.98
104707,1081,1,78.74,0.0,78.74
104708,1073,1,73.49,0.0,73.49
104709,1019,1,81.89,0.0,81.89
104709,1078,1,90.29,0.0,90.29
104710,1039,1,508.19,0.0,508.19
104711,1065,1,173.24,0.0,173.24
104712,1073,1,73.49,0.0,73.49
104713,1017,1,91.34,0.0,91.34
104714,1033,1,90.29,0.0,90.29
104715,1015,2,101.84,0.0,203.68
104716,1046,1,150.14,0.0,150.14
104716,1036,1,61.94,0.0,61.94
104717,1026,1,170.09,0.0,170.09
104718,1016,2,190.04,0.0,380.08
104718,1085,2,121.79,0.0,243.58
104718,1076,1,145.94,0.0,145.94
104719,1021,1,130.19,0.0,130.19
104720,1075,1,53.54,5.35,48.19
104721,1015,1,101.84,0.0,101.84
104722,1007,1,75.59,0.0,75.59
104722,1085,1,121.79,0.0,121.79
104722,1068,2,52.49,0.0,104.98
104723,1014,1,38.84,0.0,38.84
104724,1075,1,53.54,0.0,53.54
104724,1003,1,24.14,0.0,24.14
104724,1056,2,251.99,0.0,503.98
104725,1036,2,61.94,0.0,123.88
104726,1018,3,212.99,67.09,571.88
104727,1081,1,78.74,0.0,78.74
104728,1009,1,138.59,0.0,138.59
104729,1085,1,121.79,0.0,121.79
104730,1049,1,133.34,0.0,133.34
104731,1024,1,62.99,0.0,62.99
104731,1086,1,102.89,0.0,102.89
104732,1083,1,20.99,0.0,20.99
104732,1058,1,98.69,0.0,98.69
104733,1017,2,91.34,0.0,182.68
104733,1087,1,48.29,0.0,48.29
104734,1025,1,175.34,0.0,175.34
104735,1048,1,146.99,0.0,146.99
104735,1073,1,73.49,0.0,73.49
104736,1033,1,90.29,0.0,90.29
104737,1086,2,102.89,0.0,205.78
104738,1089,2,56.69,0.0,113.38
104738,1090,1,18.89,0.0,18.89
104739,1078,1,90.29,0.0,90.29
104740,1045,1,532.34,0.0,532.34
104741,1076,1,145.94,0.0,145.94
104741,1032,1,86.09,0.0,86.09
104742,1075,2,53.54,0.0,107.08
104743,1086,1,102.89,0.0,102.89
104743,1018,1,223.64,0.0,223.64
104744,1001,1,65.09,0.0,65.09
104744,1027,2,95.54,0.0,191.08
104745,1079,1,65.09,0.0,65.09
104746,1089,2,56.69,11.34,102.03999999999999
104747,1027,1,95.54,0.0,95.54
104747,1032,1,86.09,0.0,86.09
104747,1084,2,118.64,0.0,237.28
104748,1084,1,118.64,0.0,118.64
104749,1079,1,65.09,0.0,65.09
104750,1074,1,20.99,0.0,20.99
104750,1072,2,149.09,0.0,298.18
104750,1031,1,40.94,0.0,40.94
104750,1038,1,329.69,0.0,329.69
104751,1044,1,556.49,0.0,556.49
104751,1082,1,104.99,0.0,104.99
104751,1078,1,90.29,0.0,90.29
104751,1001,1,65.09,0.0,65.09
104752,1015,1,101.84,0.0,101.84
104753,1032,1,86.09,0.0,86.09
104754,1012,1,115.49,0.0,115.49
104755,1008,3,46.19,0.0,138.57
104755,1043,1,134.39,0.0,134.39
104755,1026,2,170.09,0.0,340.18
104756,1058,1,98.69,0.0,98.69
104756,1041,1,581.69,0.0,581.69
104757,1087,1,48.29,0.0,48.29
104757,1039,1,508.19,0.0,508.19
104758,1006,1,17.84,0.0,17.84
104758,1068,1,52.49,0.0,52.49
104759,1003,2,24.14,4.83,43.45
104759,1004,1,79.79,7.98,71.81
104760,1015,1,101.84,0.0,101.84
104761,1059,1,491.39,0.0,491.39
104762,1074,1,20.99,0.0,20.99
104763,1023,1,142.79,0.0,142.79
104764,1079,2,65.09,0.0,130.18
104764,1026,1,170.09,0.0,170.09
104765,1011,1,36.74,0.0,36.74
104765,1004,1,79.79,0.0,79.79
104766,1088,1,22.04,0.0,22.04
104766,1079,1,65.09,0.0,65.09
104766,1034,1,72.44,0.0,72.44
104767,1077,1,27.29,0.0,27.29
104767,1002,1,145.94,0.0,145.94
104767,1019,1,81.89,0.0,81.89
104768,1038,1,329.69,0.0,329.69
104768,1021,1,130.19,0.0,130.19
104769,1030,1,8.39,0.0,8.39
104769,1018,2,223.64,0.0,447.28
104769,1024,1,62.99,0.0,62.99
104769,1085,1,121.79,0.0,121.79
104770,1028,1,81.89,0.0,81.89
104770,1082,1,110.24,0.0,110.24
104771,1045,1,532.34,0.0,532.34
104771,1036,1,61.94,0.0,61.94
104772,1001,2,65.09,0.0,130.18
104773,1027,1,95.54,0.0,95.54
104774,1071,1,10.49,0.0,10.49
104774,1055,1,211.04,0.0,211.04
104774,1054,1,241.49,0.0,241.49
104774,1045,1,532.34,0.0,532.34
104775,1013,1,131.24,0.0,131.24
104776,1010,1,101.84,0.0,101.84
104777,1005,1,83.99,0.0,83.99
104778,1013,2,131.24,0.0,262.48
104778,1024,3,62.99,0.0,188.97
104779,1045,1,532.34,0.0,532.34
104779,1077,1,27.29,0.0,27.29
104779,1023,1,142.79,0.0,142.79
104779,1036,1,61.94,0.0,61.94
104780,1047,1,204.74,0.0,204.74
104781,1016,1,190.04,0.0,190.04
104782,1022,1,93.44,0.0,93.44
104783,1082,2,110.24,0.0,220.48
104784,1009,2,138.59,0.0,277.18
104785,1077,1,27.29,0.0,27.29
104785,1040,1,500.84,0.0,500.84
104785,1080,1,141.74,0.0,141.74
104786,1080,2,141.74,0.0,283.48
104787,1056,1,251.99,0.0,251.99
104787,1053,1,39.89,0.0,39.89
104787,1082,1,110.24,0.0,110.24
104787,1015,1,101.84,0.0,101.84
104788,1073,2,73.49,0.0,146.98
104789,1065,2,173.24,0.0,346.48
104790,1082,1,110.24,0.0,110.24
104791,1008,1,46.19,0.0,46.19
104792,1017,1,91.34,0.0,91.34
104793,1003,1,24.14,0.0,24.14
104794,1075,1,53.54,0.0,53.54
104794,1079,2,65.09,0.0,130.18
104795,1087,1,48.29,0.0,48.29
104795,1073,1,73.49,0.0,73.49
104796,1004,1,79.79,0.0,79.79
104797,1012,1,115.49,0.0,115.49
104797,1014,1,38.84,0.0,38.84
104798,1037,1,30.44,0.0,30.44
104798,1014,1,38.84,0.0,38.84
104799,1004,3,79.79,0.0,239.37
104800,1085,1,121.79,0.0,121.79
104801,1082,1,110.24,0.0,110.24
104801,1044,1,556.49,0.0,556.49
104802,1018,1,223.64,0.0,223.64
104803,1028,2,81.89,0.0,163.78
104804,1085,2,121.79,24.36,219.22000000000003
104805,1090,1,18.89,0.0,18.89
104806,1058,2,98.69,0.0,197.38
104806,1028,2,81.89,0.0,163.78
104807,1015,1,101.84,0.0,101.84
104807,1037,2,30.44,0.0,60.88
104808,1071,2,10.49,0.0,20.98
104808,1008,2,46.19,0.0,92.38
104808,1076,1,145.94,0.0,145.94
104808,1083,1,20.99,0.0,20.99
104809,1076,2,145.94,0.0,291.88
104809,1034,2,72.44,0.0,144.88
104809,1081,1,78.74,0.0,78.74
104810,1047,1,204.74,0.0,204.74
104810,1014,3,38.84,0.0,116.52000000000001
104811,1059,1,491.39,0.0,491.39
104812,1006,1,17.84,0.0,17.84
104813,1014,1,38.84,0.0,38.84
104814,1056,1,251.99,0.0,251.99
104815,1072,1,149.09,0.0,149.09
104816,1029,2,32.54,0.0,65.08
104817,1075,1,53.54,0.0,53.54
104817,1006,2,16.99,0.0,33.98
104818,1088,1,22.04,0.0,22.04
104818,1011,1,36.74,0.0,36.74
104819,1067,1,36.74,0.0,36.74
104820,1040,1,500.84,0.0,500.84
104821,1011,1,36.74,0.0,36.74
104822,1087,1,48.29,0.0,48.29
104822,1019,1,81.89,0.0,81.89
104822,1035,2,54.59,0.0,109.18
104822,1018,1,223.64,0.0,223.64
104823,1008,1,46.19,0.0,46.19
104823,1029,2,32.54,0.0,65.08
104824,1074,1,20.99,0.0,20.99
104824,1002,1,145.94,0.0,145.94
104825,1034,2,72.44,0.0,144.88
104826,1063,1,258.29,0.0,258.29
104827,1011,1,36.74,0.0,36.74
104827,1016,1,190.04,0.0,190.04
104828,1012,1,115.49,0.0,115.49
104828,1032,1,86.09,0.0,86.09
104829,1036,1,61.94,0.0,61.94
104830,1018,2,223.64,0.0,447.28
104831,1015,1,101.84,0.0,101.84
104831,1024,1,62.99,0.0,62.99
104832,1014,1,38.84,0.0,38.84
104832,1017,1,91.34,0.0,91.34
104833,1006,1,17.84,0.0,17.84
104834,1046,1,150.14,0.0,150.14
104834,1076,3,145.94,0.0,437.82
104835,1029,4,32.54,0.0,130.16
104836,1085,2,121.79,0.0,243.58
104837,1090,1,18.89,0.0,18.89
104838,1046,1,150.14,0.0,150.14
104839,1076,1,145.94,0.0,145.94
104840,1018,1,223.64,0.0,223.64
104840,1017,1,91.34,0.0,91.34
104841,1001,1,65.09,0.0,65.09
104841,1018,2,223.64,0.0,447.28
104842,1070,1,129.14,0.0,129.14
104842,1075,1,53.54,0.0,53.54
104842,1082,1,110.24,0.0,110.24
104843,1072,1,149.09,0.0,149.09
104844,1088,1,22.04,0.0,22.04
104844,1004,1,79.79,0.0,79.79
104845,1062,1,160.64,0.0,160.64
104846,1086,1,102.89,0.0,102.89
104846,1012,2,115.49,0.0,230.98
104847,1011,1,36.74,0.0,36.74
104847,1058,1,98.69,0.0,98.69
104848,1016,1,190.04,0.0,190.04
104849,1035,1,54.59,0.0,54.59
104849,1025,1,175.34,0.0,175.34
104849,1005,1,83.99,0.0,83.99
104849,1034,1,72.44,0.0,72.44
104850,1050,2,154.34,0.0,308.68
104851,1077,1,27.29,0.0,27.29
104851,1011,1,36.74,0.0,36.74
104852,1037,1,30.44,0.0,30.44
104852,1073,1,73.49,0.0,73.49
104853,1028,1,81.89,0.0,81.89
104854,1055,1,211.04,0.0,211.04
104855,1017,1,91.34,0.0,91.34
104856,1029,1,32.54,0.0,32.54
104857,1075,3,53.54,0.0,160.62
104858,1076,1,145.94,0.0,145.94
104859,1085,1,121.79,0.0,121.79
104860,1012,1,115.49,0.0,115.49
104860,1005,1,83.99,0.0,83.99
104861,1082,1,110.24,0.0,110.24
104862,1077,3,27.29,0.0,81.87
104863,1033,1,90.29,0.0,90.29
104864,1076,1,145.94,0.0,145.94
104864,1036,1,61.94,0.0,61.94
104864,1010,1,101.84,0.0,101.84
104865,1026,1,170.09,0.0,170.09
104865,1054,1,241.49,0.0,241.49
104865,1039,1,508.19,0.0,508.19
104865,1012,1,115.49,0.0,115.49
104866,1086,2,102.89,0.0,205.78
104867,1084,1,118.64,0.0,118.64
104867,1049,1,133.34,0.0,133.34
104868,1086,1,102.89,0.0,102.89
104868,1051,1,56.69,0.0,56.69
104869,1008,1,46.19,0.0,46.19
104870,1057,2,216.29,64.89,367.69
104870,1089,1,56.69,8.5,48.19
104871,1071,1,10.49,0.0,10.49
104871,1072,1,149.09,0.0,149.09
104872,1027,1,95.54,0.0,95.54
104872,1035,2,54.59,0.0,109.18
104872,1008,1,46.19,0.0,46.19
104872,1014,1,38.84,0.0,38.84
104873,1090,1,18.89,0.0,18.89
104874,1003,1,24.14,3.62,20.52
104874,1037,1,30.44,4.57,25.87
104875,1017,3,91.34,0.0,274.02
104876,1027,2,95.54,0.0,191.08
104877,1015,1,101.84,0.0,101.84
104877,1069,2,28.34,0.0,56.68
104877,1047,1,204.74,0.0,204.74
104878,1044,1,556.49,0.0,556.49
104879,1017,1,91.34,0.0,91.34
104880,1028,1,81.89,12.28,69.61
104881,1011,2,36.74,0.0,73.48
104881,1002,1,145.94,0.0,145.94
104882,1041,1,581.69,0.0,581.69
104883,1079,2,65.09,0.0,130.18
104883,1003,1,24.14,0.0,24.14
104884,1048,1,146.99,0.0,146.99
104884,1079,2,65.09,0.0,130.18
104885,1064,1,161.69,24.25,137.44
104886,1047,1,204.74,0.0,204.74
104886,1010,1,101.84,0.0,101.84
104887,1080,2,141.74,0.0,283.48
104888,1070,1,129.14,0.0,129.14
104888,1066,1,180.59,0.0,180.59
104888,1037,1,30.44,0.0,30.44
104889,1090,1,18.89,0.0,18.89
104890,1086,1,102.89,0.0,102.89
104890,1045,1,532.34,0.0,532.34
104891,1079,1,65.09,9.76,55.330000000000005
104891,1076,1,145.94,21.89,124.05
104891,1015,2,101.84,30.55,173.13
104891,1029,1,32.54,4.88,27.66
104892,1040,1,500.84,0.0,500.84
104893,1074,1,20.99,0.0,20.99
104893,1084,2,118.64,0.0,237.28
104894,1013,1,131.24,0.0,131.24
104895,1073,1,73.49,0.0,73.49
104895,1005,3,83.99,0.0,251.96999999999997
104896,1074,2,20.99,0.0,41.98
104897,1015,2,101.84,30.55,173.13
104897,1071,1,10.49,1.57,8.92
104898,1001,1,65.09,0.0,65.09
104899,1085,1,121.79,0.0,121.79
104900,1027,1,95.54,0.0,95.54
104901,1085,1,121.79,0.0,121.79
104902,1018,1,223.64,0.0,223.64
104903,1058,1,98.69,0.0,98.69
104904,1004,3,79.79,0.0,239.37
104904,1073,2,73.49,0.0,146.98
104905,1070,1,129.14,0.0,129.14
104906,1058,1,93.99,14.8,79.19
104907,1004,1,79.79,0.0,79.79
104907,1017,1,91.34,0.0,91.34
104908,1018,2,212.99,0.0,425.98
104908,1053,1,39.89,0.0,39.89
104909,1071,1,10.49,1.57,8.92
104910,1020,1,57.74,0.0,57.74
104910,1009,1,138.59,0.0,138.59
104910,1031,2,40.94,0.0,81.88
104910,1051,1,56.69,0.0,56.69
104911,1054,1,241.49,0.0,241.49
104911,1074,1,20.99,0.0,20.99
104912,1037,1,30.44,4.57,25.87
104912,1029,1,32.54,4.88,27.66
104912,1016,1,190.04,28.51,161.53
104913,1039,1,508.19,0.0,508.19
104914,1089,1,56.69,8.5,48.19
104914,1062,1,160.64,24.1,136.54
104914,1006,1,17.84,2.68,15.16
104915,1001,1,65.09,9.76,55.330000000000005
104916,1028,3,81.89,0.0,245.67000000000002
104917,1005,1,83.99,0.0,83.99
104917,1017,1,91.34,0.0,91.34
104918,1011,1,36.74,0.0,36.74
104918,1084,1,118.64,0.0,118.64
104919,1065,1,173.24,0.0,173.24
104919,1085,1,121.79,0.0,121.79
104919,1057,1,216.29,0.0,216.29
104920,1007,1,75.59,0.0,75.59
104921,1088,2,22.04,0.0,44.08
104922,1024,2,62.99,18.9,107.08000000000001
104923,1076,1,145.94,0.0,145.94
104923,1035,1,54.59,0.0,54.59
104924,1013,1,131.24,0.0,131.24
104925,1016,2,190.04,0.0,380.08
104925,1076,1,145.94,0.0,145.94
104926,1034,1,72.44,0.0,72.44
104926,1080,1,141.74,0.0,141.74
104927,1017,1,91.34,0.0,91.34
104927,1062,1,160.64,0.0,160.64
104928,1071,1,10.49,0.0,10.49
104929,1003,3,24.14,0.0,72.42
104930,1006,1,17.84,0.0,17.84
104931,1083,1,20.99,0.0,20.99
104931,1056,1,251.99,0.0,251.99
104931,1006,1,17.84,0.0,17.84
104931,1067,2,36.74,0.0,73.48
104932,1029,1,32.54,0.0,32.54
104932,1028,2,81.89,0.0,163.78
104932,1004,1,79.79,0.0,79.79
104933,1085,1,121.79,0.0,121.79
104934,1024,1,62.99,9.45,53.540000000000006
104935,1007,1,75.59,0.0,75.59
104935,1006,1,17.84,0.0,17.84
104936,1073,1,73.49,0.0,73.49
104936,1084,1,118.64,0.0,118.64
104937,1080,1,141.74,0.0,141.74
104938,1036,1,61.94,0.0,61.94
104939,1067,1,36.74,0.0,36.74
104939,1019,1,81.89,0.0,81.89
104939,1081,1,78.74,0.0,78.74
104940,1085,1,121.79,0.0,121.79
104940,1043,1,134.39,0.0,134.39
104941,1068,2,52.49,10.5,94.48
104942,1003,2,24.14,4.83,43.45
104943,1053,3,39.89,0.0,119.67
104944,1073,1,73.49,0.0,73.49
104944,1062,2,160.64,0.0,321.28
104945,1089,1,56.69,0.0,56.69
104946,1079,1,65.09,0.0,65.09
104947,1086,1,102.89,0.0,102.89
104948,1030,1,8.39,0.0,8.39
104948,1085,1,121.79,0.0,121.79
104949,1054,1,229.99,0.0,229.99
104950,1090,1,18.89,0.0,18.89
104951,1003,2,24.14,4.83,43.45
104951,1014,2,38.84,7.77,69.91000000000001
104952,1084,1,118.64,0.0,118.64
104952,1085,1,121.79,0.0,121.79
104953,1030,2,8.39,2.52,14.260000000000002
104954,1073,1,73.49,0.0,73.49
104954,1081,2,78.74,0.0,157.48
104955,1013,1,131.24,0.0,131.24
104956,1005,2,83.99,0.0,167.98
104956,1066,1,180.59,0.0,180.59
104957,1035,1,54.59,0.0,54.59
104958,1014,1,38.84,5.83,33.010000000000005
104958,1009,1,138.59,20.79,117.80000000000001
104959,1085,1,121.79,18.27,103.52000000000001
104960,1020,2,57.74,0.0,115.48
104961,1056,2,251.99,0.0,503.98
104962,1050,1,154.34,0.0,154.34
104962,1046,1,150.14,0.0,150.14
104963,1085,1,121.79,0.0,121.79
104963,1082,2,110.24,0.0,220.48
104964,1073,1,73.49,11.02,62.47
104964,1003,1,24.14,3.62,20.52
104965,1090,1,18.89,0.0,18.89
104965,1006,2,17.84,0.0,35.68
104965,1012,3,115.49,0.0,346.46999999999997
104965,1030,2,8.39,0.0,16.78
104966,1072,1,149.09,22.36,126.73
104967,1052,1,219.44,0.0,219.44
104967,1079,4,65.09,0.0,260.36
104967,1045,1,532.34,0.0,532.34
104967,1077,1,27.29,0.0,27.29
104968,1015,2,101.84,0.0,203.68
104968,1020,2,57.74,0.0,115.48
104969,1060,1,141.74,0.0,141.74
104970,1024,1,62.99,0.0,62.99
104970,1026,1,170.09,0.0,170.09
104971,1048,1,146.99,22.05,124.94000000000001
104972,1001,1,65.09,0.0,65.09
104972,1085,1,121.79,0.0,121.79
104973,1002,1,145.94,0.0,145.94
104973,1043,1,134.39,0.0,134.39
104974,1074,1,20.99,0.0,20.99
104974,1012,1,115.49,0.0,115.49
104975,1084,1,118.64,0.0,118.64
104976,1085,1,121.79,0.0,121.79
104977,1053,2,39.89,0.0,79.78
104977,1042,1,812.69,0.0,812.69
104978,1016,1,190.04,0.0,190.04
104979,1002,1,145.94,0.0,145.94
104979,1051,1,56.69,0.0,56.69
104980,1049,1,133.34,0.0,133.34
104980,1069,2,28.34,0.0,56.68
104980,1061,1,48.29,0.0,48.29
104981,1065,1,173.24,0.0,173.24
104982,1077,1,27.29,0.0,27.29
104983,1008,1,46.19,6.93,39.26
104983,1046,1,150.14,22.52,127.61999999999999
104984,1083,1,20.99,0.0,20.99
104984,1006,2,17.84,0.0,35.68
104984,1088,1,22.04,0.0,22.04
104985,1035,1,54.59,8.19,46.400000000000006
104986,1074,1,20.99,0.0,20.99
104986,1045,1,532.34,0.0,532.34
104986,1038,1,329.69,0.0,329.69
104987,1079,1,65.09,0.0,65.09
104987,1081,1,78.74,0.0,78.74
104988,1052,1,219.44,32.92,186.51999999999998
104988,1060,1,141.74,21.26,120.48
104989,1053,1,39.89,0.0,39.89
104989,1032,3,86.09,0.0,258.27
104989,1070,1,129.14,0.0,129.14
104989,1023,1,142.79,0.0,142.79
104990,1073,1,73.49,0.0,73.49
104990,1036,1,61.94,0.0,61.94
104991,1037,2,30.44,9.13,51.75
104991,1072,1,149.09,22.36,126.73
104992,1045,1,532.34,0.0,532.34
104993,1084,1,118.64,0.0,118.64
104993,1036,3,61.94,0.0,185.82
104993,1064,1,161.69,0.0,161.69
104994,1085,1,121.79,12.18,109.61000000000001
104995,1087,1,48.29,0.0,48.29
104996,1071,1,10.49,0.0,10.49
104997,1001,1,65.09,0.0,65.09
104998,1008,1,46.19,0.0,46.19
104998,1001,1,65.09,0.0,65.09
104999,1072,1,149.09,0.0,149.09
104999,1033,1,90.29,0.0,90.29
105000,1053,1,39.89,0.0,39.89
105000,1040,1,500.84,0.0,500.84
105000,1044,1,556.49,0.0,556.49
105001,1071,1,10.49,0.0,10.49
105002,1075,2,53.54,0.0,107.08
105003,1050,1,154.34,0.0,154.34
105004,1032,1,86.09,0.0,86.09
105004,1046,1,150.14,0.0,150.14
105005,1040,1,500.84,0.0,500.84
105005,1031,1,40.94,0.0,40.94
105006,1046,1,150.14,0.0,150.14
105007,1049,1,133.34,0.0,133.34
105007,1051,1,56.69,0.0,56.69
105008,1050,2,154.34,0.0,308.68
105008,1036,1,61.94,0.0,61.94
105009,1088,1,22.04,3.31,18.73
105009,1020,1,57.74,8.66,49.08
105010,1032,1,86.09,12.91,73.18
105010,1010,1,101.84,15.28,86.56
105010,1071,1,10.49,1.57,8.92
105011,1058,1,98.69,0.0,98.69
105012,1053,1,39.89,0.0,39.89
105012,1035,1,54.59,0.0,54.59
105012,1086,1,102.89,0.0,102.89
105012,1007,1,75.59,0.0,75.59
105013,1022,1,93.44,0.0,93.44
105014,1042,1,812.69,0.0,812.69
105014,1090,1,18.89,0.0,18.89
105015,1035,1,54.59,0.0,54.59
105015,1058,1,98.69,0.0,98.69
105015,1061,1,48.29,0.0,48.29
105016,1079,1,65.09,0.0,65.09
105017,1088,2,22.04,6.61,37.47
105017,1082,2,110.24,33.07,187.41
105018,1050,1,154.34,0.0,154.34
105019,1010,2,101.84,0.0,203.68
105020,1073,1,73.49,0.0,73.49
105021,1009,1,138.59,0.0,138.59
105022,1077,1,27.29,0.0,27.29
105023,1077,1,27.29,0.0,27.29
105024,1046,1,150.14,0.0,150.14
105025,1007,2,75.59,0.0,151.18
105026,1024,1,62.99,0.0,62.99
105026,1053,2,39.89,0.0,79.78
105026,1070,1,129.14,0.0,129.14
105027,1070,1,129.14,0.0,129.14
105027,1023,3,142.79,0.0,428.37
105027,1072,1,149.09,0.0,149.09
105028,1049,1,133.34,0.0,133.34
105028,1011,2,36.74,0.0,73.48
105029,1021,1,130.19,0.0,130.19
105030,1081,1,78.74,0.0,78.74
105031,1027,1,95.54,0.0,95.54
105032,1072,1,149.09,0.0,149.09
105033,1070,1,129.14,0.0,129.14
105033,1048,1,146.99,0.0,146.99
105033,1081,1,78.74,0.0,78.74
105033,1015,1,101.84,0.0,101.84
105034,1030,1,8.39,0.0,8.39
105035,1004,1,79.79,0.0,79.79
105036,1080,1,141.74,0.0,141.74
105036,1015,1,101.84,0.0,101.84
105036,1013,1,131.24,0.0,131.24
105037,1050,1,154.34,0.0,154.34
105037,1043,1,134.39,0.0,134.39
105038,1057,2,216.29,0.0,432.58
105038,1085,2,121.79,0.0,243.58
105039,1072,1,149.09,0.0,149.09
105039,1018,1,223.64,0.0,223.64
105039,1010,2,101.84,0.0,203.68
105040,1085,1,121.79,0.0,121.79
105040,1056,2,251.99,0.0,503.98
105040,1038,1,329.69,0.0,329.69
105040,1065,1,173.24,0.0,173.24
105041,1055,1,211.04,0.0,211.04
105042,1084,2,118.64,0.0,237.28
105043,1009,2,138.59,0.0,277.18
105043,1013,1,131.24,0.0,131.24
105043,1012,1,115.49,0.0,115.49
105043,1078,2,90.29,0.0,180.58
105044,1035,4,54.59,0.0,218.36
105044,1068,1,52.49,0.0,52.49
105044,1067,1,36.74,0.0,36.74
105045,1002,1,145.94,0.0,145.94
105046,1085,1,121.79,0.0,121.79
105046,1022,1,93.44,0.0,93.44
105046,1011,3,36.74,0.0,110.22
105047,1033,1,90.29,0.0,90.29
105047,1046,1,150.14,0.0,150.14
105047,1073,1,73.49,0.0,73.49
105047,1011,1,36.74,0.0,36.74
105048,1052,1,219.44,0.0,219.44
105049,1034,1,72.44,0.0,72.44
105050,1012,1,115.49,0.0,115.49
105051,1019,1,81.89,0.0,81.89
105052,1050,1,154.34,0.0,154.34
105053,1017,1,91.34,0.0,91.34
105054,1067,1,36.74,0.0,36.74
105054,1021,2,130.19,0.0,260.38
105055,1018,1,223.64,0.0,223.64
105056,1079,1,65.09,0.0,65.09
105057,1013,4,131.24,0.0,524.96
105057,1035,1,54.59,0.0,54.59
105058,1064,1,161.69,16.17,145.51999999999998
105059,1054,1,241.49,0.0,241.49
105059,1015,1,101.84,0.0,101.84
105060,1027,1,95.54,0.0,95.54
105060,1071,1,10.49,0.0,10.49
105061,1015,1,101.84,0.0,101.84
105062,1051,2,56.69,0.0,113.38
105063,1054,4,241.49,0.0,965.96
105063,1014,1,38.84,0.0,38.84
105064,1021,1,130.19,0.0,130.19
105065,1074,1,20.99,0.0,20.99
105065,1003,3,24.14,0.0,72.42
105066,1065,1,173.24,0.0,173.24
105067,1027,1,95.54,14.33,81.21000000000001
105068,1019,1,81.89,0.0,81.89
105069,1073,1,73.49,0.0,73.49
105069,1003,2,24.14,0.0,48.28
105070,1071,2,9.99,0.0,19.98
105070,1050,1,154.34,0.0,154.34
105071,1019,1,81.89,0.0,81.89
105072,1042,1,812.69,0.0,812.69
105073,1048,1,146.99,0.0,146.99
105073,1051,1,56.69,0.0,56.69
105074,1053,1,39.89,0.0,39.89
105074,1076,1,145.94,0.0,145.94
105075,1040,1,500.84,0.0,500.84
105075,1086,1,102.89,0.0,102.89
105076,1087,1,48.29,0.0,48.29
105076,1002,1,145.94,0.0,145.94
105076,1053,2,39.89,0.0,79.78
105077,1087,1,48.29,7.24,41.05
105078,1036,1,61.94,0.0,61.94
105079,1041,1,581.69,0.0,581.69
105080,1073,2,73.49,14.7,132.28
105080,1013,1,131.24,13.12,118.12
105081,1013,1,131.24,0.0,131.24
105081,1001,1,65.09,0.0,65.09
105082,1081,1,78.74,0.0,78.74
105083,1003,1,24.14,0.0,24.14
105083,1080,2,141.74,0.0,283.48
105084,1069,1,28.34,4.25,24.09
105085,1016,1,190.04,0.0,190.04
105085,1005,1,83.99,0.0,83.99
105085,1006,1,17.84,0.0,17.84
105086,1074,1,20.99,0.0,20.99
105087,1042,1,812.69,0.0,812.69
105087,1051,1,56.69,0.0,56.69
105088,1023,1,142.79,0.0,142.79
105089,1032,1,86.09,0.0,86.09
105090,1005,1,83.99,0.0,83.99
105091,1090,2,18.89,0.0,37.78
105091,1080,1,141.74,0.0,141.74
105092,1057,1,216.29,21.63,194.66
105092,1036,1,61.94,6.19,55.75
105093,1001,1,65.09,0.0,65.09
105094,1064,1,161.69,0.0,161.69
105095,1055,1,211.04,0.0,211.04
105096,1001,2,65.09,0.0,130.18
105096,1024,1,62.99,0.0,62.99
105096,1031,2,40.94,0.0,81.88
105097,1020,1,57.74,8.66,49.08
105097,1073,1,73.49,11.02,62.47
105098,1064,1,161.69,0.0,161.69
105098,1051,1,56.69,0.0,56.69
105099,1031,1,40.94,0.0,40.94
105100,1085,1,121.79,18.27,103.52000000000001
105101,1071,1,10.49,0.0,10.49
105101,1083,1,20.99,0.0,20.99
105102,1082,1,110.24,0.0,110.24
105102,1087,1,48.29,0.0,48.29
105102,1077,1,27.29,0.0,27.29
105103,1062,2,160.64,0.0,321.28
105103,1018,1,223.64,0.0,223.64
105104,1008,1,46.19,0.0,46.19
105104,1082,1,110.24,0.0,110.24
105105,1036,1,61.94,0.0,61.94
105106,1087,1,48.29,0.0,48.29
105107,1032,1,86.09,0.0,86.09
105108,1043,1,134.39,0.0,134.39
105108,1011,1,36.74,0.0,36.74
105109,1009,1,138.59,0.0,138.59
105110,1052,1,219.44,0.0,219.44
105110,1032,1,86.09,0.0,86.09
105111,1040,1,500.84,0.0,500.84
105111,1037,1,30.44,0.0,30.44
105111,1015,1,101.84,0.0,101.84
105112,1016,1,190.04,28.51,161.53
105113,1089,1,56.69,0.0,56.69
105113,1075,1,53.54,0.0,53.54
105113,1077,1,27.29,0.0,27.29
105114,1086,2,102.89,30.87,174.91
105115,1073,2,73.49,0.0,146.98
105116,1086,2,102.89,0.0,205.78
105116,1005,1,83.99,0.0,83.99
105117,1086,1,102.89,0.0,102.89
105117,1084,2,118.64,0.0,237.28
105118,1051,1,56.69,0.0,56.69
105118,1007,1,75.59,0.0,75.59
105118,1032,1,86.09,0.0,86.09
105118,1027,3,95.54,0.0,286.62
105119,1084,1,118.64,0.0,118.64
105120,1067,2,36.74,11.02,62.46000000000001
105121,1066,1,180.59,0.0,180.59
105121,1009,2,138.59,0.0,277.18
105122,1079,1,65.09,0.0,65.09
105123,1051,1,56.69,0.0,56.69
105124,1075,1,53.54,0.0,53.54
105124,1009,3,138.59,0.0,415.77
105125,1037,1,30.44,3.04,27.400000000000002
105126,1060,1,141.74,21.26,120.48
105127,1056,1,251.99,0.0,251.99
105128,1007,1,75.59,0.0,75.59
105129,1076,1,145.94,0.0,145.94
105130,1086,1,102.89,0.0,102.89
105130,1083,1,20.99,0.0,20.99
105131,1060,1,141.74,0.0,141.74
105132,1089,1,56.69,0.0,56.69
105133,1057,1,216.29,0.0,216.29
105134,1014,1,38.84,0.0,38.84
105134,1073,1,73.49,0.0,73.49
105135,1083,1,20.99,0.0,20.99
105136,1086,2,102.89,30.87,174.91
105137,1074,2,20.99,0.0,41.98
105137,1065,1,173.24,0.0,173.24
105138,1042,1,812.69,0.0,812.69
105139,1085,2,121.79,0.0,243.58
105140,1009,1,138.59,0.0,138.59
105141,1082,1,110.24,0.0,110.24
105141,1032,2,86.09,0.0,172.18
105142,1047,1,204.74,0.0,204.74
105143,1043,1,134.39,0.0,134.39
105144,1046,1,150.14,15.01,135.13
105145,1076,2,145.94,0.0,291.88
105146,1037,1,30.44,0.0,30.44
105147,1082,1,110.24,0.0,110.24
105148,1074,1,20.99,2.1,18.889999999999997
105148,1086,1,102.89,10.29,92.6
105149,1070,1,129.14,0.0,129.14
105149,1034,1,72.44,0.0,72.44
105149,1043,1,134.39,0.0,134.39
105150,1051,1,56.69,0.0,56.69
105150,1015,1,101.84,0.0,101.84
105151,1004,1,79.79,11.97,67.82000000000001
105152,1075,1,53.54,0.0,53.54
105153,1026,1,170.09,25.51,144.58
105154,1030,1,8.39,0.84,7.550000000000001
105154,1046,1,150.14,15.01,135.13
105155,1055,2,211.04,0.0,422.08
105155,1080,1,141.74,0.0,141.74
105156,1019,2,81.89,0.0,163.78
105156,1035,1,54.59,0.0,54.59
105156,1087,2,48.29,0.0,96.58
105157,1003,2,24.14,0.0,48.28
105158,1034,2,72.44,0.0,144.88
105159,1052,1,219.44,0.0,219.44
105160,1067,1,36.74,0.0,36.74
105160,1050,1,154.34,0.0,154.34
105160,1075,2,53.54,0.0,107.08
105161,1004,1,79.79,0.0,79.79
105162,1034,1,72.44,0.0,72.44
105163,1041,1,581.69,0.0,581.69
105163,1075,1,53.54,0.0,53.54
105164,1010,1,101.84,0.0,101.84
105164,1087,1,48.29,0.0,48.29
105164,1031,1,40.94,0.0,40.94
105165,1023,1,142.79,0.0,142.79
105166,1081,1,78.74,0.0,78.74
105167,1079,1,65.09,0.0,65.09
105168,1003,1,24.14,0.0,24.14
105169,1049,1,133.34,0.0,133.34
105170,1014,1,38.84,3.88,34.96
105170,1047,1,204.74,20.47,184.27
105170,1022,2,93.44,18.69,168.19
105170,1049,1,133.34,13.33,120.01
105171,1001,1,65.09,0.0,65.09
105172,1045,1,532.34,0.0,532.34
105173,1080,1,141.74,0.0,141.74
105173,1015,1,101.84,0.0,101.84
105174,1029,1,32.54,0.0,32.54
105174,1075,2,53.54,0.0,107.08
105174,1078,1,90.29,0.0,90.29
105174,1072,1,149.09,0.0,149.09
105175,1078,1,90.29,0.0,90.29
105175,1006,2,17.84,0.0,35.68
105175,1077,1,27.29,0.0,27.29
105176,1011,1,36.74,0.0,36.74
105176,1062,1,160.64,0.0,160.64
105176,1005,1,83.99,0.0,83.99
105176,1075,1,53.54,0.0,53.54
105177,1022,2,93.44,0.0,186.88
105177,1086,1,102.89,0.0,102.89
105178,1082,4,110.24,0.0,440.96
105178,1084,1,118.64,0.0,118.64
105179,1023,2,142.79,0.0,285.58
105180,1060,1,141.74,0.0,141.74
105181,1088,2,22.04,0.0,44.08
105182,1002,1,145.94,0.0,145.94
105183,1087,1,48.29,0.0,48.29
105184,1050,1,154.34,0.0,154.34
105184,1086,1,102.89,0.0,102.89
105184,1090,1,18.89,0.0,18.89
105184,1065,1,173.24,0.0,173.24
105185,1076,1,145.94,0.0,145.94
105185,1078,1,90.29,0.0,90.29
105186,1070,1,129.14,0.0,129.14
105187,1079,1,61.99,0.0,61.99
105188,1009,1,138.59,0.0,138.59
105188,1026,1,170.09,0.0,170.09
105188,1081,1,78.74,0.0,78.74
105189,1064,1,161.69,0.0,161.69
105190,1024,1,62.99,0.0,62.99
105190,1002,1,145.94,0.0,145.94
105191,1009,3,138.59,0.0,415.77
105192,1065,1,173.24,0.0,173.24
105192,1083,1,20.99,0.0,20.99
105193,1075,3,53.54,0.0,160.62
105194,1029,1,30.99,0.0,30.99
105195,1076,1,145.94,0.0,145.94
105195,1017,1,91.34,0.0,91.34
105196,1058,2,98.69,29.61,167.76999999999998
105197,1033,1,90.29,0.0,90.29
105197,1006,1,17.84,0.0,17.84
105198,1061,2,48.29,0.0,96.58
105198,1068,1,52.49,0.0,52.49
105198,1006,1,17.84,0.0,17.84
105198,1041,1,581.69,0.0,581.69
105199,1085,1,121.79,0.0,121.79
105199,1007,1,75.59,0.0,75.59
105200,1058,1,98.69,0.0,98.69
105200,1089,1,56.69,0.0,56.69
105201,1001,1,65.09,9.76,55.330000000000005
105202,1089,1,56.69,5.67,51.019999999999996
105203,1025,1,175.34,0.0,175.34
105204,1009,1,138.59,0.0,138.59
105205,1078,1,90.29,0.0,90.29
105205,1001,2,65.09,0.0,130.18
105205,1064,1,161.69,0.0,161.69
105205,1059,2,491.39,0.0,982.78
105206,1034,1,72.44,0.0,72.44
105206,1057,3,216.29,0.0,648.87
105207,1023,1,142.79,0.0,142.79
105208,1037,2,30.44,0.0,60.88
105209,1023,1,142.79,0.0,142.79
105209,1038,1,329.69,0.0,329.69
105209,1088,1,22.04,0.0,22.04
105209,1090,1,18.89,0.0,18.89
105210,1074,1,20.99,0.0,20.99
105210,1034,1,68.99,0.0,68.99
105211,1054,1,241.49,0.0,241.49
105212,1073,1,73.49,0.0,73.49
105212,1061,2,48.29,0.0,96.58
105212,1009,1,138.59,0.0,138.59
105213,1079,1,65.09,0.0,65.09
105214,1061,1,48.29,7.24,41.05
105214,1057,2,216.29,64.89,367.69
105214,1016,1,190.04,28.51,161.53
105215,1010,1,101.84,10.18,91.66
105216,1079,1,65.09,0.0,65.09
105217,1074,1,20.99,0.0,20.99
105218,1007,2,75.59,0.0,151.18
105218,1055,1,211.04,0.0,211.04
105219,1005,1,83.99,0.0,83.99
105220,1080,1,141.74,0.0,141.74
105220,1063,1,258.29,0.0,258.29
105221,1004,1,79.79,0.0,79.79
105221,1011,1,36.74,0.0,36.74
105221,1070,1,129.14,0.0,129.14
105222,1024,1,62.99,6.3,56.690000000000005
105223,1037,1,30.44,0.0,30.44
105223,1018,1,223.64,0.0,223.64
105224,1019,1,81.89,0.0,81.89
105224,1030,2,8.39,0.0,16.78
105224,1074,1,20.99,0.0,20.99
105225,1063,1,258.29,0.0,258.29
105226,1090,1,18.89,0.0,18.89
105226,1023,1,142.79,0.0,142.79
105227,1046,1,150.14,0.0,150.14
105228,1056,1,251.99,0.0,251.99
105228,1030,1,8.39,0.0,8.39
105229,1083,1,20.99,0.0,20.99
105229,1078,1,90.29,0.0,90.29
105229,1032,1,86.09,0.0,86.09
105229,1016,1,190.04,0.0,190.04
105230,1089,3,56.69,25.51,144.56
105230,1014,1,38.84,5.83,33.010000000000005
105230,1024,4,62.99,37.79,214.17000000000002
105230,1015,1,101.84,15.28,86.56
105231,1004,1,79.79,0.0,79.79
105232,1072,1,149.09,0.0,149.09
105233,1088,1,22.04,0.0,22.04
105233,1012,1,115.49,0.0,115.49
105234,1011,1,36.74,0.0,36.74
105234,1040,1,500.84,0.0,500.84
105235,1068,1,52.49,0.0,52.49
105236,1027,1,95.54,14.33,81.21000000000001
105236,1050,1,154.34,23.15,131.19
105237,1075,1,53.54,0.0,53.54
105237,1029,2,32.54,0.0,65.08
105237,1016,2,190.04,0.0,380.08
105238,1016,1,190.04,0.0,190.04
105239,1080,1,141.74,21.26,120.48
105239,1019,1,81.89,12.28,69.61
105239,1020,1,57.74,8.66,49.08
105239,1003,1,24.14,3.62,20.52
105240,1013,1,131.24,0.0,131.24
105241,1078,2,90.29,0.0,180.58
105241,1075,1,53.54,0.0,53.54
105241,1048,1,139.99,0.0,139.99
105242,1082,1,110.24,0.0,110.24
105242,1012,1,115.49,0.0,115.49
105243,1007,2,75.59,0.0,151.18
105243,1053,1,39.89,0.0,39.89
105244,1070,1,129.14,19.37,109.76999999999998
105244,1080,3,141.74,63.78,361.44000000000005
105244,1003,1,24.14,3.62,20.52
105245,1073,1,73.49,0.0,73.49
105245,1011,1,36.74,0.0,36.74
105246,1083,1,20.99,3.15,17.84
105247,1051,1,56.69,0.0,56.69
105247,1005,1,83.99,0.0,83.99
105247,1001,1,65.09,0.0,65.09
105247,1036,1,61.94,0.0,61.94
105248,1087,3,48.29,0.0,144.87
105249,1005,4,83.99,0.0,335.96
105249,1081,1,78.74,0.0,78.74
105250,1006,1,17.84,0.0,17.84
105250,1086,1,102.89,0.0,102.89
105251,1006,1,17.84,0.0,17.84
105252,1031,1,40.94,6.14,34.8
105252,1075,1,53.54,8.03,45.51
105253,1090,1,18.89,1.89,17.0
105254,1077,1,27.29,0.0,27.29
105254,1081,1,78.74,0.0,78.74
105255,1048,1,146.99,0.0,146.99
105255,1030,1,8.39,0.0,8.39
105256,1088,2,22.04,0.0,44.08
105256,1082,1,110.24,0.0,110.24
105256,1080,1,141.74,0.0,141.74
105257,1032,1,86.09,12.91,73.18
105257,1089,1,56.69,8.5,48.19
105258,1083,1,20.99,0.0,20.99
105258,1079,1,65.09,0.0,65.09
105258,1017,1,91.34,0.0,91.34
105258,1075,1,53.54,0.0,53.54
105259,1083,1,20.99,2.1,18.889999999999997
105259,1058,1,98.69,9.87,88.82
105259,1088,2,22.04,4.41,39.67
105259,1061,2,48.29,9.66,86.92
105260,1021,1,130.19,0.0,130.19
105260,1082,1,110.24,0.0,110.24
105261,1075,1,53.54,0.0,53.54
105262,1048,1,146.99,0.0,146.99
105262,1050,1,154.34,0.0,154.34
105262,1061,1,48.29,0.0,48.29
105263,1002,1,145.94,0.0,145.94
105263,1033,1,90.29,0.0,90.29
105264,1006,1,17.84,0.0,17.84
105265,1075,1,53.54,0.0,53.54
105265,1048,1,146.99,0.0,146.99
105265,1047,1,204.74,0.0,204.74
105265,1009,1,138.59,0.0,138.59
105266,1061,3,48.29,0.0,144.87
105267,1083,1,20.99,0.0,20.99
105268,1076,1,145.94,21.89,124.05
105269,1076,1,145.94,0.0,145.94
105269,1040,1,500.84,0.0,500.84
105269,1009,1,138.59,0.0,138.59
105270,1085,1,121.79,12.18,109.61000000000001
105270,1037,1,30.44,3.04,27.400000000000002
105271,1034,1,72.44,0.0,72.44
105272,1090,1,18.89,0.0,18.89
105272,1064,1,161.69,0.0,161.69
105273,1036,2,61.94,0.0,123.88
105273,1023,1,142.79,0.0,142.79
105274,1004,1,79.79,7.98,71.81
105274,1030,1,8.39,0.84,7.550000000000001
105274,1049,1,133.34,13.33,120.01
105274,1006,1,17.84,1.78,16.06
105275,1004,1,79.79,0.0,79.79
105275,1023,2,142.79,0.0,285.58
105276,1005,3,83.99,0.0,251.96999999999997
105276,1064,1,161.69,0.0,161.69
105276,1014,4,36.99,0.0,147.96
105277,1029,1,32.54,0.0,32.54
105277,1073,1,73.49,0.0,73.49
105278,1068,1,52.49,0.0,52.49
105278,1061,1,48.29,0.0,48.29
105279,1031,1,40.94,0.0,40.94
105279,1081,1,78.74,0.0,78.74
105280,1050,1,154.34,0.0,154.34
105280,1055,1,211.04,0.0,211.04
105281,1076,3,145.94,0.0,437.82
105282,1067,3,36.74,0.0,110.22
105283,1089,1,56.69,0.0,56.69
105284,1017,1,91.34,0.0,91.34
105285,1037,1,30.44,0.0,30.44
105286,1087,2,48.29,0.0,96.58
105287,1017,1,91.34,0.0,91.34
105288,1023,2,142.79,42.84,242.73999999999998
105289,1061,3,48.29,0.0,144.87
105290,1080,1,141.74,0.0,141.74
105291,1075,1,53.54,0.0,53.54
105292,1018,2,223.64,0.0,447.28
105293,1068,1,52.49,0.0,52.49
105293,1031,1,40.94,0.0,40.94
105294,1077,1,27.29,0.0,27.29
105294,1057,1,216.29,0.0,216.29
105294,1047,1,204.74,0.0,204.74
105295,1064,1,161.69,0.0,161.69
105296,1005,1,79.99,0.0,79.99
105296,1078,1,90.29,0.0,90.29
105297,1008,1,46.19,6.93,39.26
105298,1053,1,39.89,0.0,39.89
105299,1076,1,145.94,0.0,145.94
105300,1042,1,812.69,0.0,812.69
105301,1012,1,115.49,0.0,115.49
105302,1054,1,241.49,0.0,241.49
105302,1066,1,180.59,0.0,180.59
105303,1074,1,20.99,0.0,20.99
105304,1076,1,145.94,0.0,145.94
105305,1067,1,36.74,5.51,31.230000000000004
105306,1036,1,61.94,0.0,61.94
105306,1002,2,145.94,0.0,291.88
105306,1072,1,149.09,0.0,149.09
105307,1041,1,581.69,0.0,581.69
105307,1069,1,28.34,0.0,28.34
105308,1077,2,27.29,0.0,54.58
105308,1016,1,190.04,0.0,190.04
105308,1073,2,73.49,0.0,146.98
105309,1069,1,28.34,0.0,28.34
105310,1080,1,141.74,0.0,141.74
105310,1006,1,17.84,0.0,17.84
105311,1029,2,32.54,0.0,65.08
105311,1005,1,83.99,0.0,83.99
105312,1057,1,216.29,0.0,216.29
105313,1061,1,48.29,0.0,48.29
105314,1002,1,145.94,21.89,124.05
105314,1050,3,154.34,69.45,393.57
105315,1026,1,170.09,25.51,144.58
105315,1011,1,36.74,5.51,31.230000000000004
105316,1074,1,20.99,0.0,20.99
105316,1021,1,130.19,0.0,130.19
105316,1065,1,173.24,0.0,173.24
105317,1033,2,90.29,0.0,180.58
105318,1072,1,149.09,0.0,149.09
105318,1023,1,142.79,0.0,142.79
105319,1052,1,219.44,0.0,219.44
105320,1031,1,40.94,0.0,40.94
105321,1062,1,160.64,0.0,160.64
105321,1071,1,10.49,0.0,10.49
105321,1072,1,149.09,0.0,149.09
105322,1003,2,24.14,0.0,48.28
105323,1052,1,219.44,0.0,219.44
105323,1014,1,38.84,0.0,38.84
105324,1058,1,98.69,14.8,83.89
105324,1088,1,22.04,3.31,18.73
105325,1087,1,48.29,0.0,48.29
105326,1057,1,216.29,0.0,216.29
105326,1024,1,62.99,0.0,62.99
105327,1067,1,36.74,0.0,36.74
105327,1045,1,532.34,0.0,532.34
105327,1026,1,170.09,0.0,170.09
105328,1086,2,102.89,0.0,205.78
105329,1081,1,78.74,0.0,78.74
105329,1002,1,145.94,0.0,145.94
105329,1090,1,18.89,0.0,18.89
105330,1033,1,90.29,0.0,90.29
105331,1012,1,115.49,0.0,115.49
105331,1027,1,95.54,0.0,95.54
105331,1069,1,28.34,0.0,28.34
105332,1004,2,79.79,0.0,159.58
105332,1076,1,145.94,0.0,145.94
105332,1083,1,20.99,0.0,20.99
105333,1031,4,40.94,0.0,163.76
105333,1016,1,190.04,0.0,190.04
105334,1010,1,101.84,0.0,101.84
105334,1003,1,24.14,0.0,24.14
105335,1010,1,101.84,0.0,101.84
105335,1055,1,211.04,0.0,211.04
105335,1073,1,73.49,0.0,73.49
105335,1017,1,91.34,0.0,91.34
105336,1081,1,78.74,0.0,78.74
105337,1043,1,134.39,0.0,134.39
105338,1002,1,145.94,0.0,145.94
105339,1017,1,91.34,0.0,91.34
105340,1051,1,56.69,0.0,56.69
105340,1016,1,190.04,0.0,190.04
105341,1078,1,90.29,0.0,90.29
105341,1010,1,101.84,0.0,101.84
105341,1011,1,36.74,0.0,36.74
105342,1089,1,56.69,0.0,56.69
105342,1071,1,10.49,0.0,10.49
105343,1025,1,175.34,0.0,175.34
105344,1026,1,170.09,0.0,170.09
105344,1069,1,28.34,0.0,28.34
105345,1010,1,101.84,0.0,101.84
105345,1006,1,17.84,0.0,17.84
105346,1052,1,219.44,32.92,186.51999999999998
105347,1066,1,180.59,0.0,180.59
105347,1033,1,90.29,0.0,90.29
105347,1071,1,10.49,0.0,10.49
105347,1032,1,86.09,0.0,86.09
105348,1062,1,160.64,0.0,160.64
105348,1033,1,90.29,0.0,90.29
105349,1074,1,20.99,0.0,20.99
105350,1066,1,180.59,0.0,180.59
105350,1054,1,241.49,0.0,241.49
105351,1031,2,40.94,0.0,81.88
105352,1068,1,52.49,0.0,52.49
105353,1018,1,223.64,0.0,223.64
105353,1085,1,121.79,0.0,121.79
105354,1074,1,20.99,0.0,20.99
105354,1076,2,145.94,0.0,291.88
105355,1004,1,79.79,7.98,71.81
105355,1081,2,78.74,15.75,141.73
105356,1035,2,54.59,0.0,109.18
105356,1030,4,8.39,0.0,33.56
105357,1007,1,75.59,0.0,75.59
105357,1083,2,20.99,0.0,41.98
105357,1062,1,160.64,0.0,160.64
105358,1083,1,20.99,0.0,20.99
105358,1080,2,141.74,0.0,283.48
105359,1034,1,72.44,0.0,72.44
105360,1069,1,28.34,0.0,28.34
105360,1015,1,101.84,0.0,101.84
105360,1039,1,508.19,0.0,508.19
105361,1076,1,145.94,14.59,131.35
105362,1072,1,149.09,0.0,149.09
105362,1061,1,48.29,0.0,48.29
105363,1071,1,10.49,0.0,10.49
105363,1012,1,115.49,0.0,115.49
105363,1030,1,8.39,0.0,8.39
105364,1090,1,18.89,2.83,16.060000000000002
105365,1022,1,93.44,0.0,93.44
105366,1011,1,36.74,0.0,36.74
105366,1068,1,52.49,0.0,52.49
105366,1012,1,115.49,0.0,115.49
105367,1086,1,102.89,15.43,87.46000000000001
105368,1007,2,75.59,0.0,151.18
105369,1006,1,17.84,0.0,17.84
105369,1063,1,258.29,0.0,258.29
105370,1059,1,491.39,0.0,491.39
105370,1036,2,61.94,0.0,123.88
105371,1003,1,24.14,2.41,21.73
105371,1020,2,57.74,11.55,103.93
105372,1072,1,149.09,0.0,149.09
105373,1037,3,30.44,0.0,91.32000000000001
105373,1078,1,90.29,0.0,90.29
105373,1026,1,170.09,0.0,170.09
105373,1088,1,22.04,0.0,22.04
105374,1057,1,216.29,0.0,216.29
105374,1009,2,138.59,0.0,277.18
105375,1073,1,73.49,11.02,62.47
105375,1008,3,46.19,20.79,117.78
105375,1068,1,52.49,7.87,44.620000000000005
105376,1061,4,48.29,0.0,193.16
105377,1001,2,65.09,0.0,130.18
105378,1017,1,91.34,0.0,91.34
105378,1076,3,145.94,0.0,437.82
105379,1090,1,18.89,2.83,16.060000000000002
105379,1063,1,258.29,38.74,219.55
105379,1023,1,142.79,21.42,121.36999999999999
105379,1083,1,20.99,3.15,17.84
105380,1058,3,98.69,0.0,296.07
105381,1028,2,81.89,0.0,163.78
105381,1037,1,30.44,0.0,30.44
105382,1083,3,20.99,9.45,53.519999999999996
105383,1081,1,78.74,0.0,78.74
105384,1069,1,28.34,0.0,28.34
105385,1037,2,30.44,0.0,60.88
105386,1013,1,131.24,0.0,131.24
105387,1001,2,65.09,0.0,130.18
105387,1074,2,20.99,0.0,41.98
105388,1073,1,73.49,0.0,73.49
105388,1010,1,101.84,0.0,101.84
105388,1003,1,24.14,0.0,24.14
105388,1042,1,812.69,0.0,812.69
105389,1074,1,20.99,0.0,20.99
105390,1069,1,28.34,0.0,28.34
105391,1039,1,508.19,0.0,508.19
105392,1033,1,90.29,0.0,90.29
105393,1002,1,145.94,0.0,145.94
105393,1069,2,28.34,0.0,56.68
105394,1026,1,170.09,0.0,170.09
105395,1025,3,175.34,0.0,526.02
105396,1071,1,10.49,1.05,9.44
105396,1062,1,160.64,16.06,144.57999999999998
105397,1025,1,175.34,17.53,157.81
105397,1065,1,173.24,17.32,155.92000000000002
105398,1075,1,53.54,0.0,53.54
105399,1057,1,216.29,0.0,216.29
105400,1037,1,30.44,0.0,30.44
105401,1008,2,46.19,0.0,92.38
105402,1024,1,62.99,0.0,62.99
105403,1071,1,10.49,0.0,10.49
105403,1072,1,149.09,0.0,149.09
105404,1079,1,65.09,0.0,65.09
105405,1062,1,160.64,0.0,160.64
105406,1035,1,54.59,0.0,54.59
105406,1050,1,154.34,0.0,154.34
105406,1036,1,61.94,0.0,61.94
105407,1088,2,22.04,0.0,44.08
105408,1064,1,161.69,0.0,161.69
105409,1036,1,61.94,6.19,55.75
105409,1035,1,54.59,5.46,49.13
105410,1009,1,138.59,0.0,138.59
105411,1049,1,133.34,13.33,120.01
105411,1085,1,121.79,12.18,109.61000000000001
105412,1079,1,65.09,0.0,65.09
105413,1055,2,211.04,0.0,422.08
105413,1004,1,79.79,0.0,79.79
105413,1079,2,65.09,0.0,130.18
105414,1061,3,48.29,21.73,123.14
105415,1050,1,154.34,0.0,154.34
105416,1006,1,17.84,0.0,17.84
105417,1053,1,39.89,0.0,39.89
105417,1027,1,95.54,0.0,95.54
105418,1032,1,86.09,0.0,86.09
105419,1090,1,18.89,0.0,18.89
105420,1028,2,81.89,0.0,163.78
105421,1063,1,258.29,25.83,232.46000000000004
105422,1059,1,491.39,0.0,491.39
105422,1051,1,56.69,0.0,56.69
105423,1087,1,48.29,0.0,48.29
105424,1082,1,110.24,0.0,110.24
105425,1016,1,190.04,0.0,190.04
105426,1030,1,7.99,0.0,7.99
105427,1036,1,61.94,0.0,61.94
105428,1040,1,500.84,0.0,500.84
105429,1060,1,141.74,0.0,141.74
105430,1006,1,17.84,2.68,15.16
105430,1067,1,36.74,5.51,31.230000000000004
105431,1070,1,129.14,0.0,129.14
105431,1017,2,91.34,0.0,182.68
105432,1029,1,32.54,0.0,32.54
105432,1022,4,93.44,0.0,373.76
105433,1003,1,24.14,0.0,24.14
105433,1032,2,86.09,0.0,172.18
105433,1010,2,101.84,0.0,203.68
105433,1024,1,62.99,0.0,62.99
105434,1019,1,81.89,0.0,81.89
105434,1046,1,150.14,0.0,150.14
105435,1070,1,129.14,0.0,129.14
105435,1090,1,18.89,0.0,18.89
105436,1035,1,54.59,0.0,54.59
105437,1089,1,56.69,0.0,56.69
105437,1059,1,491.39,0.0,491.39
105437,1036,2,61.94,0.0,123.88
105437,1041,1,581.69,0.0,581.69
105438,1036,2,61.94,0.0,123.88
105438,1066,1,180.59,0.0,180.59
105439,1064,1,161.69,0.0,161.69
105440,1081,1,78.74,0.0,78.74
105441,1089,1,56.69,0.0,56.69
105441,1072,1,149.09,0.0,149.09
105442,1049,1,133.34,0.0,133.34
105443,1035,2,54.59,0.0,109.18
105444,1074,1,20.99,3.15,17.84
105445,1067,1,36.74,0.0,36.74
105445,1003,1,24.14,0.0,24.14
105446,1063,1,258.29,0.0,258.29
105447,1005,2,83.99,0.0,167.98
105447,1001,1,65.09,0.0,65.09
105447,1018,1,223.64,0.0,223.64
105448,1022,2,93.44,0.0,186.88
105449,1044,1,556.49,0.0,556.49
105450,1071,1,10.49,1.57,8.92
105450,1026,2,170.09,51.03,289.15
105451,1079,3,61.99,0.0,185.97
105452,1080,1,141.74,0.0,141.74
105453,1031,1,40.94,0.0,40.94
105453,1080,1,141.74,0.0,141.74
105454,1051,2,56.69,0.0,113.38
105454,1010,1,96.99,0.0,96.99
105454,1074,1,20.99,0.0,20.99
105455,1067,1,36.74,0.0,36.74
105455,1079,1,65.09,0.0,65.09
105456,1074,1,20.99,0.0,20.99
105456,1080,1,141.74,0.0,141.74
105457,1050,1,154.34,15.43,138.91
105457,1059,1,491.39,49.14,442.25
105458,1085,1,121.79,0.0,121.79
105459,1059,1,491.39,0.0,491.39
105460,1024,1,62.99,0.0,62.99
105460,1066,3,180.59,0.0,541.77
105460,1077,2,27.29,0.0,54.58
105460,1073,2,73.49,0.0,146.98
105461,1075,1,53.54,0.0,53.54
105461,1058,1,98.69,0.0,98.69
105462,1012,1,115.49,0.0,115.49
105462,1028,1,81.89,0.0,81.89
105463,1078,2,90.29,0.0,180.58
105463,1063,3,258.29,0.0,774.8700000000001
105463,1090,1,18.89,0.0,18.89
105464,1030,3,8.39,0.0,25.17
105465,1001,1,65.09,0.0,65.09
105465,1067,2,36.74,0.0,73.48
105465,1023,1,142.79,0.0,142.79
105465,1066,1,180.59,0.0,180.59
105466,1058,1,98.69,0.0,98.69
105466,1028,1,81.89,0.0,81.89
105467,1018,1,223.64,0.0,223.64
105467,1062,1,160.64,0.0,160.64
105468,1038,1,329.69,0.0,329.69
105468,1068,1,52.49,0.0,52.49
105469,1028,1,81.89,0.0,81.89
105469,1023,1,142.79,0.0,142.79
105469,1033,1,90.29,0.0,90.29
105470,1076,1,145.94,0.0,145.94
105470,1046,1,150.14,0.0,150.14
105471,1055,2,211.04,0.0,422.08
105472,1005,1,83.99,0.0,83.99
105473,1049,1,133.34,0.0,133.34
105474,1002,1,138.99,0.0,138.99
105475,1004,1,79.79,0.0,79.79
105476,1065,1,173.24,25.99,147.25
105477,1055,2,211.04,63.31,358.77
105478,1060,1,141.74,21.26,120.48
105478,1027,1,95.54,14.33,81.21000000000001
105479,1048,1,146.99,0.0,146.99
105479,1066,1,180.59,0.0,180.59
105480,1076,1,145.94,0.0,145.94
105481,1052,1,219.44,0.0,219.44
105481,1068,1,52.49,0.0,52.49
105481,1010,1,101.84,0.0,101.84
105482,1084,2,118.64,0.0,237.28
105482,1060,1,141.74,0.0,141.74
105483,1084,1,118.64,0.0,118.64
105484,1027,1,95.54,0.0,95.54
105484,1036,1,61.94,0.0,61.94
105485,1015,1,101.84,0.0,101.84
105486,1074,1,20.99,0.0,20.99
105487,1028,1,81.89,0.0,81.89
105488,1069,1,28.34,0.0,28.34
105488,1029,1,32.54,0.0,32.54
105488,1003,1,24.14,0.0,24.14
105489,1065,3,173.24,0.0,519.72
105489,1083,1,20.99,0.0,20.99
105489,1012,1,115.49,0.0,115.49
105490,1046,1,150.14,0.0,150.14
105490,1036,3,61.94,0.0,185.82
105490,1057,1,216.29,0.0,216.29
105491,1007,3,75.59,0.0,226.77
105492,1029,1,32.54,0.0,32.54
105493,1047,1,204.74,0.0,204.74
105494,1060,1,141.74,21.26,120.48
105494,1086,1,102.89,15.43,87.46000000000001
105495,1007,1,75.59,0.0,75.59
105496,1085,1,121.79,0.0,121.79
105496,1082,1,110.24,0.0,110.24
105497,1088,3,22.04,0.0,66.12
105497,1005,2,83.99,0.0,167.98
105498,1035,1,54.59,0.0,54.59
105498,1026,1,170.09,0.0,170.09
105499,1026,1,170.09,0.0,170.09
105500,1082,1,110.24,0.0,110.24
105500,1047,1,204.74,0.0,204.74
105501,1077,2,27.29,8.19,46.39
105502,1078,1,90.29,0.0,90.29
105503,1078,1,90.29,13.54,76.75
105504,1059,1,491.39,73.71,417.68
105505,1029,1,32.54,0.0,32.54
105506,1010,2,101.84,0.0,203.68
105507,1008,1,46.19,4.62,41.57
105508,1064,1,161.69,24.25,137.44
105508,1066,1,180.59,27.09,153.5
105508,1027,1,95.54,14.33,81.21000000000001
105509,1037,1,30.44,0.0,30.44
105510,1071,1,10.49,0.0,10.49
105510,1073,1,73.49,0.0,73.49
105511,1057,1,216.29,0.0,216.29
105511,1005,3,83.99,0.0,251.96999999999997
105512,1078,1,90.29,0.0,90.29
105513,1014,1,38.84,0.0,38.84
105513,1077,2,27.29,0.0,54.58
105514,1070,1,129.14,0.0,129.14
105515,1016,1,190.04,0.0,190.04
105515,1076,3,145.94,0.0,437.82
105516,1014,1,38.84,0.0,38.84
105517,1071,1,10.49,0.0,10.49
105518,1090,1,18.89,0.0,18.89
105518,1005,1,83.99,0.0,83.99
105519,1079,1,65.09,9.76,55.330000000000005
105520,1088,1,22.04,2.2,19.84
105520,1074,1,20.99,2.1,18.889999999999997
105520,1090,3,18.89,5.67,51.0
105521,1051,1,56.69,8.5,48.19
105521,1037,1,30.44,4.57,25.87
105522,1019,2,81.89,24.57,139.21
105522,1071,1,10.49,1.57,8.92
105523,1071,1,10.49,0.0,10.49
105523,1022,2,93.44,0.0,186.88
105524,1079,1,65.09,0.0,65.09
105525,1081,1,78.74,11.81,66.92999999999999
105526,1026,1,170.09,17.01,153.08
105527,1026,1,170.09,0.0,170.09
105528,1085,1,121.79,0.0,121.79
105529,1010,1,101.84,0.0,101.84
105530,1066,1,180.59,27.09,153.5
105531,1066,1,180.59,0.0,180.59
105532,1006,1,17.84,0.0,17.84
105532,1031,1,40.94,0.0,40.94
105532,1089,1,56.69,0.0,56.69
105532,1005,1,83.99,0.0,83.99
105533,1006,1,17.84,1.78,16.06
105534,1067,1,36.74,0.0,36.74
105535,1071,1,10.49,0.0,10.49
105535,1022,1,93.44,0.0,93.44
105536,1069,1,28.34,4.25,24.09
105537,1078,1,90.29,0.0,90.29
105538,1002,1,145.94,21.89,124.05
105539,1080,2,141.74,0.0,283.48
105540,1071,1,10.49,0.0,10.49
105540,1001,1,65.09,0.0,65.09
105541,1078,1,90.29,0.0,90.29
105542,1074,1,20.99,3.15,17.84
105543,1015,2,101.84,0.0,203.68
105543,1049,1,133.34,0.0,133.34
105544,1037,2,30.44,9.13,51.75
105544,1072,1,149.09,22.36,126.73
105545,1081,2,78.74,0.0,157.48
105546,1037,1,30.44,0.0,30.44
105546,1090,2,18.89,0.0,37.78
105546,1067,1,36.74,0.0,36.74
105547,1061,1,48.29,0.0,48.29
105548,1083,1,20.99,3.15,17.84
105549,1080,1,141.74,0.0,141.74
105550,1037,1,30.44,0.0,30.44
105551,1070,1,129.14,0.0,129.14
105552,1008,1,46.19,0.0,46.19
105553,1078,4,90.29,0.0,361.16
105554,1090,1,18.89,0.0,18.89
105555,1029,1,32.54,0.0,32.54
105556,1062,1,160.64,0.0,160.64
105557,1068,1,52.49,0.0,52.49
105557,1011,1,36.74,0.0,36.74
105557,1044,1,556.49,0.0,556.49
105558,1044,1,556.49,55.65,500.84000000000003
105559,1087,1,48.29,0.0,48.29
105560,1008,1,46.19,6.93,39.26
105560,1030,1,8.39,1.26,7.130000000000001
105560,1013,1,131.24,19.69,111.55000000000001
105561,1015,1,101.84,0.0,101.84
105562,1055,1,211.04,0.0,211.04
105562,1088,1,22.04,0.0,22.04
105562,1011,1,36.74,0.0,36.74
105563,1068,1,52.49,0.0,52.49
105563,1006,3,17.84,0.0,53.519999999999996
105563,1043,1,134.39,0.0,134.39
105563,1038,1,329.69,0.0,329.69
105564,1071,1,10.49,0.0,10.49
105564,1021,1,130.19,0.0,130.19
105565,1026,1,170.09,25.51,144.58
105565,1070,1,129.14,19.37,109.76999999999998
105566,1029,1,32.54,0.0,32.54
105566,1075,1,53.54,0.0,53.54
105567,1010,2,101.84,0.0,203.68
105567,1044,1,556.49,0.0,556.49
105568,1025,1,175.34,0.0,175.34
105568,1078,4,90.29,0.0,361.16
105569,1007,1,75.59,0.0,75.59
105569,1069,2,28.34,0.0,56.68
105570,1039,1,508.19,0.0,508.19
105570,1023,1,142.79,0.0,142.79
105570,1082,1,110.24,0.0,110.24
105571,1003,1,24.14,0.0,24.14
105571,1069,1,28.34,0.0,28.34
105572,1077,1,27.29,4.09,23.2
105572,1020,1,57.74,8.66,49.08
105572,1060,1,141.74,21.26,120.48
105573,1078,1,90.29,0.0,90.29
105573,1005,1,83.99,0.0,83.99
105574,1063,1,258.29,0.0,258.29
105575,1008,1,46.19,0.0,46.19
105576,1015,1,101.84,0.0,101.84
105576,1013,1,131.24,0.0,131.24
105576,1023,1,142.79,0.0,142.79
105577,1084,1,118.64,0.0,118.64
105578,1003,1,24.14,0.0,24.14
105578,1020,1,57.74,0.0,57.74
105578,1002,2,145.94,0.0,291.88
105579,1079,1,65.09,0.0,65.09
105580,1029,1,32.54,0.0,32.54
105581,1025,1,175.34,0.0,175.34
105581,1086,1,102.89,0.0,102.89
105582,1065,1,173.24,0.0,173.24
105583,1075,1,53.54,8.03,45.51
105584,1063,1,258.29,0.0,258.29
105584,1056,1,251.99,0.0,251.99
105584,1061,1,48.29,0.0,48.29
105585,1013,1,131.24,0.0,131.24
105586,1076,1,145.94,21.89,124.05
105586,1019,1,81.89,12.28,69.61
105587,1063,1,258.29,0.0,258.29
105587,1040,1,500.84,0.0,500.84
105588,1020,1,57.74,0.0,57.74
105588,1014,1,36.99,0.0,36.99
105589,1032,1,86.09,12.91,73.18
105590,1033,2,90.29,0.0,180.58
105590,1079,1,65.09,0.0,65.09
105590,1085,1,121.79,0.0,121.79
105591,1024,1,62.99,0.0,62.99
105592,1063,1,258.29,0.0,258.29
105592,1023,1,142.79,0.0,142.79
105592,1077,2,27.29,0.0,54.58
105593,1043,1,134.39,0.0,134.39
105593,1087,1,48.29,0.0,48.29
105594,1074,1,20.99,0.0,20.99
105594,1019,1,81.89,0.0,81.89
105594,1059,1,491.39,0.0,491.39
105595,1009,1,138.59,0.0,138.59
105595,1076,1,145.94,0.0,145.94
105595,1048,1,146.99,0.0,146.99
105596,1054,1,241.49,24.15,217.34
105596,1083,1,20.99,2.1,18.889999999999997
105597,1031,1,40.94,0.0,40.94
105597,1008,1,46.19,0.0,46.19
105598,1078,2,90.29,0.0,180.58
105598,1026,1,170.09,0.0,170.09
105598,1080,1,141.74,0.0,141.74
105598,1034,1,72.44,0.0,72.44
105599,1037,3,30.44,0.0,91.32000000000001
105599,1038,1,329.69,0.0,329.69
105599,1065,1,173.24,0.0,173.24
105600,1076,1,145.94,0.0,145.94
105601,1039,1,508.19,0.0,508.19
105602,1005,1,83.99,8.4,75.58999999999999
105602,1029,1,32.54,3.25,29.29
105603,1034,1,72.44,0.0,72.44
105604,1082,1,110.24,0.0,110.24
105604,1011,1,36.74,0.0,36.74
105605,1010,2,101.84,30.55,173.13
105606,1074,1,20.99,3.15,17.84
105607,1048,1,146.99,0.0,146.99
105607,1062,1,160.64,0.0,160.64
105608,1017,1,91.34,0.0,91.34
105608,1019,2,81.89,0.0,163.78
105608,1076,1,145.94,0.0,145.94
105609,1023,2,142.79,0.0,285.58
105610,1042,1,812.69,121.9,690.7900000000001
105611,1022,1,93.44,14.02,79.42
105611,1034,1,72.44,10.87,61.57
105611,1089,1,56.69,8.5,48.19
105612,1036,1,61.94,0.0,61.94
105613,1011,1,36.74,0.0,36.74
105614,1050,1,154.34,0.0,154.34
105614,1001,1,65.09,0.0,65.09
105615,1065,1,173.24,0.0,173.24
105615,1006,1,17.84,0.0,17.84
105616,1059,1,491.39,73.71,417.68
105616,1006,1,17.84,2.68,15.16
105616,1041,1,581.69,87.25,494.44000000000005
105616,1089,1,53.99,8.5,45.49
105617,1090,1,18.89,0.0,18.89
105617,1073,1,73.49,0.0,73.49
105617,1013,1,131.24,0.0,131.24
105618,1071,1,10.49,0.0,10.49
105618,1070,1,129.14,0.0,129.14
105618,1028,1,81.89,0.0,81.89
105619,1074,1,20.99,0.0,20.99
105620,1018,1,223.64,0.0,223.64
105621,1049,1,133.34,0.0,133.34
105622,1021,3,130.19,0.0,390.57
105622,1034,1,72.44,0.0,72.44
105623,1067,2,36.74,0.0,73.48
105624,1006,1,17.84,0.0,17.84
105625,1031,1,40.94,0.0,40.94
105626,1087,3,48.29,0.0,144.87
105627,1005,1,83.99,0.0,83.99
105628,1072,1,149.09,0.0,149.09
105628,1029,1,32.54,0.0,32.54
105629,1031,1,40.94,4.09,36.849999999999994
105629,1035,1,54.59,5.46,49.13
105629,1064,1,161.69,16.17,145.51999999999998
105630,1009,2,138.59,0.0,277.18
105630,1090,1,18.89,0.0,18.89
105631,1015,1,101.84,0.0,101.84
105631,1075,2,53.54,0.0,107.08
105632,1055,1,211.04,31.66,179.38
105632,1087,1,48.29,7.24,41.05
105632,1061,1,48.29,7.24,41.05
105633,1005,1,83.99,0.0,83.99
105634,1037,1,30.44,0.0,30.44
105634,1003,1,24.14,0.0,24.14
105634,1021,1,130.19,0.0,130.19
105635,1085,2,121.79,0.0,243.58
105635,1067,1,36.74,0.0,36.74
105636,1083,1,20.99,0.0,20.99
105637,1058,1,98.69,0.0,98.69
105637,1050,1,154.34,0.0,154.34
105637,1023,1,142.79,0.0,142.79
105637,1086,1,102.89,0.0,102.89
105638,1060,1,141.74,0.0,141.74
105638,1058,1,98.69,0.0,98.69
105639,1057,1,216.29,0.0,216.29
105640,1078,2,90.29,0.0,180.58
105640,1033,1,90.29,0.0,90.29
105641,1035,2,54.59,0.0,109.18
105641,1032,2,86.09,0.0,172.18
105641,1077,1,27.29,0.0,27.29
105642,1062,1,160.64,24.1,136.54
105643,1002,1,145.94,0.0,145.94
105644,1063,2,258.29,0.0,516.58
105645,1052,1,219.44,0.0,219.44
105646,1078,1,90.29,0.0,90.29
105647,1064,1,161.69,0.0,161.69
105648,1002,1,145.94,0.0,145.94
105649,1075,1,53.54,0.0,53.54
105650,1003,1,24.14,0.0,24.14
105650,1061,1,48.29,0.0,48.29
105651,1007,1,75.59,11.34,64.25
105651,1081,1,78.74,11.81,66.92999999999999
105652,1065,1,173.24,0.0,173.24
105653,1069,1,28.34,0.0,28.34
105654,1032,1,86.09,12.91,73.18
105655,1064,1,161.69,0.0,161.69
105655,1008,1,46.19,0.0,46.19
105656,1057,1,216.29,0.0,216.29
105657,1024,1,62.99,0.0,62.99
105658,1017,1,91.34,0.0,91.34
105659,1069,1,28.34,4.25,24.09
105659,1067,1,36.74,5.51,31.230000000000004
105660,1066,1,180.59,0.0,180.59
105661,1089,1,56.69,0.0,56.69
105662,1071,2,10.49,0.0,20.98
105663,1085,1,121.79,18.27,103.52000000000001
105663,1064,1,161.69,24.25,137.44
105663,1003,1,24.14,3.62,20.52
105663,1060,2,141.74,42.52,240.96
105664,1061,1,48.29,0.0,48.29
105664,1015,1,101.84,0.0,101.84
105664,1004,1,79.79,0.0,79.79
105664,1081,1,78.74,0.0,78.74
105665,1024,1,62.99,0.0,62.99
105665,1088,1,22.04,0.0,22.04
105666,1032,1,86.09,0.0,86.09
105667,1011,1,36.74,0.0,36.74
105668,1082,1,110.24,0.0,110.24
105669,1055,1,211.04,0.0,211.04
105669,1065,1,173.24,0.0,173.24
105670,1021,1,130.19,0.0,130.19
105671,1063,1,258.29,0.0,258.29
105671,1085,1,121.79,0.0,121.79
105672,1010,1,101.84,0.0,101.84
105673,1059,1,491.39,0.0,491.39
105673,1084,1,118.64,0.0,118.64
105674,1015,1,101.84,0.0,101.84
105675,1064,2,161.69,0.0,323.38
105675,1016,1,190.04,0.0,190.04
105675,1082,1,110.24,0.0,110.24
105676,1078,3,90.29,0.0,270.87
105677,1065,1,173.24,0.0,173.24
105677,1084,1,118.64,0.0,118.64
105677,1067,1,36.74,0.0,36.74
105677,1071,1,10.49,0.0,10.49
105678,1059,1,491.39,49.14,442.25
105679,1077,1,27.29,0.0,27.29
105679,1047,1,204.74,0.0,204.74
105679,1070,1,129.14,0.0,129.14
105679,1013,4,131.24,0.0,524.96
105680,1001,1,65.09,0.0,65.09
105681,1038,1,329.69,0.0,329.69
105682,1061,1,48.29,0.0,48.29
105683,1066,1,180.59,0.0,180.59
105684,1020,1,57.74,0.0,57.74
105685,1034,1,72.44,7.24,65.2
105685,1005,3,83.99,25.2,226.76999999999998
105686,1083,1,20.99,0.0,20.99
105686,1082,1,110.24,0.0,110.24
105686,1088,1,22.04,0.0,22.04
105687,1072,1,149.09,22.36,126.73
105687,1070,1,129.14,19.37,109.76999999999998
105687,1067,1,36.74,5.51,31.230000000000004
105687,1068,1,52.49,7.87,44.620000000000005
105688,1020,1,57.74,8.66,49.08
105689,1028,1,81.89,0.0,81.89
105689,1049,1,133.34,0.0,133.34
105690,1086,1,102.89,0.0,102.89
105691,1033,1,90.29,0.0,90.29
105691,1025,1,175.34,0.0,175.34
105692,1071,1,10.49,0.0,10.49
105693,1012,1,115.49,0.0,115.49
105693,1015,2,101.84,0.0,203.68
105694,1034,1,72.44,0.0,72.44
105694,1008,1,46.19,0.0,46.19
105694,1019,1,81.89,0.0,81.89
105694,1024,1,62.99,0.0,62.99
105695,1082,1,110.24,0.0,110.24
105695,1014,2,38.84,0.0,77.68
105696,1068,1,52.49,0.0,52.49
105697,1064,1,161.69,0.0,161.69
105698,1031,1,40.94,0.0,40.94
105699,1027,1,95.54,0.0,95.54
105700,1060,1,141.74,0.0,141.74
105701,1087,3,48.29,0.0,144.87
105702,1034,2,72.44,0.0,144.88
105702,1078,1,90.29,0.0,90.29
105702,1028,1,81.89,0.0,81.89
105703,1079,1,65.09,0.0,65.09
105703,1070,2,129.14,0.0,258.28
105703,1064,1,161.69,0.0,161.69
105704,1061,1,48.29,0.0,48.29
105705,1029,1,32.54,0.0,32.54
105706,1002,1,145.94,0.0,145.94
105706,1015,1,101.84,0.0,101.84
105706,1058,1,98.69,0.0,98.69
105707,1082,1,110.24,0.0,110.24
105707,1090,1,18.89,0.0,18.89
105708,1022,1,93.44,0.0,93.44
105708,1058,1,98.69,0.0,98.69
105708,1036,1,61.94,0.0,61.94
105709,1069,1,28.34,0.0,28.34
105709,1089,1,56.69,0.0,56.69
105709,1029,1,32.54,0.0,32.54
105709,1082,1,110.24,0.0,110.24
105710,1087,1,48.29,0.0,48.29
105711,1032,1,86.09,0.0,86.09
105711,1004,2,79.79,0.0,159.58
105711,1084,1,118.64,0.0,118.64
105712,1007,1,75.59,11.34,64.25
105713,1087,1,48.29,0.0,48.29
105714,1088,1,22.04,0.0,22.04
105714,1006,1,17.84,0.0,17.84
105714,1079,1,65.09,0.0,65.09
105715,1052,2,219.44,0.0,438.88
105715,1025,1,175.34,0.0,175.34
105716,1060,1,141.74,0.0,141.74
105717,1066,1,180.59,0.0,180.59
105717,1019,1,81.89,0.0,81.89
105718,1068,1,52.49,0.0,52.49
105718,1066,1,180.59,0.0,180.59
105719,1088,1,22.04,0.0,22.04
105719,1001,1,65.09,0.0,65.09
105719,1062,1,160.64,0.0,160.64
105719,1019,1,81.89,0.0,81.89
105720,1044,1,556.49,0.0,556.49
105720,1026,1,170.09,0.0,170.09
105721,1005,2,83.99,0.0,167.98
105721,1035,1,54.59,0.0,54.59
105721,1018,1,223.64,0.0,223.64
105722,1022,2,93.44,0.0,186.88
105723,1066,1,180.59,0.0,180.59
105723,1084,1,118.64,0.0,118.64
105724,1046,1,150.14,0.0,150.14
105724,1018,3,223.64,0.0,670.92
105725,1071,1,10.49,0.0,10.49
105726,1011,1,36.74,5.51,31.230000000000004
105726,1090,3,18.89,8.5,48.17
105726,1080,2,141.74,42.52,240.96
105726,1077,1,27.29,4.09,23.2
105727,1074,1,20.99,0.0,20.99
105728,1068,1,52.49,0.0,52.49
105729,1089,1,56.69,0.0,56.69
105729,1060,1,141.74,0.0,141.74
105729,1064,1,161.69,0.0,161.69
105730,1066,1,180.59,0.0,180.59
105731,1064,2,161.69,0.0,323.38
105732,1006,1,17.84,0.0,17.84
105732,1057,1,216.29,0.0,216.29
105732,1046,1,150.14,0.0,150.14
105733,1003,1,24.14,0.0,24.14
105734,1023,2,142.79,0.0,285.58
105735,1050,2,154.34,0.0,308.68
105736,1006,1,17.84,0.0,17.84
105736,1042,1,812.69,0.0,812.69
105737,1006,1,17.84,0.0,17.84
105738,1060,2,141.74,0.0,283.48
105739,1035,1,54.59,0.0,54.59
105740,1074,1,20.99,0.0,20.99
105741,1001,2,65.09,0.0,130.18
105741,1068,1,52.49,0.0,52.49
105741,1074,1,20.99,0.0,20.99
105742,1052,1,219.44,0.0,219.44
105742,1034,1,72.44,0.0,72.44
105743,1013,1,131.24,0.0,131.24
105744,1020,1,57.74,0.0,57.74
105744,1068,1,52.49,0.0,52.49
105745,1085,1,121.79,0.0,121.79
105746,1002,1,145.94,0.0,145.94
105747,1011,1,36.74,0.0,36.74
105748,1024,1,62.99,0.0,62.99
105749,1071,1,10.49,0.0,10.49
105749,1060,2,141.74,0.0,283.48
105750,1088,1,22.04,3.31,18.73
105751,1054,1,241.49,0.0,241.49
105752,1060,1,141.74,0.0,141.74
105752,1064,1,161.69,0.0,161.69
105753,1074,1,20.99,0.0,20.99
105754,1007,1,75.59,0.0,75.59
105755,1083,1,20.99,0.0,20.99
105755,1032,1,86.09,0.0,86.09
105756,1063,2,258.29,0.0,516.58
105757,1024,4,62.99,0.0,251.96
105758,1085,1,121.79,12.18,109.61000000000001
105758,1030,3,8.39,2.52,22.650000000000002
105759,1046,1,150.14,0.0,150.14
105759,1080,1,141.74,0.0,141.74
105760,1005,1,83.99,0.0,83.99
105761,1031,1,40.94,0.0,40.94
105761,1071,1,10.49,0.0,10.49
105761,1076,1,145.94,0.0,145.94
105762,1090,1,18.89,0.0,18.89
105763,1065,1,173.24,0.0,173.24
105764,1087,2,48.29,9.66,86.92
105765,1076,1,145.94,21.89,124.05
105765,1070,1,129.14,19.37,109.76999999999998
105765,1018,1,223.64,33.55,190.08999999999997
105766,1008,2,46.19,0.0,92.38
105766,1070,2,129.14,0.0,258.28
105766,1062,1,160.64,0.0,160.64
105766,1055,1,211.04,0.0,211.04
105767,1011,1,36.74,5.51,31.230000000000004
105767,1076,1,145.94,21.89,124.05
105767,1080,2,141.74,42.52,240.96
105768,1004,1,79.79,0.0,79.79
105769,1079,1,65.09,0.0,65.09
105770,1022,1,93.44,0.0,93.44
105770,1059,1,491.39,0.0,491.39
105770,1078,1,90.29,0.0,90.29
105771,1068,1,52.49,7.87,44.620000000000005
105772,1076,1,138.99,21.89,117.10000000000001
105773,1032,1,86.09,12.91,73.18
105774,1019,1,81.89,0.0,81.89
105775,1011,1,36.74,5.51,31.230000000000004
105775,1086,1,102.89,15.43,87.46000000000001
105775,1027,1,95.54,14.33,81.21000000000001
105776,1089,1,56.69,0.0,56.69
105777,1069,1,28.34,0.0,28.34
105778,1009,1,138.59,0.0,138.59
105779,1049,1,133.34,0.0,133.34
105779,1061,1,48.29,0.0,48.29
105779,1015,1,101.84,0.0,101.84
105780,1019,1,81.89,0.0,81.89
105780,1071,2,10.49,0.0,20.98
105780,1052,2,219.44,0.0,438.88
105780,1050,1,154.34,0.0,154.34
105781,1055,1,211.04,0.0,211.04
105781,1004,1,79.79,0.0,79.79
105782,1057,1,216.29,0.0,216.29
105783,1032,1,86.09,0.0,86.09
105783,1037,1,30.44,0.0,30.44
105783,1069,1,28.34,0.0,28.34
105784,1076,1,145.94,0.0,145.94
105785,1039,1,508.19,0.0,508.19
105786,1062,1,160.64,24.1,136.54
105787,1076,1,145.94,0.0,145.94
105787,1003,1,24.14,0.0,24.14
105787,1030,1,7.99,0.0,7.99
105787,1061,1,48.29,0.0,48.29
105788,1090,1,18.89,0.0,18.89
105789,1043,1,134.39,0.0,134.39
105790,1027,2,95.54,0.0,191.08
105791,1027,1,95.54,0.0,95.54
105791,1060,1,141.74,0.0,141.74
105792,1007,1,75.59,0.0,75.59
105792,1090,1,18.89,0.0,18.89
105792,1063,1,258.29,0.0,258.29
105792,1008,1,46.19,0.0,46.19
105793,1037,1,30.44,0.0,30.44
105794,1085,1,121.79,0.0,121.79
105794,1073,1,73.49,0.0,73.49
105795,1048,1,146.99,0.0,146.99
105796,1070,1,129.14,19.37,109.76999999999998
105796,1051,2,56.69,17.01,96.36999999999999
105797,1001,1,65.09,0.0,65.09
105797,1005,1,83.99,0.0,83.99
105798,1006,1,17.84,0.0,17.84
105798,1022,2,93.44,0.0,186.88
105798,1016,1,190.04,0.0,190.04
105799,1085,1,121.79,0.0,121.79
105799,1037,1,30.44,0.0,30.44
105799,1043,1,134.39,0.0,134.39
105799,1033,2,90.29,0.0,180.58
105800,1057,3,216.29,0.0,648.87
105801,1006,2,17.84,0.0,35.68
105801,1072,1,149.09,0.0,149.09
105802,1020,1,57.74,0.0,57.74
105802,1086,1,102.89,0.0,102.89
105803,1002,1,145.94,0.0,145.94
105803,1036,2,61.94,0.0,123.88
105804,1062,2,160.64,0.0,321.28
105805,1085,2,121.79,0.0,243.58
105805,1071,2,10.49,0.0,20.98
105806,1035,2,54.59,0.0,109.18
105806,1058,1,98.69,0.0,98.69
105807,1072,1,149.09,0.0,149.09
105808,1029,1,32.54,0.0,32.54
105809,1046,1,150.14,15.01,135.13
105810,1067,1,36.74,0.0,36.74
105810,1012,2,115.49,0.0,230.98
105810,1011,1,36.74,0.0,36.74
105810,1058,3,98.69,0.0,296.07
105811,1063,1,258.29,0.0,258.29
105811,1035,1,54.59,0.0,54.59
105811,1026,3,170.09,0.0,510.27
105811,1059,1,491.39,0.0,491.39
105812,1077,2,27.29,0.0,54.58
105813,1085,2,121.79,0.0,243.58
105813,1002,1,145.94,0.0,145.94
105814,1062,1,160.64,0.0,160.64
105814,1082,1,110.24,0.0,110.24
105815,1017,1,91.34,0.0,91.34
105816,1063,1,258.29,0.0,258.29
105817,1028,2,81.89,0.0,163.78
105817,1070,2,129.14,0.0,258.28
105817,1067,1,36.74,0.0,36.74
105818,1074,1,20.99,0.0,20.99
105818,1081,1,78.74,0.0,78.74
105818,1029,1,32.54,0.0,32.54
105819,1026,1,170.09,0.0,170.09
105820,1007,1,75.59,0.0,75.59
105820,1077,1,27.29,0.0,27.29
105821,1059,1,491.39,0.0,491.39
105822,1064,1,161.69,0.0,161.69
105823,1051,1,56.69,0.0,56.69
105824,1011,1,36.74,0.0,36.74
105824,1088,1,22.04,0.0,22.04
105825,1032,1,86.09,0.0,86.09
105826,1061,1,48.29,0.0,48.29
105827,1034,1,72.44,0.0,72.44
105827,1019,3,81.89,0.0,245.67000000000002
105828,1071,2,10.49,0.0,20.98
105829,1031,1,40.94,0.0,40.94
105830,1073,1,73.49,0.0,73.49
105830,1031,1,40.94,0.0,40.94
105831,1083,1,20.99,0.0,20.99
105831,1033,1,90.29,0.0,90.29
105831,1021,1,130.19,0.0,130.19
105832,1088,1,22.04,0.0,22.04
105833,1060,1,141.74,0.0,141.74
105833,1039,1,508.19,0.0,508.19
105834,1055,3,211.04,0.0,633.12
105834,1056,1,251.99,0.0,251.99
105834,1081,1,78.74,0.0,78.74
105835,1075,1,53.54,8.03,45.51
105836,1050,1,154.34,0.0,154.34
105836,1030,1,8.39,0.0,8.39
105837,1059,1,491.39,73.71,417.68
105838,1065,1,173.24,0.0,173.24
105838,1071,1,10.49,0.0,10.49
105838,1057,2,216.29,0.0,432.58
105838,1064,1,161.69,0.0,161.69
105839,1070,1,129.14,19.37,109.76999999999998
105840,1041,1,581.69,58.17,523.5200000000001
105840,1077,1,27.29,2.73,24.56
105841,1090,1,18.89,0.0,18.89
105842,1038,1,329.69,0.0,329.69
105842,1028,1,81.89,0.0,81.89
105843,1008,1,46.19,4.62,41.57
105844,1019,2,81.89,0.0,163.78
105845,1053,1,39.89,0.0,39.89
105845,1086,1,102.89,0.0,102.89
105845,1083,1,19.99,0.0,19.99
105846,1028,1,81.89,0.0,81.89
105847,1043,1,134.39,20.16,114.22999999999999
105847,1075,2,53.54,16.06,91.02
105848,1084,1,118.64,0.0,118.64
105849,1076,1,145.94,0.0,145.94
105850,1006,1,17.84,0.0,17.84
105851,1016,1,190.04,0.0,190.04
105851,1002,1,145.94,0.0,145.94
105852,1010,1,101.84,0.0,101.84
105853,1001,2,65.09,0.0,130.18
105854,1018,3,223.64,0.0,670.92
105854,1061,3,48.29,0.0,144.87
105854,1012,1,115.49,0.0,115.49
105854,1044,1,556.49,0.0,556.49
105855,1002,4,145.94,0.0,583.76
105856,1053,1,39.89,0.0,39.89
105856,1047,1,204.74,0.0,204.74
105857,1080,1,141.74,0.0,141.74
105858,1063,2,258.29,51.66,464.9200000000001
105858,1073,1,73.49,7.35,66.14
105859,1066,2,171.99,0.0,343.98
105859,1029,2,32.54,0.0,65.08
105860,1067,1,36.74,5.51,31.230000000000004
105860,1011,1,36.74,5.51,31.230000000000004
105860,1066,1,180.59,27.09,153.5
105860,1079,1,65.09,9.76,55.330000000000005
105861,1062,1,160.64,0.0,160.64
105862,1006,2,17.84,0.0,35.68
105863,1059,1,491.39,0.0,491.39
105864,1021,2,130.19,0.0,260.38
105865,1067,1,36.74,0.0,36.74
105866,1068,1,52.49,0.0,52.49
105867,1004,1,79.79,0.0,79.79
105868,1013,1,131.24,0.0,131.24
105868,1080,3,141.74,0.0,425.22
105868,1079,1,65.09,0.0,65.09
105869,1076,1,145.94,0.0,145.94
105870,1074,1,20.99,0.0,20.99
105870,1082,1,110.24,0.0,110.24
105870,1028,1,81.89,0.0,81.89
105870,1078,1,90.29,0.0,90.29
105871,1074,1,20.99,0.0,20.99
105871,1089,2,56.69,0.0,113.38
105871,1009,2,138.59,0.0,277.18
105872,1068,1,52.49,0.0,52.49
105872,1010,1,101.84,0.0,101.84
105872,1075,1,53.54,0.0,53.54
105873,1033,1,90.29,0.0,90.29
105873,1079,1,65.09,0.0,65.09
105874,1076,1,145.94,0.0,145.94
105875,1041,1,581.69,0.0,581.69
105876,1046,1,150.14,0.0,150.14
105877,1065,1,173.24,0.0,173.24
105878,1033,1,90.29,0.0,90.29
105878,1003,1,24.14,0.0,24.14
105879,1058,1,98.69,0.0,98.69
105879,1069,1,28.34,0.0,28.34
105880,1058,1,98.69,0.0,98.69
105881,1065,2,173.24,0.0,346.48
105882,1030,1,8.39,0.0,8.39
105882,1011,1,36.74,0.0,36.74
105882,1006,1,17.84,0.0,17.84
105883,1062,1,160.64,0.0,160.64
105883,1005,1,83.99,0.0,83.99
105884,1064,2,161.69,0.0,323.38
105884,1059,1,491.39,0.0,491.39
105885,1017,1,91.34,0.0,91.34
105886,1056,1,251.99,0.0,251.99
105887,1081,1,78.74,0.0,78.74
105887,1062,1,160.64,0.0,160.64
105888,1010,1,96.99,15.28,81.71
105889,1018,2,223.64,0.0,447.28
105889,1067,1,36.74,0.0,36.74
105890,1047,1,204.74,0.0,204.74
105891,1041,1,581.69,0.0,581.69
105892,1034,1,72.44,0.0,72.44
105893,1067,2,36.74,0.0,73.48
105893,1022,1,93.44,0.0,93.44
105893,1079,3,65.09,0.0,195.27
105894,1082,1,110.24,0.0,110.24
105894,1048,1,146.99,0.0,146.99
105895,1074,1,20.99,3.15,17.84
105895,1061,1,48.29,7.24,41.05
105896,1064,1,161.69,0.0,161.69
105897,1011,1,36.74,0.0,36.74
105898,1004,2,79.79,23.94,135.64000000000001
105899,1089,1,53.99,0.0,53.99
105900,1070,1,129.14,0.0,129.14
105901,1031,1,40.94,6.14,34.8
105901,1088,1,22.04,3.31,18.73
105902,1012,1,115.49,0.0,115.49
105902,1037,1,30.44,0.0,30.44
105902,1042,1,812.69,0.0,812.69
105903,1014,1,38.84,0.0,38.84
105904,1087,1,48.29,0.0,48.29
105904,1081,1,78.74,0.0,78.74
105904,1022,1,93.44,0.0,93.44
105904,1042,1,812.69,0.0,812.69
105905,1013,1,131.24,0.0,131.24
105905,1081,1,78.74,0.0,78.74
105906,1003,1,24.14,0.0,24.14
105906,1083,1,20.99,0.0,20.99
105907,1062,2,160.64,0.0,321.28
105907,1065,1,173.24,0.0,173.24
105907,1011,1,36.74,0.0,36.74
105907,1051,2,56.69,0.0,113.38
105908,1081,1,78.74,7.87,70.86999999999999
105909,1083,4,20.99,0.0,83.96
105910,1009,2,138.59,0.0,277.18
105910,1073,1,73.49,0.0,73.49
105910,1070,1,129.14,0.0,129.14
105911,1017,1,91.34,0.0,91.34
105912,1011,1,36.74,0.0,36.74
105913,1003,1,24.14,3.62,20.52
105914,1090,2,18.89,0.0,37.78
105915,1076,2,145.94,0.0,291.88
105915,1021,2,130.19,0.0,260.38
105915,1015,1,101.84,0.0,101.84
105915,1063,2,245.99,0.0,491.98
105916,1036,1,61.94,0.0,61.94
105917,1010,1,101.84,0.0,101.84
105917,1048,1,146.99,0.0,146.99
105918,1088,1,22.04,0.0,22.04
105919,1071,1,10.49,1.57,8.92
105920,1086,1,102.89,0.0,102.89
105921,1032,1,86.09,0.0,86.09
105921,1069,1,28.34,0.0,28.34
105921,1015,1,101.84,0.0,101.84
105922,1090,1,18.89,0.0,18.89
105922,1023,1,142.79,0.0,142.79
105923,1061,1,48.29,0.0,48.29
105924,1090,3,18.89,0.0,56.67
105925,1086,1,102.89,0.0,102.89
105926,1030,1,8.39,0.0,8.39
105927,1081,1,78.74,0.0,78.74
105927,1015,1,101.84,0.0,101.84
105928,1086,2,102.89,0.0,205.78
105929,1005,1,83.99,12.6,71.39
105929,1007,1,75.59,11.34,64.25
105930,1007,1,75.59,0.0,75.59
105931,1079,1,65.09,6.51,58.580000000000005
105932,1063,1,258.29,0.0,258.29
105932,1007,1,75.59,0.0,75.59
105932,1003,1,24.14,0.0,24.14
105933,1028,1,81.89,0.0,81.89
105934,1072,1,149.09,0.0,149.09
105934,1023,1,142.79,0.0,142.79
105935,1055,1,211.04,0.0,211.04
105935,1081,1,78.74,0.0,78.74
105935,1013,2,131.24,0.0,262.48
105936,1009,1,138.59,0.0,138.59
105937,1027,1,95.54,0.0,95.54
105938,1036,1,61.94,0.0,61.94
105939,1078,1,90.29,0.0,90.29
105939,1006,1,17.84,0.0,17.84
105939,1083,1,20.99,0.0,20.99
105940,1001,1,65.09,6.51,58.580000000000005
105940,1005,1,83.99,8.4,75.58999999999999
105941,1066,1,180.59,0.0,180.59
105942,1047,1,204.74,0.0,204.74
105943,1072,1,149.09,22.36,126.73
105944,1077,1,27.29,0.0,27.29
105945,1029,1,32.54,0.0,32.54
105946,1006,1,17.84,0.0,17.84
105947,1011,2,36.74,0.0,73.48
105947,1066,1,180.59,0.0,180.59
105948,1090,2,18.89,0.0,37.78
105949,1064,2,161.69,0.0,323.38
105950,1010,1,101.84,0.0,101.84
105951,1024,1,62.99,0.0,62.99
105951,1013,1,131.24,0.0,131.24
105951,1089,1,56.69,0.0,56.69
105952,1064,1,161.69,0.0,161.69
105952,1043,1,134.39,0.0,134.39
105953,1015,1,101.84,0.0,101.84
105954,1065,1,173.24,17.32,155.92000000000002
105954,1060,1,141.74,14.17,127.57000000000001
105955,1053,1,39.89,0.0,39.89
105956,1055,1,211.04,0.0,211.04
105956,1037,2,30.44,0.0,60.88
105957,1008,1,46.19,0.0,46.19
105958,1075,2,53.54,0.0,107.08
105959,1051,2,53.99,0.0,107.98
105959,1006,1,17.84,0.0,17.84
105960,1072,2,149.09,29.82,268.36
105961,1024,1,62.99,6.3,56.690000000000005
105961,1062,1,160.64,16.06,144.57999999999998
105962,1089,1,56.69,5.67,51.019999999999996
105962,1084,1,118.64,11.86,106.78
105963,1065,1,173.24,0.0,173.24
105964,1076,1,145.94,0.0,145.94
105965,1040,1,500.84,0.0,500.84
105965,1089,1,56.69,0.0,56.69
105966,1064,1,161.69,0.0,161.69
105966,1010,1,101.84,0.0,101.84
105967,1054,1,241.49,0.0,241.49
105967,1027,1,95.54,0.0,95.54
105968,1033,1,90.29,0.0,90.29
105969,1087,1,48.29,0.0,48.29
105970,1075,2,53.54,0.0,107.08
105970,1022,1,93.44,0.0,93.44
105971,1010,2,101.84,30.55,173.13
105971,1002,1,145.94,21.89,124.05
105971,1021,1,130.19,19.53,110.66
105972,1060,1,141.74,21.26,120.48
105972,1059,1,491.39,73.71,417.68
105973,1036,1,61.94,0.0,61.94
105974,1014,1,38.84,0.0,38.84
105974,1024,1,62.99,0.0,62.99
105974,1080,1,141.74,0.0,141.74
105975,1051,1,56.69,0.0,56.69
105975,1005,2,83.99,0.0,167.98
105975,1054,2,241.49,0.0,482.98
105975,1063,2,258.29,0.0,516.58
105976,1074,1,20.99,3.15,17.84
105976,1007,1,75.59,11.34,64.25
105977,1011,1,36.74,0.0,36.74
105978,1022,1,93.44,0.0,93.44
105978,1001,1,65.09,0.0,65.09
105979,1004,2,79.79,0.0,159.58
105980,1075,1,53.54,5.35,48.19
105981,1020,1,57.74,0.0,57.74
105981,1029,2,32.54,0.0,65.08
105981,1067,1,36.74,0.0,36.74
105981,1023,1,142.79,0.0,142.79
105982,1029,1,32.54,0.0,32.54
105982,1041,1,581.69,0.0,581.69
105982,1006,1,17.84,0.0,17.84
105983,1019,1,81.89,0.0,81.89
105983,1036,2,61.94,0.0,123.88
105984,1037,1,30.44,0.0,30.44
105984,1083,2,20.99,0.0,41.98
105985,1070,1,129.14,0.0,129.14
105986,1046,1,150.14,22.52,127.61999999999999
105987,1013,1,131.24,0.0,131.24
105988,1044,1,556.49,0.0,556.49
105989,1014,1,38.84,5.83,33.010000000000005
105989,1036,1,61.94,9.29,52.65
105989,1017,1,91.34,13.7,77.64
105989,1050,1,154.34,23.15,131.19
105990,1016,1,190.04,0.0,190.04
105990,1039,1,508.19,0.0,508.19
105990,1070,1,129.14,0.0,129.14
105990,1076,1,145.94,0.0,145.94
105991,1067,1,36.74,0.0,36.74
105991,1074,2,20.99,0.0,41.98
105991,1003,1,24.14,0.0,24.14
105991,1053,1,39.89,0.0,39.89
105992,1076,1,145.94,0.0,145.94
105992,1012,4,115.49,0.0,461.96
105993,1013,1,131.24,0.0,131.24
105993,1025,1,175.34,0.0,175.34
105994,1088,1,22.04,3.31,18.73
105994,1087,1,48.29,7.24,41.05
105994,1076,2,145.94,43.78,248.1
105994,1060,1,141.74,21.26,120.48
105995,1029,1,30.99,0.0,30.99
105995,1016,1,190.04,0.0,190.04
105996,1064,1,161.69,0.0,161.69
105996,1035,1,54.59,0.0,54.59
105997,1064,2,161.69,0.0,323.38
105997,1029,1,32.54,0.0,32.54
105998,1002,1,145.94,0.0,145.94
105999,1030,2,8.39,0.0,16.78
106000,1058,1,98.69,14.8,83.89
106000,1041,1,581.69,87.25,494.44000000000005
106001,1067,4,36.74,0.0,146.96
106001,1036,1,61.94,0.0,61.94
106002,1089,1,56.69,0.0,56.69
106003,1006,1,16.99,0.0,16.99
106003,1007,3,75.59,0.0,226.77
106003,1010,1,101.84,0.0,101.84
106003,1051,1,56.69,0.0,56.69
106004,1065,1,173.24,0.0,173.24
106005,1060,1,141.74,0.0,141.74
106006,1088,3,22.04,0.0,66.12
106006,1064,1,161.69,0.0,161.69
106007,1004,1,79.79,0.0,79.79
106007,1068,3,52.49,0.0,157.47
106008,1008,1,46.19,0.0,46.19
106008,1078,1,90.29,0.0,90.29
106009,1052,1,219.44,0.0,219.44
106009,1064,1,161.69,0.0,161.69
106010,1090,1,18.89,0.0,18.89
106011,1067,1,36.74,0.0,36.74
106011,1033,1,90.29,0.0,90.29
106011,1050,1,154.34,0.0,154.34
106012,1021,1,130.19,0.0,130.19
106013,1005,1,83.99,0.0,83.99
106014,1074,1,20.99,0.0,20.99
106014,1086,2,102.89,0.0,205.78
106015,1005,2,83.99,0.0,167.98
106016,1026,1,170.09,0.0,170.09
106016,1082,1,110.24,0.0,110.24
106017,1016,1,190.04,0.0,190.04
106017,1024,1,62.99,0.0,62.99
106017,1089,1,56.69,0.0,56.69
106018,1010,1,101.84,0.0,101.84
106019,1019,1,81.89,0.0,81.89
106020,1077,2,27.29,0.0,54.58
106021,1029,2,32.54,0.0,65.08
106022,1013,1,131.24,0.0,131.24
106023,1083,1,20.99,0.0,20.99
106023,1015,1,101.84,0.0,101.84
106023,1068,1,52.49,0.0,52.49
106024,1030,1,8.39,0.0,8.39
106024,1044,1,556.49,0.0,556.49
106025,1072,1,149.09,0.0,149.09
106026,1020,1,57.74,0.0,57.74
106027,1029,1,32.54,0.0,32.54
106027,1060,1,141.74,0.0,141.74
106028,1036,1,61.94,0.0,61.94
106029,1075,1,53.54,0.0,53.54
106029,1060,1,141.74,0.0,141.74
106030,1020,1,57.74,0.0,57.74
106030,1060,1,141.74,0.0,141.74
106030,1013,1,131.24,0.0,131.24
106031,1028,1,81.89,0.0,81.89
106031,1023,1,142.79,0.0,142.79
106032,1007,1,75.59,0.0,75.59
106033,1021,1,130.19,0.0,130.19
106034,1008,1,46.19,6.93,39.26
106034,1047,1,204.74,30.71,174.03
106035,1052,1,219.44,0.0,219.44
106036,1056,1,251.99,0.0,251.99
106036,1075,1,53.54,0.0,53.54
106036,1086,1,102.89,0.0,102.89
106036,1011,1,36.74,0.0,36.74
106037,1058,1,98.69,0.0,98.69
106038,1072,2,149.09,0.0,298.18
106039,1022,1,93.44,0.0,93.44
106040,1056,2,251.99,0.0,503.98
106040,1081,1,78.74,0.0,78.74
106041,1086,1,102.89,0.0,102.89
106042,1066,1,180.59,0.0,180.59
106042,1031,2,40.94,0.0,81.88
106042,1081,1,78.74,0.0,78.74
106043,1078,1,90.29,0.0,90.29
106044,1088,1,22.04,0.0,22.04
106045,1068,1,52.49,0.0,52.49
106046,1084,1,118.64,0.0,118.64
106047,1064,1,161.69,0.0,161.69
106048,1034,3,72.44,0.0,217.32
106049,1066,2,180.59,0.0,361.18
106050,1069,3,28.34,12.75,72.27
106051,1084,1,118.64,0.0,118.64
106052,1014,2,38.84,0.0,77.68
106052,1002,1,145.94,0.0,145.94
106052,1076,1,145.94,0.0,145.94
106053,1051,1,56.69,8.5,48.19
106054,1036,1,61.94,0.0,61.94
106054,1007,1,75.59,0.0,75.59
106055,1090,1,18.89,2.83,16.060000000000002
106056,1067,1,36.74,0.0,36.74
106057,1080,1,141.74,14.17,127.57000000000001
106057,1073,1,73.49,7.35,66.14
106057,1076,1,145.94,14.59,131.35
106057,1022,2,93.44,18.69,168.19
106058,1049,1,133.34,0.0,133.34
106058,1017,2,91.34,0.0,182.68
106058,1019,1,81.89,0.0,81.89
106059,1054,1,241.49,0.0,241.49
106060,1053,1,39.89,0.0,39.89
106060,1028,1,81.89,0.0,81.89
106061,1060,2,141.74,0.0,283.48
106062,1011,1,36.74,0.0,36.74
106063,1024,2,62.99,0.0,125.98
106063,1035,1,54.59,0.0,54.59
106064,1040,1,500.84,0.0,500.84
106065,1028,3,81.89,24.57,221.10000000000002
106065,1065,1,173.24,17.32,155.92000000000002
106066,1075,1,53.54,0.0,53.54
106066,1068,1,52.49,0.0,52.49
106066,1083,1,20.99,0.0,20.99
106067,1085,2,121.79,0.0,243.58
106068,1017,1,91.34,0.0,91.34
106068,1010,1,101.84,0.0,101.84
106068,1007,1,75.59,0.0,75.59
106069,1009,1,138.59,0.0,138.59
106070,1075,1,53.54,0.0,53.54
106071,1085,1,121.79,0.0,121.79
106071,1082,2,110.24,0.0,220.48
106071,1004,1,79.79,0.0,79.79
106071,1034,1,72.44,0.0,72.44
106072,1045,1,532.34,0.0,532.34
106073,1026,1,170.09,0.0,170.09
106074,1053,1,39.89,0.0,39.89
106075,1012,1,115.49,0.0,115.49
106076,1054,1,229.99,0.0,229.99
106077,1082,1,110.24,0.0,110.24
106078,1056,1,251.99,0.0,251.99
106078,1077,2,27.29,0.0,54.58
106079,1075,2,53.54,0.0,107.08
106080,1069,2,28.34,0.0,56.68
106081,1077,1,27.29,0.0,27.29
106081,1067,1,36.74,0.0,36.74
106082,1028,3,81.89,0.0,245.67000000000002
106082,1005,1,83.99,0.0,83.99
106082,1073,2,73.49,0.0,146.98
106083,1003,1,24.14,0.0,24.14
106083,1002,1,145.94,0.0,145.94
106083,1069,1,28.34,0.0,28.34
106084,1066,1,180.59,0.0,180.59
106085,1032,1,86.09,0.0,86.09
106086,1039,1,508.19,0.0,508.19
106087,1014,1,38.84,0.0,38.84
106087,1048,1,139.99,0.0,139.99
106088,1001,1,65.09,0.0,65.09
106088,1078,2,90.29,0.0,180.58
106089,1010,1,101.84,0.0,101.84
106089,1066,3,180.59,0.0,541.77
106090,1084,2,118.64,0.0,237.28
106091,1013,3,131.24,0.0,393.72
106091,1066,1,180.59,0.0,180.59
106092,1064,1,161.69,0.0,161.69
106093,1001,1,65.09,0.0,65.09
106094,1012,4,115.49,0.0,461.96
106095,1015,1,101.84,0.0,101.84
106096,1029,2,32.54,0.0,65.08
106097,1050,1,154.34,0.0,154.34
106097,1005,1,83.99,0.0,83.99
106098,1080,1,141.74,0.0,141.74
106099,1070,1,129.14,0.0,129.14
106099,1021,2,130.19,0.0,260.38
106099,1034,1,72.44,0.0,72.44
106100,1074,1,20.99,0.0,20.99
106100,1008,1,46.19,0.0,46.19
106100,1085,1,121.79,0.0,121.79
106101,1040,1,500.84,0.0,500.84
106101,1083,1,20.99,0.0,20.99
106101,1032,1,86.09,0.0,86.09
106102,1069,1,28.34,0.0,28.34
106102,1018,2,223.64,0.0,447.28
106102,1081,2,78.74,0.0,157.48
106102,1009,1,138.59,0.0,138.59
106103,1016,1,190.04,0.0,190.04
106104,1034,1,72.44,0.0,72.44
106105,1053,1,39.89,0.0,39.89
106105,1011,1,36.74,0.0,36.74
106106,1076,2,145.94,0.0,291.88
106107,1034,1,72.44,0.0,72.44
106107,1053,1,39.89,0.0,39.89
106107,1008,1,46.19,0.0,46.19
106107,1005,1,83.99,0.0,83.99
106108,1025,1,175.34,0.0,175.34
106108,1036,1,61.94,0.0,61.94
106109,1066,1,180.59,0.0,180.59
106109,1087,1,48.29,0.0,48.29
106109,1078,3,90.29,0.0,270.87
106110,1075,1,53.54,0.0,53.54
106111,1078,2,90.29,0.0,180.58
106112,1053,1,39.89,0.0,39.89
106112,1060,1,141.74,0.0,141.74
106112,1078,1,90.29,0.0,90.29
106112,1090,1,18.89,0.0,18.89
106113,1036,1,61.94,0.0,61.94
106113,1014,1,38.84,0.0,38.84
106113,1054,1,241.49,0.0,241.49
106113,1081,1,78.74,0.0,78.74
106114,1035,2,54.59,0.0,109.18
106115,1019,1,81.89,0.0,81.89
106115,1016,1,190.04,0.0,190.04
106116,1023,1,142.79,0.0,142.79
106116,1005,1,83.99,0.0,83.99
106117,1046,1,150.14,0.0,150.14
106118,1085,1,121.79,0.0,121.79
106118,1020,1,57.74,0.0,57.74
106119,1082,1,110.24,0.0,110.24
106120,1013,1,131.24,0.0,131.24
106121,1003,2,24.14,0.0,48.28
106121,1025,1,175.34,0.0,175.34
106121,1056,1,251.99,0.0,251.99
106121,1026,2,170.09,0.0,340.18
106122,1049,1,133.34,0.0,133.34
106123,1033,1,90.29,0.0,90.29
106124,1031,1,40.94,0.0,40.94
106125,1070,1,129.14,0.0,129.14
106125,1031,2,40.94,0.0,81.88
106125,1079,1,65.09,0.0,65.09
106126,1012,1,115.49,0.0,115.49
106126,1069,1,28.34,0.0,28.34
106127,1081,1,78.74,0.0,78.74
106128,1055,1,211.04,0.0,211.04
106128,1064,1,161.69,0.0,161.69
106128,1003,1,24.14,0.0,24.14
106129,1078,1,90.29,0.0,90.29
106130,1031,1,40.94,0.0,40.94
106130,1069,1,28.34,0.0,28.34
106130,1024,1,62.99,0.0,62.99
106131,1066,1,180.59,0.0,180.59
106131,1033,2,90.29,0.0,180.58
106132,1012,1,115.49,0.0,115.49
106133,1051,1,56.69,0.0,56.69
106134,1051,1,56.69,0.0,56.69
106135,1032,2,86.09,0.0,172.18
106136,1060,1,141.74,0.0,141.74
106136,1034,1,72.44,0.0,72.44
106136,1079,1,65.09,0.0,65.09
106137,1018,1,223.64,0.0,223.64
106137,1010,3,101.84,0.0,305.52
106138,1089,1,56.69,0.0,56.69
106139,1020,1,57.74,0.0,57.74
106140,1001,2,65.09,0.0,130.18
106140,1028,1,81.89,0.0,81.89
106141,1063,1,258.29,25.83,232.46000000000004
106142,1064,1,161.69,0.0,161.69
106143,1025,1,175.34,0.0,175.34
106143,1033,1,90.29,0.0,90.29
106144,1007,1,75.59,0.0,75.59
106144,1018,1,223.64,0.0,223.64
106144,1041,1,581.69,0.0,581.69
106144,1090,1,18.89,0.0,18.89
106145,1020,1,57.74,0.0,57.74
106145,1090,1,18.89,0.0,18.89
106145,1080,2,141.74,0.0,283.48
106145,1056,1,251.99,0.0,251.99
106146,1036,1,61.94,0.0,61.94
106147,1051,1,56.69,0.0,56.69
106147,1087,1,48.29,0.0,48.29
106147,1022,1,93.44,0.0,93.44
106148,1065,1,173.24,0.0,173.24
106149,1051,2,56.69,0.0,113.38
106149,1021,1,130.19,0.0,130.19
106150,1011,1,36.74,0.0,36.74
106151,1012,1,115.49,0.0,115.49
106151,1087,1,48.29,0.0,48.29
106151,1072,2,149.09,0.0,298.18
106151,1069,1,28.34,0.0,28.34
106152,1072,1,149.09,0.0,149.09
106152,1014,2,38.84,0.0,77.68
106153,1018,1,223.64,0.0,223.64
106153,1015,1,101.84,0.0,101.84
106153,1070,2,129.14,0.0,258.28
106154,1065,1,173.24,0.0,173.24
106155,1017,2,91.34,0.0,182.68
106155,1039,1,508.19,0.0,508.19
106156,1077,1,27.29,0.0,27.29
106156,1034,1,72.44,0.0,72.44
106157,1035,1,54.59,0.0,54.59
106158,1079,2,65.09,0.0,130.18
106158,1032,1,86.09,0.0,86.09
106159,1032,1,86.09,0.0,86.09
106160,1013,2,131.24,0.0,262.48
106160,1048,1,146.99,0.0,146.99
106160,1025,1,175.34,0.0,175.34
106161,1003,1,24.14,0.0,24.14
106162,1065,1,173.24,0.0,173.24
106163,1053,3,39.89,0.0,119.67
106163,1068,1,52.49,0.0,52.49
106163,1089,1,56.69,0.0,56.69
106164,1013,1,131.24,0.0,131.24
106165,1058,1,98.69,0.0,98.69
106166,1080,1,141.74,0.0,141.74
106167,1067,1,36.74,0.0,36.74
106168,1068,1,52.49,0.0,52.49
106169,1022,1,93.44,0.0,93.44
106170,1008,1,46.19,0.0,46.19
106171,1013,1,131.24,0.0,131.24
106172,1060,1,141.74,0.0,141.74
106173,1031,1,40.94,0.0,40.94
106174,1072,1,149.09,0.0,149.09
106174,1059,1,491.39,0.0,491.39
106174,1015,2,101.84,0.0,203.68
106174,1066,1,180.59,0.0,180.59
106175,1076,1,145.94,0.0,145.94
106176,1065,1,173.24,0.0,173.24
106176,1008,1,46.19,0.0,46.19
106176,1038,1,329.69,0.0,329.69
106177,1088,1,22.04,0.0,22.04
106177,1042,1,812.69,0.0,812.69
106178,1020,2,57.74,0.0,115.48
106178,1059,1,491.39,0.0,491.39
106178,1080,1,141.74,0.0,141.74
106179,1061,1,48.29,0.0,48.29
106179,1064,1,161.69,0.0,161.69
106180,1004,1,79.79,0.0,79.79
106180,1083,1,20.99,0.0,20.99
106180,1035,2,54.59,0.0,109.18
106180,1079,1,65.09,0.0,65.09
106181,1083,2,20.99,0.0,41.98
106181,1061,1,48.29,0.0,48.29
106182,1063,1,258.29,0.0,258.29
106182,1025,1,175.34,0.0,175.34
106183,1068,1,52.49,0.0,52.49
106183,1013,1,131.24,0.0,131.24
106183,1090,1,18.89,0.0,18.89
106183,1074,1,20.99,0.0,20.99
106184,1084,2,118.64,0.0,237.28
106184,1059,1,491.39,0.0,491.39
106185,1050,1,154.34,0.0,154.34
106185,1003,1,24.14,0.0,24.14
106185,1089,1,56.69,0.0,56.69
106185,1038,1,329.69,0.0,329.69
106186,1023,3,142.79,0.0,428.37
106187,1033,2,90.29,0.0,180.58
106188,1065,1,173.24,0.0,173.24
106188,1014,1,38.84,0.0,38.84
106189,1080,2,141.74,0.0,283.48
106189,1084,1,118.64,0.0,118.64
106190,1063,4,258.29,0.0,1033.16
106190,1011,1,36.74,0.0,36.74
106191,1033,2,90.29,0.0,180.58
106191,1089,1,56.69,0.0,56.69
106192,1032,2,81.99,0.0,163.98
106193,1019,2,81.89,0.0,163.78
106194,1071,2,10.49,0.0,20.98
106194,1002,1,145.94,0.0,145.94
106195,1013,2,131.24,26.25,236.23000000000002
106196,1036,1,61.94,0.0,61.94
106196,1008,1,46.19,0.0,46.19
106197,1084,1,118.64,0.0,118.64
106198,1006,1,17.84,0.0,17.84
106198,1067,2,36.74,0.0,73.48
106199,1075,1,53.54,0.0,53.54
106200,1065,1,173.24,0.0,173.24
106200,1029,1,32.54,0.0,32.54
106201,1076,2,145.94,0.0,291.88
106201,1034,1,72.44,0.0,72.44
106202,1011,2,36.74,0.0,73.48
106202,1048,1,146.99,0.0,146.99
106203,1009,1,138.59,0.0,138.59
106204,1048,1,146.99,0.0,146.99
106205,1068,1,52.49,0.0,52.49
106205,1088,1,22.04,0.0,22.04
106206,1060,2,141.74,0.0,283.48
106207,1083,1,20.99,0.0,20.99
106208,1068,1,52.49,0.0,52.49
106209,1088,1,22.04,0.0,22.04
106210,1023,1,142.79,0.0,142.79
106211,1089,1,56.69,0.0,56.69
106212,1007,1,75.59,0.0,75.59
106212,1001,3,65.09,0.0,195.27
106212,1019,2,81.89,0.0,163.78
106212,1002,1,145.94,0.0,145.94
106213,1009,1,138.59,0.0,138.59
106214,1056,1,251.99,0.0,251.99
106214,1005,2,83.99,0.0,167.98
106214,1032,1,86.09,0.0,86.09
106215,1056,3,251.99,0.0,755.97
106216,1025,2,175.34,0.0,350.68
106216,1082,2,110.24,0.0,220.48
106217,1024,1,62.99,0.0,62.99
106217,1006,1,17.84,0.0,17.84
106217,1010,2,101.84,0.0,203.68
106218,1013,2,131.24,0.0,262.48
106219,1062,2,160.64,0.0,321.28
106220,1023,1,142.79,0.0,142.79
106221,1057,1,216.29,0.0,216.29
106222,1086,2,102.89,0.0,205.78
106222,1059,3,491.39,0.0,1474.17
106223,1067,1,36.74,0.0,36.74
106223,1009,1,138.59,0.0,138.59
106223,1063,2,258.29,0.0,516.58
106224,1022,2,93.44,0.0,186.88
106225,1038,1,329.69,0.0,329.69
106225,1067,1,36.74,0.0,36.74
106226,1067,1,36.74,0.0,36.74
106227,1083,1,20.99,0.0,20.99
106227,1086,2,102.89,0.0,205.78
106228,1075,1,53.54,0.0,53.54
106228,1037,1,30.44,0.0,30.44
106229,1077,2,27.29,0.0,54.58
106229,1002,1,145.94,0.0,145.94
106229,1059,1,491.39,0.0,491.39
106229,1062,2,160.64,0.0,321.28
106230,1050,1,154.34,0.0,154.34
106231,1017,1,91.34,0.0,91.34
106232,1062,1,160.64,0.0,160.64
106233,1066,2,180.59,0.0,361.18
106234,1021,1,130.19,0.0,130.19
106235,1006,1,17.84,0.0,17.84
106235,1069,1,28.34,0.0,28.34
106235,1002,3,145.94,0.0,437.82
106235,1058,1,98.69,0.0,98.69
106236,1084,1,118.64,0.0,118.64
106236,1013,1,131.24,0.0,131.24
106236,1025,1,175.34,0.0,175.34
106237,1080,1,141.74,0.0,141.74
106237,1063,2,258.29,0.0,516.58
106237,1052,1,219.44,0.0,219.44
106237,1076,2,145.94,0.0,291.88
106238,1064,1,161.69,0.0,161.69
106238,1088,1,22.04,0.0,22.04
106238,1054,1,241.49,0.0,241.49
106239,1036,1,61.94,0.0,61.94
106240,1062,1,160.64,0.0,160.64
106241,1081,1,78.74,0.0,78.74
106242,1056,1,251.99,0.0,251.99
106243,1030,1,8.39,0.0,8.39
106243,1086,2,102.89,0.0,205.78
106244,1050,1,154.34,0.0,154.34
106244,1081,1,78.74,0.0,78.74
106245,1016,2,190.04,0.0,380.08
106246,1016,2,190.04,0.0,380.08
106247,1012,1,115.49,0.0,115.49
106248,1011,1,36.74,0.0,36.74
106248,1061,1,48.29,0.0,48.29
106249,1011,1,36.74,0.0,36.74
106249,1061,3,48.29,0.0,144.87
106249,1004,1,79.79,0.0,79.79
106250,1016,1,190.04,0.0,190.04
106250,1026,1,170.09,0.0,170.09
106250,1064,1,161.69,0.0,161.69
106250,1063,1,258.29,0.0,258.29
106251,1061,1,48.29,0.0,48.29
106251,1016,1,190.04,0.0,190.04
106251,1020,2,57.74,0.0,115.48
106251,1046,1,150.14,0.0,150.14
106252,1068,1,52.49,0.0,52.49
106252,1074,1,20.99,0.0,20.99
106253,1085,1,121.79,0.0,121.79
106254,1083,1,20.99,0.0,20.99
106255,1063,1,258.29,0.0,258.29
106255,1036,1,61.94,0.0,61.94
106255,1065,1,173.24,0.0,173.24
106255,1058,1,98.69,0.0,98.69
106256,1062,1,160.64,0.0,160.64
106256,1090,1,18.89,0.0,18.89
106256,1005,1,83.99,0.0,83.99
106257,1085,1,121.79,0.0,121.79
106257,1008,3,46.19,0.0,138.57
106257,1033,1,90.29,0.0,90.29
106258,1029,1,32.54,0.0,32.54
106258,1062,1,160.64,0.0,160.64
106259,1004,1,79.79,0.0,79.79
106260,1062,1,160.64,0.0,160.64
106260,1065,1,173.24,0.0,173.24
106261,1088,1,22.04,0.0,22.04
106262,1051,1,56.69,0.0,56.69
106263,1067,1,36.74,0.0,36.74
106264,1033,1,90.29,0.0,90.29
106265,1071,2,10.49,0.0,20.98
106265,1022,1,93.44,0.0,93.44
106265,1088,1,22.04,0.0,22.04
106265,1003,1,24.14,0.0,24.14
106266,1053,2,39.89,0.0,79.78
106267,1046,1,150.14,0.0,150.14
106268,1050,1,154.34,0.0,154.34
106269,1020,1,57.74,0.0,57.74
106270,1063,2,258.29,0.0,516.58
106270,1001,2,65.09,0.0,130.18
106271,1007,1,75.59,0.0,75.59
106271,1058,1,98.69,0.0,98.69
106272,1088,1,22.04,0.0,22.04
106273,1087,1,48.29,0.0,48.29
106274,1009,1,138.59,0.0,138.59
106274,1038,1,329.69,0.0,329.69
106275,1054,1,241.49,0.0,241.49
106275,1003,1,24.14,0.0,24.14
106276,1069,1,28.34,0.0,28.34
106277,1089,1,56.69,0.0,56.69
106277,1067,1,36.74,0.0,36.74
106278,1050,3,154.34,0.0,463.02
106278,1018,1,223.64,0.0,223.64
106279,1064,1,161.69,0.0,161.69
106280,1028,1,81.89,0.0,81.89
106280,1031,2,40.94,0.0,81.88
106280,1089,1,56.69,0.0,56.69
106280,1042,1,812.69,0.0,812.69
106281,1053,1,39.89,0.0,39.89
106281,1057,1,216.29,0.0,216.29
106282,1051,1,56.69,0.0,56.69
106283,1048,1,146.99,0.0,146.99
106283,1044,1,556.49,0.0,556.49
106283,1084,2,118.64,0.0,237.28
106284,1049,1,133.34,0.0,133.34
106285,1039,1,508.19,0.0,508.19
106285,1046,1,150.14,0.0,150.14
106286,1038,1,329.69,0.0,329.69
106287,1077,1,27.29,0.0,27.29
106288,1038,1,329.69,0.0,329.69
106289,1057,1,216.29,0.0,216.29
106289,1063,2,245.99,0.0,491.98
106290,1055,1,211.04,0.0,211.04
106291,1054,2,241.49,0.0,482.98
106291,1058,1,98.69,0.0,98.69
106292,1006,1,17.84,0.0,17.84
106292,1010,2,101.84,0.0,203.68
106293,1030,1,8.39,0.0,8.39
106293,1063,1,258.29,0.0,258.29
106294,1016,1,190.04,0.0,190.04
106294,1083,1,20.99,0.0,20.99
106294,1086,1,102.89,0.0,102.89
106294,1038,1,329.69,0.0,329.69
106295,1089,1,56.69,0.0,56.69
106296,1019,2,81.89,16.38,147.4
106296,1034,2,72.44,14.49,130.39
106297,1015,2,101.84,0.0,203.68
106298,1061,4,48.29,0.0,193.16
106298,1086,1,102.89,0.0,102.89
106299,1013,2,124.99,0.0,249.98
106300,1058,1,98.69,0.0,98.69
106300,1011,1,36.74,0.0,36.74
106300,1029,4,32.54,0.0,130.16
106301,1075,1,53.54,0.0,53.54
106302,1019,1,81.89,0.0,81.89
106303,1007,1,75.59,0.0,75.59
106304,1037,1,30.44,0.0,30.44
106305,1056,1,251.99,0.0,251.99
106305,1072,1,149.09,0.0,149.09
106305,1067,1,36.74,0.0,36.74
106305,1003,1,24.14,0.0,24.14
106306,1083,1,20.99,0.0,20.99
106306,1006,2,17.84,0.0,35.68
106307,1033,1,90.29,0.0,90.29
106308,1029,1,32.54,0.0,32.54
106309,1012,1,115.49,11.55,103.94
106309,1034,1,72.44,7.24,65.2
106310,1085,2,121.79,0.0,243.58
106311,1065,2,173.24,0.0,346.48
106312,1002,2,145.94,0.0,291.88
106312,1068,1,52.49,0.0,52.49
106312,1063,1,258.29,0.0,258.29
106313,1027,1,95.54,0.0,95.54
106314,1015,1,101.84,0.0,101.84
106315,1061,4,48.29,0.0,193.16
106316,1071,1,10.49,0.0,10.49
106316,1032,1,86.09,0.0,86.09
106316,1059,1,491.39,0.0,491.39
106317,1088,1,22.04,0.0,22.04
106318,1057,1,216.29,0.0,216.29
106319,1087,1,48.29,0.0,48.29
106319,1003,1,24.14,0.0,24.14
106320,1067,1,36.74,0.0,36.74
106321,1013,1,131.24,0.0,131.24
106322,1034,1,72.44,0.0,72.44
106323,1087,1,48.29,0.0,48.29
106324,1011,1,36.74,0.0,36.74
106324,1031,1,40.94,0.0,40.94
106325,1072,2,149.09,0.0,298.18
106326,1068,1,52.49,0.0,52.49
106326,1077,1,27.29,0.0,27.29
106327,1017,2,91.34,0.0,182.68
106328,1025,2,175.34,0.0,350.68
106328,1060,1,134.99,0.0,134.99
106329,1058,1,98.69,0.0,98.69
106330,1080,2,141.74,0.0,283.48
106331,1005,1,83.99,0.0,83.99
106331,1050,2,154.34,0.0,308.68
106332,1064,1,161.69,0.0,161.69
106333,1050,1,154.34,0.0,154.34
106333,1057,1,216.29,0.0,216.29
106333,1009,1,138.59,0.0,138.59
106333,1007,2,75.59,0.0,151.18
106334,1058,1,98.69,0.0,98.69
106335,1086,2,102.89,0.0,205.78
106335,1008,1,46.19,0.0,46.19
106336,1058,1,98.69,0.0,98.69
106337,1062,1,160.64,0.0,160.64
106338,1072,1,149.09,0.0,149.09
106339,1003,1,24.14,0.0,24.14
106339,1019,2,81.89,0.0,163.78
106340,1069,1,28.34,0.0,28.34
106340,1019,1,81.89,0.0,81.89
106341,1075,2,53.54,0.0,107.08
106342,1003,1,24.14,0.0,24.14
106343,1062,1,160.64,0.0,160.64
106344,1078,2,90.29,0.0,180.58
106345,1076,2,145.94,0.0,291.88
106346,1003,1,24.14,0.0,24.14
106347,1089,1,56.69,0.0,56.69
106347,1070,1,129.14,0.0,129.14
106347,1068,1,52.49,0.0,52.49
106347,1051,1,56.69,0.0,56.69
106348,1081,1,78.74,0.0,78.74
106349,1065,1,173.24,0.0,173.24
106350,1063,1,258.29,0.0,258.29
106350,1019,1,81.89,0.0,81.89
106351,1003,3,24.14,0.0,72.42
106351,1089,1,56.69,0.0,56.69
106352,1034,1,72.44,0.0,72.44
106353,1059,1,491.39,0.0,491.39
106353,1078,1,90.29,0.0,90.29
106354,1022,2,93.44,0.0,186.88
106354,1044,1,556.49,0.0,556.49
106355,1023,1,142.79,0.0,142.79
106355,1072,1,149.09,0.0,149.09
106356,1013,1,131.24,0.0,131.24
106356,1071,1,10.49,0.0,10.49
106357,1077,2,27.29,0.0,54.58
106357,1081,1,78.74,0.0,78.74
106357,1001,1,65.09,0.0,65.09
106357,1067,1,36.74,0.0,36.74
106358,1090,3,18.89,0.0,56.67
106359,1074,2,20.99,0.0,41.98
106360,1056,1,251.99,0.0,251.99
106361,1063,1,258.29,0.0,258.29
106362,1037,1,30.44,0.0,30.44
106363,1089,1,56.69,0.0,56.69
106363,1034,2,72.44,0.0,144.88
106363,1053,1,39.89,0.0,39.89
106363,1084,1,118.64,0.0,118.64
106364,1075,1,53.54,0.0,53.54
106364,1006,1,17.84,0.0,17.84
106364,1001,1,65.09,0.0,65.09
106365,1071,2,10.49,0.0,20.98
106365,1066,1,180.59,0.0,180.59
106366,1023,2,142.79,0.0,285.58
106366,1020,1,57.74,0.0,57.74
106367,1071,1,10.49,0.0,10.49
106367,1045,1,532.34,0.0,532.34
106368,1074,1,20.99,0.0,20.99
106369,1079,1,65.09,0.0,65.09
106370,1073,1,73.49,0.0,73.49
106371,1005,1,83.99,0.0,83.99
106372,1072,3,149.09,0.0,447.27
106372,1034,1,72.44,0.0,72.44
106372,1078,1,90.29,0.0,90.29
106373,1067,2,36.74,0.0,73.48
106373,1053,1,39.89,0.0,39.89
106373,1068,1,52.49,0.0,52.49
106373,1083,1,20.99,0.0,20.99
106374,1036,1,61.94,0.0,61.94
106375,1029,1,32.54,0.0,32.54
106376,1083,1,20.99,0.0,20.99
106376,1012,1,115.49,0.0,115.49
106377,1007,1,75.59,0.0,75.59
106378,1046,1,150.14,0.0,150.14
106378,1087,1,48.29,0.0,48.29
106379,1077,1,27.29,2.73,24.56
106379,1063,2,258.29,51.66,464.9200000000001
106379,1073,1,73.49,7.35,66.14
106380,1006,1,17.84,0.0,17.84
106381,1008,2,46.19,0.0,92.38
106382,1008,2,46.19,0.0,92.38
106382,1033,2,90.29,0.0,180.58
106383,1029,1,32.54,0.0,32.54
106384,1030,1,8.39,0.84,7.550000000000001
106385,1019,1,81.89,0.0,81.89
106386,1062,1,160.64,0.0,160.64
106387,1059,1,491.39,0.0,491.39
106388,1003,1,24.14,0.0,24.14
106389,1052,1,219.44,0.0,219.44
106389,1074,1,20.99,0.0,20.99
106390,1034,1,72.44,0.0,72.44
106391,1064,1,161.69,16.17,145.51999999999998
106392,1085,1,121.79,0.0,121.79
106393,1052,1,219.44,0.0,219.44
106394,1035,4,54.59,0.0,218.36
106395,1025,1,175.34,0.0,175.34
106396,1070,1,129.14,0.0,129.14
106396,1044,1,556.49,0.0,556.49
106397,1023,2,142.79,0.0,285.58
106397,1046,1,150.14,0.0,150.14
106397,1090,1,18.89,0.0,18.89
106398,1051,1,56.69,0.0,56.69
106399,1037,1,30.44,0.0,30.44
106399,1009,1,138.59,0.0,138.59
106399,1051,1,56.69,0.0,56.69
106400,1013,1,131.24,0.0,131.24
106401,1022,2,93.44,0.0,186.88
106401,1065,1,173.24,0.0,173.24
106402,1066,1,180.59,0.0,180.59
106402,1025,1,175.34,0.0,175.34
106403,1068,1,52.49,0.0,52.49
106404,1012,3,115.49,0.0,346.46999999999997
106404,1065,1,173.24,0.0,173.24
106405,1061,1,48.29,0.0,48.29
106406,1010,1,101.84,0.0,101.84
106407,1010,2,101.84,0.0,203.68
106408,1008,1,46.19,0.0,46.19
106409,1073,1,73.49,0.0,73.49
106410,1030,3,8.39,0.0,25.17
106410,1073,2,73.49,0.0,146.98
106410,1080,1,141.74,0.0,141.74
106411,1069,1,28.34,0.0,28.34
106412,1062,1,160.64,0.0,160.64
106412,1090,2,18.89,0.0,37.78
106412,1077,1,27.29,0.0,27.29
106412,1033,1,90.29,0.0,90.29
106413,1053,1,39.89,0.0,39.89
106413,1004,1,79.79,0.0,79.79
106414,1023,1,142.79,0.0,142.79
106415,1010,1,101.84,0.0,101.84
106416,1037,1,30.44,0.0,30.44
106417,1086,1,102.89,0.0,102.89
106417,1059,3,491.39,0.0,1474.17
106418,1032,1,86.09,0.0,86.09
106419,1082,1,110.24,0.0,110.24
106420,1067,1,36.74,0.0,36.74
106421,1075,1,53.54,0.0,53.54
106421,1037,1,30.44,0.0,30.44
106422,1087,1,45.99,0.0,45.99
106423,1037,1,30.44,0.0,30.44
106423,1008,1,46.19,0.0,46.19
106424,1067,1,36.74,0.0,36.74
106424,1078,1,90.29,0.0,90.29
106425,1084,1,118.64,0.0,118.64
106426,1086,1,102.89,0.0,102.89
106427,1061,1,48.29,0.0,48.29
106428,1062,2,160.64,0.0,321.28
106429,1069,2,28.34,0.0,56.68
106429,1040,1,500.84,0.0,500.84
106430,1082,1,110.24,0.0,110.24
106430,1067,2,36.74,0.0,73.48
106431,1015,1,101.84,0.0,101.84
106431,1009,1,138.59,0.0,138.59
106432,1089,1,56.69,0.0,56.69
106433,1033,1,90.29,0.0,90.29
106433,1049,1,133.34,0.0,133.34
106434,1009,2,138.59,0.0,277.18
106435,1025,1,175.34,0.0,175.34
106435,1083,1,20.99,0.0,20.99
106436,1039,1,508.19,0.0,508.19
106437,1085,1,121.79,0.0,121.79
106438,1063,3,258.29,0.0,774.8700000000001
106438,1013,1,131.24,0.0,131.24
106439,1002,1,145.94,0.0,145.94
106440,1062,1,160.64,0.0,160.64
106440,1005,1,83.99,0.0,83.99
106440,1075,1,53.54,0.0,53.54
106440,1021,1,130.19,0.0,130.19
106441,1012,1,115.49,0.0,115.49
106442,1079,1,65.09,0.0,65.09
106443,1061,1,48.29,0.0,48.29
106444,1067,1,36.74,0.0,36.74
106445,1006,1,17.84,0.0,17.84
106446,1087,2,48.29,0.0,96.58
106447,1059,2,491.39,0.0,982.78
106448,1067,1,36.74,0.0,36.74
106449,1030,3,8.39,0.0,25.17
106450,1019,1,81.89,0.0,81.89
106451,1062,2,160.64,0.0,321.28
106451,1083,2,20.99,0.0,41.98
106451,1032,1,86.09,0.0,86.09
106451,1069,1,28.34,0.0,28.34
106452,1064,1,161.69,0.0,161.69
106452,1088,1,22.04,0.0,22.04
106453,1045,1,532.34,0.0,532.34
106454,1011,1,36.74,0.0,36.74
106455,1020,1,57.74,0.0,57.74
106456,1078,2,90.29,0.0,180.58
106457,1011,1,36.74,0.0,36.74
106457,1016,1,190.04,0.0,190.04
106458,1085,2,121.79,0.0,243.58
106459,1009,1,138.59,0.0,138.59
106459,1020,1,57.74,0.0,57.74
106459,1013,4,131.24,0.0,524.96
106460,1053,1,39.89,0.0,39.89
106460,1066,3,180.59,0.0,541.77
106461,1064,2,161.69,0.0,323.38
106462,1054,1,241.49,0.0,241.49
106462,1011,1,36.74,0.0,36.74
106463,1045,1,532.34,0.0,532.34
106463,1011,2,36.74,0.0,73.48
106464,1025,3,175.34,0.0,526.02
106465,1076,1,145.94,0.0,145.94
106466,1023,1,142.79,0.0,142.79
106466,1060,1,141.74,0.0,141.74
106467,1070,2,129.14,0.0,258.28
106467,1036,1,61.94,0.0,61.94
106468,1057,1,216.29,0.0,216.29
106469,1016,1,190.04,0.0,190.04
106470,1071,1,10.49,0.0,10.49
106471,1003,1,24.14,0.0,24.14
106471,1061,1,48.29,0.0,48.29
106472,1017,2,91.34,0.0,182.68
106473,1006,1,17.84,0.0,17.84
106474,1079,1,65.09,0.0,65.09
106475,1014,1,38.84,0.0,38.84
106475,1057,2,216.29,0.0,432.58
106476,1090,2,18.89,0.0,37.78
106476,1028,1,81.89,0.0,81.89
106476,1086,1,102.89,0.0,102.89
106476,1059,1,491.39,0.0,491.39
106477,1014,2,38.84,0.0,77.68
106478,1065,2,173.24,0.0,346.48
106479,1084,1,118.64,0.0,118.64
106480,1082,1,110.24,0.0,110.24
106481,1009,1,138.59,0.0,138.59
106482,1073,1,73.49,0.0,73.49
106483,1051,3,56.69,0.0,170.07
106484,1009,2,138.59,0.0,277.18
106485,1009,1,138.59,0.0,138.59
106486,1056,1,251.99,0.0,251.99
106487,1051,2,56.69,0.0,113.38
106487,1033,1,90.29,0.0,90.29
106488,1044,1,556.49,0.0,556.49
106488,1017,1,91.34,0.0,91.34
106489,1075,1,53.54,0.0,53.54
106490,1077,1,27.29,0.0,27.29
106490,1060,1,141.74,0.0,141.74
106491,1030,1,8.39,0.0,8.39
106491,1079,1,65.09,0.0,65.09
106491,1052,1,219.44,0.0,219.44
106492,1068,1,52.49,0.0,52.49
106492,1066,2,180.59,0.0,361.18
106492,1079,2,65.09,0.0,130.18
106492,1026,1,170.09,0.0,170.09
106493,1060,2,141.74,0.0,283.48
106494,1053,2,39.89,0.0,79.78
106494,1089,1,56.69,0.0,56.69
106495,1042,1,812.69,0.0,812.69
106496,1073,1,73.49,7.35,66.14
106497,1036,1,61.94,0.0,61.94
106497,1066,1,180.59,0.0,180.59
106498,1013,1,131.24,13.12,118.12
106498,1083,2,20.99,4.2,37.779999999999994
106499,1035,1,54.59,0.0,54.59
106500,1050,1,154.34,0.0,154.34
106501,1050,1,154.34,0.0,154.34
106501,1051,1,56.69,0.0,56.69
106501,1017,1,91.34,0.0,91.34
106502,1080,1,141.74,0.0,141.74
106503,1023,1,142.79,0.0,142.79
106503,1006,1,17.84,0.0,17.84
106504,1060,1,141.74,0.0,141.74
106505,1025,2,175.34,0.0,350.68
106506,1009,1,138.59,0.0,138.59
106507,1081,1,78.74,0.0,78.74
106507,1066,1,180.59,0.0,180.59
106507,1068,2,52.49,0.0,104.98
106508,1060,1,141.74,0.0,141.74
106509,1022,1,88.99,0.0,88.99
106510,1027,1,95.54,0.0,95.54
106511,1035,1,54.59,0.0,54.59
106511,1063,1,258.29,0.0,258.29
106511,1034,1,72.44,0.0,72.44
106512,1058,1,98.69,0.0,98.69
106513,1066,1,180.59,0.0,180.59
106514,1045,1,532.34,0.0,532.34
106515,1019,1,81.89,0.0,81.89
106515,1023,1,142.79,0.0,142.79
106515,1070,1,129.14,0.0,129.14
106516,1006,1,17.84,0.0,17.84
106516,1074,1,20.99,0.0,20.99
106517,1011,1,36.74,0.0,36.74
106517,1064,1,161.69,0.0,161.69
106517,1085,1,121.79,0.0,121.79
106518,1018,1,223.64,0.0,223.64
106518,1066,1,171.99,0.0,171.99
106519,1063,2,258.29,0.0,516.58
106519,1015,1,101.84,0.0,101.84
106519,1006,1,17.84,0.0,17.84
106519,1078,4,90.29,0.0,361.16
106520,1084,1,118.64,0.0,118.64
106521,1059,1,491.39,0.0,491.39
106521,1033,1,90.29,0.0,90.29
106522,1066,1,180.59,0.0,180.59
106523,1071,1,10.49,0.0,10.49
106524,1086,1,102.89,0.0,102.89
106524,1066,1,180.59,0.0,180.59
106525,1052,2,219.44,0.0,438.88
106526,1080,1,141.74,0.0,141.74
106526,1020,1,57.74,0.0,57.74
106527,1087,1,48.29,0.0,48.29
106528,1066,1,180.59,0.0,180.59
106529,1016,1,190.04,0.0,190.04
106529,1067,1,36.74,0.0,36.74
106530,1088,1,22.04,0.0,22.04
106531,1020,1,57.74,0.0,57.74
106532,1006,1,17.84,0.0,17.84
106532,1055,1,211.04,0.0,211.04
106533,1031,1,40.94,0.0,40.94
106533,1038,1,329.69,0.0,329.69
106534,1031,1,40.94,0.0,40.94
106534,1077,2,27.29,0.0,54.58
106534,1013,1,131.24,0.0,131.24
106535,1044,1,556.49,0.0,556.49
106536,1011,2,36.74,0.0,73.48
106537,1073,1,73.49,0.0,73.49
106538,1003,3,24.14,0.0,72.42
106539,1083,1,20.99,0.0,20.99
106539,1018,1,223.64,0.0,223.64
106539,1065,2,173.24,0.0,346.48
106540,1035,1,54.59,0.0,54.59
106540,1072,2,149.09,0.0,298.18
106541,1082,1,110.24,0.0,110.24
106542,1067,1,36.74,0.0,36.74
106542,1024,4,62.99,0.0,251.96
106542,1050,1,154.34,0.0,154.34
106543,1078,1,90.29,0.0,90.29
106544,1007,1,75.59,0.0,75.59
106545,1047,1,204.74,0.0,204.74
106545,1083,1,20.99,0.0,20.99
106546,1089,1,56.69,0.0,56.69
106546,1068,1,52.49,0.0,52.49
106546,1012,1,115.49,0.0,115.49
106546,1040,1,500.84,0.0,500.84
106547,1067,2,36.74,0.0,73.48
106547,1080,1,141.74,0.0,141.74
106548,1038,1,329.69,0.0,329.69
106549,1006,1,17.84,1.78,16.06
106550,1005,4,83.99,0.0,335.96
106550,1052,1,219.44,0.0,219.44
106551,1087,1,48.29,0.0,48.29
106552,1087,1,48.29,0.0,48.29
106553,1030,1,8.39,0.0,8.39
106553,1065,1,173.24,0.0,173.24
106553,1042,1,812.69,0.0,812.69
106554,1035,1,54.59,0.0,54.59
106555,1033,1,90.29,0.0,90.29
106555,1006,1,17.84,0.0,17.84
106556,1048,1,146.99,0.0,146.99
106556,1030,1,8.39,0.0,8.39
106557,1059,1,491.39,0.0,491.39
106558,1033,1,90.29,0.0,90.29
106558,1064,2,161.69,0.0,323.38
106559,1089,1,56.69,0.0,56.69
106559,1056,1,251.99,0.0,251.99
106560,1012,1,109.99,0.0,109.99
106561,1078,1,90.29,0.0,90.29
106561,1067,2,36.74,0.0,73.48
106562,1015,1,101.84,0.0,101.84
106562,1074,1,20.99,0.0,20.99
106563,1080,1,141.74,0.0,141.74
106563,1065,1,173.24,0.0,173.24
106564,1037,2,30.44,0.0,60.88
106564,1009,1,138.59,0.0,138.59
106565,1070,3,129.14,0.0,387.41999999999996
106565,1010,1,101.84,0.0,101.84
106566,1052,3,219.44,0.0,658.3199999999999
106567,1064,1,161.69,0.0,161.69
106568,1078,1,90.29,0.0,90.29
106568,1015,1,101.84,0.0,101.84
106569,1082,2,110.24,0.0,220.48
106569,1054,4,241.49,0.0,965.96
106570,1077,1,27.29,0.0,27.29
106571,1046,1,150.14,0.0,150.14
106571,1026,1,170.09,0.0,170.09
106572,1017,1,91.34,0.0,91.34
106573,1017,1,91.34,0.0,91.34
106573,1086,2,102.89,0.0,205.78
106574,1051,2,53.99,0.0,107.98
106575,1053,1,39.89,0.0,39.89
106576,1014,3,38.84,0.0,116.52000000000001
106576,1088,1,22.04,0.0,22.04
106577,1023,1,142.79,14.28,128.51
106577,1001,1,65.09,6.51,58.580000000000005
106578,1028,1,81.89,0.0,81.89
106578,1066,1,180.59,0.0,180.59
106579,1052,1,219.44,0.0,219.44
106580,1067,1,36.74,0.0,36.74
106581,1063,1,258.29,0.0,258.29
106582,1064,1,161.69,0.0,161.69
106582,1004,1,75.99,0.0,75.99
106583,1042,1,812.69,0.0,812.69
106583,1026,1,170.09,0.0,170.09
106584,1089,2,56.69,0.0,113.38
106584,1042,1,812.69,0.0,812.69
106585,1001,1,65.09,0.0,65.09
106585,1023,1,142.79,0.0,142.79
106586,1077,2,27.29,0.0,54.58
106586,1065,1,173.24,0.0,173.24
106586,1005,2,83.99,0.0,167.98
106586,1020,1,57.74,0.0,57.74
106587,1052,1,219.44,0.0,219.44
106588,1082,1,110.24,0.0,110.24
106588,1081,2,78.74,0.0,157.48
106589,1066,2,180.59,0.0,361.18
106590,1060,1,141.74,0.0,141.74
106590,1014,1,38.84,0.0,38.84
106591,1004,1,79.79,0.0,79.79
106592,1033,1,90.29,0.0,90.29
106593,1066,3,180.59,0.0,541.77
106594,1015,1,101.84,0.0,101.84
106595,1079,1,65.09,0.0,65.09
106596,1007,1,75.59,0.0,75.59
106597,1078,1,90.29,0.0,90.29
106597,1053,1,39.89,0.0,39.89
106598,1052,1,219.44,0.0,219.44
106599,1082,1,110.24,0.0,110.24
106599,1020,1,57.74,0.0,57.74
106600,1063,1,258.29,0.0,258.29
106600,1090,1,18.89,0.0,18.89
106600,1021,2,130.19,0.0,260.38
106601,1059,1,491.39,0.0,491.39
106602,1064,1,161.69,0.0,161.69
106602,1080,1,141.74,0.0,141.74
106603,1023,1,142.79,14.28,128.51
106603,1085,3,121.79,36.54,328.83
106604,1021,1,130.19,0.0,130.19
106605,1046,1,150.14,0.0,150.14
106605,1068,1,52.49,0.0,52.49
106605,1052,2,219.44,0.0,438.88
106605,1004,2,79.79,0.0,159.58
106606,1071,1,10.49,0.0,10.49
106607,1029,1,32.54,0.0,32.54
106608,1070,1,129.14,0.0,129.14
106609,1068,1,52.49,0.0,52.49
106609,1055,1,211.04,0.0,211.04
106609,1060,2,141.74,0.0,283.48
106609,1065,1,173.24,0.0,173.24
106610,1086,1,102.89,0.0,102.89
106610,1065,1,173.24,0.0,173.24
106610,1063,1,258.29,0.0,258.29
106611,1082,3,110.24,0.0,330.71999999999997
106611,1083,1,20.99,0.0,20.99
106612,1078,1,90.29,0.0,90.29
106613,1002,1,145.94,0.0,145.94
106613,1036,1,61.94,0.0,61.94
106613,1086,1,102.89,0.0,102.89
106614,1080,1,141.74,0.0,141.74
106615,1066,1,180.59,0.0,180.59
106616,1047,1,204.74,0.0,204.74
106616,1068,2,52.49,0.0,104.98
106617,1006,1,17.84,0.0,17.84
106617,1066,1,180.59,0.0,180.59
106618,1035,2,54.59,0.0,109.18
106619,1069,1,28.34,0.0,28.34
106620,1087,4,48.29,0.0,193.16
106621,1033,1,90.29,0.0,90.29
106622,1063,2,258.29,0.0,516.58
106622,1001,1,65.09,0.0,65.09
106622,1089,1,56.69,0.0,56.69
106623,1005,1,83.99,0.0,83.99
106623,1064,1,161.69,0.0,161.69
106624,1010,2,101.84,0.0,203.68
106624,1065,1,173.24,0.0,173.24
106625,1066,1,180.59,18.06,162.53
106626,1065,1,173.24,0.0,173.24
106626,1013,4,131.24,0.0,524.96
106626,1035,1,54.59,0.0,54.59
106627,1086,1,102.89,0.0,102.89
106627,1021,1,130.19,0.0,130.19
106628,1077,1,27.29,0.0,27.29
106629,1089,1,56.69,0.0,56.69
106629,1006,1,17.84,0.0,17.84
106630,1002,2,145.94,0.0,291.88
106631,1053,1,39.89,0.0,39.89
106631,1017,1,91.34,0.0,91.34
106631,1061,2,48.29,0.0,96.58
106631,1011,1,36.74,0.0,36.74
106632,1087,1,48.29,0.0,48.29
106633,1026,1,170.09,0.0,170.09
106633,1043,1,134.39,0.0,134.39
106634,1028,2,81.89,0.0,163.78
106634,1065,3,173.24,0.0,519.72
106634,1070,1,122.99,0.0,122.99
106634,1061,1,48.29,0.0,48.29
106635,1003,1,24.14,0.0,24.14
106636,1012,1,115.49,0.0,115.49
106637,1005,2,83.99,0.0,167.98
106637,1083,2,20.99,0.0,41.98
106637,1072,1,149.09,0.0,149.09
106638,1068,1,49.99,0.0,49.99
106639,1090,3,18.89,0.0,56.67
106639,1075,1,53.54,0.0,53.54
106640,1069,1,28.34,0.0,28.34
106640,1045,1,532.34,0.0,532.34
106640,1008,1,46.19,0.0,46.19
106641,1055,1,211.04,0.0,211.04
106642,1029,1,32.54,0.0,32.54
106643,1077,1,27.29,0.0,27.29
106643,1015,2,101.84,0.0,203.68
106644,1043,1,134.39,0.0,134.39
106645,1068,1,52.49,0.0,52.49
106645,1015,1,101.84,0.0,101.84
106646,1035,1,54.59,0.0,54.59
106647,1056,2,251.99,0.0,503.98
106648,1009,2,138.59,0.0,277.18
106649,1014,2,38.84,0.0,77.68
106650,1067,1,36.74,0.0,36.74
106650,1065,1,173.24,0.0,173.24
106651,1080,1,141.74,0.0,141.74
106652,1072,2,149.09,0.0,298.18
106652,1051,1,56.69,0.0,56.69
106653,1064,1,161.69,0.0,161.69
106654,1067,1,36.74,0.0,36.74
106654,1045,1,532.34,0.0,532.34
106655,1059,1,491.39,0.0,491.39
106656,1041,1,581.69,0.0,581.69
106656,1083,2,20.99,0.0,41.98
106656,1070,1,129.14,0.0,129.14
106657,1073,1,73.49,0.0,73.49
106658,1034,1,72.44,0.0,72.44
106659,1022,1,93.44,0.0,93.44
106659,1036,2,61.94,0.0,123.88
106659,1020,1,57.74,0.0,57.74
106659,1027,1,95.54,0.0,95.54
106660,1068,1,49.99,0.0,49.99
106660,1057,1,216.29,0.0,216.29
106660,1004,1,79.79,0.0,79.79
106661,1089,1,56.69,0.0,56.69
106661,1079,1,65.09,0.0,65.09
106662,1023,1,142.79,0.0,142.79
106663,1047,1,204.74,0.0,204.74
106664,1085,1,121.79,12.18,109.61000000000001
106664,1036,1,61.94,6.19,55.75
106665,1012,1,115.49,0.0,115.49
106665,1011,2,36.74,0.0,73.48
106665,1034,1,72.44,0.0,72.44
106666,1089,1,56.69,0.0,56.69
106667,1019,1,81.89,0.0,81.89
106667,1067,1,36.74,0.0,36.74
106668,1030,2,8.39,1.68,15.100000000000001
106669,1073,1,73.49,0.0,73.49
106669,1087,1,48.29,0.0,48.29
106669,1018,1,223.64,0.0,223.64
106670,1060,3,141.74,0.0,425.22
106671,1053,1,39.89,0.0,39.89
106672,1074,2,20.99,0.0,41.98
106673,1077,2,27.29,0.0,54.58
106674,1026,3,170.09,0.0,510.27
106675,1082,1,110.24,0.0,110.24
106676,1049,1,133.34,0.0,133.34
106677,1038,1,329.69,0.0,329.69
106677,1019,1,81.89,0.0,81.89
106678,1065,1,173.24,0.0,173.24
106678,1056,1,251.99,0.0,251.99
106679,1032,1,86.09,0.0,86.09
106679,1063,3,258.29,0.0,774.8700000000001
106679,1004,1,79.79,0.0,79.79
106680,1012,1,115.49,0.0,115.49
106680,1081,1,78.74,0.0,78.74
106680,1025,1,175.34,0.0,175.34
106681,1085,2,121.79,0.0,243.58
106682,1017,1,91.34,0.0,91.34
106682,1082,1,110.24,0.0,110.24
106682,1006,1,17.84,0.0,17.84
106683,1074,1,20.99,0.0,20.99
106683,1031,1,40.94,0.0,40.94
106684,1060,1,141.74,0.0,141.74
106684,1073,1,73.49,0.0,73.49
106685,1062,1,160.64,0.0,160.64
106685,1029,1,32.54,0.0,32.54
106686,1004,1,79.79,0.0,79.79
106687,1033,1,90.29,0.0,90.29
106687,1057,1,216.29,0.0,216.29
106688,1064,1,161.69,0.0,161.69
106688,1048,1,146.99,0.0,146.99
106689,1036,1,61.94,0.0,61.94
106690,1077,1,27.29,0.0,27.29
106691,1078,1,90.29,0.0,90.29
106692,1013,1,131.24,0.0,131.24
106693,1021,1,130.19,0.0,130.19
106694,1064,1,161.69,0.0,161.69
106695,1005,1,83.99,0.0,83.99
106696,1026,2,170.09,0.0,340.18
106696,1077,1,27.29,0.0,27.29
106697,1003,1,24.14,0.0,24.14
106697,1085,1,121.79,0.0,121.79
106697,1031,1,40.94,0.0,40.94
106697,1030,2,8.39,0.0,16.78
106698,1080,1,141.74,0.0,141.74
106698,1027,1,95.54,0.0,95.54
106699,1033,1,90.29,0.0,90.29
106700,1019,1,81.89,0.0,81.89
106700,1038,1,329.69,0.0,329.69
106700,1053,1,39.89,0.0,39.89
106701,1084,1,118.64,0.0,118.64
106701,1067,1,36.74,0.0,36.74
106701,1058,2,98.69,0.0,197.38
106702,1053,3,39.89,0.0,119.67
106703,1089,1,56.69,0.0,56.69
106704,1001,1,65.09,0.0,65.09
106704,1077,1,27.29,0.0,27.29
106705,1033,2,90.29,0.0,180.58
106705,1038,1,329.69,0.0,329.69
106706,1008,1,46.19,0.0,46.19
106707,1026,1,170.09,0.0,170.09
106707,1070,1,129.14,0.0,129.14
106707,1067,2,36.74,0.0,73.48
106707,1019,1,81.89,0.0,81.89
106708,1083,1,20.99,0.0,20.99
106708,1078,1,90.29,0.0,90.29
106709,1080,1,141.74,0.0,141.74
106710,1090,1,18.89,0.0,18.89
106710,1086,1,102.89,0.0,102.89
106711,1029,1,32.54,0.0,32.54
106711,1017,1,91.34,0.0,91.34
106711,1019,2,81.89,0.0,163.78
106711,1008,1,46.19,0.0,46.19
106712,1020,1,57.74,0.0,57.74
106712,1067,2,36.74,0.0,73.48
106712,1025,1,175.34,0.0,175.34
106713,1079,2,65.09,0.0,130.18
106713,1082,1,110.24,0.0,110.24
106714,1061,1,48.29,0.0,48.29
106714,1089,4,56.69,0.0,226.76
106715,1003,1,24.14,0.0,24.14
106716,1064,1,161.69,0.0,161.69
106717,1082,1,110.24,0.0,110.24
106718,1083,1,20.99,0.0,20.99
106719,1090,1,18.89,0.0,18.89
106720,1026,2,170.09,0.0,340.18
106721,1004,1,79.79,0.0,79.79
106722,1063,1,258.29,0.0,258.29
106722,1048,1,146.99,0.0,146.99
106723,1015,3,101.84,0.0,305.52
106723,1031,1,40.94,0.0,40.94
106724,1060,1,141.74,0.0,141.74
106724,1037,1,30.44,0.0,30.44
106725,1036,1,61.94,0.0,61.94
106726,1055,1,211.04,0.0,211.04
106727,1070,1,129.14,0.0,129.14
106728,1053,1,39.89,0.0,39.89
106728,1059,3,491.39,0.0,1474.17
106728,1011,2,36.74,0.0,73.48
106728,1065,2,173.24,0.0,346.48
106729,1023,1,142.79,0.0,142.79
106729,1011,1,36.74,0.0,36.74
106730,1028,2,81.89,0.0,163.78
106731,1062,1,160.64,0.0,160.64
106732,1055,1,211.04,0.0,211.04
106732,1032,1,86.09,0.0,86.09
106733,1074,1,20.99,0.0,20.99
106734,1003,1,24.14,0.0,24.14
106735,1053,1,39.89,0.0,39.89
106736,1087,1,48.29,0.0,48.29
106737,1087,1,48.29,0.0,48.29
106737,1068,1,52.49,0.0,52.49
106738,1050,1,154.34,0.0,154.34
106739,1065,1,173.24,0.0,173.24
106739,1001,2,65.09,0.0,130.18
106740,1036,2,61.94,0.0,123.88
106740,1080,2,141.74,0.0,283.48
106741,1023,1,142.79,0.0,142.79
106742,1036,1,61.94,0.0,61.94
106742,1014,1,38.84,0.0,38.84
106743,1007,1,75.59,0.0,75.59
106744,1060,1,141.74,0.0,141.74
106744,1039,1,508.19,0.0,508.19
106745,1051,1,56.69,0.0,56.69
106746,1011,1,36.74,0.0,36.74
106746,1083,1,20.99,0.0,20.99
106746,1039,1,508.19,0.0,508.19
106747,1017,1,91.34,0.0,91.34
106747,1003,1,24.14,0.0,24.14
106748,1013,1,131.24,0.0,131.24
106749,1060,1,134.99,0.0,134.99
106750,1001,1,65.09,0.0,65.09
106750,1053,2,39.89,0.0,79.78
106750,1086,1,102.89,0.0,102.89
106751,1053,2,39.89,0.0,79.78
106752,1066,2,180.59,0.0,361.18
106753,1079,1,65.09,0.0,65.09
106754,1065,1,173.24,0.0,173.24
106755,1067,1,36.74,0.0,36.74
106756,1089,2,56.69,0.0,113.38
106757,1029,1,32.54,0.0,32.54
106758,1009,4,138.59,0.0,554.36
106758,1008,1,46.19,0.0,46.19
106758,1065,2,173.24,0.0,346.48
106758,1014,1,38.84,0.0,38.84
106759,1081,2,78.74,0.0,157.48
106759,1027,1,95.54,0.0,95.54
106759,1084,1,118.64,0.0,118.64
106760,1087,1,45.99,0.0,45.99
106761,1078,1,90.29,0.0,90.29
106762,1090,1,18.89,0.0,18.89
106762,1066,2,180.59,0.0,361.18
106762,1002,1,145.94,0.0,145.94
106763,1080,2,141.74,0.0,283.48
106764,1011,1,36.74,0.0,36.74
106765,1046,1,150.14,0.0,150.14
106766,1023,1,142.79,0.0,142.79
106767,1086,2,102.89,0.0,205.78
106767,1018,1,223.64,0.0,223.64
106768,1072,1,149.09,0.0,149.09
106769,1032,1,86.09,8.61,77.48
106770,1033,1,90.29,0.0,90.29
106770,1020,1,57.74,0.0,57.74
106770,1063,1,258.29,0.0,258.29
106771,1063,1,258.29,0.0,258.29
106772,1056,1,251.99,0.0,251.99
106772,1073,1,73.49,0.0,73.49
106772,1061,1,48.29,0.0,48.29
106773,1017,3,91.34,0.0,274.02
106774,1054,1,241.49,0.0,241.49
106775,1087,1,48.29,0.0,48.29
106775,1073,1,73.49,0.0,73.49
106776,1014,2,38.84,0.0,77.68
106777,1025,2,175.34,0.0,350.68
106778,1054,1,241.49,0.0,241.49
106779,1076,1,145.94,0.0,145.94
106780,1077,1,27.29,0.0,27.29
106780,1029,1,32.54,0.0,32.54
106781,1044,1,556.49,0.0,556.49
106781,1046,1,150.14,0.0,150.14
106782,1016,1,190.04,0.0,190.04
106783,1068,1,52.49,0.0,52.49
106783,1008,1,46.19,0.0,46.19
106783,1025,1,175.34,0.0,175.34
106784,1003,1,24.14,0.0,24.14
106785,1001,2,65.09,0.0,130.18
106785,1030,1,8.39,0.0,8.39
106785,1078,1,90.29,0.0,90.29
106786,1003,1,24.14,0.0,24.14
106787,1010,1,101.84,0.0,101.84
106787,1081,1,78.74,0.0,78.74
106787,1025,1,175.34,0.0,175.34
106788,1002,1,145.94,14.59,131.35
106789,1018,1,223.64,0.0,223.64
106790,1039,1,508.19,0.0,508.19
106791,1068,1,52.49,0.0,52.49
106792,1041,1,581.69,0.0,581.69
106792,1028,1,81.89,0.0,81.89
106792,1009,1,138.59,0.0,138.59
106793,1069,1,28.34,0.0,28.34
106794,1086,1,102.89,0.0,102.89
106794,1018,1,223.64,0.0,223.64
106794,1024,1,62.99,0.0,62.99
106795,1078,1,90.29,0.0,90.29
106795,1055,1,211.04,0.0,211.04
106796,1083,1,20.99,0.0,20.99
106797,1081,1,78.74,0.0,78.74
106798,1064,1,161.69,0.0,161.69
106798,1053,1,39.89,0.0,39.89
106799,1053,1,39.89,0.0,39.89
106799,1076,1,145.94,0.0,145.94
106799,1004,1,79.79,0.0,79.79
106800,1007,1,71.99,0.0,71.99
106800,1064,4,161.69,0.0,646.76
106800,1069,1,28.34,0.0,28.34
106801,1026,1,170.09,0.0,170.09
106802,1008,1,46.19,0.0,46.19
106803,1011,4,36.74,0.0,146.96
106804,1013,1,131.24,0.0,131.24
106804,1047,1,204.74,0.0,204.74
106804,1015,1,101.84,0.0,101.84
106804,1069,1,28.34,0.0,28.34
106805,1072,2,149.09,0.0,298.18
106806,1084,1,118.64,0.0,118.64
106806,1032,1,86.09,0.0,86.09
106807,1079,1,65.09,0.0,65.09
106807,1061,1,48.29,0.0,48.29
106808,1070,1,129.14,0.0,129.14
106809,1069,1,28.34,0.0,28.34
106810,1073,1,73.49,0.0,73.49
106810,1006,2,17.84,0.0,35.68
106811,1058,1,98.69,0.0,98.69
106811,1052,1,219.44,0.0,219.44
106812,1047,1,204.74,0.0,204.74
106813,1071,1,10.49,0.0,10.49
106814,1033,1,90.29,0.0,90.29
106814,1057,1,216.29,0.0,216.29
106815,1071,1,10.49,0.0,10.49
106815,1072,1,149.09,0.0,149.09
106815,1007,1,75.59,0.0,75.59
106816,1068,1,52.49,0.0,52.49
106816,1003,2,24.14,0.0,48.28
106816,1076,1,145.94,0.0,145.94
106817,1089,3,56.69,0.0,170.07
106817,1060,1,141.74,0.0,141.74
106818,1023,1,142.79,0.0,142.79
106819,1040,1,500.84,0.0,500.84
106820,1071,1,10.49,0.0,10.49
106821,1014,1,38.84,0.0,38.84
106821,1017,1,91.34,0.0,91.34
106822,1054,2,241.49,0.0,482.98
106823,1035,1,54.59,0.0,54.59
106823,1074,1,20.99,0.0,20.99
106824,1073,2,73.49,0.0,146.98
106824,1075,2,53.54,0.0,107.08
106824,1006,2,17.84,0.0,35.68
106825,1075,1,53.54,0.0,53.54
106825,1009,2,138.59,0.0,277.18
106826,1004,1,79.79,0.0,79.79
106827,1061,1,48.29,0.0,48.29
106828,1024,1,62.99,0.0,62.99
106829,1070,2,129.14,0.0,258.28
106830,1049,1,133.34,0.0,133.34
106831,1052,1,219.44,0.0,219.44
106831,1015,3,101.84,0.0,305.52
106832,1031,1,40.94,4.09,36.849999999999994
106832,1032,1,86.09,8.61,77.48
106833,1064,2,161.69,0.0,323.38
106833,1010,1,101.84,0.0,101.84
106833,1081,1,78.74,0.0,78.74
106834,1057,1,205.99,0.0,205.99
106835,1002,1,145.94,0.0,145.94
106836,1049,1,133.34,0.0,133.34
106837,1085,2,121.79,0.0,243.58
106837,1063,1,258.29,0.0,258.29
106837,1079,3,65.09,0.0,195.27
106838,1081,3,78.74,0.0,236.21999999999997
106839,1068,1,52.49,0.0,52.49
106840,1069,1,28.34,0.0,28.34
106841,1031,1,40.94,0.0,40.94
106841,1083,2,20.99,0.0,41.98
106842,1049,1,133.34,0.0,133.34
106842,1065,1,173.24,0.0,173.24
106843,1037,2,30.44,0.0,60.88
106844,1075,1,53.54,0.0,53.54
106845,1084,1,118.64,0.0,118.64
106845,1061,1,48.29,0.0,48.29
106846,1016,1,190.04,0.0,190.04
106847,1067,2,36.74,7.35,66.13000000000001
106848,1006,1,17.84,0.0,17.84
106849,1033,2,90.29,0.0,180.58
106850,1077,1,27.29,0.0,27.29
106851,1032,1,86.09,0.0,86.09
106852,1072,1,149.09,0.0,149.09
106853,1069,1,28.34,0.0,28.34
106854,1041,1,581.69,0.0,581.69
106855,1023,3,142.79,0.0,428.37
106856,1043,1,134.39,0.0,134.39
106857,1049,1,133.34,0.0,133.34
106857,1014,1,38.84,0.0,38.84
106858,1009,2,138.59,0.0,277.18
106858,1006,2,17.84,0.0,35.68
106858,1028,1,81.89,0.0,81.89
106858,1002,2,145.94,0.0,291.88
106859,1021,1,130.19,0.0,130.19
106860,1047,1,204.74,0.0,204.74
106861,1056,1,251.99,0.0,251.99
106861,1037,1,30.44,0.0,30.44
106862,1029,1,32.54,0.0,32.54
106863,1058,1,98.69,0.0,98.69
106863,1048,1,146.99,0.0,146.99
106863,1002,1,145.94,0.0,145.94
106864,1070,1,129.14,0.0,129.14
106865,1080,1,141.74,0.0,141.74
106865,1013,1,131.24,0.0,131.24
106865,1019,1,81.89,0.0,81.89
106866,1087,1,48.29,0.0,48.29
106866,1063,1,258.29,0.0,258.29
106866,1084,1,118.64,0.0,118.64
106866,1081,1,78.74,0.0,78.74
106867,1009,2,138.59,0.0,277.18
106867,1085,1,121.79,0.0,121.79
106867,1004,1,79.79,0.0,79.79
106867,1011,1,36.74,0.0,36.74
106868,1051,1,56.69,0.0,56.69
106868,1050,1,154.34,0.0,154.34
106868,1084,1,118.64,0.0,118.64
106868,1076,1,145.94,0.0,145.94
106869,1007,1,75.59,0.0,75.59
106870,1060,1,141.74,0.0,141.74
106870,1013,1,131.24,0.0,131.24
106870,1019,1,81.89,0.0,81.89
106870,1009,1,138.59,0.0,138.59
106871,1087,1,48.29,0.0,48.29
106871,1080,1,141.74,0.0,141.74
106872,1055,1,211.04,0.0,211.04
106873,1026,1,170.09,0.0,170.09
106873,1077,1,27.29,0.0,27.29
106873,1075,2,53.54,0.0,107.08
106874,1077,1,27.29,0.0,27.29
106874,1029,1,32.54,0.0,32.54
106875,1006,1,17.84,0.0,17.84
106876,1007,1,75.59,0.0,75.59
106877,1071,1,10.49,0.0,10.49
106877,1070,1,129.14,0.0,129.14
106877,1053,2,39.89,0.0,79.78
106878,1004,1,79.79,0.0,79.79
106879,1063,1,258.29,0.0,258.29
106880,1010,1,101.84,0.0,101.84
106881,1024,4,62.99,0.0,251.96
106882,1060,1,141.74,0.0,141.74
106883,1057,1,216.29,0.0,216.29
106884,1045,1,532.34,0.0,532.34
106884,1056,2,251.99,0.0,503.98
106884,1015,2,101.84,0.0,203.68
106885,1087,1,48.29,0.0,48.29
106885,1075,2,53.54,0.0,107.08
106885,1001,1,65.09,0.0,65.09
106885,1022,2,93.44,0.0,186.88
106886,1014,1,38.84,0.0,38.84
106887,1077,1,27.29,0.0,27.29
106887,1050,1,154.34,0.0,154.34
106888,1022,1,93.44,0.0,93.44
106889,1026,1,170.09,0.0,170.09
106890,1076,1,145.94,0.0,145.94
106891,1062,1,160.64,0.0,160.64
106891,1075,1,53.54,0.0,53.54
106892,1016,1,190.04,0.0,190.04
106892,1033,3,90.29,0.0,270.87
106892,1064,1,161.69,0.0,161.69
106892,1072,1,149.09,0.0,149.09
106893,1040,1,500.84,0.0,500.84
106893,1058,1,98.69,0.0,98.69
106894,1011,1,36.74,0.0,36.74
106894,1087,1,48.29,0.0,48.29
106895,1051,1,56.69,0.0,56.69
106896,1012,1,115.49,0.0,115.49
106897,1072,1,149.09,0.0,149.09
106898,1035,1,54.59,0.0,54.59
106898,1004,1,79.79,0.0,79.79
106899,1009,1,138.59,0.0,138.59
106899,1028,1,81.89,0.0,81.89
106900,1002,1,145.94,0.0,145.94
106900,1029,1,32.54,0.0,32.54
106900,1083,1,20.99,0.0,20.99
106901,1037,1,30.44,0.0,30.44
106901,1010,1,101.84,0.0,101.84
106902,1063,1,258.29,0.0,258.29
106902,1073,2,73.49,0.0,146.98
106903,1009,2,131.99,0.0,263.98
106903,1012,1,115.49,0.0,115.49
106903,1075,2,53.54,0.0,107.08
106904,1082,1,110.24,0.0,110.24
106904,1003,1,24.14,0.0,24.14
106905,1054,1,241.49,0.0,241.49
106906,1082,1,110.24,0.0,110.24
106906,1089,3,56.69,0.0,170.07
106907,1004,1,79.79,0.0,79.79
106907,1006,1,17.84,0.0,17.84
106908,1017,1,91.34,0.0,91.34
106908,1033,1,90.29,0.0,90.29
106909,1050,2,154.34,0.0,308.68
106909,1076,1,145.94,0.0,145.94
106909,1011,1,36.74,0.0,36.74
106909,1036,1,61.94,0.0,61.94
106910,1057,2,216.29,0.0,432.58
106910,1006,3,17.84,0.0,53.519999999999996
106910,1044,1,556.49,0.0,556.49
106911,1074,1,20.99,0.0,20.99
106911,1016,1,190.04,0.0,190.04
106911,1052,1,219.44,0.0,219.44
106912,1086,1,102.89,0.0,102.89
106913,1002,2,145.94,0.0,291.88
106914,1088,1,22.04,0.0,22.04
106915,1009,1,138.59,0.0,138.59
106915,1067,1,36.74,0.0,36.74
106916,1089,1,56.69,0.0,56.69
106917,1052,1,219.44,0.0,219.44
106917,1088,1,22.04,0.0,22.04
106918,1067,1,36.74,3.67,33.07
106918,1082,2,110.24,22.05,198.42999999999998
106919,1045,1,532.34,0.0,532.34
106919,1079,1,65.09,0.0,65.09
106919,1061,1,48.29,0.0,48.29
106919,1090,2,18.89,0.0,37.78
106920,1002,1,145.94,0.0,145.94
106920,1074,2,20.99,0.0,41.98
106920,1031,1,40.94,0.0,40.94
106921,1073,1,73.49,0.0,73.49
106922,1043,1,134.39,0.0,134.39
106923,1012,1,115.49,0.0,115.49
106924,1032,1,86.09,0.0,86.09
106925,1024,1,62.99,0.0,62.99
106926,1012,2,115.49,0.0,230.98
106926,1004,1,79.79,0.0,79.79
106926,1034,2,72.44,0.0,144.88
106927,1082,1,110.24,0.0,110.24
106927,1027,1,95.54,0.0,95.54
106928,1037,1,30.44,0.0,30.44
106928,1041,1,581.69,0.0,581.69
106928,1050,1,154.34,0.0,154.34
106929,1073,1,73.49,7.35,66.14
106930,1042,1,812.69,0.0,812.69
106930,1022,1,93.44,0.0,93.44
106931,1070,1,129.14,0.0,129.14
106931,1083,1,20.99,0.0,20.99
106932,1070,1,129.14,0.0,129.14
106932,1008,2,46.19,0.0,92.38
106933,1023,1,142.79,0.0,142.79
106934,1041,1,553.99,58.17,495.82
106935,1065,3,173.24,0.0,519.72
106936,1028,1,81.89,0.0,81.89
106936,1089,2,56.69,0.0,113.38
106937,1062,1,160.64,0.0,160.64
106938,1059,1,491.39,0.0,491.39
106938,1084,1,118.64,0.0,118.64
106938,1047,1,204.74,0.0,204.74
106938,1080,1,141.74,0.0,141.74
106939,1048,1,146.99,14.7,132.29000000000002
106940,1081,1,78.74,0.0,78.74
106941,1050,1,154.34,0.0,154.34
106942,1085,1,121.79,0.0,121.79
106942,1070,1,129.14,0.0,129.14
106942,1019,1,81.89,0.0,81.89
106943,1057,1,216.29,0.0,216.29
106944,1051,1,56.69,0.0,56.69
106944,1025,1,175.34,0.0,175.34
106944,1084,1,118.64,0.0,118.64
106945,1026,1,170.09,0.0,170.09
106946,1025,1,175.34,0.0,175.34
106946,1058,1,98.69,0.0,98.69
106946,1070,1,129.14,0.0,129.14
106947,1067,2,36.74,0.0,73.48
106948,1018,1,223.64,0.0,223.64
106948,1064,1,161.69,0.0,161.69
106948,1011,1,36.74,0.0,36.74
106949,1072,1,149.09,0.0,149.09
106949,1061,1,48.29,0.0,48.29
106950,1006,1,17.84,0.0,17.84
106950,1021,1,130.19,0.0,130.19
106951,1088,1,22.04,0.0,22.04
106952,1004,1,79.79,7.98,71.81
106953,1030,4,8.39,3.36,30.200000000000003
106953,1037,2,30.44,6.09,54.790000000000006
106954,1061,1,48.29,0.0,48.29
106954,1046,1,150.14,0.0,150.14
106954,1045,1,532.34,0.0,532.34
106954,1026,3,170.09,0.0,510.27
106955,1020,1,57.74,0.0,57.74
106956,1061,2,48.29,0.0,96.58
106956,1060,1,141.74,0.0,141.74
106957,1077,1,27.29,0.0,27.29
106958,1051,1,56.69,0.0,56.69
106958,1004,1,79.79,0.0,79.79
106959,1079,2,65.09,0.0,130.18
106960,1059,3,491.39,0.0,1474.17
106961,1020,1,57.74,0.0,57.74
106961,1028,2,81.89,0.0,163.78
106962,1085,1,121.79,0.0,121.79
106963,1057,1,216.29,0.0,216.29
106964,1018,2,223.64,0.0,447.28
106964,1072,1,149.09,0.0,149.09
106965,1028,1,81.89,0.0,81.89
106965,1090,1,18.89,0.0,18.89
106966,1083,1,20.99,0.0,20.99
106967,1090,1,18.89,0.0,18.89
106967,1075,2,53.54,0.0,107.08
106967,1024,1,62.99,0.0,62.99
106968,1081,1,78.74,0.0,78.74
106968,1041,1,581.69,0.0,581.69
106968,1088,1,22.04,0.0,22.04
106968,1077,1,27.29,0.0,27.29
106969,1068,1,52.49,5.25,47.24
106970,1068,1,52.49,0.0,52.49
106971,1080,1,141.74,0.0,141.74
106972,1016,1,190.04,0.0,190.04
106973,1078,1,90.29,0.0,90.29
106974,1076,1,145.94,0.0,145.94
106974,1080,1,141.74,0.0,141.74
106975,1074,1,20.99,0.0,20.99
106976,1033,1,90.29,0.0,90.29
106977,1005,1,83.99,0.0,83.99
106978,1027,1,95.54,0.0,95.54
106978,1088,1,22.04,0.0,22.04
106979,1014,1,38.84,0.0,38.84
106979,1082,4,110.24,0.0,440.96
106980,1066,2,180.59,0.0,361.18
106980,1037,2,30.44,0.0,60.88
106981,1027,1,95.54,0.0,95.54
106981,1089,3,56.69,0.0,170.07
106981,1022,1,93.44,0.0,93.44
106982,1013,1,131.24,0.0,131.24
106983,1064,1,161.69,0.0,161.69
106983,1072,1,149.09,0.0,149.09
106984,1005,1,83.99,0.0,83.99
106985,1063,1,258.29,0.0,258.29
106985,1012,2,115.49,0.0,230.98
106986,1050,1,154.34,0.0,154.34
106987,1066,1,180.59,0.0,180.59
106987,1010,1,101.84,0.0,101.84
106987,1013,1,131.24,0.0,131.24
106987,1026,1,170.09,0.0,170.09
106988,1069,1,28.34,0.0,28.34
106988,1087,1,48.29,0.0,48.29
106989,1031,1,40.94,0.0,40.94
106990,1035,1,54.59,0.0,54.59
106990,1007,1,75.59,0.0,75.59
106991,1026,2,170.09,0.0,340.18
106992,1027,2,95.54,0.0,191.08
106993,1056,1,251.99,0.0,251.99
106994,1056,1,251.99,0.0,251.99
106995,1036,1,61.94,0.0,61.94
106995,1020,2,57.74,0.0,115.48
106996,1080,2,141.74,0.0,283.48
106996,1068,2,52.49,0.0,104.98
106997,1005,1,83.99,0.0,83.99
106997,1034,1,72.44,0.0,72.44
106998,1016,1,190.04,0.0,190.04
106999,1004,1,79.79,0.0,79.79
106999,1012,1,115.49,0.0,115.49
106999,1008,1,46.19,0.0,46.19
107000,1085,1,121.79,0.0,121.79
107001,1089,1,56.69,0.0,56.69
107002,1082,2,110.24,0.0,220.48
107003,1039,1,508.19,0.0,508.19
107004,1015,1,101.84,0.0,101.84
107004,1067,1,36.74,0.0,36.74
107005,1034,4,72.44,0.0,289.76
107005,1082,1,110.24,0.0,110.24
107005,1020,1,57.74,0.0,57.74
107006,1009,1,138.59,13.86,124.73
107007,1060,1,134.99,0.0,134.99
107007,1028,1,81.89,0.0,81.89
107007,1053,2,39.89,0.0,79.78
107007,1075,1,53.54,0.0,53.54
107008,1061,1,48.29,0.0,48.29
107008,1076,1,145.94,0.0,145.94
107008,1062,1,160.64,0.0,160.64
107009,1027,2,95.54,0.0,191.08
107010,1056,1,251.99,0.0,251.99
107010,1003,1,24.14,0.0,24.14
107011,1047,1,204.74,20.47,184.27
107012,1006,1,17.84,0.0,17.84
107012,1004,1,79.79,0.0,79.79
107012,1014,1,38.84,0.0,38.84
107012,1041,1,581.69,0.0,581.69
107013,1005,1,83.99,0.0,83.99
107014,1089,1,56.69,0.0,56.69
107015,1039,1,508.19,0.0,508.19
107015,1031,1,40.94,0.0,40.94
107016,1054,1,241.49,0.0,241.49
107017,1078,1,85.99,0.0,85.99
107018,1013,1,131.24,0.0,131.24
107018,1084,1,118.64,0.0,118.64
107019,1053,1,39.89,0.0,39.89
107020,1060,1,141.74,0.0,141.74
107020,1020,2,57.74,0.0,115.48
107020,1001,2,65.09,0.0,130.18
107020,1006,1,17.84,0.0,17.84
107021,1074,1,20.99,0.0,20.99
107021,1005,1,83.99,0.0,83.99
107022,1059,2,491.39,0.0,982.78
107022,1034,2,72.44,0.0,144.88
107022,1056,2,251.99,0.0,503.98
107022,1087,2,48.29,0.0,96.58
107023,1057,1,216.29,0.0,216.29
107023,1030,1,8.39,0.0,8.39
107023,1012,1,115.49,0.0,115.49
107024,1021,2,130.19,0.0,260.38
107025,1017,1,91.34,0.0,91.34
107026,1014,1,38.84,0.0,38.84
107027,1032,1,86.09,0.0,86.09
107028,1004,1,79.79,0.0,79.79
107029,1087,1,48.29,0.0,48.29
107030,1056,1,251.99,0.0,251.99
107031,1003,1,24.14,0.0,24.14
107032,1060,1,141.74,0.0,141.74
107032,1053,2,39.89,0.0,79.78
107033,1027,1,95.54,0.0,95.54
107033,1088,1,22.04,0.0,22.04
107034,1058,2,98.69,0.0,197.38
107035,1017,1,91.34,0.0,91.34
107036,1062,1,160.64,0.0,160.64
107037,1085,1,121.79,0.0,121.79
107038,1019,1,81.89,0.0,81.89
107038,1005,1,83.99,0.0,83.99
107039,1047,1,204.74,0.0,204.74
107040,1068,1,52.49,0.0,52.49
107040,1078,1,90.29,0.0,90.29
107040,1019,1,81.89,0.0,81.89
107041,1049,1,133.34,0.0,133.34
107042,1076,3,138.99,0.0,416.97
107042,1081,1,78.74,0.0,78.74
107043,1067,4,36.74,0.0,146.96
107043,1082,1,110.24,0.0,110.24
107044,1044,1,556.49,0.0,556.49
107045,1033,1,90.29,0.0,90.29
107046,1028,1,81.89,0.0,81.89
107047,1062,2,160.64,0.0,321.28
107047,1058,1,98.69,0.0,98.69
107048,1053,1,39.89,0.0,39.89
107048,1061,2,48.29,0.0,96.58
107049,1078,1,90.29,0.0,90.29
107050,1085,1,121.79,0.0,121.79
107051,1035,1,54.59,0.0,54.59
107052,1026,1,170.09,17.01,153.08
107053,1087,2,48.29,0.0,96.58
107053,1029,2,32.54,0.0,65.08
107054,1009,1,138.59,0.0,138.59
107055,1088,1,22.04,0.0,22.04
107055,1013,1,131.24,0.0,131.24
107056,1065,1,173.24,0.0,173.24
107057,1030,1,8.39,0.0,8.39
107057,1088,1,22.04,0.0,22.04
107057,1078,1,90.29,0.0,90.29
107058,1041,1,581.69,58.17,523.5200000000001
107059,1029,1,32.54,0.0,32.54
107059,1057,2,216.29,0.0,432.58
107059,1088,1,22.04,0.0,22.04
107059,1033,1,90.29,0.0,90.29
107060,1053,1,39.89,0.0,39.89
107061,1083,1,20.99,0.0,20.99
107062,1006,1,17.84,0.0,17.84
107063,1071,1,10.49,0.0,10.49
107064,1061,1,48.29,0.0,48.29
107064,1087,2,48.29,0.0,96.58
107065,1077,1,27.29,0.0,27.29
107065,1090,2,18.89,0.0,37.78
107066,1001,1,65.09,0.0,65.09
107067,1076,1,145.94,0.0,145.94
107068,1024,1,62.99,0.0,62.99
107068,1048,1,146.99,0.0,146.99
107069,1003,1,24.14,0.0,24.14
107070,1084,1,118.64,0.0,118.64
107070,1034,3,72.44,0.0,217.32
107070,1020,2,57.74,0.0,115.48
107070,1035,1,54.59,0.0,54.59
107071,1015,1,101.84,0.0,101.84
107072,1069,1,28.34,0.0,28.34
107073,1068,1,52.49,0.0,52.49
107073,1018,4,223.64,0.0,894.56
107073,1027,1,95.54,0.0,95.54
107074,1070,1,129.14,0.0,129.14
107074,1026,1,170.09,0.0,170.09
107074,1079,1,65.09,0.0,65.09
107075,1080,1,141.74,0.0,141.74
107076,1032,1,86.09,0.0,86.09
107077,1089,1,56.69,0.0,56.69
107077,1068,3,52.49,0.0,157.47
107078,1061,1,48.29,4.83,43.46
107078,1066,1,180.59,18.06,162.53
107078,1085,2,121.79,24.36,219.22000000000003
107079,1015,1,101.84,0.0,101.84
107080,1016,1,190.04,0.0,190.04
107081,1085,2,121.79,0.0,243.58
107082,1025,1,175.34,0.0,175.34
107082,1072,2,149.09,0.0,298.18
107083,1002,1,145.94,0.0,145.94
107084,1030,1,8.39,0.0,8.39
107084,1087,1,48.29,0.0,48.29
107084,1058,1,98.69,0.0,98.69
107085,1010,1,101.84,0.0,101.84
107086,1034,1,72.44,0.0,72.44
107087,1011,1,36.74,0.0,36.74
107087,1006,1,17.84,0.0,17.84
107087,1050,1,154.34,0.0,154.34
107088,1008,1,46.19,0.0,46.19
107089,1031,1,40.94,0.0,40.94
107090,1069,1,28.34,0.0,28.34
107091,1050,1,154.34,0.0,154.34
107091,1037,2,30.44,0.0,60.88
107092,1046,1,150.14,0.0,150.14
107092,1074,1,20.99,0.0,20.99
107093,1064,4,161.69,0.0,646.76
107094,1027,1,95.54,0.0,95.54
107095,1082,1,110.24,0.0,110.24
107095,1059,1,491.39,0.0,491.39
107096,1047,1,204.74,0.0,204.74
107097,1086,1,102.89,0.0,102.89
107098,1037,1,30.44,0.0,30.44
107098,1056,1,251.99,0.0,251.99
107098,1012,1,115.49,0.0,115.49
107099,1077,1,27.29,0.0,27.29
107099,1065,1,173.24,0.0,173.24
107100,1012,1,115.49,0.0,115.49
107101,1069,1,28.34,0.0,28.34
107102,1001,1,65.09,0.0,65.09
107102,1067,1,36.74,0.0,36.74
107102,1030,1,8.39,0.0,8.39
107102,1061,1,48.29,0.0,48.29
107103,1082,1,110.24,0.0,110.24
107103,1064,1,161.69,0.0,161.69
107103,1031,1,40.94,0.0,40.94
107103,1008,1,46.19,0.0,46.19
107104,1076,1,145.94,0.0,145.94
107105,1052,3,219.44,0.0,658.3199999999999
107106,1037,1,30.44,0.0,30.44
107107,1062,1,160.64,0.0,160.64
107108,1045,1,532.34,0.0,532.34
107108,1006,1,17.84,0.0,17.84
107109,1014,1,38.84,0.0,38.84
107110,1028,1,81.89,0.0,81.89
107110,1026,1,170.09,0.0,170.09
107110,1007,1,75.59,0.0,75.59
107111,1059,1,491.39,0.0,491.39
107112,1068,1,52.49,0.0,52.49
107112,1085,1,121.79,0.0,121.79
107112,1066,1,180.59,0.0,180.59
107113,1008,1,46.19,0.0,46.19
107114,1052,1,219.44,0.0,219.44
107114,1073,1,73.49,0.0,73.49
107115,1056,3,239.99,0.0,719.97
107115,1029,2,32.54,0.0,65.08
107116,1088,1,22.04,0.0,22.04
107117,1080,1,141.74,0.0,141.74
107118,1005,1,83.99,0.0,83.99
107118,1054,1,241.49,0.0,241.49
107118,1060,1,141.74,0.0,141.74
107119,1008,1,46.19,0.0,46.19
107119,1002,1,145.94,0.0,145.94
107119,1082,2,110.24,0.0,220.48
107119,1084,2,118.64,0.0,237.28
107120,1016,1,190.04,0.0,190.04
107120,1054,1,241.49,0.0,241.49
107120,1009,1,138.59,0.0,138.59
107120,1004,1,79.79,0.0,79.79
107121,1059,2,491.39,98.28,884.5
107121,1038,1,329.69,32.97,296.72
107122,1033,4,90.29,0.0,361.16
107123,1009,1,138.59,0.0,138.59
107124,1050,1,154.34,0.0,154.34
107125,1022,1,93.44,0.0,93.44
107125,1071,1,10.49,0.0,10.49
107125,1087,3,48.29,0.0,144.87
107126,1053,1,39.89,0.0,39.89
107127,1008,2,46.19,0.0,92.38
107127,1028,2,81.89,0.0,163.78
107127,1081,2,74.99,0.0,149.98
107127,1063,1,258.29,0.0,258.29
107128,1030,1,8.39,0.0,8.39
107129,1010,2,101.84,0.0,203.68
107129,1089,1,56.69,0.0,56.69
107129,1082,1,110.24,0.0,110.24
107130,1067,1,36.74,0.0,36.74
107131,1051,1,56.69,0.0,56.69
107132,1010,1,101.84,0.0,101.84
107133,1040,1,500.84,0.0,500.84
107133,1072,2,149.09,0.0,298.18
107133,1004,1,79.79,0.0,79.79
107134,1075,2,53.54,0.0,107.08
107134,1083,1,20.99,0.0,20.99
107134,1081,1,78.74,0.0,78.74
107135,1011,1,36.74,0.0,36.74
107135,1065,1,173.24,0.0,173.24
107136,1050,3,154.34,0.0,463.02
107137,1059,1,491.39,0.0,491.39
107138,1019,1,81.89,0.0,81.89
107139,1069,1,28.34,0.0,28.34
107140,1010,1,101.84,0.0,101.84
107141,1083,1,20.99,0.0,20.99
107142,1073,1,73.49,0.0,73.49
107142,1082,1,110.24,0.0,110.24
107143,1014,2,38.84,0.0,77.68
107144,1082,1,110.24,0.0,110.24
107145,1066,2,180.59,0.0,361.18
107146,1062,1,160.64,0.0,160.64
107146,1015,1,101.84,0.0,101.84
107146,1076,1,145.94,0.0,145.94
107147,1089,1,56.69,0.0,56.69
107148,1017,1,91.34,0.0,91.34
107149,1061,2,48.29,0.0,96.58
107150,1073,1,73.49,0.0,73.49
107151,1087,1,48.29,0.0,48.29
107151,1036,1,61.94,0.0,61.94
107152,1016,1,190.04,0.0,190.04
107153,1013,1,131.24,13.12,118.12
107154,1088,1,22.04,0.0,22.04
107155,1080,1,141.74,0.0,141.74
107155,1025,3,175.34,0.0,526.02
107156,1086,1,102.89,0.0,102.89
107157,1078,1,90.29,0.0,90.29
107158,1061,1,48.29,0.0,48.29
107158,1081,1,78.74,0.0,78.74
107159,1023,2,142.79,0.0,285.58
107160,1012,1,115.49,0.0,115.49
107161,1039,1,508.19,0.0,508.19
107162,1035,1,54.59,0.0,54.59
107163,1048,1,146.99,0.0,146.99
107164,1017,3,91.34,0.0,274.02
107165,1033,1,90.29,0.0,90.29
107165,1005,1,83.99,0.0,83.99
107165,1047,1,204.74,0.0,204.74
107166,1003,1,24.14,0.0,24.14
107167,1013,3,131.24,0.0,393.72
107167,1009,1,138.59,0.0,138.59
107167,1061,1,48.29,0.0,48.29
107168,1028,1,81.89,0.0,81.89
107168,1080,2,141.74,0.0,283.48
107168,1060,1,141.74,0.0,141.74
107169,1078,1,90.29,0.0,90.29
107169,1066,1,180.59,0.0,180.59
107169,1022,2,93.44,0.0,186.88
107170,1074,1,20.99,0.0,20.99
107171,1041,1,581.69,0.0,581.69
107172,1063,1,258.29,0.0,258.29
107173,1081,1,78.74,0.0,78.74
107173,1011,1,36.74,0.0,36.74
107174,1036,1,61.94,0.0,61.94
107174,1028,1,81.89,0.0,81.89
107175,1009,1,138.59,13.86,124.73
107176,1008,1,46.19,4.62,41.57
107177,1002,1,145.94,0.0,145.94
107178,1088,1,22.04,0.0,22.04
107179,1055,1,211.04,0.0,211.04
107180,1063,1,258.29,0.0,258.29
107181,1015,1,101.84,10.18,91.66
107181,1012,1,115.49,11.55,103.94
107182,1037,1,30.44,0.0,30.44
107182,1036,2,61.94,0.0,123.88
107183,1089,1,56.69,5.67,51.019999999999996
107183,1036,1,61.94,6.19,55.75
107184,1064,1,161.69,0.0,161.69
107185,1026,1,170.09,0.0,170.09
107185,1046,1,150.14,0.0,150.14
107185,1005,1,83.99,0.0,83.99
107185,1040,1,500.84,0.0,500.84
107186,1047,1,204.74,0.0,204.74
107187,1056,1,251.99,0.0,251.99
107187,1017,1,91.34,0.0,91.34
107188,1006,1,17.84,0.0,17.84
107188,1008,1,46.19,0.0,46.19
107189,1018,2,223.64,0.0,447.28
107189,1089,1,56.69,0.0,56.69
107189,1059,1,491.39,0.0,491.39
107189,1008,1,46.19,0.0,46.19
107190,1005,1,83.99,0.0,83.99
107191,1052,1,219.44,0.0,219.44
107192,1068,2,49.99,0.0,99.98
107192,1059,1,491.39,0.0,491.39
107193,1074,2,20.99,0.0,41.98
107194,1007,1,75.59,0.0,75.59
107195,1064,1,161.69,0.0,161.69
107195,1008,1,46.19,0.0,46.19
107195,1073,1,73.49,0.0,73.49
107196,1015,1,101.84,0.0,101.84
107197,1070,1,129.14,0.0,129.14
107198,1008,1,46.19,0.0,46.19
107198,1038,1,329.69,0.0,329.69
107198,1025,4,175.34,0.0,701.36
107199,1080,2,141.74,0.0,283.48
107199,1009,1,138.59,0.0,138.59
107200,1074,1,20.99,0.0,20.99
107201,1030,1,8.39,0.0,8.39
107202,1024,1,62.99,0.0,62.99
107203,1036,1,61.94,0.0,61.94
107204,1013,1,131.24,0.0,131.24
107205,1025,1,175.34,0.0,175.34
107205,1063,1,258.29,0.0,258.29
107206,1072,1,149.09,14.91,134.18
107206,1010,1,101.84,10.18,91.66
107206,1081,1,78.74,7.87,70.86999999999999
107207,1016,1,190.04,0.0,190.04
107207,1070,1,129.14,0.0,129.14
107208,1008,1,46.19,0.0,46.19
107209,1086,1,102.89,0.0,102.89
107210,1058,1,98.69,0.0,98.69
107210,1007,1,75.59,0.0,75.59
107211,1036,1,61.94,0.0,61.94
107212,1053,3,39.89,0.0,119.67
107213,1041,1,581.69,0.0,581.69
107213,1079,2,65.09,0.0,130.18
107214,1030,1,8.39,0.0,8.39
107215,1085,1,121.79,0.0,121.79
107216,1013,4,131.24,0.0,524.96
107216,1014,1,38.84,0.0,38.84
107216,1059,1,491.39,0.0,491.39
107216,1029,1,32.54,0.0,32.54
107217,1009,2,138.59,27.72,249.46
107218,1037,1,30.44,0.0,30.44
107219,1073,1,73.49,0.0,73.49
107220,1080,1,141.74,0.0,141.74
107221,1029,1,32.54,0.0,32.54
107222,1044,1,556.49,0.0,556.49
107223,1089,1,56.69,0.0,56.69
107223,1065,4,173.24,0.0,692.96
107224,1035,1,54.59,0.0,54.59
107225,1065,2,173.24,0.0,346.48
107226,1011,1,36.74,0.0,36.74
107226,1057,2,216.29,0.0,432.58
107227,1089,1,56.69,0.0,56.69
107228,1005,1,83.99,0.0,83.99
107229,1078,1,90.29,0.0,90.29
107229,1079,2,65.09,0.0,130.18
107229,1059,2,491.39,0.0,982.78
107230,1012,1,115.49,0.0,115.49
107230,1005,1,83.99,0.0,83.99
107230,1077,1,27.29,0.0,27.29
107230,1017,1,91.34,0.0,91.34
107231,1086,1,102.89,0.0,102.89
107231,1003,1,24.14,0.0,24.14
107232,1082,1,110.24,0.0,110.24
107233,1001,1,65.09,0.0,65.09
107234,1059,1,491.39,0.0,491.39
107235,1082,1,110.24,0.0,110.24
107235,1081,1,78.74,0.0,78.74
107236,1055,1,211.04,21.1,189.94
107237,1075,1,53.54,0.0,53.54
107237,1003,1,24.14,0.0,24.14
107238,1030,1,8.39,0.0,8.39
107238,1062,2,160.64,0.0,321.28
107239,1011,1,36.74,0.0,36.74
107239,1028,1,81.89,0.0,81.89
107240,1089,3,56.69,0.0,170.07
107240,1061,1,48.29,0.0,48.29
107241,1033,1,90.29,0.0,90.29
107242,1027,1,95.54,0.0,95.54
107243,1044,1,556.49,0.0,556.49
107243,1084,3,118.64,0.0,355.92
107244,1070,2,129.14,0.0,258.28
107245,1059,1,491.39,0.0,491.39
107246,1078,1,90.29,0.0,90.29
107247,1054,1,241.49,0.0,241.49
107248,1082,1,110.24,0.0,110.24
107248,1055,1,211.04,0.0,211.04
107248,1043,1,134.39,0.0,134.39
107249,1076,1,145.94,0.0,145.94
107249,1072,2,149.09,0.0,298.18
107249,1027,1,95.54,0.0,95.54
107249,1077,3,27.29,0.0,81.87
107250,1076,1,145.94,0.0,145.94
107251,1049,1,133.34,0.0,133.34
107251,1053,1,39.89,0.0,39.89
107252,1013,1,131.24,0.0,131.24
107252,1055,1,211.04,0.0,211.04
107253,1006,1,17.84,0.0,17.84
107254,1004,1,79.79,0.0,79.79
107255,1011,1,36.74,0.0,36.74
107256,1037,1,30.44,0.0,30.44
107256,1090,1,18.89,0.0,18.89
107257,1037,1,30.44,0.0,30.44
107257,1040,1,500.84,0.0,500.84
107258,1085,1,121.79,0.0,121.79
107259,1064,1,161.69,0.0,161.69
107260,1009,1,138.59,0.0,138.59
107261,1030,2,8.39,1.68,15.100000000000001
107262,1042,1,812.69,0.0,812.69
107262,1017,1,91.34,0.0,91.34
107263,1004,1,79.79,0.0,79.79
107264,1023,2,142.79,0.0,285.58
107265,1035,1,54.59,0.0,54.59
107265,1019,1,81.89,0.0,81.89
107265,1083,1,20.99,0.0,20.99
107266,1079,2,65.09,0.0,130.18
107267,1066,1,180.59,0.0,180.59
107268,1038,1,329.69,0.0,329.69
107268,1083,1,20.99,0.0,20.99
107269,1036,1,61.94,0.0,61.94
107270,1058,1,98.69,0.0,98.69
107270,1006,1,17.84,0.0,17.84
107271,1034,2,72.44,0.0,144.88
107271,1085,1,121.79,0.0,121.79
107272,1001,1,65.09,0.0,65.09
107272,1053,1,39.89,0.0,39.89
107272,1010,1,101.84,0.0,101.84
107273,1036,1,61.94,6.19,55.75
107274,1020,1,57.74,0.0,57.74
107274,1010,1,101.84,0.0,101.84
107275,1085,1,121.79,0.0,121.79
107275,1053,1,39.89,0.0,39.89
107275,1079,1,65.09,0.0,65.09
107275,1062,1,160.64,0.0,160.64
107276,1079,1,65.09,0.0,65.09
107276,1006,1,17.84,0.0,17.84
107276,1033,1,90.29,0.0,90.29
107277,1078,2,90.29,0.0,180.58
107278,1066,1,180.59,0.0,180.59
107278,1086,1,102.89,0.0,102.89
107278,1008,2,46.19,0.0,92.38
107278,1034,1,72.44,0.0,72.44
107279,1087,3,48.29,0.0,144.87
107280,1008,1,46.19,0.0,46.19
107281,1028,1,81.89,0.0,81.89
107282,1001,1,65.09,0.0,65.09
107283,1027,1,95.54,0.0,95.54
107284,1052,1,219.44,21.94,197.5
107284,1012,1,115.49,11.55,103.94
107284,1047,1,204.74,20.47,184.27
107284,1072,1,149.09,14.91,134.18
107285,1054,1,241.49,0.0,241.49
107286,1024,1,62.99,0.0,62.99
107287,1002,1,145.94,0.0,145.94
107288,1028,1,81.89,0.0,81.89
107289,1067,1,36.74,0.0,36.74
107290,1079,2,65.09,0.0,130.18
107290,1067,1,36.74,0.0,36.74
107290,1004,1,79.79,0.0,79.79
107290,1088,1,22.04,0.0,22.04
107291,1070,1,129.14,0.0,129.14
107292,1074,1,20.99,0.0,20.99
107293,1071,1,10.49,0.0,10.49
107293,1070,3,129.14,0.0,387.41999999999996
107293,1022,1,93.44,0.0,93.44
107294,1081,1,78.74,0.0,78.74
107294,1090,1,18.89,0.0,18.89
107294,1054,1,241.49,0.0,241.49
107294,1053,1,39.89,0.0,39.89
107295,1051,3,56.69,0.0,170.07
107296,1042,1,812.69,0.0,812.69
107296,1029,1,32.54,0.0,32.54
107297,1052,3,219.44,0.0,658.3199999999999
107298,1067,1,36.74,0.0,36.74
107299,1013,1,131.24,0.0,131.24
107300,1076,1,145.94,0.0,145.94
107300,1084,2,118.64,0.0,237.28
107300,1017,1,91.34,0.0,91.34
107301,1083,1,20.99,0.0,20.99
107302,1028,2,81.89,0.0,163.78
107303,1032,2,86.09,0.0,172.18
107303,1015,1,101.84,0.0,101.84
107304,1003,1,24.14,0.0,24.14
107305,1001,1,65.09,0.0,65.09
107306,1062,1,160.64,0.0,160.64
107307,1066,2,180.59,0.0,361.18
107307,1069,1,28.34,0.0,28.34
107308,1051,1,56.69,0.0,56.69
107308,1034,1,72.44,0.0,72.44
107309,1054,1,241.49,0.0,241.49
107309,1036,1,61.94,0.0,61.94
107310,1025,1,175.34,0.0,175.34
107311,1045,1,532.34,0.0,532.34
107312,1019,1,77.99,0.0,77.99
107312,1004,1,79.79,0.0,79.79
107313,1076,1,145.94,0.0,145.94
107314,1030,1,8.39,0.0,8.39
107315,1049,1,133.34,0.0,133.34
107315,1090,1,18.89,0.0,18.89
107316,1004,1,79.79,0.0,79.79
107317,1013,1,131.24,0.0,131.24
107318,1035,1,54.59,0.0,54.59
107319,1030,1,8.39,0.0,8.39
107320,1027,1,95.54,0.0,95.54
107320,1075,1,53.54,0.0,53.54
107320,1072,1,149.09,0.0,149.09
107321,1027,1,95.54,0.0,95.54
107321,1052,3,219.44,0.0,658.3199999999999
107321,1082,1,110.24,0.0,110.24
107322,1006,1,17.84,0.0,17.84
107322,1057,1,216.29,0.0,216.29
107322,1069,1,28.34,0.0,28.34
107322,1072,1,149.09,0.0,149.09
107323,1061,1,48.29,0.0,48.29
107324,1090,1,18.89,0.0,18.89
107325,1065,1,173.24,0.0,173.24
107326,1023,1,142.79,0.0,142.79
107326,1077,1,27.29,0.0,27.29
107327,1072,2,149.09,0.0,298.18
107327,1031,2,40.94,0.0,81.88
107327,1020,1,57.74,0.0,57.74
107328,1030,1,8.39,0.0,8.39
107328,1034,1,72.44,0.0,72.44
107328,1051,1,56.69,0.0,56.69
107328,1008,1,46.19,0.0,46.19
107329,1003,1,24.14,0.0,24.14
107329,1080,1,141.74,0.0,141.74
107329,1063,2,258.29,0.0,516.58
107329,1090,1,18.89,0.0,18.89
107330,1030,4,8.39,0.0,33.56
107331,1073,1,73.49,0.0,73.49
107332,1080,2,141.74,0.0,283.48
107332,1069,1,28.34,0.0,28.34
107333,1004,1,79.79,0.0,79.79
107333,1049,1,133.34,0.0,133.34
107333,1063,1,258.29,0.0,258.29
107333,1066,1,180.59,0.0,180.59
107334,1027,1,95.54,9.55,85.99000000000001
107335,1004,1,79.79,0.0,79.79
107335,1008,1,46.19,0.0,46.19
107336,1030,1,8.39,0.0,8.39
107337,1056,1,251.99,0.0,251.99
107338,1064,1,161.69,0.0,161.69
107339,1083,1,20.99,0.0,20.99
107339,1022,1,93.44,0.0,93.44
107340,1031,1,40.94,0.0,40.94
107341,1048,1,146.99,0.0,146.99
107342,1054,1,241.49,0.0,241.49
107343,1022,1,93.44,0.0,93.44
107344,1017,1,91.34,0.0,91.34
107344,1065,1,173.24,0.0,173.24
107345,1045,1,532.34,0.0,532.34
107346,1010,1,101.84,0.0,101.84
107346,1071,1,10.49,0.0,10.49
107347,1022,1,93.44,0.0,93.44
107347,1056,1,251.99,0.0,251.99
107348,1088,1,22.04,0.0,22.04
107349,1015,3,101.84,0.0,305.52
107350,1015,2,101.84,0.0,203.68
107351,1009,1,138.59,0.0,138.59
107352,1009,1,138.59,0.0,138.59
107353,1010,1,101.84,0.0,101.84
107353,1075,1,53.54,0.0,53.54
107354,1077,1,27.29,0.0,27.29
107355,1064,1,161.69,0.0,161.69
107356,1036,1,61.94,0.0,61.94
107357,1024,2,62.99,0.0,125.98
107357,1090,1,18.89,0.0,18.89
107358,1019,1,81.89,0.0,81.89
107359,1022,1,93.44,0.0,93.44
107360,1038,1,329.69,0.0,329.69
107361,1058,1,98.69,0.0,98.69
107362,1088,1,22.04,0.0,22.04
107363,1010,1,101.84,0.0,101.84
107364,1064,1,161.69,16.17,145.51999999999998
107364,1007,1,75.59,7.56,68.03
107365,1028,1,81.89,0.0,81.89
107366,1081,1,78.74,0.0,78.74
107366,1043,1,134.39,0.0,134.39
107366,1006,2,17.84,0.0,35.68
107366,1025,1,175.34,0.0,175.34
107367,1061,1,48.29,0.0,48.29
107368,1086,1,102.89,0.0,102.89
107368,1052,2,219.44,0.0,438.88
107368,1075,1,53.54,0.0,53.54
107369,1072,1,149.09,0.0,149.09
107369,1033,1,90.29,0.0,90.29
107370,1089,1,56.69,0.0,56.69
107371,1079,1,65.09,0.0,65.09
107372,1079,1,65.09,0.0,65.09
107373,1079,1,65.09,0.0,65.09
107374,1081,3,78.74,0.0,236.21999999999997
107374,1050,1,154.34,0.0,154.34
107375,1078,1,90.29,0.0,90.29
107376,1036,1,61.94,0.0,61.94
107377,1041,1,581.69,0.0,581.69
107377,1006,1,17.84,0.0,17.84
107377,1068,1,52.49,0.0,52.49
107378,1011,1,36.74,0.0,36.74
107379,1041,1,581.69,0.0,581.69
107379,1086,1,102.89,0.0,102.89
107380,1002,1,145.94,0.0,145.94
107380,1030,1,8.39,0.0,8.39
107381,1077,1,27.29,0.0,27.29
107381,1083,3,20.99,0.0,62.97
107381,1036,1,61.94,0.0,61.94
107382,1071,1,10.49,0.0,10.49
107383,1074,1,20.99,2.1,18.889999999999997
107383,1081,1,78.74,7.87,70.86999999999999
107384,1086,2,102.89,0.0,205.78
107384,1008,1,46.19,0.0,46.19
107385,1006,1,17.84,0.0,17.84
107386,1057,1,216.29,0.0,216.29
107387,1079,1,65.09,0.0,65.09
107388,1011,1,36.74,0.0,36.74
107388,1027,1,95.54,0.0,95.54
107388,1053,2,39.89,0.0,79.78
107389,1026,1,170.09,0.0,170.09
107390,1045,1,532.34,0.0,532.34
107391,1070,1,129.14,0.0,129.14
107392,1089,1,56.69,5.67,51.019999999999996
107393,1011,1,36.74,3.67,33.07
107393,1018,1,223.64,22.36,201.27999999999997
107394,1072,1,149.09,0.0,149.09
107394,1013,1,124.99,0.0,124.99
107395,1058,1,98.69,0.0,98.69
107396,1054,1,241.49,0.0,241.49
107397,1063,1,258.29,0.0,258.29
107398,1036,1,61.94,0.0,61.94
107398,1015,1,101.84,0.0,101.84
107398,1044,1,556.49,0.0,556.49
107399,1017,1,91.34,0.0,91.34
107400,1080,1,141.74,0.0,141.74
107401,1040,1,500.84,0.0,500.84
107401,1003,3,24.14,0.0,72.42
107402,1072,1,149.09,0.0,149.09
107403,1005,1,83.99,0.0,83.99
107403,1087,1,48.29,0.0,48.29
107403,1010,1,101.84,0.0,101.84
107404,1082,1,110.24,0.0,110.24
107405,1074,1,20.99,0.0,20.99
107406,1072,1,149.09,0.0,149.09
107406,1008,2,46.19,0.0,92.38
107407,1028,1,81.89,0.0,81.89
107408,1083,1,20.99,0.0,20.99
107409,1022,4,93.44,0.0,373.76
107409,1025,1,175.34,0.0,175.34
107410,1034,2,72.44,0.0,144.88
107410,1080,1,141.74,0.0,141.74
107410,1004,1,79.79,0.0,79.79
107410,1019,1,81.89,0.0,81.89
107411,1089,1,56.69,0.0,56.69
107411,1013,1,131.24,0.0,131.24
107412,1054,1,241.49,0.0,241.49
107413,1087,2,48.29,0.0,96.58
107414,1037,1,30.44,0.0,30.44
107415,1087,1,48.29,0.0,48.29
107415,1076,1,145.94,0.0,145.94
107415,1005,1,83.99,0.0,83.99
107416,1033,2,90.29,18.06,162.52
107416,1038,1,329.69,32.97,296.72
107416,1068,1,52.49,5.25,47.24
107417,1068,1,52.49,0.0,52.49
107418,1007,1,75.59,7.56,68.03
107419,1080,1,141.74,0.0,141.74
107420,1039,1,508.19,0.0,508.19
107420,1018,1,223.64,0.0,223.64
107420,1088,1,22.04,0.0,22.04
107420,1085,1,121.79,0.0,121.79
107421,1077,1,27.29,0.0,27.29
107421,1006,1,17.84,0.0,17.84
107422,1005,1,83.99,0.0,83.99
107423,1086,1,102.89,0.0,102.89
107424,1075,1,53.54,0.0,53.54
107424,1083,2,20.99,0.0,41.98
107425,1012,1,115.49,0.0,115.49
107426,1038,1,329.69,0.0,329.69
107427,1030,1,8.39,0.84,7.550000000000001
107428,1072,2,149.09,0.0,298.18
107428,1076,1,145.94,0.0,145.94
107429,1078,1,90.29,0.0,90.29
107429,1031,2,40.94,0.0,81.88
107430,1067,1,36.74,0.0,36.74
107431,1054,1,241.49,24.15,217.34
107431,1056,2,251.99,50.4,453.58000000000004
107432,1026,1,170.09,0.0,170.09
107433,1008,1,46.19,0.0,46.19
107433,1009,1,138.59,0.0,138.59
107434,1030,1,8.39,0.0,8.39
107434,1069,1,28.34,0.0,28.34
107434,1061,1,48.29,0.0,48.29
107435,1077,1,27.29,0.0,27.29
107435,1082,1,110.24,0.0,110.24
107436,1051,1,56.69,0.0,56.69
107437,1083,3,20.99,0.0,62.97
107438,1004,1,79.79,0.0,79.79
107439,1016,3,190.04,0.0,570.12
107439,1051,1,56.69,0.0,56.69
107440,1053,1,39.89,0.0,39.89
107441,1053,1,39.89,0.0,39.89
107442,1051,1,56.69,0.0,56.69
107443,1071,1,10.49,0.0,10.49
107444,1083,3,20.99,0.0,62.97
107444,1075,1,53.54,0.0,53.54
107444,1048,1,146.99,0.0,146.99
107444,1085,1,121.79,0.0,121.79
107445,1038,1,329.69,0.0,329.69
107446,1003,1,24.14,0.0,24.14
107447,1059,1,491.39,0.0,491.39
107447,1006,1,17.84,0.0,17.84
107448,1061,1,48.29,0.0,48.29
107448,1002,1,145.94,0.0,145.94
107448,1071,1,10.49,0.0,10.49
107448,1055,2,211.04,0.0,422.08
107449,1045,1,532.34,0.0,532.34
107449,1043,1,134.39,0.0,134.39
107449,1079,1,65.09,0.0,65.09
107450,1031,1,40.94,0.0,40.94
107451,1087,1,48.29,0.0,48.29
107451,1075,1,53.54,0.0,53.54
107452,1001,1,65.09,0.0,65.09
107453,1065,1,173.24,0.0,173.24
107453,1045,1,532.34,0.0,532.34
107454,1013,1,131.24,0.0,131.24
107455,1005,2,83.99,0.0,167.98
107455,1006,1,17.84,0.0,17.84
107455,1004,1,79.79,0.0,79.79
107456,1082,1,110.24,0.0,110.24
107457,1088,1,22.04,0.0,22.04
107458,1027,1,95.54,0.0,95.54
107458,1006,1,17.84,0.0,17.84
107458,1082,1,110.24,0.0,110.24
107458,1071,1,10.49,0.0,10.49
107459,1082,1,110.24,0.0,110.24
107459,1079,1,65.09,0.0,65.09
107460,1027,1,95.54,0.0,95.54
107461,1058,2,98.69,0.0,197.38
107462,1078,1,90.29,0.0,90.29
107463,1070,1,129.14,0.0,129.14
107463,1018,1,223.64,0.0,223.64
107463,1090,1,18.89,0.0,18.89
107464,1041,1,581.69,0.0,581.69
107464,1007,1,75.59,0.0,75.59
107464,1062,1,160.64,0.0,160.64
107465,1032,1,86.09,0.0,86.09
107465,1072,1,149.09,0.0,149.09
107466,1071,1,10.49,0.0,10.49
107467,1057,1,216.29,0.0,216.29
107468,1033,1,90.29,0.0,90.29
107469,1028,1,81.89,0.0,81.89
107470,1003,1,24.14,0.0,24.14
107470,1008,1,46.19,0.0,46.19
107471,1058,1,98.69,0.0,98.69
107472,1071,1,10.49,0.0,10.49
107472,1051,1,56.69,0.0,56.69
107472,1035,4,54.59,0.0,218.36
107472,1054,1,241.49,0.0,241.49
107473,1076,2,145.94,0.0,291.88
107473,1034,1,72.44,0.0,72.44
107474,1020,1,57.74,0.0,57.74
107474,1081,1,78.74,0.0,78.74
107475,1058,1,98.69,0.0,98.69
107476,1041,1,581.69,0.0,581.69
107477,1020,2,57.74,0.0,115.48
107478,1086,1,102.89,0.0,102.89
107479,1090,1,18.89,0.0,18.89
107480,1082,4,110.24,0.0,440.96
107481,1053,2,39.89,0.0,79.78
107481,1074,1,20.99,0.0,20.99
107482,1087,2,48.29,0.0,96.58
107483,1085,1,121.79,0.0,121.79
107484,1027,2,95.54,0.0,191.08
107484,1028,2,81.89,0.0,163.78
107485,1078,1,90.29,0.0,90.29
107486,1076,1,145.94,0.0,145.94
107487,1010,2,101.84,0.0,203.68
107487,1047,1,204.74,0.0,204.74
107488,1028,1,81.89,0.0,81.89
107489,1014,1,38.84,0.0,38.84
107490,1056,1,251.99,0.0,251.99
107491,1011,1,36.74,0.0,36.74
107491,1001,1,65.09,0.0,65.09
107491,1072,3,149.09,0.0,447.27
107492,1043,1,134.39,0.0,134.39
107493,1088,1,22.04,0.0,22.04
107494,1076,1,145.94,0.0,145.94
107495,1078,1,90.29,0.0,90.29
107495,1086,1,102.89,0.0,102.89
107495,1002,1,145.94,0.0,145.94
107496,1072,1,149.09,0.0,149.09
107497,1075,3,53.54,0.0,160.62
107498,1016,1,190.04,0.0,190.04
107498,1022,1,93.44,0.0,93.44
107499,1015,1,101.84,0.0,101.84
107500,1002,1,145.94,0.0,145.94
107501,1062,1,160.64,0.0,160.64
107502,1030,2,8.39,0.0,16.78
107503,1040,1,500.84,0.0,500.84
107503,1007,1,75.59,0.0,75.59
107504,1006,1,17.84,0.0,17.84
107505,1072,1,149.09,0.0,149.09
107505,1054,1,241.49,0.0,241.49
107506,1009,1,138.59,0.0,138.59
107507,1010,1,101.84,0.0,101.84
107508,1008,1,46.19,0.0,46.19
107508,1025,1,175.34,0.0,175.34
107509,1087,1,48.29,0.0,48.29
107510,1029,1,32.54,0.0,32.54
107511,1086,1,102.89,0.0,102.89
107511,1046,1,150.14,0.0,150.14
107512,1087,1,48.29,0.0,48.29
107512,1001,1,65.09,0.0,65.09
107512,1016,1,190.04,0.0,190.04
107513,1035,1,54.59,0.0,54.59
107514,1001,1,65.09,6.51,58.580000000000005
107515,1081,1,78.74,0.0,78.74
107515,1010,2,101.84,0.0,203.68
107516,1034,1,72.44,0.0,72.44
107517,1090,1,18.89,0.0,18.89
107517,1045,1,532.34,0.0,532.34
107517,1018,2,223.64,0.0,447.28
107517,1009,1,138.59,0.0,138.59
107518,1002,1,145.94,0.0,145.94
107519,1071,1,10.49,0.0,10.49
107520,1021,1,130.19,13.02,117.17
107520,1063,2,258.29,51.66,464.9200000000001
107521,1009,1,138.59,0.0,138.59
107522,1056,4,251.99,0.0,1007.96
107522,1063,1,258.29,0.0,258.29
107522,1079,1,65.09,0.0,65.09
107523,1023,1,142.79,0.0,142.79
107524,1061,1,48.29,0.0,48.29
107524,1083,1,20.99,0.0,20.99
107525,1001,1,65.09,0.0,65.09
107525,1053,1,39.89,0.0,39.89
107526,1059,4,491.39,196.56,1769.0
107527,1058,3,98.69,0.0,296.07
107528,1055,1,211.04,0.0,211.04
107529,1024,2,62.99,0.0,125.98
107529,1061,2,48.29,0.0,96.58
107530,1050,1,154.34,0.0,154.34
107530,1049,1,133.34,0.0,133.34
107530,1065,2,173.24,0.0,346.48
107531,1033,1,90.29,0.0,90.29
107531,1080,1,141.74,0.0,141.74
107532,1019,2,81.89,0.0,163.78
107533,1027,1,95.54,0.0,95.54
107534,1089,1,56.69,0.0,56.69
107535,1004,1,79.79,0.0,79.79
107536,1087,1,48.29,0.0,48.29
107537,1088,1,22.04,0.0,22.04
107538,1012,1,115.49,0.0,115.49
107539,1020,1,57.74,0.0,57.74
107539,1052,1,219.44,0.0,219.44
107540,1072,3,149.09,0.0,447.27
107540,1040,1,500.84,0.0,500.84
107541,1036,1,61.94,0.0,61.94
107542,1017,1,91.34,0.0,91.34
107542,1013,1,131.24,0.0,131.24
107543,1013,1,131.24,0.0,131.24
107544,1014,3,38.84,0.0,116.52000000000001
107544,1030,1,8.39,0.0,8.39
107544,1078,1,90.29,0.0,90.29
107544,1060,1,141.74,0.0,141.74
107545,1013,1,131.24,0.0,131.24
107545,1007,1,75.59,0.0,75.59
107546,1057,2,216.29,0.0,432.58
107547,1071,2,10.49,0.0,20.98
107548,1013,1,131.24,0.0,131.24
107548,1033,1,90.29,0.0,90.29
107548,1071,2,10.49,0.0,20.98
107549,1065,1,173.24,0.0,173.24
107549,1085,1,121.79,0.0,121.79
107549,1022,2,88.99,0.0,177.98
107550,1027,2,95.54,0.0,191.08
107551,1043,1,134.39,0.0,134.39
107552,1021,1,130.19,0.0,130.19
107552,1089,2,56.69,0.0,113.38
107552,1087,1,48.29,0.0,48.29
107552,1085,1,121.79,0.0,121.79
107553,1075,1,53.54,0.0,53.54
107553,1014,1,38.84,0.0,38.84
107554,1016,1,180.99,0.0,180.99
107554,1085,1,121.79,0.0,121.79
107555,1078,1,90.29,0.0,90.29
107556,1089,1,56.69,0.0,56.69
107557,1036,1,61.94,6.19,55.75
107558,1026,2,170.09,0.0,340.18
107559,1062,2,160.64,0.0,321.28
107559,1060,1,141.74,0.0,141.74
107560,1011,2,36.74,7.35,66.13000000000001
107561,1031,1,40.94,0.0,40.94
107562,1049,1,133.34,0.0,133.34
107563,1015,4,101.84,0.0,407.36
107563,1051,1,56.69,0.0,56.69
107564,1082,1,110.24,0.0,110.24
107565,1023,1,142.79,0.0,142.79
107566,1049,1,133.34,0.0,133.34
107566,1021,1,130.19,0.0,130.19
107566,1054,1,241.49,0.0,241.49
107567,1053,1,39.89,0.0,39.89
107567,1062,1,160.64,0.0,160.64
107568,1086,1,102.89,0.0,102.89
107568,1090,2,18.89,0.0,37.78
107569,1054,1,241.49,0.0,241.49
107569,1090,2,18.89,0.0,37.78
107569,1051,1,56.69,0.0,56.69
107570,1070,2,129.14,0.0,258.28
107570,1086,1,102.89,0.0,102.89
107570,1018,1,223.64,0.0,223.64
107571,1043,1,127.99,0.0,127.99
107572,1050,2,154.34,0.0,308.68
107572,1054,1,241.49,0.0,241.49
107573,1050,1,154.34,15.43,138.91
107574,1007,1,75.59,0.0,75.59
107575,1057,4,216.29,0.0,865.16
107576,1020,3,57.74,0.0,173.22
107577,1024,2,62.99,0.0,125.98
107577,1008,1,46.19,0.0,46.19
107577,1071,1,10.49,0.0,10.49
107577,1001,1,65.09,0.0,65.09
107578,1025,1,175.34,0.0,175.34
107579,1084,1,118.64,0.0,118.64
107580,1075,1,53.54,0.0,53.54
107580,1007,1,75.59,0.0,75.59
107580,1072,1,149.09,0.0,149.09
107581,1013,1,131.24,0.0,131.24
107582,1073,2,73.49,0.0,146.98
107583,1016,1,190.04,0.0,190.04
107583,1065,1,173.24,0.0,173.24
107583,1053,2,39.89,0.0,79.78
107584,1062,1,160.64,0.0,160.64
107585,1057,1,216.29,0.0,216.29
107586,1044,1,556.49,0.0,556.49
107586,1031,1,40.94,0.0,40.94
107586,1029,1,32.54,0.0,32.54
107587,1028,1,81.89,0.0,81.89
107587,1017,1,91.34,0.0,91.34
107588,1002,1,145.94,0.0,145.94
107589,1009,1,138.59,13.86,124.73
107590,1078,1,90.29,0.0,90.29
107591,1073,1,73.49,0.0,73.49
107592,1073,1,73.49,0.0,73.49
107593,1016,1,190.04,0.0,190.04
107593,1082,2,110.24,0.0,220.48
107593,1012,1,115.49,0.0,115.49
107593,1002,1,145.94,0.0,145.94
107594,1089,1,56.69,0.0,56.69
107595,1010,1,101.84,0.0,101.84
107595,1002,1,145.94,0.0,145.94
107596,1047,1,204.74,0.0,204.74
107597,1090,3,18.89,0.0,56.67
107597,1056,1,251.99,0.0,251.99
107597,1003,2,24.14,0.0,48.28
107597,1002,1,145.94,0.0,145.94
107598,1010,2,101.84,0.0,203.68
107599,1026,1,170.09,0.0,170.09
107600,1022,1,93.44,0.0,93.44
107601,1035,1,54.59,0.0,54.59
107602,1054,1,241.49,0.0,241.49
107603,1025,2,175.34,0.0,350.68
107603,1013,1,131.24,0.0,131.24
107604,1032,1,86.09,0.0,86.09
107604,1085,1,121.79,0.0,121.79
107605,1017,1,91.34,0.0,91.34
107606,1086,4,102.89,0.0,411.56
107607,1008,1,46.19,0.0,46.19
107607,1015,1,101.84,0.0,101.84
107608,1039,1,508.19,0.0,508.19
107609,1051,1,56.69,0.0,56.69
107609,1008,1,46.19,0.0,46.19
107609,1036,1,61.94,0.0,61.94
107609,1010,1,101.84,0.0,101.84
107610,1028,1,81.89,0.0,81.89
107611,1078,1,90.29,0.0,90.29
107612,1021,1,130.19,0.0,130.19
107612,1005,2,83.99,0.0,167.98
107612,1071,1,10.49,0.0,10.49
107613,1078,4,90.29,0.0,361.16
107613,1073,1,73.49,0.0,73.49
107614,1072,1,149.09,0.0,149.09
107615,1053,1,39.89,0.0,39.89
107616,1071,1,10.49,0.0,10.49
107617,1002,2,145.94,0.0,291.88
107618,1045,1,532.34,0.0,532.34
107618,1034,1,72.44,0.0,72.44
107619,1080,1,141.74,0.0,141.74
107620,1058,2,98.69,0.0,197.38
107620,1080,1,141.74,0.0,141.74
107620,1035,1,54.59,0.0,54.59
107621,1078,1,90.29,0.0,90.29
107622,1079,2,65.09,13.02,117.16000000000001
107623,1001,1,65.09,0.0,65.09
107624,1017,1,91.34,0.0,91.34
107624,1089,1,56.69,0.0,56.69
107625,1011,1,36.74,0.0,36.74
107626,1079,1,65.09,0.0,65.09
107627,1025,1,175.34,0.0,175.34
107628,1036,1,61.94,0.0,61.94
107628,1024,1,62.99,0.0,62.99
107629,1010,1,101.84,0.0,101.84
107630,1023,1,142.79,14.28,128.51
107630,1025,1,175.34,17.53,157.81
107631,1011,1,36.74,0.0,36.74
107632,1038,1,329.69,32.97,296.72
107633,1040,1,500.84,0.0,500.84
107634,1080,1,141.74,0.0,141.74
107634,1023,1,142.79,0.0,142.79
107634,1013,1,131.24,0.0,131.24
107635,1041,1,581.69,0.0,581.69
107635,1058,1,93.99,0.0,93.99
107636,1072,1,149.09,0.0,149.09
107637,1011,1,36.74,3.67,33.07
107637,1082,1,110.24,11.02,99.22
107638,1019,1,81.89,0.0,81.89
107639,1074,1,20.99,0.0,20.99
107640,1018,1,223.64,0.0,223.64
107640,1079,1,65.09,0.0,65.09
107640,1072,2,149.09,0.0,298.18
107641,1044,1,556.49,0.0,556.49
107641,1033,1,90.29,0.0,90.29
107642,1014,1,38.84,0.0,38.84
107643,1072,1,149.09,0.0,149.09
107644,1017,1,91.34,0.0,91.34
107645,1030,1,8.39,0.84,7.550000000000001
107646,1072,1,149.09,0.0,149.09
107647,1040,1,500.84,0.0,500.84
107648,1086,1,102.89,0.0,102.89
107648,1081,1,78.74,0.0,78.74
107648,1002,2,145.94,0.0,291.88
107649,1053,1,39.89,0.0,39.89
107649,1051,2,56.69,0.0,113.38
107649,1077,1,27.29,0.0,27.29
107649,1085,1,121.79,0.0,121.79
107650,1008,1,46.19,0.0,46.19
107651,1004,1,79.79,0.0,79.79
107651,1032,1,86.09,0.0,86.09
107652,1037,1,30.44,0.0,30.44
107652,1006,1,17.84,0.0,17.84
107653,1014,1,38.84,0.0,38.84
107654,1056,2,251.99,0.0,503.98
107654,1058,1,98.69,0.0,98.69
107655,1012,1,115.49,0.0,115.49
107655,1040,1,500.84,0.0,500.84
107656,1012,1,115.49,11.55,103.94
107657,1002,2,145.94,0.0,291.88
107658,1050,1,154.34,0.0,154.34
107658,1046,1,150.14,0.0,150.14
107658,1044,1,556.49,0.0,556.49
107659,1010,1,101.84,0.0,101.84
107660,1008,1,46.19,0.0,46.19
107661,1090,1,18.89,1.89,17.0
107661,1027,1,90.99,9.55,81.44
107662,1002,1,145.94,0.0,145.94
107663,1005,1,83.99,0.0,83.99
107663,1024,1,62.99,0.0,62.99
107664,1037,2,30.44,0.0,60.88
107664,1078,1,90.29,0.0,90.29
107665,1087,1,48.29,4.83,43.46
107666,1077,1,27.29,0.0,27.29
107667,1005,1,83.99,0.0,83.99
107668,1003,1,24.14,2.41,21.73
107669,1017,1,86.99,0.0,86.99
107669,1082,1,110.24,0.0,110.24
107670,1009,1,138.59,0.0,138.59
107671,1005,1,83.99,0.0,83.99
107671,1080,1,134.99,0.0,134.99
107672,1065,1,173.24,0.0,173.24
107673,1075,1,53.54,0.0,53.54
107674,1040,1,500.84,0.0,500.84
107675,1084,1,118.64,0.0,118.64
107675,1075,1,53.54,0.0,53.54
107676,1086,1,102.89,0.0,102.89
107677,1090,1,18.89,0.0,18.89
107677,1069,1,28.34,0.0,28.34
107677,1033,2,90.29,0.0,180.58
107677,1015,1,101.84,0.0,101.84
107678,1054,1,241.49,0.0,241.49
107679,1057,2,216.29,0.0,432.58
107679,1020,1,57.74,0.0,57.74
107680,1043,1,134.39,0.0,134.39
107680,1063,1,258.29,0.0,258.29
107680,1048,1,146.99,0.0,146.99
107681,1038,1,329.69,0.0,329.69
107682,1078,1,90.29,9.03,81.26
107682,1085,1,121.79,12.18,109.61000000000001
107683,1051,2,56.69,0.0,113.38
107683,1085,1,121.79,0.0,121.79
107684,1007,3,75.59,0.0,226.77
107684,1050,1,154.34,0.0,154.34
107685,1050,1,154.34,0.0,154.34
107685,1026,1,170.09,0.0,170.09
107685,1057,1,216.29,0.0,216.29
107685,1020,2,57.74,0.0,115.48
107686,1058,1,98.69,0.0,98.69
107686,1089,1,56.69,0.0,56.69
107687,1019,1,81.89,0.0,81.89
107688,1090,2,18.89,0.0,37.78
107689,1054,1,241.49,0.0,241.49
107689,1049,1,133.34,0.0,133.34
107689,1072,1,149.09,0.0,149.09
107690,1070,1,129.14,0.0,129.14
107690,1020,1,57.74,0.0,57.74
107691,1043,1,134.39,0.0,134.39
107692,1027,1,95.54,0.0,95.54
107692,1070,1,129.14,0.0,129.14
107693,1052,2,219.44,0.0,438.88
107693,1051,1,56.69,0.0,56.69
107694,1074,1,20.99,0.0,20.99
107695,1037,1,30.44,0.0,30.44
107696,1082,1,110.24,0.0,110.24
107696,1070,1,129.14,0.0,129.14
107697,1079,1,65.09,0.0,65.09
107697,1074,1,20.99,0.0,20.99
107697,1010,1,101.84,0.0,101.84
107697,1084,1,118.64,0.0,118.64
107698,1074,1,20.99,0.0,20.99
107699,1052,3,219.44,0.0,658.3199999999999
107700,1021,3,130.19,0.0,390.57
107700,1085,1,121.79,0.0,121.79
107701,1009,1,138.59,0.0,138.59
107702,1044,1,556.49,0.0,556.49
107703,1020,1,57.74,0.0,57.74
107704,1077,1,27.29,0.0,27.29
107704,1008,1,46.19,0.0,46.19
107705,1009,1,138.59,0.0,138.59
107706,1067,1,36.74,0.0,36.74
107707,1071,3,10.49,0.0,31.47
107708,1075,1,53.54,0.0,53.54
107709,1085,1,121.79,0.0,121.79
107709,1004,1,79.79,0.0,79.79
107709,1057,1,216.29,0.0,216.29
107709,1033,2,90.29,0.0,180.58
107710,1071,3,10.49,0.0,31.47
107711,1050,1,154.34,0.0,154.34
107711,1020,2,57.74,0.0,115.48
107712,1031,2,40.94,0.0,81.88
107712,1078,2,90.29,0.0,180.58
107712,1083,1,20.99,0.0,20.99
107713,1042,1,812.69,0.0,812.69
107713,1018,2,223.64,0.0,447.28
107713,1038,1,329.69,0.0,329.69
107714,1036,1,61.94,0.0,61.94
107715,1070,1,129.14,0.0,129.14
107716,1018,1,223.64,0.0,223.64
107717,1079,1,65.09,6.51,58.580000000000005
107718,1056,1,251.99,0.0,251.99
107719,1083,1,20.99,0.0,20.99
107720,1035,3,54.59,0.0,163.77
107721,1051,2,56.69,0.0,113.38
107722,1037,1,30.44,3.04,27.400000000000002
107723,1007,1,75.59,0.0,75.59
107723,1034,1,72.44,0.0,72.44
107724,1082,1,110.24,0.0,110.24
107725,1089,1,56.69,0.0,56.69
107725,1071,3,10.49,0.0,31.47
107726,1005,1,83.99,0.0,83.99
107727,1012,1,115.49,0.0,115.49
107728,1022,1,93.44,0.0,93.44
107729,1072,1,149.09,0.0,149.09
107729,1089,1,56.69,0.0,56.69
107729,1029,1,32.54,0.0,32.54
107730,1072,1,149.09,0.0,149.09
107730,1087,1,48.29,0.0,48.29
107731,1075,1,53.54,0.0,53.54
107731,1058,4,98.69,0.0,394.76
107732,1012,1,115.49,0.0,115.49
107732,1058,1,98.69,0.0,98.69
107732,1084,1,118.64,0.0,118.64
107733,1001,1,65.09,0.0,65.09
107733,1050,1,154.34,0.0,154.34
107734,1054,1,241.49,0.0,241.49
107734,1060,1,141.74,0.0,141.74
107735,1064,1,161.69,0.0,161.69
107736,1054,1,241.49,0.0,241.49
107736,1041,1,581.69,0.0,581.69
107737,1086,1,102.89,0.0,102.89
107738,1089,1,56.69,0.0,56.69
107738,1071,1,10.49,0.0,10.49
107738,1016,1,190.04,0.0,190.04
107739,1015,1,101.84,0.0,101.84
107739,1078,1,90.29,0.0,90.29
107739,1058,1,98.69,0.0,98.69
107740,1058,1,98.69,0.0,98.69
107741,1021,1,130.19,0.0,130.19
107741,1025,1,175.34,0.0,175.34
107742,1005,1,83.99,0.0,83.99
107742,1040,1,500.84,0.0,500.84
107742,1084,1,118.64,0.0,118.64
107742,1087,1,48.29,0.0,48.29
107743,1021,1,130.19,0.0,130.19
107743,1078,1,90.29,0.0,90.29
107744,1048,1,146.99,0.0,146.99
107745,1050,1,154.34,0.0,154.34
107745,1076,1,145.94,0.0,145.94
107745,1046,1,150.14,0.0,150.14
107745,1073,1,73.49,0.0,73.49
107746,1082,2,110.24,0.0,220.48
107746,1036,2,61.94,0.0,123.88
107747,1084,1,118.64,0.0,118.64
107748,1011,2,36.74,0.0,73.48
107748,1021,1,130.19,0.0,130.19
107749,1006,2,17.84,0.0,35.68
107750,1078,1,90.29,0.0,90.29
107751,1016,1,190.04,0.0,190.04
107752,1008,2,46.19,0.0,92.38
107753,1073,1,73.49,0.0,73.49
107754,1083,1,20.99,0.0,20.99
107754,1064,1,161.69,0.0,161.69
107754,1079,1,65.09,0.0,65.09
107754,1034,1,72.44,0.0,72.44
107755,1073,1,73.49,0.0,73.49
107756,1020,1,57.74,0.0,57.74
107757,1046,1,150.14,0.0,150.14
107757,1081,1,78.74,0.0,78.74
107757,1070,1,129.14,0.0,129.14
107757,1003,1,24.14,0.0,24.14
107758,1089,2,56.69,0.0,113.38
107759,1013,1,131.24,0.0,131.24
107760,1004,2,79.79,0.0,159.58
107760,1077,1,27.29,0.0,27.29
107761,1039,1,508.19,0.0,508.19
107761,1013,1,131.24,0.0,131.24
107762,1072,3,149.09,0.0,447.27
107762,1070,1,129.14,0.0,129.14
107763,1001,1,65.09,0.0,65.09
107764,1021,2,130.19,26.04,234.34
107764,1058,1,98.69,9.87,88.82
107765,1053,2,39.89,0.0,79.78
107765,1025,1,175.34,0.0,175.34
107765,1056,1,251.99,0.0,251.99
107766,1045,1,532.34,0.0,532.34
107766,1067,2,36.74,0.0,73.48
107766,1066,1,180.59,0.0,180.59
107767,1047,1,204.74,0.0,204.74
107767,1006,1,17.84,0.0,17.84
107767,1015,1,101.84,0.0,101.84
107768,1085,1,121.79,0.0,121.79
107769,1005,3,83.99,0.0,251.96999999999997
107769,1066,1,180.59,0.0,180.59
107770,1016,1,190.04,0.0,190.04
107770,1007,1,75.59,0.0,75.59
107771,1029,1,32.54,3.25,29.29
107772,1075,1,53.54,0.0,53.54
107773,1009,1,138.59,0.0,138.59
107774,1084,1,118.64,0.0,118.64
107775,1022,1,93.44,0.0,93.44
107776,1021,1,130.19,0.0,130.19
107777,1020,2,57.74,0.0,115.48
107778,1005,1,83.99,0.0,83.99
107779,1062,1,160.64,0.0,160.64
107779,1049,1,133.34,0.0,133.34
107779,1032,1,86.09,0.0,86.09
107780,1010,1,101.84,0.0,101.84
107780,1011,1,36.74,0.0,36.74
107781,1015,3,101.84,0.0,305.52
107782,1056,1,251.99,0.0,251.99
107783,1057,1,216.29,0.0,216.29
107784,1012,1,115.49,0.0,115.49
107784,1050,1,154.34,0.0,154.34
107785,1001,2,65.09,0.0,130.18
107786,1008,1,46.19,0.0,46.19
107787,1057,1,216.29,0.0,216.29
107788,1035,1,54.59,0.0,54.59
107788,1037,1,30.44,0.0,30.44
107788,1025,1,175.34,0.0,175.34
107789,1081,1,78.74,0.0,78.74
107790,1013,1,131.24,0.0,131.24
107790,1064,1,153.99,0.0,153.99
107791,1052,1,219.44,0.0,219.44
107792,1084,1,118.64,0.0,118.64
107792,1004,2,79.79,0.0,159.58
107792,1075,1,53.54,0.0,53.54
107793,1068,2,52.49,0.0,104.98
107794,1031,4,40.94,0.0,163.76
107795,1044,1,556.49,0.0,556.49
107795,1070,2,129.14,0.0,258.28
107795,1076,1,145.94,0.0,145.94
107796,1006,1,17.84,0.0,17.84
107797,1037,2,30.44,0.0,60.88
107798,1021,1,130.19,0.0,130.19
107799,1030,1,8.39,0.0,8.39
107800,1017,1,91.34,9.13,82.21000000000001
107800,1020,1,57.74,5.77,51.97
107801,1023,1,142.79,0.0,142.79
107802,1065,1,173.24,0.0,173.24
107802,1078,1,90.29,0.0,90.29
107802,1015,1,101.84,0.0,101.84
107803,1088,1,22.04,0.0,22.04
107803,1036,1,61.94,0.0,61.94
107804,1008,1,46.19,0.0,46.19
107804,1032,1,86.09,0.0,86.09
107804,1085,1,121.79,0.0,121.79
107805,1086,1,102.89,0.0,102.89
107805,1077,1,27.29,0.0,27.29
107805,1053,1,39.89,0.0,39.89
107805,1006,1,17.84,0.0,17.84
107806,1087,1,48.29,4.83,43.46
107807,1087,1,48.29,0.0,48.29
107808,1011,1,36.74,0.0,36.74
107808,1009,1,138.59,0.0,138.59
107809,1036,1,61.94,0.0,61.94
107810,1089,1,56.69,0.0,56.69
107810,1088,1,22.04,0.0,22.04
107811,1031,1,40.94,0.0,40.94
107812,1063,1,258.29,0.0,258.29
107813,1030,2,8.39,0.0,16.78
107813,1080,1,141.74,0.0,141.74
107813,1047,1,204.74,0.0,204.74
107814,1086,1,102.89,0.0,102.89
107814,1033,1,90.29,0.0,90.29
107815,1085,1,121.79,0.0,121.79
107816,1062,3,160.64,0.0,481.91999999999996
107817,1025,4,175.34,0.0,701.36
107818,1075,1,53.54,0.0,53.54
107819,1031,1,40.94,0.0,40.94
107819,1053,1,39.89,0.0,39.89
107819,1071,1,10.49,0.0,10.49
107820,1046,1,150.14,0.0,150.14
107820,1019,1,81.89,0.0,81.89
107820,1024,1,62.99,0.0,62.99
107821,1014,1,38.84,0.0,38.84
107821,1060,1,141.74,0.0,141.74
107822,1018,1,223.64,0.0,223.64
107823,1005,1,83.99,8.4,75.58999999999999
107824,1084,1,118.64,0.0,118.64
107824,1005,1,83.99,0.0,83.99
107824,1001,1,65.09,0.0,65.09
107824,1057,1,216.29,0.0,216.29
107825,1036,1,61.94,0.0,61.94
107826,1072,1,149.09,0.0,149.09
107826,1025,3,175.34,0.0,526.02
107827,1013,1,131.24,0.0,131.24
107827,1012,3,115.49,0.0,346.46999999999997
107828,1001,1,65.09,0.0,65.09
107828,1051,2,56.69,0.0,113.38
107829,1014,2,38.84,0.0,77.68
107829,1082,1,110.24,0.0,110.24
107829,1044,1,556.49,0.0,556.49
107830,1006,1,17.84,0.0,17.84
107831,1042,1,812.69,0.0,812.69
107831,1082,1,110.24,0.0,110.24
107831,1083,1,20.99,0.0,20.99
107832,1014,1,38.84,0.0,38.84
107832,1024,1,62.99,0.0,62.99
107832,1089,2,56.69,0.0,113.38
107833,1024,3,62.99,0.0,188.97
107834,1085,1,121.79,0.0,121.79
107834,1090,4,18.89,0.0,75.56
107835,1070,1,129.14,0.0,129.14
107835,1008,2,46.19,0.0,92.38
107835,1054,1,241.49,0.0,241.49
107835,1003,1,24.14,0.0,24.14
107836,1086,1,102.89,0.0,102.89
107837,1027,1,95.54,0.0,95.54
107838,1044,1,556.49,55.65,500.84000000000003
107839,1085,1,121.79,0.0,121.79
107840,1053,1,39.89,0.0,39.89
107840,1009,2,138.59,0.0,277.18
107840,1027,1,95.54,0.0,95.54
107840,1087,3,48.29,0.0,144.87
107841,1086,2,102.89,0.0,205.78
107842,1089,1,56.69,0.0,56.69
107843,1080,1,141.74,0.0,141.74
107844,1022,1,93.44,0.0,93.44
107844,1083,1,20.99,0.0,20.99
107845,1089,1,56.69,0.0,56.69
107845,1080,1,141.74,0.0,141.74
107846,1072,2,149.09,0.0,298.18
107846,1037,1,30.44,0.0,30.44
107847,1003,2,24.14,0.0,48.28
107848,1088,1,22.04,0.0,22.04
107849,1037,1,30.44,0.0,30.44
107850,1073,1,73.49,0.0,73.49
107850,1083,2,20.99,0.0,41.98
107850,1015,2,101.84,0.0,203.68
107850,1077,2,27.29,0.0,54.58
107851,1058,1,98.69,0.0,98.69
107852,1034,1,72.44,0.0,72.44
107852,1016,1,190.04,0.0,190.04
107852,1008,1,46.19,0.0,46.19
107853,1014,1,38.84,0.0,38.84
107853,1012,1,115.49,0.0,115.49
107853,1020,1,57.74,0.0,57.74
107854,1080,1,141.74,0.0,141.74
107855,1072,1,149.09,0.0,149.09
107856,1005,2,83.99,0.0,167.98
107857,1010,1,101.84,0.0,101.84
107857,1002,1,145.94,0.0,145.94
107857,1064,1,161.69,0.0,161.69
107857,1082,1,110.24,0.0,110.24
107858,1022,1,93.44,0.0,93.44
107858,1080,1,141.74,0.0,141.74
107858,1088,4,22.04,0.0,88.16
107859,1021,1,130.19,0.0,130.19
107860,1014,1,38.84,0.0,38.84
107861,1090,1,18.89,0.0,18.89
107861,1088,1,22.04,0.0,22.04
107861,1018,1,223.64,0.0,223.64
107862,1090,1,18.89,0.0,18.89
107862,1017,1,91.34,0.0,91.34
107862,1084,3,118.64,0.0,355.92
107863,1043,1,134.39,0.0,134.39
107864,1050,2,154.34,0.0,308.68
107864,1008,1,46.19,0.0,46.19
107865,1018,1,223.64,0.0,223.64
107866,1080,3,141.74,0.0,425.22
107867,1014,1,38.84,0.0,38.84
107867,1007,1,75.59,0.0,75.59
107868,1015,1,101.84,0.0,101.84
107868,1082,1,110.24,0.0,110.24
107868,1064,1,161.69,0.0,161.69
107869,1056,1,251.99,0.0,251.99
107870,1006,1,17.84,0.0,17.84
107871,1089,1,56.69,0.0,56.69
107872,1024,1,62.99,0.0,62.99
107872,1039,1,508.19,0.0,508.19
107873,1033,1,90.29,0.0,90.29
107873,1010,1,101.84,0.0,101.84
107874,1017,1,91.34,0.0,91.34
107875,1033,1,90.29,9.03,81.26
107876,1002,1,145.94,0.0,145.94
107876,1074,1,20.99,0.0,20.99
107877,1044,1,556.49,0.0,556.49
107878,1079,1,65.09,0.0,65.09
107879,1081,4,78.74,0.0,314.96
107879,1002,1,145.94,0.0,145.94
107879,1020,3,57.74,0.0,173.22
107880,1087,1,48.29,0.0,48.29
107880,1089,1,56.69,0.0,56.69
107881,1006,1,17.84,0.0,17.84
107882,1087,1,48.29,0.0,48.29
107882,1080,1,141.74,0.0,141.74
107882,1007,1,75.59,0.0,75.59
107883,1056,2,251.99,0.0,503.98
107884,1072,1,149.09,0.0,149.09
107885,1023,1,142.79,0.0,142.79
107886,1079,3,65.09,0.0,195.27
107887,1010,1,101.84,0.0,101.84
107888,1033,1,90.29,0.0,90.29
107889,1042,1,812.69,0.0,812.69
107890,1074,1,20.99,0.0,20.99
107891,1078,1,90.29,0.0,90.29
107892,1013,1,131.24,0.0,131.24
107893,1003,1,24.14,0.0,24.14
107894,1010,1,101.84,0.0,101.84
107894,1036,1,61.94,0.0,61.94
107894,1004,1,79.79,0.0,79.79
107895,1068,1,52.49,0.0,52.49
107896,1075,1,53.54,0.0,53.54
107896,1027,1,95.54,0.0,95.54
107897,1030,2,8.39,0.0,16.78
107898,1012,1,115.49,0.0,115.49
107898,1080,1,141.74,0.0,141.74
107899,1005,1,83.99,0.0,83.99
107899,1009,1,138.59,0.0,138.59
107900,1088,1,20.99,0.0,20.99
107900,1069,1,28.34,0.0,28.34
107901,1088,1,22.04,0.0,22.04
107902,1014,4,38.84,0.0,155.36
107903,1088,3,22.04,0.0,66.12
107904,1080,1,141.74,0.0,141.74
107905,1037,1,30.44,0.0,30.44
107906,1009,4,138.59,0.0,554.36
107907,1022,1,93.44,0.0,93.44
107908,1022,1,93.44,0.0,93.44
107909,1003,1,24.14,2.41,21.73
107910,1056,2,251.99,0.0,503.98
107910,1027,1,95.54,0.0,95.54
107910,1090,1,18.89,0.0,18.89
107911,1010,1,101.84,0.0,101.84
107911,1011,1,36.74,0.0,36.74
107911,1002,1,145.94,0.0,145.94
107912,1089,1,56.69,0.0,56.69
107913,1034,1,72.44,0.0,72.44
107914,1020,1,57.74,0.0,57.74
107914,1072,1,149.09,0.0,149.09
107915,1007,1,75.59,0.0,75.59
107915,1035,1,54.59,0.0,54.59
107916,1033,1,90.29,0.0,90.29
107916,1079,1,65.09,0.0,65.09
107917,1047,1,204.74,0.0,204.74
107917,1009,1,138.59,0.0,138.59
107917,1033,1,90.29,0.0,90.29
107918,1051,2,56.69,0.0,113.38
107919,1012,1,115.49,0.0,115.49
107919,1085,1,121.79,0.0,121.79
107920,1073,1,73.49,0.0,73.49
107921,1079,1,65.09,0.0,65.09
107922,1083,1,20.99,0.0,20.99
107923,1018,1,223.64,0.0,223.64
107924,1034,1,72.44,0.0,72.44
107925,1034,2,72.44,0.0,144.88
107926,1003,1,24.14,0.0,24.14
107926,1001,1,65.09,0.0,65.09
107926,1086,1,102.89,0.0,102.89
107927,1086,1,102.89,0.0,102.89
107927,1014,1,38.84,0.0,38.84
107927,1004,2,79.79,0.0,159.58
107928,1036,1,61.94,0.0,61.94
107929,1012,1,115.49,0.0,115.49
107929,1023,1,142.79,0.0,142.79
107929,1069,3,28.34,0.0,85.02
107930,1037,1,30.44,0.0,30.44
107930,1029,2,32.54,0.0,65.08
107931,1090,1,18.89,0.0,18.89
107932,1024,1,62.99,0.0,62.99
107932,1051,1,56.69,0.0,56.69
107933,1017,2,91.34,0.0,182.68
107933,1034,1,72.44,0.0,72.44
107934,1084,1,118.64,0.0,118.64
107934,1002,1,145.94,0.0,145.94
107935,1027,1,95.54,0.0,95.54
107936,1080,1,141.74,0.0,141.74
107937,1071,1,10.49,0.0,10.49
107937,1087,1,48.29,0.0,48.29
107938,1042,1,812.69,0.0,812.69
107938,1071,1,10.49,0.0,10.49
107938,1054,2,241.49,0.0,482.98
107939,1006,1,17.84,0.0,17.84
107940,1067,2,36.74,0.0,73.48
107941,1002,1,145.94,0.0,145.94
107941,1036,1,61.94,0.0,61.94
107942,1012,1,115.49,0.0,115.49
107942,1089,2,56.69,0.0,113.38
107943,1078,2,85.99,18.06,153.92
107943,1008,1,46.19,4.62,41.57
107943,1084,1,118.64,11.86,106.78
107944,1015,1,101.84,0.0,101.84
107945,1008,1,46.19,0.0,46.19
107945,1028,1,81.89,0.0,81.89
107946,1074,1,20.99,0.0,20.99
107947,1085,1,121.79,0.0,121.79
107948,1083,1,20.99,0.0,20.99
107948,1041,1,581.69,0.0,581.69
107949,1052,1,219.44,0.0,219.44
107949,1008,2,46.19,0.0,92.38
107950,1080,2,141.74,0.0,283.48
107951,1002,1,145.94,0.0,145.94
107952,1020,1,57.74,0.0,57.74
107952,1019,1,81.89,0.0,81.89
107953,1004,4,79.79,0.0,319.16
107954,1061,1,48.29,0.0,48.29
107955,1058,1,98.69,9.87,88.82
107956,1060,1,141.74,0.0,141.74
107956,1010,1,101.84,0.0,101.84
107957,1041,1,581.69,0.0,581.69
107957,1014,1,38.84,0.0,38.84
107958,1015,1,101.84,0.0,101.84
107958,1011,1,36.74,0.0,36.74
107959,1015,1,101.84,0.0,101.84
107960,1008,1,46.19,0.0,46.19
107961,1018,1,223.64,0.0,223.64
107961,1003,2,24.14,0.0,48.28
107961,1006,1,17.84,0.0,17.84
107961,1085,2,121.79,0.0,243.58
107962,1088,1,22.04,0.0,22.04
107963,1074,2,20.99,0.0,41.98
107963,1029,1,32.54,0.0,32.54
107964,1012,1,115.49,0.0,115.49
107964,1079,1,65.09,0.0,65.09
107965,1070,1,129.14,0.0,129.14
107965,1089,2,56.69,0.0,113.38
107965,1084,1,118.64,0.0,118.64
107966,1085,2,121.79,0.0,243.58
107967,1057,1,216.29,0.0,216.29
107967,1031,1,40.94,0.0,40.94
107968,1022,3,93.44,0.0,280.32
107968,1006,1,17.84,0.0,17.84
107969,1088,1,22.04,0.0,22.04
107970,1037,1,30.44,0.0,30.44
107971,1034,2,72.44,0.0,144.88
107971,1018,3,223.64,0.0,670.92
107971,1060,1,141.74,0.0,141.74
107971,1078,1,90.29,0.0,90.29
107972,1082,1,110.24,0.0,110.24
107972,1072,1,149.09,0.0,149.09
107973,1066,2,180.59,0.0,361.18
107974,1013,1,131.24,0.0,131.24
107975,1027,1,95.54,0.0,95.54
107976,1037,1,30.44,0.0,30.44
107977,1073,1,73.49,0.0,73.49
107977,1012,1,115.49,0.0,115.49
107978,1011,1,36.74,0.0,36.74
107978,1085,1,121.79,0.0,121.79
107979,1074,1,20.99,0.0,20.99
107979,1075,1,53.54,0.0,53.54
107979,1083,1,20.99,0.0,20.99
107980,1050,1,154.34,0.0,154.34
107981,1031,1,40.94,0.0,40.94
107982,1052,1,219.44,0.0,219.44
107983,1036,1,61.94,0.0,61.94
107984,1058,1,98.69,0.0,98.69
107985,1046,1,150.14,0.0,150.14
107985,1006,2,17.84,0.0,35.68
107986,1079,1,65.09,0.0,65.09
107987,1037,2,30.44,0.0,60.88
107987,1017,1,91.34,0.0,91.34
107987,1034,2,72.44,0.0,144.88
107988,1020,1,57.74,0.0,57.74
107988,1083,1,20.99,0.0,20.99
107988,1003,1,24.14,0.0,24.14
107988,1071,1,10.49,0.0,10.49
107989,1031,1,40.94,0.0,40.94
107990,1044,1,556.49,55.65,500.84000000000003
107990,1030,1,8.39,0.84,7.550000000000001
107991,1051,2,56.69,0.0,113.38
107991,1025,1,175.34,0.0,175.34
107992,1084,2,118.64,0.0,237.28
107993,1058,2,98.69,0.0,197.38
107993,1001,1,65.09,0.0,65.09
107994,1012,1,115.49,0.0,115.49
107994,1007,1,75.59,0.0,75.59
107995,1054,1,241.49,0.0,241.49
107996,1090,2,18.89,0.0,37.78
107996,1010,1,101.84,0.0,101.84
107997,1071,1,10.49,0.0,10.49
107998,1028,1,81.89,0.0,81.89
107999,1089,1,56.69,0.0,56.69
108000,1075,1,53.54,0.0,53.54
108001,1030,2,8.39,0.0,16.78
108002,1047,1,204.74,0.0,204.74
108002,1005,1,83.99,0.0,83.99
108002,1054,1,241.49,0.0,241.49
108003,1022,1,93.44,0.0,93.44
108003,1028,3,81.89,0.0,245.67000000000002
108004,1014,1,38.84,0.0,38.84
108005,1012,2,115.49,0.0,230.98
108006,1070,1,129.14,0.0,129.14
108006,1003,1,24.14,0.0,24.14
108006,1011,1,36.74,0.0,36.74
108007,1024,2,62.99,0.0,125.98
108007,1038,1,329.69,0.0,329.69
108008,1029,1,32.54,0.0,32.54
108009,1085,1,121.79,0.0,121.79
108009,1074,1,20.99,0.0,20.99
108010,1050,2,154.34,0.0,308.68
108010,1013,1,131.24,0.0,131.24
108010,1085,1,121.79,0.0,121.79
108011,1050,1,154.34,0.0,154.34
108012,1071,1,10.49,0.0,10.49
108013,1019,2,81.89,0.0,163.78
108014,1077,1,27.29,0.0,27.29
108015,1080,2,141.74,28.35,255.13000000000002
108016,1089,1,56.69,0.0,56.69
108016,1043,1,134.39,0.0,134.39
108016,1062,2,160.64,0.0,321.28
108017,1085,1,121.79,0.0,121.79
108018,1054,1,241.49,0.0,241.49
108019,1021,1,130.19,0.0,130.19
108019,1075,1,53.54,0.0,53.54
108020,1083,2,20.99,0.0,41.98
108021,1005,1,83.99,0.0,83.99
108021,1019,1,81.89,0.0,81.89
108021,1050,1,154.34,0.0,154.34
108022,1004,1,79.79,0.0,79.79
108023,1010,3,101.84,0.0,305.52
108024,1039,1,508.19,0.0,508.19
108025,1031,2,40.94,0.0,81.88
108026,1014,1,38.84,0.0,38.84
108026,1082,1,110.24,0.0,110.24
108027,1072,1,149.09,0.0,149.09
108027,1015,1,101.84,0.0,101.84
108028,1071,2,10.49,0.0,20.98
108029,1018,1,223.64,0.0,223.64
108030,1018,2,223.64,89.46,357.82
108031,1081,1,78.74,0.0,78.74
108031,1055,1,211.04,0.0,211.04
108032,1024,1,62.99,12.6,50.39
108033,1001,2,65.09,26.04,104.14000000000001
108033,1026,2,170.09,68.04,272.14
108033,1082,1,110.24,22.05,88.19
108034,1078,1,90.29,18.06,72.23
108035,1058,1,98.69,9.87,88.82
108035,1071,1,10.49,1.05,9.44
108036,1010,2,101.84,0.0,203.68
108036,1071,1,10.49,0.0,10.49
108036,1032,1,86.09,0.0,86.09
108037,1073,1,73.49,7.35,66.14
108038,1039,1,508.19,101.64,406.55
108038,1077,1,27.29,5.46,21.83
108039,1075,1,53.54,10.71,42.83
108040,1014,1,38.84,0.0,38.84
108041,1074,1,20.99,4.2,16.79
108042,1026,2,170.09,68.04,272.14
108042,1082,2,110.24,44.1,176.38
108042,1075,2,53.54,21.42,85.66
108042,1050,1,154.34,30.87,123.47
108043,1050,1,154.34,0.0,154.34
108044,1027,1,95.54,19.11,76.43
108045,1066,4,180.59,0.0,722.36
108045,1071,1,10.49,0.0,10.49
108046,1086,2,102.89,0.0,205.78
108046,1070,1,129.14,0.0,129.14
108047,1054,1,241.49,48.3,193.19
108048,1008,1,46.19,9.24,36.949999999999996
108049,1004,2,79.79,0.0,159.58
108050,1012,1,115.49,0.0,115.49
108051,1080,1,141.74,0.0,141.74
108052,1024,1,62.99,12.6,50.39
108052,1032,1,86.09,17.22,68.87
108052,1072,1,149.09,29.82,119.27000000000001
108053,1036,4,61.94,0.0,247.76
108053,1014,1,38.84,0.0,38.84
108053,1004,1,79.79,0.0,79.79
108054,1072,1,149.09,0.0,149.09
108055,1021,1,130.19,0.0,130.19
108055,1090,1,17.99,0.0,17.99
108056,1024,2,62.99,25.2,100.78
108056,1037,2,30.44,12.18,48.7
108056,1058,1,98.69,19.74,78.95
108056,1007,2,75.59,30.24,120.94000000000001
108057,1071,1,10.49,0.0,10.49
108057,1056,1,251.99,0.0,251.99
108057,1006,1,17.84,0.0,17.84
108058,1071,1,10.49,0.0,10.49
108058,1068,2,52.49,0.0,104.98
108058,1015,1,101.84,0.0,101.84
108059,1075,2,53.54,0.0,107.08
108060,1090,1,18.89,0.0,18.89
108060,1075,1,53.54,0.0,53.54
108061,1016,1,190.04,38.01,152.03
108062,1048,1,146.99,0.0,146.99
108062,1009,1,138.59,0.0,138.59
108063,1028,1,81.89,16.38,65.51
108064,1088,1,22.04,0.0,22.04
108064,1067,1,36.74,0.0,36.74
108064,1023,1,142.79,0.0,142.79
108065,1033,1,90.29,18.06,72.23
108065,1028,1,81.89,16.38,65.51
108066,1084,1,118.64,0.0,118.64
108067,1079,1,65.09,0.0,65.09
108067,1017,1,91.34,0.0,91.34
108068,1013,1,131.24,26.25,104.99000000000001
108068,1036,1,61.94,12.39,49.55
108069,1018,1,223.64,44.73,178.91
108069,1009,1,138.59,27.72,110.87
108070,1001,1,65.09,6.51,58.580000000000005
108070,1009,1,138.59,13.86,124.73
108071,1002,1,145.94,14.59,131.35
108071,1024,1,62.99,6.3,56.690000000000005
108071,1059,2,491.39,98.28,884.5
108072,1004,1,79.79,0.0,79.79
108073,1077,1,27.29,0.0,27.29
108073,1056,3,251.99,0.0,755.97
108074,1075,2,53.54,21.42,85.66
108074,1073,1,73.49,14.7,58.78999999999999
108074,1010,1,101.84,20.37,81.47
108075,1014,1,38.84,0.0,38.84
108076,1048,1,146.99,0.0,146.99
108077,1074,1,20.99,4.2,16.79
108078,1075,1,53.54,0.0,53.54
108079,1016,1,190.04,0.0,190.04
108080,1078,1,90.29,0.0,90.29
108080,1036,1,61.94,0.0,61.94
108081,1075,1,53.54,10.71,42.83
108081,1057,1,216.29,43.26,173.03
108081,1077,1,27.29,5.46,21.83
108082,1074,1,20.99,0.0,20.99
108082,1082,2,110.24,0.0,220.48
108083,1011,2,36.74,0.0,73.48
108083,1089,3,56.69,0.0,170.07
108083,1087,1,48.29,0.0,48.29
108084,1079,1,65.09,13.02,52.07000000000001
108085,1088,1,22.04,0.0,22.04
108086,1026,1,170.09,34.02,136.07
108087,1010,2,101.84,0.0,203.68
108087,1052,1,208.99,0.0,208.99
108088,1013,1,131.24,26.25,104.99000000000001
108088,1007,1,75.59,15.12,60.470000000000006
108089,1045,1,532.34,106.47,425.87
108090,1083,1,20.99,0.0,20.99
108090,1018,1,223.64,0.0,223.64
108090,1004,1,79.79,0.0,79.79
108091,1013,2,131.24,52.5,209.98000000000002
108092,1005,1,83.99,0.0,83.99
108092,1001,1,65.09,0.0,65.09
108093,1034,2,72.44,28.98,115.89999999999999
108094,1046,1,150.14,0.0,150.14
108095,1025,1,175.34,35.07,140.27
108095,1021,1,130.19,26.04,104.15
108095,1084,1,118.64,23.73,94.91
108096,1046,1,150.14,30.03,120.10999999999999
108096,1014,1,38.84,7.77,31.070000000000004
108097,1073,1,73.49,0.0,73.49
108098,1086,1,102.89,0.0,102.89
108099,1001,1,65.09,0.0,65.09
108100,1026,3,170.09,102.05,408.21999999999997
108101,1041,1,581.69,0.0,581.69
108102,1058,1,98.69,0.0,98.69
108103,1079,1,65.09,0.0,65.09
108104,1076,1,145.94,0.0,145.94
108105,1018,1,223.64,44.73,178.91
108105,1073,1,73.49,14.7,58.78999999999999
108106,1018,1,223.64,0.0,223.64
108107,1083,1,20.99,4.2,16.79
108108,1004,1,79.79,15.96,63.830000000000005
108108,1043,1,134.39,26.88,107.50999999999999
108109,1005,1,83.99,0.0,83.99
108110,1068,1,52.49,0.0,52.49
108111,1055,1,211.04,0.0,211.04
108111,1046,1,150.14,0.0,150.14
108111,1087,1,48.29,0.0,48.29
108112,1081,1,78.74,15.75,62.989999999999995
108113,1004,1,79.79,0.0,79.79
108113,1024,1,62.99,0.0,62.99
108114,1020,1,57.74,11.55,46.19
108115,1004,2,79.79,0.0,159.58
108115,1078,1,90.29,0.0,90.29
108116,1077,2,27.29,10.92,43.66
108116,1079,1,65.09,13.02,52.07000000000001
108117,1010,1,101.84,20.37,81.47
108117,1037,1,30.44,6.09,24.35
108118,1011,1,36.74,3.67,33.07
108118,1053,1,39.89,3.99,35.9
108119,1079,1,65.09,0.0,65.09
108119,1073,1,73.49,0.0,73.49
108120,1024,2,62.99,0.0,125.98
108121,1027,1,95.54,0.0,95.54
108121,1013,1,131.24,0.0,131.24
108121,1025,1,175.34,0.0,175.34
108122,1001,1,65.09,0.0,65.09
108122,1031,4,40.94,0.0,163.76
108122,1036,2,61.94,0.0,123.88
108122,1081,1,78.74,0.0,78.74
108123,1025,1,175.34,35.07,140.27
108124,1026,2,161.99,68.04,255.94
108125,1070,2,129.14,0.0,258.28
108125,1033,1,90.29,0.0,90.29
108126,1001,1,65.09,13.02,52.07000000000001
108126,1082,1,110.24,22.05,88.19
108126,1021,1,130.19,26.04,104.15
108127,1023,1,142.79,28.56,114.22999999999999
108127,1058,1,98.69,19.74,78.95
108128,1029,4,32.54,26.03,104.13
108129,1077,1,27.29,5.46,21.83
108130,1078,1,90.29,18.06,72.23
108131,1044,1,556.49,0.0,556.49
108131,1076,1,145.94,0.0,145.94
108132,1022,3,93.44,0.0,280.32
108133,1024,3,62.99,37.79,151.18
108133,1030,1,8.39,1.68,6.710000000000001
108134,1008,1,46.19,0.0,46.19
108135,1031,1,40.94,8.19,32.75
108136,1008,1,46.19,0.0,46.19
108137,1078,1,90.29,0.0,90.29
108137,1011,1,36.74,0.0,36.74
108138,1019,1,81.89,0.0,81.89
108139,1082,1,110.24,0.0,110.24
108139,1075,2,53.54,0.0,107.08
108140,1072,1,149.09,0.0,149.09
108141,1009,3,138.59,83.15,332.62
108142,1038,1,329.69,65.94,263.75
108143,1064,1,161.69,32.34,129.35
108143,1052,1,219.44,43.89,175.55
108144,1013,2,131.24,0.0,262.48
108144,1020,1,57.74,0.0,57.74
108144,1073,2,73.49,0.0,146.98
108144,1081,4,78.74,0.0,314.96
108145,1086,1,102.89,0.0,102.89
108146,1032,3,86.09,25.83,232.44
108146,1053,3,39.89,11.97,107.7
108146,1070,1,129.14,12.91,116.22999999999999
108146,1057,1,216.29,21.63,194.66
108147,1021,1,130.19,26.04,104.15
108148,1056,1,251.99,0.0,251.99
108148,1020,1,57.74,0.0,57.74
108149,1052,2,219.44,0.0,438.88
108149,1015,1,101.84,0.0,101.84
108149,1084,1,118.64,0.0,118.64
108150,1010,1,101.84,0.0,101.84
108150,1002,1,145.94,0.0,145.94
108151,1043,1,134.39,26.88,107.50999999999999
108151,1077,1,27.29,5.46,21.83
108151,1013,2,131.24,52.5,209.98000000000002
108151,1038,1,329.69,65.94,263.75
108152,1013,1,131.24,0.0,131.24
108153,1085,1,121.79,0.0,121.79
108154,1029,1,32.54,6.51,26.03
108154,1075,3,53.54,32.12,128.5
108155,1014,1,38.84,0.0,38.84
108156,1034,1,72.44,0.0,72.44
108157,1044,1,556.49,0.0,556.49
108158,1074,1,20.99,0.0,20.99
108159,1086,2,102.89,0.0,205.78
108160,1071,1,10.49,0.0,10.49
108160,1076,1,145.94,0.0,145.94
108160,1077,1,27.29,0.0,27.29
108161,1090,1,18.89,0.0,18.89
108161,1074,1,20.99,0.0,20.99
108162,1052,1,219.44,43.89,175.55
108163,1079,1,65.09,6.51,58.580000000000005
108163,1010,1,101.84,10.18,91.66
108164,1087,1,45.99,0.0,45.99
108165,1079,1,65.09,13.02,52.07000000000001
108165,1071,1,10.49,2.1,8.39
108165,1025,1,175.34,35.07,140.27
108166,1082,1,110.24,0.0,110.24
108167,1035,1,54.59,0.0,54.59
108168,1030,1,8.39,1.68,6.710000000000001
108169,1075,1,53.54,10.71,42.83
108170,1008,1,46.19,9.24,36.949999999999996
108170,1077,1,27.29,5.46,21.83
108170,1005,1,83.99,16.8,67.19
108171,1033,1,90.29,0.0,90.29
108171,1032,1,86.09,0.0,86.09
108171,1005,1,83.99,0.0,83.99
108172,1012,1,115.49,0.0,115.49
108173,1031,1,40.94,0.0,40.94
108174,1071,1,10.49,0.0,10.49
108175,1016,2,190.04,0.0,380.08
108175,1034,1,72.44,0.0,72.44
108175,1086,1,102.89,0.0,102.89
108176,1001,1,65.09,0.0,65.09
108177,1069,1,28.34,0.0,28.34
108178,1087,2,48.29,19.32,77.25999999999999
108179,1023,1,142.79,0.0,142.79
108180,1007,1,75.59,0.0,75.59
108181,1076,1,145.94,29.19,116.75
108181,1074,2,20.99,8.4,33.58
108182,1015,1,101.84,20.37,81.47
108183,1033,1,90.29,18.06,72.23
108184,1039,1,508.19,0.0,508.19
108184,1034,1,72.44,0.0,72.44
108185,1074,1,20.99,0.0,20.99
108185,1018,1,223.64,0.0,223.64
108185,1078,1,90.29,0.0,90.29
108185,1044,1,556.49,0.0,556.49
108186,1073,1,73.49,14.7,58.78999999999999
108187,1032,2,86.09,34.44,137.74
108188,1006,1,17.84,0.0,17.84
108188,1080,1,141.74,0.0,141.74
108189,1032,1,86.09,0.0,86.09
108190,1039,1,508.19,101.64,406.55
108190,1021,1,130.19,26.04,104.15
108190,1058,2,98.69,39.48,157.9
108191,1077,2,27.29,0.0,54.58
108191,1083,2,20.99,0.0,41.98
108192,1076,1,145.94,0.0,145.94
108193,1018,2,223.64,0.0,447.28
108194,1089,1,56.69,11.34,45.349999999999994
108195,1080,1,141.74,0.0,141.74
108195,1022,1,93.44,0.0,93.44
108195,1036,1,61.94,0.0,61.94
108196,1047,1,204.74,40.95,163.79000000000002
108196,1074,3,20.99,12.59,50.379999999999995
108196,1055,1,211.04,42.21,168.82999999999998
108196,1071,2,10.49,4.2,16.78
108197,1027,2,95.54,0.0,191.08
108198,1074,1,20.99,0.0,20.99
108198,1056,1,251.99,0.0,251.99
108199,1005,1,83.99,0.0,83.99
108200,1013,1,131.24,0.0,131.24
108200,1075,2,53.54,0.0,107.08
108200,1071,1,10.49,0.0,10.49
108201,1026,3,170.09,0.0,510.27
108201,1031,2,40.94,0.0,81.88
108202,1013,1,131.24,0.0,131.24
108203,1034,1,72.44,0.0,72.44
108204,1071,2,10.49,0.0,20.98
108204,1007,1,75.59,0.0,75.59
108204,1078,1,90.29,0.0,90.29
108205,1027,1,95.54,0.0,95.54
108205,1003,1,24.14,0.0,24.14
108206,1023,1,142.79,28.56,114.22999999999999
108207,1020,1,57.74,11.55,46.19
108207,1056,2,251.99,100.8,403.18
108207,1031,1,40.94,8.19,32.75
108208,1047,1,204.74,0.0,204.74
108208,1030,1,8.39,0.0,8.39
108209,1073,1,73.49,0.0,73.49
108209,1076,1,145.94,0.0,145.94
108210,1082,1,110.24,0.0,110.24
108211,1031,1,40.94,0.0,40.94
108212,1032,1,86.09,0.0,86.09
108213,1003,2,24.14,0.0,48.28
108214,1036,2,61.94,24.78,99.1
108214,1055,1,211.04,42.21,168.82999999999998
108215,1072,1,149.09,29.82,119.27000000000001
108215,1003,1,24.14,4.83,19.310000000000002
108216,1084,1,118.64,0.0,118.64
108217,1001,1,65.09,13.02,52.07000000000001
108217,1085,1,121.79,24.36,97.43
108217,1078,1,90.29,18.06,72.23
108218,1003,1,24.14,4.83,19.310000000000002
108219,1017,1,91.34,0.0,91.34
108220,1080,2,141.74,56.7,226.78000000000003
108221,1076,1,145.94,0.0,145.94
108222,1080,2,141.74,56.7,226.78000000000003
108223,1081,1,78.74,0.0,78.74
108224,1050,1,154.34,0.0,154.34
108225,1003,1,24.14,2.41,21.73
108226,1034,1,72.44,14.49,57.949999999999996
108226,1010,1,101.84,20.37,81.47
108226,1086,1,102.89,20.58,82.31
108227,1027,1,95.54,19.11,76.43
108228,1074,1,20.99,0.0,20.99
108229,1028,1,81.89,0.0,81.89
108230,1048,1,146.99,0.0,146.99
108231,1072,1,149.09,0.0,149.09
108231,1016,1,190.04,0.0,190.04
108232,1079,1,65.09,0.0,65.09
108233,1033,1,90.29,18.06,72.23
108233,1012,2,115.49,46.2,184.77999999999997
108233,1001,1,65.09,13.02,52.07000000000001
108234,1039,1,508.19,101.64,406.55
108235,1019,1,81.89,16.38,65.51
108236,1039,1,508.19,0.0,508.19
108236,1090,2,18.89,0.0,37.78
108237,1078,3,90.29,0.0,270.87
108238,1079,1,65.09,0.0,65.09
108238,1030,1,8.39,0.0,8.39
108239,1071,1,10.49,1.05,9.44
108240,1080,1,141.74,0.0,141.74
108240,1021,1,130.19,0.0,130.19
108240,1071,1,10.49,0.0,10.49
108240,1081,1,78.74,0.0,78.74
108241,1015,1,101.84,0.0,101.84
108242,1019,2,81.89,32.76,131.02
108243,1072,2,149.09,0.0,298.18
108244,1010,1,101.84,0.0,101.84
108244,1019,1,81.89,0.0,81.89
108245,1031,2,40.94,0.0,81.88
108246,1005,1,83.99,16.8,67.19
108247,1027,1,95.54,0.0,95.54
108248,1056,1,251.99,50.4,201.59
108249,1082,2,110.24,44.1,176.38
108250,1075,1,53.54,0.0,53.54
108251,1071,1,10.49,2.1,8.39
108251,1029,1,32.54,6.51,26.03
108252,1036,2,61.94,0.0,123.88
108253,1080,1,141.74,28.35,113.39000000000001
108253,1032,1,86.09,17.22,68.87
108254,1006,1,17.84,0.0,17.84
108254,1050,3,154.34,0.0,463.02
108254,1011,1,36.74,0.0,36.74
108255,1086,1,102.89,0.0,102.89
108256,1090,1,18.89,3.78,15.110000000000001
108257,1079,1,65.09,0.0,65.09
108257,1070,1,129.14,0.0,129.14
108257,1073,2,73.49,0.0,146.98
108258,1078,1,90.29,18.06,72.23
108259,1075,2,53.54,21.42,85.66
108260,1047,1,204.74,40.95,163.79000000000002
108260,1037,1,30.44,6.09,24.35
108261,1058,3,98.69,0.0,296.07
108262,1073,1,73.49,0.0,73.49
108263,1072,1,141.99,0.0,141.99
108264,1080,1,141.74,0.0,141.74
108264,1089,1,56.69,0.0,56.69
108265,1043,1,134.39,0.0,134.39
108266,1028,1,81.89,0.0,81.89
108267,1032,1,86.09,17.22,68.87
108267,1057,1,216.29,43.26,173.03
108267,1060,1,141.74,28.35,113.39000000000001
108268,1037,1,30.44,0.0,30.44
108269,1019,1,81.89,16.38,65.51
108269,1081,3,78.74,47.24,188.97999999999996
108269,1077,1,27.29,5.46,21.83
108270,1015,1,101.84,20.37,81.47
108270,1045,1,532.34,106.47,425.87
108270,1074,3,19.99,12.59,47.379999999999995
108271,1073,1,73.49,14.7,58.78999999999999
108271,1044,1,556.49,111.3,445.19
108272,1075,1,53.54,0.0,53.54
108272,1017,1,91.34,0.0,91.34
108273,1076,1,145.94,0.0,145.94
108273,1073,1,73.49,0.0,73.49
108273,1015,1,101.84,0.0,101.84
108273,1061,2,48.29,0.0,96.58
108274,1041,1,581.69,0.0,581.69
108274,1038,1,329.69,0.0,329.69
108274,1003,4,24.14,0.0,96.56
108274,1013,1,131.24,0.0,131.24
108275,1001,2,65.09,26.04,104.14000000000001
108276,1070,1,129.14,0.0,129.14
108277,1006,1,17.84,0.0,17.84
108277,1090,1,18.89,0.0,18.89
108278,1008,1,46.19,0.0,46.19
108278,1023,1,142.79,0.0,142.79
108279,1025,1,175.34,35.07,140.27
108279,1009,1,138.59,27.72,110.87
108279,1073,2,73.49,29.4,117.57999999999998
108280,1071,2,10.49,4.2,16.78
108280,1050,1,154.34,30.87,123.47
108280,1011,1,36.74,7.35,29.39
108281,1014,2,38.84,15.54,62.14000000000001
108282,1014,1,38.84,0.0,38.84
108283,1078,3,90.29,0.0,270.87
108284,1044,1,529.99,55.65,474.34000000000003
108284,1086,1,102.89,10.29,92.6
108285,1003,1,24.14,0.0,24.14
108285,1085,1,121.79,0.0,121.79
108286,1005,1,83.99,0.0,83.99
108287,1073,1,73.49,14.7,58.78999999999999
108287,1031,1,40.94,8.19,32.75
108287,1044,1,556.49,111.3,445.19
108288,1042,1,812.69,0.0,812.69
108288,1048,1,146.99,0.0,146.99
108289,1081,4,78.74,62.99,251.96999999999997
108289,1002,1,145.94,29.19,116.75
108289,1016,1,190.04,38.01,152.03
108290,1010,1,101.84,0.0,101.84
108291,1028,1,77.99,0.0,77.99
108291,1072,1,149.09,0.0,149.09
108291,1015,1,101.84,0.0,101.84
108292,1034,1,72.44,14.49,57.949999999999996
108293,1017,1,91.34,18.27,73.07000000000001
108294,1078,4,90.29,0.0,361.16
108295,1052,2,219.44,0.0,438.88
108295,1074,2,20.99,0.0,41.98
108295,1078,1,90.29,0.0,90.29
108296,1001,1,65.09,13.02,52.07000000000001
108297,1015,1,101.84,0.0,101.84
108297,1033,1,90.29,0.0,90.29
108298,1021,1,130.19,0.0,130.19
108299,1008,1,46.19,9.24,36.949999999999996
108300,1027,1,95.54,0.0,95.54
108300,1024,1,62.99,0.0,62.99
108300,1084,1,118.64,0.0,118.64
108301,1049,1,133.34,0.0,133.34
108302,1060,1,141.74,28.35,113.39000000000001
108303,1077,1,27.29,0.0,27.29
108303,1006,1,17.84,0.0,17.84
108303,1056,1,251.99,0.0,251.99
108303,1073,1,73.49,0.0,73.49
108304,1038,1,329.69,0.0,329.69
108304,1040,1,500.84,0.0,500.84
108305,1057,1,216.29,43.26,173.03
108305,1010,4,101.84,81.47,325.89
108306,1072,1,149.09,29.82,119.27000000000001
108307,1007,1,75.59,0.0,75.59
108307,1011,1,36.74,0.0,36.74
108308,1079,1,65.09,13.02,52.07000000000001
108309,1047,1,204.74,0.0,204.74
108309,1023,1,142.79,0.0,142.79
108310,1002,1,145.94,0.0,145.94
108311,1053,1,39.89,7.98,31.91
108311,1087,1,48.29,9.66,38.629999999999995
108312,1032,1,86.09,0.0,86.09
108313,1086,1,102.89,0.0,102.89
108313,1076,1,145.94,0.0,145.94
108314,1018,1,223.64,0.0,223.64
108314,1076,3,145.94,0.0,437.82
108315,1055,2,211.04,0.0,422.08
108316,1076,1,145.94,14.59,131.35
108316,1022,1,93.44,9.34,84.1
108317,1080,1,141.74,0.0,141.74
108317,1003,1,24.14,0.0,24.14
108318,1032,2,86.09,0.0,172.18
108319,1067,2,34.99,14.7,55.28
108320,1085,2,121.79,0.0,243.58
108321,1079,1,65.09,0.0,65.09
108322,1073,1,73.49,14.7,58.78999999999999
108322,1088,1,22.04,4.41,17.63
108322,1008,2,46.19,18.48,73.89999999999999
108322,1009,1,131.99,27.72,104.27000000000001
108323,1024,2,62.99,0.0,125.98
108323,1035,1,54.59,0.0,54.59
108324,1003,1,24.14,4.83,19.310000000000002
108324,1063,1,258.29,51.66,206.63000000000002
108325,1034,1,72.44,14.49,57.949999999999996
108326,1026,1,170.09,0.0,170.09
108326,1042,1,812.69,0.0,812.69
108326,1072,1,149.09,0.0,149.09
108327,1032,2,86.09,0.0,172.18
108327,1071,1,10.49,0.0,10.49
108327,1003,1,24.14,0.0,24.14
108327,1058,3,98.69,0.0,296.07
108328,1017,1,91.34,0.0,91.34
108328,1070,1,129.14,0.0,129.14
108329,1087,1,48.29,9.66,38.629999999999995
108329,1058,1,98.69,19.74,78.95
108329,1037,1,30.44,6.09,24.35
108329,1047,1,204.74,40.95,163.79000000000002
108330,1084,1,118.64,23.73,94.91
108331,1034,1,72.44,0.0,72.44
108332,1016,1,190.04,0.0,190.04
108332,1013,1,131.24,0.0,131.24
108332,1078,2,90.29,0.0,180.58
108332,1021,1,130.19,0.0,130.19
108333,1021,1,130.19,0.0,130.19
108334,1042,1,812.69,162.54,650.1500000000001
108335,1081,1,78.74,15.75,62.989999999999995
108335,1053,2,39.89,15.96,63.82
108336,1002,1,145.94,0.0,145.94
108337,1073,2,73.49,29.4,117.57999999999998
108337,1012,1,115.49,23.1,92.38999999999999
108338,1082,3,110.24,0.0,330.71999999999997
108339,1075,1,53.54,10.71,42.83
108339,1002,1,145.94,29.19,116.75
108339,1076,1,145.94,29.19,116.75
108340,1019,1,81.89,0.0,81.89
108341,1058,1,98.69,19.74,78.95
108341,1079,2,65.09,26.04,104.14000000000001
108341,1015,1,101.84,20.37,81.47
108342,1020,1,57.74,11.55,46.19
108343,1026,1,170.09,0.0,170.09
108344,1079,1,65.09,0.0,65.09
108345,1076,1,145.94,0.0,145.94
108346,1032,1,86.09,0.0,86.09
108346,1003,1,24.14,0.0,24.14
108347,1074,1,20.99,0.0,20.99
108347,1056,1,251.99,0.0,251.99
108347,1009,1,138.59,0.0,138.59
108348,1088,1,22.04,0.0,22.04
108349,1078,1,90.29,0.0,90.29
108349,1072,1,149.09,0.0,149.09
108350,1016,1,190.04,0.0,190.04
108351,1002,4,145.94,116.75,467.01
108352,1027,1,95.54,19.11,76.43
108353,1025,1,175.34,0.0,175.34
108353,1086,2,102.89,0.0,205.78
108353,1048,1,146.99,0.0,146.99
108354,1038,1,329.69,0.0,329.69
108355,1057,1,216.29,0.0,216.29
108355,1003,1,24.14,0.0,24.14
108355,1016,1,190.04,0.0,190.04
108355,1039,1,508.19,0.0,508.19
108356,1015,1,101.84,20.37,81.47
108356,1009,1,131.99,27.72,104.27000000000001
108357,1057,1,216.29,0.0,216.29
108357,1019,1,81.89,0.0,81.89
108358,1008,1,46.19,9.24,36.949999999999996
108358,1076,1,145.94,29.19,116.75
108359,1081,1,78.74,15.75,62.989999999999995
108360,1030,1,8.39,1.68,6.710000000000001
108361,1075,1,53.54,0.0,53.54
108361,1083,1,20.99,0.0,20.99
108361,1077,1,27.29,0.0,27.29
108362,1078,1,90.29,0.0,90.29
108362,1088,1,22.04,0.0,22.04
108363,1072,1,149.09,0.0,149.09
108364,1079,1,65.09,0.0,65.09
108364,1007,1,75.59,0.0,75.59
108364,1037,1,30.44,0.0,30.44
108365,1024,1,62.99,0.0,62.99
108365,1040,1,500.84,0.0,500.84
108366,1088,1,22.04,0.0,22.04
108366,1029,2,32.54,0.0,65.08
108367,1002,1,145.94,0.0,145.94
108367,1082,1,110.24,0.0,110.24
108368,1078,1,90.29,0.0,90.29
108368,1021,1,130.19,0.0,130.19
108369,1007,2,75.59,30.24,120.94000000000001
108370,1012,1,115.49,0.0,115.49
108370,1082,2,110.24,0.0,220.48
108371,1075,1,53.54,10.71,42.83
108372,1075,1,53.54,0.0,53.54
108372,1064,1,161.69,0.0,161.69
108373,1010,1,101.84,0.0,101.84
108374,1082,1,110.24,22.05,88.19
108374,1003,1,24.14,4.83,19.310000000000002
108374,1058,2,98.69,39.48,157.9
108375,1001,1,65.09,0.0,65.09
108375,1032,2,86.09,0.0,172.18
108376,1015,1,96.99,0.0,96.99
108377,1034,1,72.44,14.49,57.949999999999996
108378,1070,1,122.99,0.0,122.99
108378,1021,1,130.19,0.0,130.19
108379,1007,1,75.59,15.12,60.470000000000006
108379,1014,1,38.84,7.77,31.070000000000004
108379,1020,2,57.74,23.1,92.38
108380,1006,1,17.84,0.0,17.84
108380,1073,1,73.49,0.0,73.49
108380,1071,1,10.49,0.0,10.49
108380,1004,1,79.79,0.0,79.79
108381,1081,2,78.74,31.5,125.97999999999999
108382,1082,1,110.24,22.05,88.19
108382,1088,1,22.04,4.41,17.63
108382,1047,1,204.74,40.95,163.79000000000002
108382,1007,1,75.59,15.12,60.470000000000006
108383,1072,2,149.09,59.64,238.54000000000002
108383,1060,1,141.74,28.35,113.39000000000001
108384,1023,1,142.79,0.0,142.79
108385,1010,1,101.84,20.37,81.47
108386,1003,1,22.99,4.83,18.159999999999997
108387,1005,1,83.99,16.8,67.19
108388,1079,1,65.09,13.02,52.07000000000001
108389,1058,2,98.69,39.48,157.9
108390,1028,1,81.89,0.0,81.89
108391,1025,3,175.34,0.0,526.02
108391,1079,1,65.09,0.0,65.09
108391,1021,1,130.19,0.0,130.19
108392,1054,1,241.49,0.0,241.49
108393,1054,1,229.99,0.0,229.99
108394,1043,1,134.39,13.44,120.94999999999999
108395,1058,2,98.69,39.48,157.9
108396,1024,1,62.99,0.0,62.99
108396,1090,1,18.89,0.0,18.89
108396,1081,1,78.74,0.0,78.74
108397,1072,1,141.99,0.0,141.99
108398,1009,2,138.59,0.0,277.18
108399,1023,2,142.79,0.0,285.58
108400,1089,1,56.69,0.0,56.69
108401,1071,1,10.49,0.0,10.49
108402,1070,4,129.14,103.31,413.24999999999994
108402,1031,1,40.94,8.19,32.75
108403,1086,1,102.89,20.58,82.31
108404,1075,1,53.54,0.0,53.54
108404,1045,1,532.34,0.0,532.34
108405,1029,1,32.54,0.0,32.54
108405,1008,1,46.19,0.0,46.19
108406,1003,1,24.14,0.0,24.14
108406,1014,2,38.84,0.0,77.68
108407,1079,1,65.09,0.0,65.09
108407,1013,1,131.24,0.0,131.24
108407,1012,1,115.49,0.0,115.49
108407,1076,2,145.94,0.0,291.88
108408,1084,1,118.64,23.73,94.91
108409,1072,1,149.09,0.0,149.09
108410,1075,1,53.54,10.71,42.83
108411,1084,1,118.64,23.73,94.91
108412,1081,1,78.74,0.0,78.74
108413,1079,1,65.09,0.0,65.09
108413,1022,2,93.44,0.0,186.88
108413,1082,3,110.24,0.0,330.71999999999997
108414,1010,1,101.84,20.37,81.47
108414,1011,1,36.74,7.35,29.39
108414,1075,1,53.54,10.71,42.83
108414,1073,1,73.49,14.7,58.78999999999999
108415,1089,2,56.69,22.68,90.69999999999999
108415,1028,3,81.89,49.13,196.54000000000002
108416,1020,1,57.74,0.0,57.74
108417,1033,2,90.29,36.12,144.46
108417,1078,1,90.29,18.06,72.23
108417,1004,1,79.79,15.96,63.830000000000005
108417,1077,4,27.29,21.83,87.33
108418,1023,1,142.79,0.0,142.79
108418,1002,2,145.94,0.0,291.88
108419,1009,1,138.59,27.72,110.87
108419,1008,1,46.19,9.24,36.949999999999996
108420,1072,1,149.09,0.0,149.09
108420,1014,1,38.84,0.0,38.84
108421,1006,1,17.84,0.0,17.84
108422,1018,1,223.64,44.73,178.91
108422,1066,1,171.99,36.12,135.87
108423,1020,1,57.74,11.55,46.19
108423,1054,1,241.49,48.3,193.19
108423,1018,1,223.64,44.73,178.91
108423,1011,1,36.74,7.35,29.39
108424,1012,1,115.49,23.1,92.38999999999999
108425,1024,1,62.99,12.6,50.39
108426,1072,1,149.09,0.0,149.09
108426,1019,1,81.89,0.0,81.89
108426,1035,1,54.59,0.0,54.59
108427,1058,1,98.69,0.0,98.69
108427,1056,1,251.99,0.0,251.99
108427,1081,1,78.74,0.0,78.74
108428,1034,1,72.44,0.0,72.44
108428,1078,2,90.29,0.0,180.58
108429,1079,1,65.09,13.02,52.07000000000001
108429,1010,1,101.84,20.37,81.47
108430,1022,1,93.44,0.0,93.44
108430,1081,3,78.74,0.0,236.21999999999997
108431,1010,1,101.84,10.18,91.66
108431,1025,1,175.34,17.53,157.81
108432,1075,1,53.54,0.0,53.54
108433,1070,2,129.14,0.0,258.28
108433,1041,1,581.69,0.0,581.69
108433,1006,1,17.84,0.0,17.84
108433,1023,1,142.79,0.0,142.79
108434,1002,1,145.94,0.0,145.94
108434,1071,1,10.49,0.0,10.49
108435,1078,2,90.29,36.12,144.46
108435,1075,1,53.54,10.71,42.83
108436,1015,1,101.84,0.0,101.84
108436,1006,1,17.84,0.0,17.84
108437,1075,2,53.54,0.0,107.08
108438,1078,1,90.29,0.0,90.29
108438,1006,4,17.84,0.0,71.36
108439,1042,1,812.69,0.0,812.69
108439,1035,1,54.59,0.0,54.59
108440,1025,1,175.34,35.07,140.27
108440,1045,1,532.34,106.47,425.87
108440,1049,1,133.34,26.67,106.67
108441,1032,1,86.09,0.0,86.09
108442,1010,1,101.84,0.0,101.84
108443,1040,1,500.84,100.17,400.66999999999996
108443,1005,2,83.99,33.6,134.38
108444,1010,1,101.84,20.37,81.47
108444,1047,1,204.74,40.95,163.79000000000002
108445,1071,1,10.49,2.1,8.39
108446,1054,1,241.49,48.3,193.19
108446,1073,1,73.49,14.7,58.78999999999999
108447,1016,1,190.04,38.01,152.03
108447,1013,1,131.24,26.25,104.99000000000001
108448,1077,1,27.29,0.0,27.29
108449,1047,1,204.74,40.95,163.79000000000002
108450,1064,3,161.69,0.0,485.07
108451,1003,2,24.14,9.66,38.620000000000005
108452,1015,1,101.84,10.18,91.66
108452,1070,1,129.14,12.91,116.22999999999999
108453,1083,1,20.99,4.2,16.79
108453,1033,1,90.29,18.06,72.23
108453,1041,1,581.69,116.34,465.35
108453,1038,1,329.69,65.94,263.75
108454,1024,3,62.99,0.0,188.97
108454,1086,1,102.89,0.0,102.89
108455,1037,1,30.44,0.0,30.44
108456,1046,1,150.14,0.0,150.14
108456,1076,1,145.94,0.0,145.94
108457,1030,1,8.39,0.0,8.39
108457,1053,1,39.89,0.0,39.89
108458,1077,2,27.29,0.0,54.58
108458,1079,1,65.09,0.0,65.09
108458,1071,1,10.49,0.0,10.49
108459,1090,1,18.89,3.78,15.110000000000001
108460,1027,4,95.54,0.0,382.16
108461,1050,1,154.34,30.87,123.47
108462,1078,1,90.29,18.06,72.23
108462,1022,1,88.99,18.69,70.3
108463,1071,1,10.49,0.0,10.49
108463,1072,1,149.09,0.0,149.09
108464,1060,1,134.99,0.0,134.99
108464,1051,1,56.69,0.0,56.69
108465,1081,1,74.99,15.75,59.239999999999995
108466,1054,2,241.49,0.0,482.98
108467,1003,1,24.14,0.0,24.14
108468,1025,1,175.34,0.0,175.34
108469,1076,1,145.94,0.0,145.94
108470,1007,1,75.59,0.0,75.59
108471,1063,1,258.29,51.66,206.63000000000002
108472,1013,1,131.24,0.0,131.24
108472,1045,1,532.34,0.0,532.34
108473,1051,2,56.69,0.0,113.38
108474,1006,2,17.84,0.0,35.68
108475,1029,1,32.54,0.0,32.54
108475,1087,1,48.29,0.0,48.29
108475,1079,1,65.09,0.0,65.09
108475,1009,1,138.59,0.0,138.59
108476,1045,1,532.34,106.47,425.87
108476,1022,1,93.44,18.69,74.75
108477,1081,3,78.74,0.0,236.21999999999997
108477,1072,2,149.09,0.0,298.18
108477,1004,2,79.79,0.0,159.58
108478,1003,1,24.14,0.0,24.14
108478,1074,1,20.99,0.0,20.99
108479,1002,1,145.94,0.0,145.94
108479,1073,1,73.49,0.0,73.49
108480,1017,2,91.34,18.27,164.41
108480,1090,1,18.89,1.89,17.0
108481,1010,1,101.84,0.0,101.84
108481,1002,1,145.94,0.0,145.94
108481,1076,1,145.94,0.0,145.94
108482,1081,2,78.74,0.0,157.48
108482,1029,1,32.54,0.0,32.54
108483,1047,1,204.74,0.0,204.74
108484,1011,1,36.74,0.0,36.74
108485,1022,1,93.44,0.0,93.44
108485,1077,1,27.29,0.0,27.29
108485,1070,1,129.14,0.0,129.14
108486,1007,2,75.59,0.0,151.18
108487,1003,2,24.14,0.0,48.28
108488,1001,1,65.09,0.0,65.09
108489,1080,1,141.74,28.35,113.39000000000001
108490,1075,3,53.54,0.0,160.62
108491,1055,1,211.04,0.0,211.04
108492,1021,2,130.19,0.0,260.38
108493,1064,2,161.69,64.68,258.7
108493,1036,1,61.94,12.39,49.55
108493,1079,1,65.09,13.02,52.07000000000001
108493,1017,1,91.34,18.27,73.07000000000001
108494,1070,1,129.14,0.0,129.14
108494,1052,2,219.44,0.0,438.88
108495,1075,2,53.54,21.42,85.66
108496,1054,2,241.49,96.6,386.38
108496,1028,1,81.89,16.38,65.51
108496,1079,1,65.09,13.02,52.07000000000001
108497,1014,1,38.84,0.0,38.84
108498,1032,1,86.09,0.0,86.09
108499,1017,1,91.34,0.0,91.34
108500,1081,1,78.74,0.0,78.74
108501,1017,1,91.34,0.0,91.34
108502,1023,1,142.79,28.56,114.22999999999999
108503,1014,1,38.84,7.77,31.070000000000004
108504,1029,1,32.54,6.51,26.03
108505,1017,1,91.34,0.0,91.34
108506,1033,1,90.29,18.06,72.23
108506,1090,1,18.89,3.78,15.110000000000001
108506,1043,1,134.39,26.88,107.50999999999999
108506,1070,1,129.14,25.83,103.30999999999999
108507,1026,1,170.09,34.02,136.07
108508,1002,1,145.94,0.0,145.94
108508,1041,1,581.69,0.0,581.69
108508,1070,1,129.14,0.0,129.14
108509,1075,1,53.54,5.35,48.19
108510,1070,1,122.99,0.0,122.99
108510,1077,1,27.29,0.0,27.29
108510,1082,2,110.24,0.0,220.48
108511,1083,1,20.99,0.0,20.99
108511,1072,1,149.09,0.0,149.09
108512,1079,1,65.09,13.02,52.07000000000001
108513,1087,1,48.29,0.0,48.29
108514,1047,1,204.74,0.0,204.74
108515,1014,1,38.84,7.77,31.070000000000004
108515,1075,1,53.54,10.71,42.83
108516,1008,1,46.19,9.24,36.949999999999996
108516,1048,1,146.99,29.4,117.59
108517,1089,1,56.69,0.0,56.69
108518,1031,1,40.94,0.0,40.94
108519,1048,1,146.99,0.0,146.99
108520,1034,1,72.44,14.49,57.949999999999996
108521,1084,2,118.64,0.0,237.28
108522,1020,1,57.74,0.0,57.74
108523,1041,1,581.69,0.0,581.69
108524,1049,1,133.34,0.0,133.34
108524,1014,1,38.84,0.0,38.84
108524,1079,1,65.09,0.0,65.09
108525,1089,1,56.69,0.0,56.69
108525,1032,1,86.09,0.0,86.09
108526,1022,1,93.44,18.69,74.75
108527,1076,1,145.94,0.0,145.94
108528,1079,1,65.09,13.02,52.07000000000001
108529,1076,1,145.94,0.0,145.94
108529,1071,1,10.49,0.0,10.49
108530,1024,4,62.99,50.39,201.57
108531,1001,2,65.09,0.0,130.18
108531,1074,1,20.99,0.0,20.99
108531,1002,1,145.94,0.0,145.94
108531,1086,1,102.89,0.0,102.89
108532,1059,1,491.39,0.0,491.39
108532,1014,1,38.84,0.0,38.84
108532,1026,1,170.09,0.0,170.09
108532,1010,1,101.84,0.0,101.84
108533,1081,1,78.74,0.0,78.74
108534,1083,3,20.99,12.59,50.379999999999995
108535,1084,1,118.64,23.73,94.91
108536,1089,1,56.69,0.0,56.69
108537,1008,3,46.19,0.0,138.57
108537,1012,1,115.49,0.0,115.49
108538,1021,1,130.19,26.04,104.15
108539,1001,1,65.09,0.0,65.09
108539,1038,1,329.69,0.0,329.69
108540,1002,1,145.94,0.0,145.94
108540,1023,1,142.79,0.0,142.79
108540,1004,1,79.79,0.0,79.79
108541,1071,1,10.49,0.0,10.49
108541,1039,1,508.19,0.0,508.19
108542,1068,2,52.49,0.0,104.98
108542,1082,1,110.24,0.0,110.24
108543,1032,2,86.09,34.44,137.74
108543,1008,1,46.19,9.24,36.949999999999996
108544,1070,1,129.14,0.0,129.14
108544,1061,1,48.29,0.0,48.29
108544,1047,1,204.74,0.0,204.74
108545,1059,1,491.39,98.28,393.11
108546,1055,1,211.04,0.0,211.04
108547,1036,1,61.94,0.0,61.94
108548,1017,1,91.34,18.27,73.07000000000001
108548,1019,1,81.89,16.38,65.51
108549,1079,1,65.09,13.02,52.07000000000001
108549,1030,1,8.39,1.68,6.710000000000001
108549,1013,1,131.24,26.25,104.99000000000001
108550,1035,1,54.59,10.92,43.67
108550,1058,1,98.69,19.74,78.95
108550,1036,1,61.94,12.39,49.55
108551,1057,1,216.29,0.0,216.29
108552,1003,1,24.14,0.0,24.14
108553,1036,1,61.94,0.0,61.94
108554,1073,1,73.49,0.0,73.49
108555,1003,1,24.14,4.83,19.310000000000002
108556,1077,2,27.29,10.92,43.66
108556,1032,1,86.09,17.22,68.87
108556,1056,1,251.99,50.4,201.59
108556,1066,1,180.59,36.12,144.47
108557,1022,1,93.44,18.69,74.75
108557,1085,1,121.79,24.36,97.43
108557,1080,1,141.74,28.35,113.39000000000001
108558,1036,1,61.94,12.39,49.55
108559,1005,1,83.99,16.8,67.19
108559,1087,1,48.29,9.66,38.629999999999995
108560,1055,1,211.04,0.0,211.04
108560,1030,1,8.39,0.0,8.39
108561,1016,1,190.04,0.0,190.04
108562,1017,1,91.34,0.0,91.34
108562,1052,2,219.44,0.0,438.88
108562,1009,1,138.59,0.0,138.59
108562,1078,1,90.29,0.0,90.29
108563,1013,1,131.24,26.25,104.99000000000001
108563,1054,1,241.49,48.3,193.19
108564,1015,1,101.84,20.37,81.47
108565,1078,2,90.29,0.0,180.58
108565,1039,1,508.19,0.0,508.19
108566,1040,1,500.84,0.0,500.84
108567,1005,1,83.99,16.8,67.19
108567,1035,1,54.59,10.92,43.67
108568,1018,1,223.64,0.0,223.64
108569,1057,1,216.29,0.0,216.29
108569,1008,1,46.19,0.0,46.19
108570,1070,3,129.14,0.0,387.41999999999996
108571,1075,1,53.54,0.0,53.54
108572,1082,1,110.24,0.0,110.24
108573,1024,1,62.99,0.0,62.99
108573,1082,2,110.24,0.0,220.48
108573,1051,1,56.69,0.0,56.69
108574,1033,1,90.29,18.06,72.23
108574,1001,1,65.09,13.02,52.07000000000001
108574,1018,1,223.64,44.73,178.91
108575,1012,1,115.49,0.0,115.49
108576,1057,1,216.29,0.0,216.29
108577,1032,1,86.09,0.0,86.09
108577,1015,1,101.84,0.0,101.84
108578,1015,2,101.84,0.0,203.68
108579,1084,1,118.64,23.73,94.91
108579,1037,1,30.44,6.09,24.35
108580,1017,2,91.34,36.54,146.14000000000001
108580,1073,1,73.49,14.7,58.78999999999999
108581,1089,1,56.69,0.0,56.69
108582,1086,2,102.89,0.0,205.78
108583,1006,1,17.84,0.0,17.84
108584,1020,1,57.74,11.55,46.19
108585,1055,1,211.04,42.21,168.82999999999998
108585,1077,1,27.29,5.46,21.83
108585,1043,1,134.39,26.88,107.50999999999999
108585,1013,2,131.24,52.5,209.98000000000002
108586,1058,2,98.69,0.0,197.38
108586,1025,1,175.34,0.0,175.34
108587,1080,1,141.74,0.0,141.74
108587,1072,1,149.09,0.0,149.09
108588,1083,1,20.99,0.0,20.99
108588,1018,2,223.64,0.0,447.28
108589,1048,1,146.99,29.4,117.59
108589,1029,1,30.99,6.51,24.479999999999997
108590,1012,1,115.49,0.0,115.49
108590,1047,1,204.74,0.0,204.74
108591,1069,1,28.34,0.0,28.34
108592,1021,1,130.19,0.0,130.19
108592,1073,1,73.49,0.0,73.49
108593,1071,2,10.49,4.2,16.78
108593,1081,1,78.74,15.75,62.989999999999995
108594,1033,2,90.29,0.0,180.58
108595,1028,1,81.89,16.38,65.51
108595,1033,1,90.29,18.06,72.23
108596,1076,1,145.94,29.19,116.75
108596,1003,3,24.14,14.48,57.94
108596,1086,1,102.89,20.58,82.31
108597,1013,1,131.24,26.25,104.99000000000001
108597,1022,1,93.44,18.69,74.75
108597,1075,1,53.54,10.71,42.83
108598,1003,1,24.14,0.0,24.14
108599,1047,1,204.74,40.95,163.79000000000002
108600,1037,1,30.44,0.0,30.44
108600,1071,2,10.49,0.0,20.98
108601,1084,1,118.64,0.0,118.64
108601,1015,1,101.84,0.0,101.84
108601,1016,1,190.04,0.0,190.04
108602,1039,1,508.19,0.0,508.19
108602,1051,1,56.69,0.0,56.69
108603,1006,2,17.84,0.0,35.68
108604,1078,1,90.29,18.06,72.23
108605,1078,2,90.29,36.12,144.46
108605,1029,1,32.54,6.51,26.03
108605,1073,1,73.49,14.7,58.78999999999999
108606,1079,1,65.09,0.0,65.09
108606,1024,1,62.99,0.0,62.99
108607,1040,1,500.84,0.0,500.84
108607,1036,1,61.94,0.0,61.94
108607,1014,2,38.84,0.0,77.68
108608,1017,1,91.34,18.27,73.07000000000001
108608,1022,1,93.44,18.69,74.75
108608,1002,1,145.94,29.19,116.75
108609,1049,1,133.34,0.0,133.34
108609,1026,1,170.09,0.0,170.09
108609,1032,1,86.09,0.0,86.09
108610,1002,1,145.94,29.19,116.75
108610,1028,1,81.89,16.38,65.51
108611,1071,2,10.49,4.2,16.78
108612,1072,1,149.09,0.0,149.09
108612,1071,1,10.49,0.0,10.49
108612,1010,1,101.84,0.0,101.84
108613,1090,1,18.89,1.89,17.0
108614,1071,1,10.49,0.0,10.49
108614,1008,1,46.19,0.0,46.19
108615,1006,1,17.84,3.57,14.27
108615,1074,1,20.99,4.2,16.79
108616,1071,1,10.49,2.1,8.39
108617,1079,1,65.09,0.0,65.09
108618,1069,1,28.34,0.0,28.34
108619,1084,1,118.64,0.0,118.64
108620,1087,3,48.29,28.97,115.9
108620,1080,2,141.74,56.7,226.78000000000003
108621,1047,1,204.74,0.0,204.74
108622,1073,1,73.49,0.0,73.49
108623,1079,2,65.09,0.0,130.18
108624,1077,2,27.29,10.92,43.66
108625,1005,1,83.99,0.0,83.99
108626,1082,1,110.24,0.0,110.24
108626,1078,1,90.29,0.0,90.29
108626,1058,2,98.69,0.0,197.38
108627,1071,1,10.49,0.0,10.49
108627,1070,1,129.14,0.0,129.14
108628,1042,1,812.69,0.0,812.69
108629,1079,1,65.09,13.02,52.07000000000001
108629,1051,1,56.69,11.34,45.349999999999994
108630,1089,1,56.69,0.0,56.69
108631,1079,1,65.09,13.02,52.07000000000001
108631,1078,1,90.29,18.06,72.23
108631,1086,1,102.89,20.58,82.31
108632,1010,1,101.84,0.0,101.84
108632,1027,2,95.54,0.0,191.08
108633,1021,1,130.19,0.0,130.19
108634,1038,1,329.69,65.94,263.75
108635,1078,1,90.29,0.0,90.29
108636,1053,1,39.89,0.0,39.89
108636,1070,1,129.14,0.0,129.14
108636,1078,1,90.29,0.0,90.29
108637,1006,1,17.84,3.57,14.27
108638,1073,1,73.49,0.0,73.49
108639,1009,1,138.59,0.0,138.59
108640,1073,1,73.49,0.0,73.49
108640,1075,1,53.54,0.0,53.54
108641,1080,2,141.74,0.0,283.48
108641,1004,2,79.79,0.0,159.58
108641,1087,1,48.29,0.0,48.29
108642,1031,1,40.94,0.0,40.94
108642,1087,1,48.29,0.0,48.29
108643,1042,1,812.69,162.54,650.1500000000001
108643,1051,1,56.69,11.34,45.349999999999994
108643,1048,1,146.99,29.4,117.59
108644,1074,1,20.99,2.1,18.889999999999997
108644,1013,1,131.24,13.12,118.12
108645,1009,1,138.59,0.0,138.59
108645,1072,1,149.09,0.0,149.09
108645,1086,2,102.89,0.0,205.78
108646,1044,1,556.49,0.0,556.49
108647,1070,1,129.14,0.0,129.14
108647,1028,1,81.89,0.0,81.89
108647,1071,1,10.49,0.0,10.49
108647,1036,1,61.94,0.0,61.94
108648,1009,3,138.59,0.0,415.77
108648,1018,1,223.64,0.0,223.64
108648,1028,1,81.89,0.0,81.89
108648,1034,1,72.44,0.0,72.44
108649,1057,1,216.29,43.26,173.03
108649,1076,1,145.94,29.19,116.75
108650,1080,2,141.74,56.7,226.78000000000003
108650,1074,1,20.99,4.2,16.79
108650,1034,1,72.44,14.49,57.949999999999996
108650,1022,1,93.44,18.69,74.75
108651,1081,1,78.74,0.0,78.74
108651,1088,1,22.04,0.0,22.04
108652,1071,1,10.49,2.1,8.39
108653,1054,1,241.49,48.3,193.19
108654,1035,1,54.59,10.92,43.67
108655,1089,1,56.69,11.34,45.349999999999994
108655,1074,1,19.99,4.2,15.79
108655,1063,1,258.29,51.66,206.63000000000002
108656,1007,1,75.59,0.0,75.59
108657,1083,1,20.99,0.0,20.99
108658,1080,1,141.74,0.0,141.74
108659,1073,2,73.49,29.4,117.57999999999998
108660,1010,1,101.84,20.37,81.47
108661,1081,1,78.74,15.75,62.989999999999995
108661,1070,1,129.14,25.83,103.30999999999999
108662,1081,2,78.74,0.0,157.48
108662,1017,1,91.34,0.0,91.34
108663,1005,2,83.99,33.6,134.38
108664,1077,1,27.29,0.0,27.29
108664,1072,1,149.09,0.0,149.09
108665,1005,2,83.99,33.6,134.38
108665,1035,1,54.59,10.92,43.67
108665,1015,1,101.84,20.37,81.47
108666,1011,1,36.74,0.0,36.74
108667,1005,1,83.99,8.4,75.58999999999999
108668,1005,1,83.99,0.0,83.99
108668,1083,1,20.99,0.0,20.99
108669,1073,1,73.49,14.7,58.78999999999999
108670,1052,1,219.44,0.0,219.44
108671,1007,1,75.59,0.0,75.59
108672,1013,1,131.24,0.0,131.24
108673,1076,1,145.94,0.0,145.94
108674,1002,1,145.94,0.0,145.94
108675,1081,1,78.74,0.0,78.74
108676,1072,1,149.09,0.0,149.09
108676,1046,1,150.14,0.0,150.14
108676,1077,2,27.29,0.0,54.58
108676,1074,1,20.99,0.0,20.99
108677,1033,1,90.29,0.0,90.29
108677,1083,1,20.99,0.0,20.99
108677,1052,1,219.44,0.0,219.44
108677,1030,1,8.39,0.0,8.39
108678,1005,1,83.99,0.0,83.99
108679,1007,1,75.59,0.0,75.59
108680,1045,1,532.34,0.0,532.34
108680,1036,1,61.94,0.0,61.94
108681,1033,1,90.29,0.0,90.29
108681,1075,1,53.54,0.0,53.54
108682,1047,1,204.74,0.0,204.74
108683,1016,1,190.04,0.0,190.04
108684,1076,1,145.94,0.0,145.94
108685,1071,1,10.49,0.0,10.49
108686,1070,1,122.99,25.83,97.16
108686,1013,1,131.24,26.25,104.99000000000001
108687,1021,1,130.19,0.0,130.19
108688,1072,1,149.09,0.0,149.09
108688,1080,1,141.74,0.0,141.74
108689,1023,1,142.79,0.0,142.79
108690,1076,1,145.94,29.19,116.75
108691,1024,1,62.99,0.0,62.99
108691,1085,1,121.79,0.0,121.79
108691,1007,1,75.59,0.0,75.59
108691,1082,1,110.24,0.0,110.24
108692,1010,2,101.84,0.0,203.68
108693,1035,2,54.59,0.0,109.18
108694,1011,2,36.74,0.0,73.48
108695,1086,2,102.89,0.0,205.78
108695,1037,1,30.44,0.0,30.44
108695,1014,1,38.84,0.0,38.84
108695,1050,1,154.34,0.0,154.34
108696,1063,1,258.29,0.0,258.29
108696,1084,1,118.64,0.0,118.64
108697,1007,1,75.59,15.12,60.470000000000006
108697,1076,1,145.94,29.19,116.75
108697,1035,1,54.59,10.92,43.67
108698,1001,1,65.09,13.02,52.07000000000001
108698,1054,1,241.49,48.3,193.19
108699,1079,1,65.09,0.0,65.09
108700,1005,2,83.99,0.0,167.98
108700,1079,1,65.09,0.0,65.09
108701,1071,1,10.49,2.1,8.39
108701,1009,2,138.59,55.44,221.74
108702,1070,1,129.14,25.83,103.30999999999999
108702,1076,4,145.94,116.75,467.01
108703,1005,1,83.99,0.0,83.99
108703,1079,2,65.09,0.0,130.18
108703,1045,1,532.34,0.0,532.34
108704,1035,1,54.59,0.0,54.59
108705,1079,1,65.09,0.0,65.09
108706,1014,1,38.84,7.77,31.070000000000004
108707,1074,1,20.99,0.0,20.99
108708,1053,1,39.89,0.0,39.89
108709,1082,1,110.24,0.0,110.24
108709,1008,1,46.19,0.0,46.19
108709,1002,1,145.94,0.0,145.94
108709,1005,1,83.99,0.0,83.99
108710,1011,1,36.74,0.0,36.74
108710,1004,1,79.79,0.0,79.79
108711,1014,1,38.84,0.0,38.84
108711,1073,2,73.49,0.0,146.98
108712,1019,3,81.89,0.0,245.67000000000002
108713,1044,1,556.49,111.3,445.19
108714,1004,1,79.79,0.0,79.79
108714,1033,1,90.29,0.0,90.29
108714,1073,1,73.49,0.0,73.49
108715,1078,1,90.29,0.0,90.29
108716,1075,1,53.54,10.71,42.83
108717,1074,1,20.99,4.2,16.79
108718,1014,1,38.84,0.0,38.84
108719,1075,1,53.54,10.71,42.83
108719,1040,1,500.84,100.17,400.66999999999996
108720,1001,1,65.09,0.0,65.09
108720,1026,1,170.09,0.0,170.09
108721,1071,1,10.49,2.1,8.39
108721,1006,1,17.84,3.57,14.27
108722,1072,3,149.09,89.45,357.82
108722,1076,1,145.94,29.19,116.75
108722,1014,2,38.84,15.54,62.14000000000001
108723,1034,1,72.44,14.49,57.949999999999996
108724,1003,1,24.14,0.0,24.14
108725,1088,1,22.04,4.41,17.63
108725,1084,1,118.64,23.73,94.91
108726,1026,2,170.09,68.04,272.14
108727,1056,1,251.99,50.4,201.59
108727,1089,1,56.69,11.34,45.349999999999994
108728,1073,1,73.49,0.0,73.49
108728,1076,1,145.94,0.0,145.94
108728,1026,1,170.09,0.0,170.09
108729,1074,1,20.99,4.2,16.79
108730,1019,1,81.89,0.0,81.89
108731,1079,1,65.09,13.02,52.07000000000001
108731,1007,1,71.99,15.12,56.87
108732,1059,2,491.39,0.0,982.78
108733,1006,2,17.84,7.14,28.54
108734,1047,1,204.74,40.95,163.79000000000002
108735,1068,2,52.49,0.0,104.98
108736,1039,1,508.19,0.0,508.19
108737,1070,1,129.14,0.0,129.14
108737,1073,2,73.49,0.0,146.98
108738,1007,1,75.59,0.0,75.59
108738,1015,1,101.84,0.0,101.84
108739,1077,1,27.29,0.0,27.29
108740,1074,1,20.99,0.0,20.99
108740,1090,1,18.89,0.0,18.89
108740,1006,1,17.84,0.0,17.84
108741,1077,1,27.29,5.46,21.83
108741,1075,1,53.54,10.71,42.83
108742,1070,1,129.14,0.0,129.14
108743,1008,1,46.19,0.0,46.19
108743,1048,1,146.99,0.0,146.99
108744,1055,1,211.04,42.21,168.82999999999998
108745,1007,3,75.59,0.0,226.77
108745,1021,3,130.19,0.0,390.57
108746,1026,1,170.09,34.02,136.07
108747,1028,1,81.89,0.0,81.89
108748,1076,1,145.94,0.0,145.94
108748,1009,1,138.59,0.0,138.59
108748,1022,1,93.44,0.0,93.44
108749,1078,1,90.29,0.0,90.29
108750,1002,1,145.94,0.0,145.94
108750,1037,1,30.44,0.0,30.44
108750,1003,1,24.14,0.0,24.14
108750,1032,2,86.09,0.0,172.18
108751,1086,1,102.89,0.0,102.89
108751,1081,3,78.74,0.0,236.21999999999997
108752,1077,1,27.29,0.0,27.29
108752,1028,1,81.89,0.0,81.89
108752,1001,1,65.09,0.0,65.09
108752,1080,1,141.74,0.0,141.74
108753,1064,1,161.69,0.0,161.69
108753,1078,1,90.29,0.0,90.29
108753,1047,1,204.74,0.0,204.74
108754,1018,1,223.64,0.0,223.64
108755,1033,1,90.29,0.0,90.29
108756,1083,2,20.99,0.0,41.98
108756,1077,1,27.29,0.0,27.29
108757,1072,1,149.09,29.82,119.27000000000001
108757,1027,1,95.54,19.11,76.43
108758,1020,1,57.74,0.0,57.74
108758,1040,1,500.84,0.0,500.84
108759,1034,1,72.44,14.49,57.949999999999996
108760,1005,1,83.99,0.0,83.99
108761,1031,1,40.94,8.19,32.75
108762,1031,1,40.94,0.0,40.94
108763,1072,1,149.09,14.91,134.18
108764,1075,1,53.54,10.71,42.83
108765,1081,1,78.74,15.75,62.989999999999995
108766,1011,1,36.74,0.0,36.74
108767,1001,1,65.09,0.0,65.09
108768,1022,1,93.44,0.0,93.44
108769,1079,2,65.09,26.04,104.14000000000001
108770,1080,1,141.74,0.0,141.74
108770,1073,1,73.49,0.0,73.49
108771,1037,1,30.44,0.0,30.44
108772,1078,3,90.29,0.0,270.87
108772,1011,1,36.74,0.0,36.74
108773,1019,1,81.89,0.0,81.89
108773,1087,1,48.29,0.0,48.29
108774,1075,2,53.54,0.0,107.08
108774,1006,1,17.84,0.0,17.84
108774,1070,1,129.14,0.0,129.14
108775,1053,1,39.89,7.98,31.91
108775,1071,4,10.49,8.39,33.57
108776,1072,1,149.09,29.82,119.27000000000001
108777,1024,1,62.99,0.0,62.99
108778,1014,1,38.84,0.0,38.84
108778,1079,3,65.09,0.0,195.27
108779,1061,1,48.29,0.0,48.29
108780,1008,1,46.19,9.24,36.949999999999996
108780,1075,1,53.54,10.71,42.83
108780,1006,1,17.84,3.57,14.27
108781,1078,1,90.29,0.0,90.29
108781,1020,1,57.74,0.0,57.74
108782,1017,1,91.34,18.27,73.07000000000001
108783,1016,1,190.04,38.01,152.03
108784,1078,1,90.29,0.0,90.29
108784,1004,1,79.79,0.0,79.79
108784,1034,1,72.44,0.0,72.44
108784,1077,1,27.29,0.0,27.29
108785,1011,1,36.74,0.0,36.74
108786,1021,1,130.19,26.04,104.15
108787,1074,1,20.99,0.0,20.99
108787,1034,1,72.44,0.0,72.44
108788,1002,3,145.94,0.0,437.82
108788,1028,1,81.89,0.0,81.89
108788,1054,1,241.49,0.0,241.49
108788,1033,1,90.29,0.0,90.29
108789,1075,2,53.54,0.0,107.08
108790,1070,1,129.14,0.0,129.14
108791,1020,1,57.74,11.55,46.19
108792,1015,1,101.84,20.37,81.47
108792,1003,1,24.14,4.83,19.310000000000002
108793,1028,1,81.89,0.0,81.89
108794,1072,4,149.09,0.0,596.36
108794,1058,2,98.69,0.0,197.38
108795,1079,1,65.09,0.0,65.09
108796,1089,1,56.69,0.0,56.69
108797,1021,1,130.19,0.0,130.19
108797,1088,2,22.04,0.0,44.08
108798,1058,2,98.69,0.0,197.38
108799,1049,1,133.34,0.0,133.34
108799,1007,1,75.59,0.0,75.59
108800,1027,1,95.54,0.0,95.54
108800,1043,1,134.39,0.0,134.39
108801,1010,1,101.84,0.0,101.84
108802,1013,1,131.24,0.0,131.24
108803,1055,1,211.04,42.21,168.82999999999998
108803,1074,2,20.99,8.4,33.58
108804,1077,1,27.29,0.0,27.29
108804,1028,1,81.89,0.0,81.89
108804,1079,4,65.09,0.0,260.36
108804,1034,1,72.44,0.0,72.44
108805,1050,1,154.34,30.87,123.47
108806,1027,1,95.54,0.0,95.54
108806,1070,1,129.14,0.0,129.14
108807,1076,1,145.94,0.0,145.94
108808,1086,1,102.89,20.58,82.31
108809,1081,1,78.74,15.75,62.989999999999995
108810,1065,1,173.24,34.65,138.59
108811,1008,1,46.19,4.62,41.57
108811,1077,1,27.29,2.73,24.56
108811,1089,1,56.69,5.67,51.019999999999996
108811,1052,1,219.44,21.94,197.5
108812,1086,2,102.89,0.0,205.78
108812,1021,2,130.19,0.0,260.38
108812,1073,1,73.49,0.0,73.49
108812,1006,1,17.84,0.0,17.84
108813,1080,2,141.74,0.0,283.48
108813,1012,1,115.49,0.0,115.49
108813,1084,1,118.64,0.0,118.64
108814,1002,1,145.94,0.0,145.94
108815,1006,1,17.84,3.57,14.27
108815,1004,1,79.79,15.96,63.830000000000005
108816,1055,1,211.04,0.0,211.04
108816,1086,1,102.89,0.0,102.89
108816,1085,1,121.79,0.0,121.79
108816,1087,1,48.29,0.0,48.29
108817,1032,2,86.09,0.0,172.18
108817,1055,1,211.04,0.0,211.04
108817,1084,2,118.64,0.0,237.28
108817,1079,1,65.09,0.0,65.09
108818,1017,3,91.34,54.8,219.21999999999997
108818,1023,1,142.79,28.56,114.22999999999999
108819,1003,1,24.14,4.83,19.310000000000002
108820,1078,1,90.29,0.0,90.29
108821,1055,1,211.04,0.0,211.04
108821,1076,1,145.94,0.0,145.94
108822,1017,1,91.34,0.0,91.34
108822,1088,2,22.04,0.0,44.08
108823,1080,1,141.74,28.35,113.39000000000001
108823,1075,1,53.54,10.71,42.83
108824,1079,1,65.09,0.0,65.09
108824,1013,2,131.24,0.0,262.48
108825,1037,1,30.44,0.0,30.44
108825,1022,1,93.44,0.0,93.44
108826,1086,3,102.89,0.0,308.67
108827,1011,1,36.74,7.35,29.39
108828,1077,1,27.29,0.0,27.29
108828,1078,1,90.29,0.0,90.29
108828,1058,1,98.69,0.0,98.69
108829,1080,3,141.74,0.0,425.22
108829,1013,1,131.24,0.0,131.24
108830,1085,1,121.79,0.0,121.79
108831,1073,2,73.49,29.4,117.57999999999998
108832,1031,1,40.94,0.0,40.94
108832,1029,2,32.54,0.0,65.08
108833,1050,1,154.34,0.0,154.34
108834,1079,1,65.09,0.0,65.09
108835,1035,1,54.59,10.92,43.67
108836,1074,3,20.99,12.59,50.379999999999995
108837,1005,2,83.99,0.0,167.98
108837,1049,1,133.34,0.0,133.34
108837,1006,2,17.84,0.0,35.68
108837,1077,1,27.29,0.0,27.29
108838,1076,1,145.94,0.0,145.94
108839,1087,1,48.29,0.0,48.29
108839,1037,1,30.44,0.0,30.44
108839,1070,2,129.14,0.0,258.28
108840,1080,1,141.74,28.35,113.39000000000001
108841,1079,2,65.09,0.0,130.18
108842,1010,1,101.84,0.0,101.84
108843,1087,1,48.29,0.0,48.29
108843,1043,1,134.39,0.0,134.39
108843,1077,1,27.29,0.0,27.29
108844,1079,1,65.09,0.0,65.09
108844,1009,1,138.59,0.0,138.59
108845,1006,1,17.84,1.78,16.06
108845,1034,1,72.44,7.24,65.2
108846,1001,1,65.09,13.02,52.07000000000001
108847,1056,2,251.99,0.0,503.98
108848,1054,1,241.49,48.3,193.19
108849,1011,1,36.74,7.35,29.39
108850,1033,2,90.29,0.0,180.58
108851,1044,1,556.49,111.3,445.19
108852,1048,1,146.99,0.0,146.99
108853,1083,1,20.99,0.0,20.99
108854,1028,1,81.89,0.0,81.89
108855,1031,1,40.94,0.0,40.94
108856,1024,1,62.99,0.0,62.99
108856,1028,1,81.89,0.0,81.89
108856,1001,1,65.09,0.0,65.09
108857,1028,1,81.89,16.38,65.51
108858,1064,1,161.69,0.0,161.69
108858,1015,2,101.84,0.0,203.68
108858,1006,1,17.84,0.0,17.84
108859,1055,1,211.04,0.0,211.04
108860,1074,1,20.99,0.0,20.99
108861,1079,1,65.09,0.0,65.09
108862,1075,2,53.54,10.71,96.37
108863,1016,1,190.04,0.0,190.04
108863,1075,1,53.54,0.0,53.54
108864,1044,1,556.49,0.0,556.49
108864,1004,1,79.79,0.0,79.79
108865,1028,1,81.89,0.0,81.89
108866,1005,1,83.99,0.0,83.99
108866,1090,1,18.89,0.0,18.89
108866,1078,2,90.29,0.0,180.58
108867,1072,1,149.09,0.0,149.09
108867,1087,1,48.29,0.0,48.29
108868,1022,1,93.44,0.0,93.44
108868,1016,1,190.04,0.0,190.04
108869,1028,3,77.99,49.13,184.83999999999997
108870,1072,1,149.09,0.0,149.09
108870,1027,1,95.54,0.0,95.54
108871,1014,1,38.84,7.77,31.070000000000004
108871,1035,1,54.59,10.92,43.67
108871,1021,1,130.19,26.04,104.15
108872,1042,1,812.69,0.0,812.69
108872,1083,1,20.99,0.0,20.99
108873,1010,4,101.84,0.0,407.36
108874,1081,1,78.74,15.75,62.989999999999995
108875,1056,1,251.99,50.4,201.59
108876,1071,1,10.49,2.1,8.39
108877,1025,1,175.34,0.0,175.34
108877,1040,1,500.84,0.0,500.84
108878,1004,2,79.79,0.0,159.58
108878,1084,2,118.64,0.0,237.28
108878,1003,1,24.14,0.0,24.14
108879,1087,2,48.29,19.32,77.25999999999999
108879,1010,2,101.84,40.74,162.94
108879,1006,1,17.84,3.57,14.27
108879,1083,1,20.99,4.2,16.79
108880,1037,1,30.44,0.0,30.44
108880,1001,1,65.09,0.0,65.09
108881,1046,1,150.14,0.0,150.14
108881,1072,1,149.09,0.0,149.09
108881,1075,1,53.54,0.0,53.54
108882,1052,1,219.44,43.89,175.55
108882,1055,1,211.04,42.21,168.82999999999998
108883,1074,1,20.99,0.0,20.99
108884,1001,1,65.09,0.0,65.09
108885,1019,1,81.89,0.0,81.89
108885,1080,1,141.74,0.0,141.74
108885,1042,1,773.99,0.0,773.99
108885,1027,1,95.54,0.0,95.54
108886,1081,1,78.74,15.75,62.989999999999995
108886,1003,1,24.14,4.83,19.310000000000002
108887,1079,1,65.09,0.0,65.09
108888,1011,1,36.74,7.35,29.39
108888,1053,1,39.89,7.98,31.91
108888,1073,1,73.49,14.7,58.78999999999999
108889,1074,3,20.99,12.59,50.379999999999995
108890,1080,1,141.74,0.0,141.74
108890,1030,3,8.39,0.0,25.17
108891,1033,1,90.29,0.0,90.29
108891,1051,1,56.69,0.0,56.69
108892,1074,1,20.99,4.2,16.79
108892,1003,1,24.14,4.83,19.310000000000002
108893,1054,1,241.49,0.0,241.49
108894,1010,2,101.84,40.74,162.94
108894,1080,1,141.74,28.35,113.39000000000001
108894,1079,1,65.09,13.02,52.07000000000001
108895,1083,1,20.99,4.2,16.79
108895,1078,1,90.29,18.06,72.23
108896,1009,1,138.59,0.0,138.59
108896,1005,1,83.99,0.0,83.99
108896,1027,1,95.54,0.0,95.54
108897,1037,1,30.44,0.0,30.44
108898,1079,1,65.09,0.0,65.09
108898,1075,1,53.54,0.0,53.54
108899,1045,1,532.34,0.0,532.34
108900,1055,1,211.04,0.0,211.04
108901,1056,1,251.99,0.0,251.99
108902,1039,1,508.19,0.0,508.19
108903,1005,2,83.99,0.0,167.98
108904,1022,1,93.44,18.69,74.75
108904,1012,1,115.49,23.1,92.38999999999999
108905,1015,1,101.84,0.0,101.84
108905,1007,1,75.59,0.0,75.59
108905,1010,2,101.84,0.0,203.68
108906,1074,1,20.99,0.0,20.99
108907,1072,1,149.09,29.82,119.27000000000001
108908,1076,1,145.94,14.59,131.35
108909,1008,1,46.19,0.0,46.19
108910,1074,1,20.99,0.0,20.99
108911,1077,1,27.29,5.46,21.83
108912,1073,1,73.49,14.7,58.78999999999999
108912,1077,1,27.29,5.46,21.83
108913,1079,1,65.09,0.0,65.09
108914,1019,2,81.89,0.0,163.78
108915,1025,2,175.34,0.0,350.68
108915,1027,1,95.54,0.0,95.54
108915,1001,2,61.99,0.0,123.98
108916,1084,2,118.64,0.0,237.28
108917,1073,1,73.49,0.0,73.49
108918,1068,1,52.49,0.0,52.49
108919,1019,2,81.89,0.0,163.78
108920,1027,1,95.54,0.0,95.54
108921,1075,1,53.54,0.0,53.54
108921,1022,2,93.44,0.0,186.88
108922,1081,1,78.74,0.0,78.74
108922,1073,1,73.49,0.0,73.49
108923,1001,1,65.09,13.02,52.07000000000001
108924,1074,1,20.99,0.0,20.99
108925,1072,1,149.09,0.0,149.09
108925,1075,1,53.54,0.0,53.54
108925,1044,1,556.49,0.0,556.49
108925,1071,2,10.49,0.0,20.98
108926,1009,1,138.59,27.72,110.87
108927,1077,1,27.29,0.0,27.29
108927,1084,1,118.64,0.0,118.64
108927,1071,1,10.49,0.0,10.49
108927,1057,1,216.29,0.0,216.29
108928,1084,3,118.64,71.18,284.74
108929,1049,1,133.34,0.0,133.34
108930,1006,1,17.84,0.0,17.84
108930,1001,1,65.09,0.0,65.09
108930,1025,1,175.34,0.0,175.34
108931,1080,1,141.74,28.35,113.39000000000001
108932,1090,1,18.89,0.0,18.89
108932,1016,1,190.04,0.0,190.04
108932,1081,1,78.74,0.0,78.74
108933,1076,1,145.94,29.19,116.75
108933,1017,1,91.34,18.27,73.07000000000001
108933,1072,1,149.09,29.82,119.27000000000001
108934,1081,1,78.74,0.0,78.74
108934,1062,2,160.64,0.0,321.28
108934,1010,2,101.84,0.0,203.68
108935,1073,1,73.49,14.7,58.78999999999999
108935,1020,2,54.99,23.1,86.88
108935,1084,1,118.64,23.73,94.91
108936,1003,1,24.14,4.83,19.310000000000002
108937,1002,1,145.94,0.0,145.94
108938,1079,1,65.09,0.0,65.09
108939,1024,1,62.99,12.6,50.39
108939,1079,1,65.09,13.02,52.07000000000001
108940,1079,1,65.09,13.02,52.07000000000001
108941,1018,1,223.64,0.0,223.64
108942,1030,1,8.39,0.0,8.39
108943,1015,2,101.84,40.74,162.94
108944,1080,1,141.74,0.0,141.74
108945,1018,1,223.64,44.73,178.91
108946,1070,1,129.14,0.0,129.14
108947,1013,1,131.24,26.25,104.99000000000001
108948,1023,1,142.79,0.0,142.79
108948,1074,1,20.99,0.0,20.99
108949,1074,2,20.99,0.0,41.98
108950,1080,1,141.74,28.35,113.39000000000001
108950,1010,2,101.84,40.74,162.94
108951,1027,1,95.54,0.0,95.54
108952,1013,1,131.24,0.0,131.24
108952,1057,1,216.29,0.0,216.29
108952,1078,1,90.29,0.0,90.29
108953,1025,1,175.34,35.07,140.27
108953,1084,1,118.64,23.73,94.91
108953,1019,2,81.89,32.76,131.02
108954,1088,1,20.99,4.41,16.58
108954,1078,1,90.29,18.06,72.23
108955,1023,1,142.79,0.0,142.79
108955,1077,1,27.29,0.0,27.29
108956,1015,1,101.84,0.0,101.84
108957,1009,2,138.59,0.0,277.18
108957,1067,1,36.74,0.0,36.74
108957,1036,1,61.94,0.0,61.94
108957,1007,1,75.59,0.0,75.59
108958,1078,1,90.29,0.0,90.29
108959,1068,1,52.49,10.5,41.99
108960,1070,2,129.14,51.66,206.61999999999998
108960,1037,1,30.44,6.09,24.35
108961,1054,1,241.49,48.3,193.19
108961,1088,1,22.04,4.41,17.63
108961,1018,1,223.64,44.73,178.91
108962,1077,1,27.29,0.0,27.29
108962,1004,1,79.79,0.0,79.79
108962,1059,1,491.39,0.0,491.39
108963,1074,1,20.99,2.1,18.889999999999997
108964,1054,1,241.49,0.0,241.49
108965,1075,3,53.54,16.06,144.56
108966,1036,1,61.94,12.39,49.55
108966,1071,2,9.99,4.2,15.780000000000001
108966,1016,1,190.04,38.01,152.03
108966,1012,1,115.49,23.1,92.38999999999999
108967,1001,1,65.09,13.02,52.07000000000001
108967,1077,1,27.29,5.46,21.83
108968,1076,2,145.94,0.0,291.88
108968,1090,1,18.89,0.0,18.89
108969,1056,2,251.99,0.0,503.98
108969,1090,1,18.89,0.0,18.89
108970,1015,1,101.84,0.0,101.84
108971,1070,1,129.14,0.0,129.14
108972,1075,1,53.54,0.0,53.54
108972,1026,2,170.09,0.0,340.18
108973,1068,1,52.49,0.0,52.49
108973,1079,1,65.09,0.0,65.09
108974,1027,1,95.54,0.0,95.54
108974,1070,1,129.14,0.0,129.14
108975,1089,1,56.69,5.67,51.019999999999996
108976,1007,1,75.59,15.12,60.470000000000006
108977,1016,1,190.04,38.01,152.03
108977,1024,1,62.99,12.6,50.39
108978,1019,2,81.89,0.0,163.78
108978,1009,1,138.59,0.0,138.59
108979,1070,1,129.14,0.0,129.14
108979,1024,1,62.99,0.0,62.99
108980,1073,1,73.49,0.0,73.49
108981,1045,1,532.34,0.0,532.34
108982,1072,1,149.09,0.0,149.09
108982,1073,1,73.49,0.0,73.49
108983,1015,1,101.84,0.0,101.84
108984,1026,2,170.09,68.04,272.14
108985,1028,2,81.89,0.0,163.78
108986,1025,1,175.34,0.0,175.34
108986,1008,1,46.19,0.0,46.19
108987,1084,1,118.64,0.0,118.64
108988,1077,1,27.29,5.46,21.83
108988,1003,3,24.14,14.48,57.94
108989,1008,1,46.19,0.0,46.19
108989,1058,1,98.69,0.0,98.69
108989,1054,1,241.49,0.0,241.49
108990,1007,2,75.59,0.0,151.18
108991,1081,3,78.74,0.0,236.21999999999997
108992,1036,1,61.94,0.0,61.94
108993,1089,1,56.69,0.0,56.69
108994,1080,1,141.74,28.35,113.39000000000001
108995,1013,1,131.24,0.0,131.24
108996,1044,1,556.49,0.0,556.49
108996,1010,3,101.84,0.0,305.52
108996,1003,2,24.14,0.0,48.28
108996,1070,1,129.14,0.0,129.14
108997,1032,2,86.09,34.44,137.74
108997,1022,2,93.44,37.38,149.5
108997,1057,2,216.29,86.52,346.06
108997,1087,1,48.29,9.66,38.629999999999995
108998,1006,1,17.84,1.78,16.06
108998,1076,1,145.94,14.59,131.35
108999,1011,1,36.74,0.0,36.74
109000,1001,1,65.09,13.02,52.07000000000001
109000,1070,1,129.14,25.83,103.30999999999999
109000,1073,1,73.49,14.7,58.78999999999999
109001,1081,1,78.74,0.0,78.74
109002,1080,1,141.74,0.0,141.74
109003,1050,1,154.34,30.87,123.47
109004,1015,1,101.84,20.37,81.47
109004,1020,2,57.74,23.1,92.38
109005,1054,1,241.49,48.3,193.19
109006,1076,1,145.94,0.0,145.94
109006,1012,1,115.49,0.0,115.49
109006,1083,1,20.99,0.0,20.99
109007,1083,1,20.99,0.0,20.99
109008,1020,2,57.74,23.1,92.38
109008,1078,1,90.29,18.06,72.23
109009,1020,1,57.74,0.0,57.74
109009,1006,1,17.84,0.0,17.84
109009,1073,1,73.49,0.0,73.49
109009,1031,1,40.94,0.0,40.94
109010,1087,1,48.29,0.0,48.29
109010,1078,2,90.29,0.0,180.58
109011,1042,1,812.69,0.0,812.69
109011,1011,1,36.74,0.0,36.74
109011,1009,1,138.59,0.0,138.59
109011,1005,1,83.99,0.0,83.99
109012,1090,2,18.89,0.0,37.78
109013,1056,1,251.99,50.4,201.59
109014,1014,1,38.84,0.0,38.84
109015,1026,1,170.09,0.0,170.09
109016,1058,1,98.69,19.74,78.95
109016,1008,2,46.19,18.48,73.89999999999999
109016,1012,1,115.49,23.1,92.38999999999999
109017,1071,1,10.49,2.1,8.39
109018,1075,1,53.54,0.0,53.54
109019,1071,1,10.49,0.0,10.49
109020,1070,1,129.14,0.0,129.14
109020,1071,1,10.49,0.0,10.49
109021,1007,1,75.59,0.0,75.59
109022,1049,1,133.34,13.33,120.01
109023,1073,1,73.49,14.7,58.78999999999999
109024,1078,1,90.29,0.0,90.29
109024,1083,1,19.99,0.0,19.99
109025,1078,1,90.29,18.06,72.23
109025,1001,1,65.09,13.02,52.07000000000001
109026,1073,1,73.49,0.0,73.49
109027,1031,2,40.94,0.0,81.88
109028,1012,1,115.49,0.0,115.49
109029,1029,3,32.54,0.0,97.62
109030,1033,1,90.29,18.06,72.23
109031,1050,1,154.34,0.0,154.34
109031,1082,1,110.24,0.0,110.24
109031,1072,1,149.09,0.0,149.09
109032,1013,1,131.24,0.0,131.24
109032,1008,1,46.19,0.0,46.19
109033,1076,1,145.94,0.0,145.94
109034,1076,1,145.94,0.0,145.94
109035,1006,2,17.84,0.0,35.68
109035,1024,1,62.99,0.0,62.99
109036,1072,1,149.09,0.0,149.09
109037,1004,1,79.79,15.96,63.830000000000005
109037,1071,1,10.49,2.1,8.39
109038,1011,2,36.74,0.0,73.48
109039,1024,1,62.99,12.6,50.39
109039,1079,2,65.09,26.04,104.14000000000001
109039,1069,1,28.34,5.67,22.67
109040,1076,1,145.94,0.0,145.94
109040,1064,1,161.69,0.0,161.69
109041,1072,1,149.09,29.82,119.27000000000001
109042,1016,1,190.04,0.0,190.04
109043,1074,2,19.99,8.4,31.58
109043,1024,1,62.99,12.6,50.39
109044,1005,1,83.99,16.8,67.19
109044,1014,1,38.84,7.77,31.070000000000004
109045,1081,1,78.74,0.0,78.74
109045,1076,1,145.94,0.0,145.94
109046,1016,1,190.04,0.0,190.04
109046,1081,1,78.74,0.0,78.74
109047,1003,1,24.14,0.0,24.14
109047,1071,1,10.49,0.0,10.49
109048,1081,2,78.74,31.5,125.97999999999999
109049,1067,1,36.74,7.35,29.39
109049,1032,1,86.09,17.22,68.87
109050,1078,1,90.29,0.0,90.29
109050,1087,1,48.29,0.0,48.29
109050,1088,1,22.04,0.0,22.04
109050,1008,2,46.19,0.0,92.38
109051,1004,1,79.79,15.96,63.830000000000005
109051,1053,1,39.89,7.98,31.91
109051,1070,1,129.14,25.83,103.30999999999999
109052,1085,1,121.79,0.0,121.79
109053,1075,2,53.54,0.0,107.08
109054,1028,1,81.89,0.0,81.89
109055,1017,1,91.34,18.27,73.07000000000001
109055,1065,1,173.24,34.65,138.59
109055,1073,1,73.49,14.7,58.78999999999999
109055,1076,1,145.94,29.19,116.75
109056,1080,1,141.74,0.0,141.74
109057,1021,1,130.19,0.0,130.19
109058,1026,2,170.09,0.0,340.18
109059,1067,1,36.74,7.35,29.39
109059,1052,1,219.44,43.89,175.55
109060,1080,1,141.74,0.0,141.74
109060,1036,1,61.94,0.0,61.94
109061,1084,1,118.64,23.73,94.91
109061,1009,1,138.59,27.72,110.87
109062,1072,1,149.09,29.82,119.27000000000001
109063,1019,4,81.89,65.51,262.05
109064,1003,2,24.14,0.0,48.28
109065,1055,1,211.04,0.0,211.04
109066,1088,4,22.04,0.0,88.16
109067,1011,1,36.74,7.35,29.39
109068,1031,1,40.94,8.19,32.75
109069,1004,1,79.79,15.96,63.830000000000005
109070,1034,1,72.44,0.0,72.44
109071,1080,1,141.74,0.0,141.74
109071,1076,1,145.94,0.0,145.94
109071,1015,1,101.84,0.0,101.84
109071,1052,1,219.44,0.0,219.44
109072,1026,1,170.09,0.0,170.09
109072,1077,2,27.29,0.0,54.58
109072,1071,2,10.49,0.0,20.98
109072,1043,1,134.39,0.0,134.39
109073,1071,1,10.49,2.1,8.39
109074,1082,1,110.24,0.0,110.24
109074,1013,2,131.24,0.0,262.48
109074,1071,1,10.49,0.0,10.49
109075,1074,1,20.99,0.0,20.99
109076,1078,1,90.29,0.0,90.29
109077,1017,2,91.34,0.0,182.68
109077,1023,1,142.79,0.0,142.79
109078,1052,1,219.44,43.89,175.55
109079,1053,1,39.89,0.0,39.89
109079,1072,1,149.09,0.0,149.09
109079,1018,3,223.64,0.0,670.92
109080,1028,2,81.89,32.76,131.02
109081,1035,2,54.59,21.84,87.34
109082,1057,1,216.29,43.26,173.03
109082,1071,1,10.49,2.1,8.39
109082,1042,1,812.69,162.54,650.1500000000001
109083,1032,1,86.09,17.22,68.87
109084,1008,1,46.19,9.24,36.949999999999996
109085,1037,1,30.44,0.0,30.44
109086,1033,1,90.29,18.06,72.23
109086,1079,2,65.09,26.04,104.14000000000001
109087,1058,2,98.69,39.48,157.9
109087,1006,1,17.84,3.57,14.27
109088,1072,1,149.09,0.0,149.09
109088,1070,1,129.14,0.0,129.14
109089,1009,1,138.59,27.72,110.87
109089,1088,1,22.04,4.41,17.63
109089,1048,1,146.99,29.4,117.59
109090,1086,1,102.89,0.0,102.89
109090,1089,1,56.69,0.0,56.69
109090,1005,2,83.99,0.0,167.98
109091,1081,2,78.74,0.0,157.48
109091,1090,1,18.89,0.0,18.89
109091,1023,4,142.79,0.0,571.16
109092,1071,2,10.49,4.2,16.78
109093,1029,1,32.54,6.51,26.03
109093,1090,1,18.89,3.78,15.110000000000001
109094,1076,1,145.94,0.0,145.94
109095,1008,2,46.19,18.48,73.89999999999999
109096,1039,1,508.19,101.64,406.55
109097,1075,1,53.54,0.0,53.54
109098,1019,2,81.89,0.0,163.78
109098,1024,1,62.99,0.0,62.99
109098,1018,2,223.64,0.0,447.28
109098,1086,1,102.89,0.0,102.89
109099,1057,1,216.29,43.26,173.03
109100,1028,1,81.89,16.38,65.51
109101,1072,1,149.09,0.0,149.09
109102,1030,1,8.39,0.0,8.39
109103,1040,1,500.84,0.0,500.84
109103,1018,1,223.64,0.0,223.64
109104,1001,1,65.09,0.0,65.09
109104,1040,1,500.84,0.0,500.84
109104,1076,1,145.94,0.0,145.94
109104,1084,1,118.64,0.0,118.64
109105,1046,1,150.14,0.0,150.14
109105,1012,1,115.49,0.0,115.49
109106,1078,1,90.29,18.06,72.23
109107,1002,1,145.94,29.19,116.75
109107,1004,1,79.79,15.96,63.830000000000005
109107,1076,2,145.94,58.38,233.5
109108,1079,1,65.09,13.02,52.07000000000001
109109,1005,2,83.99,33.6,134.38
109109,1014,1,38.84,7.77,31.070000000000004
109110,1006,1,17.84,3.57,14.27
109111,1011,1,36.74,0.0,36.74
109112,1033,1,90.29,0.0,90.29
109113,1086,1,102.89,20.58,82.31
109114,1016,1,190.04,38.01,152.03
109115,1027,1,95.54,0.0,95.54
109116,1002,2,145.94,0.0,291.88
109117,1080,1,141.74,14.17,127.57000000000001
109118,1034,1,72.44,0.0,72.44
109119,1084,2,118.64,0.0,237.28
109120,1034,1,72.44,0.0,72.44
109121,1055,1,211.04,0.0,211.04
109122,1030,1,8.39,1.68,6.710000000000001
109123,1070,1,129.14,25.83,103.30999999999999
109123,1004,1,79.79,15.96,63.830000000000005
109124,1076,1,145.94,0.0,145.94
109125,1028,1,81.89,16.38,65.51
109126,1020,1,57.74,0.0,57.74
109127,1005,2,83.99,0.0,167.98
109127,1055,1,211.04,0.0,211.04
109127,1081,1,78.74,0.0,78.74
109128,1089,1,56.69,0.0,56.69
109129,1083,1,20.99,4.2,16.79
109130,1057,1,216.29,0.0,216.29
109131,1040,1,500.84,100.17,400.66999999999996
109131,1031,2,40.94,16.38,65.5
109132,1003,1,24.14,4.83,19.310000000000002
109133,1024,1,62.99,0.0,62.99
109133,1078,1,90.29,0.0,90.29
109133,1090,1,18.89,0.0,18.89
109134,1017,1,91.34,18.27,73.07000000000001
109135,1058,1,98.69,0.0,98.69
109136,1082,1,104.99,0.0,104.99
109137,1036,1,61.94,0.0,61.94
109138,1040,1,500.84,0.0,500.84
109139,1022,1,93.44,0.0,93.44
109140,1017,1,91.34,0.0,91.34
109141,1038,1,329.69,0.0,329.69
109141,1080,1,141.74,0.0,141.74
109142,1075,1,53.54,0.0,53.54
109142,1007,1,75.59,0.0,75.59
109142,1079,1,65.09,0.0,65.09
109143,1001,1,65.09,0.0,65.09
109143,1074,2,20.99,0.0,41.98
109144,1085,1,121.79,0.0,121.79
109145,1079,1,65.09,0.0,65.09
109146,1072,1,149.09,0.0,149.09
109146,1056,1,251.99,0.0,251.99
109147,1030,3,8.39,0.0,25.17
109147,1049,1,133.34,0.0,133.34
109148,1002,1,145.94,0.0,145.94
109149,1088,1,22.04,0.0,22.04
109150,1002,1,145.94,0.0,145.94
109150,1007,1,75.59,0.0,75.59
109151,1022,2,93.44,0.0,186.88
109152,1056,1,251.99,0.0,251.99
109153,1077,1,27.29,0.0,27.29
109153,1071,3,10.49,0.0,31.47
109153,1078,1,90.29,0.0,90.29
109153,1018,1,223.64,0.0,223.64
109154,1072,4,149.09,0.0,596.36
109155,1008,1,46.19,0.0,46.19
109155,1016,1,190.04,0.0,190.04
109156,1012,1,115.49,23.1,92.38999999999999
109156,1057,1,216.29,43.26,173.03
109156,1076,3,145.94,87.56,350.26
109157,1006,1,17.84,0.0,17.84
109158,1071,3,10.49,0.0,31.47
109159,1051,1,56.69,0.0,56.69
109159,1048,1,146.99,0.0,146.99
109160,1035,1,54.59,10.92,43.67
109161,1036,1,61.94,12.39,49.55
109162,1073,1,73.49,0.0,73.49
109162,1010,1,101.84,0.0,101.84
109163,1008,1,46.19,9.24,36.949999999999996
109164,1007,3,75.59,45.35,181.42000000000002
109165,1042,1,812.69,0.0,812.69
109166,1071,1,10.49,0.0,10.49
109167,1028,1,81.89,16.38,65.51
109168,1028,2,81.89,32.76,131.02
109169,1037,1,30.44,0.0,30.44
109170,1072,1,149.09,0.0,149.09
109171,1005,1,83.99,16.8,67.19
109172,1070,3,129.14,77.48,309.93999999999994
109173,1046,1,150.14,0.0,150.14
109174,1004,1,79.79,0.0,79.79
109174,1081,2,78.74,0.0,157.48
109175,1035,2,54.59,21.84,87.34
109176,1076,1,145.94,0.0,145.94
109177,1013,1,131.24,0.0,131.24
109177,1037,1,30.44,0.0,30.44
109177,1029,1,32.54,0.0,32.54
109177,1015,1,101.84,0.0,101.84
109178,1011,2,36.74,0.0,73.48
109179,1003,1,24.14,0.0,24.14
109179,1077,1,27.29,0.0,27.29
109180,1086,1,102.89,20.58,82.31
109180,1005,3,83.99,50.39,201.57999999999998
109180,1001,1,65.09,13.02,52.07000000000001
109181,1074,1,20.99,0.0,20.99
109181,1024,1,62.99,0.0,62.99
109182,1011,1,36.74,7.35,29.39
109183,1034,1,72.44,0.0,72.44
109184,1071,1,10.49,0.0,10.49
109185,1024,2,62.99,0.0,125.98
109186,1077,1,27.29,0.0,27.29
109187,1025,1,175.34,0.0,175.34
109188,1007,1,75.59,15.12,60.470000000000006
109189,1065,1,173.24,0.0,173.24
109190,1002,1,145.94,0.0,145.94
109191,1077,2,27.29,0.0,54.58
109192,1050,1,154.34,0.0,154.34
109192,1073,1,73.49,0.0,73.49
109192,1059,1,491.39,0.0,491.39
109193,1014,2,38.84,15.54,62.14000000000001
109194,1070,1,129.14,12.91,116.22999999999999
109194,1034,1,72.44,7.24,65.2
109195,1025,1,175.34,0.0,175.34
109196,1005,1,83.99,0.0,83.99
109197,1057,1,216.29,0.0,216.29
109197,1073,1,73.49,0.0,73.49
109198,1040,1,500.84,0.0,500.84
109198,1022,1,93.44,0.0,93.44
109199,1004,1,79.79,15.96,63.830000000000005
109199,1018,1,223.64,44.73,178.91
109200,1033,1,90.29,0.0,90.29
109201,1078,1,90.29,0.0,90.29
109201,1030,1,8.39,0.0,8.39
109202,1075,1,53.54,10.71,42.83
109203,1075,1,53.54,10.71,42.83
109204,1084,1,118.64,23.73,94.91
109204,1070,1,129.14,25.83,103.30999999999999
109205,1072,2,149.09,0.0,298.18
109206,1071,1,10.49,0.0,10.49
109207,1023,2,142.79,57.12,228.45999999999998
109207,1043,1,134.39,26.88,107.50999999999999
